사고번호,사고일시,요일,시군구,사고내용,사망자수,중상자수,경상자수,부상신고자수,사고유형,법규위반,노면상태,기상상태,도로형태,가해운전자 차종,가해운전자 성별,가해운전자 연령,가해운전자 상해정도,피해운전자 차종,피해운전자 성별,피해운전자 연령,피해운전자 상해정도
2020010100100032,2020년 1월 1일 01시,수요일,경상남도 합천군 합천읍,경상사고,0,0,4,0,차대차 - 측면충돌,안전운전불이행,건조,맑음,교차로 - 교차로안,승용,여,47세,상해없음,승용,남,45세,경상
2020010100100033,2020년 1월 1일 01시,수요일,경상남도 함안군 칠원읍,경상사고,0,0,1,0,차량단독 - 공작물충돌,안전운전불이행,건조,맑음,단일로 - 기타,승용,남,37세,경상,,,,
2020010100100062,2020년 1월 1일 04시,수요일,경상남도 창원시 성산구 남산동,경상사고,0,0,3,0,차대차 - 추돌,안전운전불이행,건조,맑음,교차로 - 교차로부근,화물,남,49세,상해없음,승용,남,57세,경상
2020010100100086,2020년 1월 1일 06시,수요일,경상남도 창원시 마산회원구 양덕동,경상사고,0,0,1,0,차대차 - 후진중충돌,안전운전불이행,건조,맑음,기타 - 기타,승용,남,51세,상해없음,승용,남,43세,경상
2020010100100106,2020년 1월 1일 08시,수요일,경상남도 남해군 남면,중상사고,0,1,0,0,차대차 - 측면충돌,교차로운행방법위반,건조,맑음,교차로 - 교차로안,승용,남,46세,상해없음,화물,남,33세,중상
2020010100100122,2020년 1월 1일 09시,수요일,경상남도 창원시 마산합포구 오동동,중상사고,0,2,0,0,차대차 - 추돌,안전운전불이행,건조,맑음,단일로 - 기타,승용,남,49세,상해없음,승용,여,50세,중상
2020010100100123,2020년 1월 1일 09시,수요일,경상남도 통영시 정량동,경상사고,0,0,1,0,차대사람 - 횡단중,보행자보호의무위반,건조,맑음,교차로 - 교차로횡단보도내,승용,남,60세,상해없음,보행자,여,15세,경상
2020010100100124,2020년 1월 1일 09시,수요일,경상남도 김해시 생림면,경상사고,0,0,2,0,차대차 - 측면충돌,교차로운행방법위반,건조,맑음,교차로 - 교차로안,승용,남,44세,경상,승용,여,30세,경상
2020010100100132,2020년 1월 1일 10시,수요일,경상남도 창원시 진해구 여좌동,중상사고,0,1,0,0,차대차 - 측면충돌,신호위반,건조,맑음,교차로 - 교차로안,이륜,남,85세,상해없음,승용,남,52세,상해없음
2020010100100133,2020년 1월 1일 10시,수요일,경상남도 거창군 거창읍,사망사고,1,0,0,0,차량단독 - 공작물충돌,안전운전불이행,건조,맑음,단일로 - 기타,화물,남,62세,사망,,,,
2020010100100178,2020년 1월 1일 13시,수요일,경상남도 밀양시 삼랑진읍,중상사고,0,2,1,0,차대차 - 측면충돌,안전운전불이행,건조,맑음,교차로 - 교차로안,승용,남,60세,중상,화물,남,58세,경상
2020010100100189,2020년 1월 1일 14시,수요일,경상남도 거제시 덕포동,경상사고,0,0,3,0,차대차 - 측면충돌,안전운전불이행,건조,맑음,교차로 - 교차로안,화물,남,65세,상해없음,승용,여,59세,경상
2020010100100213,2020년 1월 1일 15시,수요일,경상남도 창녕군 창녕읍,중상사고,0,3,0,0,차대차 - 기타,안전운전불이행,건조,맑음,단일로 - 기타,승용,남,83세,상해없음,승용,남,33세,중상
2020010100100214,2020년 1월 1일 15시,수요일,경상남도 산청군 신등면,경상사고,0,0,1,0,차량단독 - 도로외이탈 - 기타,안전운전불이행,건조,맑음,단일로 - 기타,승용,여,59세,경상,,,,
2020010100100250,2020년 1월 1일 17시,수요일,경상남도 거창군 거창읍,중상사고,0,1,0,0,차대차 - 측면충돌,안전운전불이행,건조,맑음,교차로 - 교차로안,승용,남,36세,상해없음,이륜,남,76세,중상
2020010100100251,2020년 1월 1일 17시,수요일,경상남도 고성군 동해면,경상사고,0,0,1,0,차대사람 - 차도통행중,안전운전불이행,건조,맑음,단일로 - 기타,승용,남,29세,상해없음,보행자,남,36세,경상
2020010100100326,2020년 1월 1일 20시,수요일,경상남도 거제시 고현동,경상사고,0,0,1,0,차대사람 - 기타,안전운전불이행,건조,맑음,단일로 - 기타,승용,남,32세,상해없음,보행자,여,19세,경상
2020010100100342,2020년 1월 1일 21시,수요일,경상남도 김해시 안동,경상사고,0,0,2,0,차대차 - 추돌,안전운전불이행,건조,맑음,단일로 - 기타,승용,남,63세,상해없음,승용,여,58세,경상
2020010200100069,2020년 1월 2일 07시,목요일,경상남도 양산시 물금읍,경상사고,0,0,1,0,차량단독 - 기타,안전운전불이행,건조,맑음,단일로 - 기타,이륜,남,19세,경상,,,,
2020010200100070,2020년 1월 2일 07시,목요일,경상남도 고성군 고성읍,경상사고,0,0,1,0,차대차 - 측면충돌,신호위반,건조,맑음,교차로 - 교차로안,화물,남,49세,상해없음,화물,남,59세,경상
2020010200100126,2020년 1월 2일 09시,목요일,경상남도 거창군 거창읍,사망사고,1,0,0,0,차대차 - 기타,안전운전불이행,건조,맑음,교차로 - 교차로부근,이륜,남,79세,사망,화물,남,43세,상해없음
2020010200100127,2020년 1월 2일 09시,목요일,경상남도 산청군 산청읍,경상사고,0,0,1,1,차대차 - 측면충돌,교차로운행방법위반,건조,맑음,교차로 - 교차로안,승용,여,62세,부상신고,승용,남,52세,경상
2020010200100151,2020년 1월 2일 10시,목요일,경상남도 함양군 유림면,중상사고,0,1,0,0,차량단독 - 기타,안전운전불이행,건조,맑음,교차로 - 교차로안,사륜오토바이(ATV),남,80세,중상,,,,
2020010200100176,2020년 1월 2일 11시,목요일,경상남도 창원시 마산합포구 우산동,경상사고,0,0,1,0,차대차 - 추돌,안전거리미확보,건조,맑음,단일로 - 기타,승용,여,20세,상해없음,승용,여,43세,경상
2020010200100203,2020년 1월 2일 12시,목요일,경상남도 함안군 칠서면,중상사고,0,2,3,0,차대차 - 기타,교차로운행방법위반,건조,맑음,교차로 - 교차로안,승용,여,50세,상해없음,승용,여,26세,경상
2020010200100236,2020년 1월 2일 13시,목요일,경상남도 함안군 가야읍,중상사고,0,1,0,0,차대차 - 기타,중앙선침범,건조,맑음,교차로 - 교차로부근,자전거,남,76세,중상,승용,남,48세,상해없음
2020010200100261,2020년 1월 2일 14시,목요일,경상남도 통영시 무전동,경상사고,0,0,1,0,차대차 - 측면충돌,교차로운행방법위반,건조,맑음,교차로 - 교차로안,승용,남,62세,상해없음,승용,여,44세,경상
2020010200100262,2020년 1월 2일 14시,목요일,경상남도 양산시 상북면,중상사고,0,1,0,0,차대차 - 측면충돌,안전운전불이행,건조,맑음,교차로 - 교차로부근,화물,남,39세,상해없음,건설기계,남,34세,중상
2020010200100291,2020년 1월 2일 15시,목요일,경상남도 밀양시 산외면,중상사고,0,1,0,0,차대차 - 측면충돌,안전운전불이행,건조,맑음,단일로 - 기타,화물,여,55세,상해없음,이륜,남,48세,중상
2020010200100292,2020년 1월 2일 15시,목요일,경상남도 양산시 삼호동,중상사고,0,1,0,0,차대사람 - 기타,보행자보호의무위반,건조,맑음,교차로 - 교차로횡단보도내,승용,남,26세,상해없음,보행자,남,56세,중상
2020010200100330,2020년 1월 2일 16시,목요일,경상남도 거창군 남상면,사망사고,1,0,0,0,차대차 - 측면충돌,안전운전불이행,건조,맑음,교차로 - 교차로안,이륜,남,67세,사망,화물,남,28세,상해없음
2020010200100331,2020년 1월 2일 16시,목요일,경상남도 양산시 삼호동,경상사고,0,0,1,0,차대차 - 측면충돌,교차로운행방법위반,건조,맑음,교차로 - 교차로부근,승용,여,46세,상해없음,화물,여,56세,경상
2020010200100365,2020년 1월 2일 17시,목요일,경상남도 김해시 부곡동,중상사고,0,1,0,0,차대차 - 측면충돌,교차로운행방법위반,건조,맑음,교차로 - 교차로안,승용,여,43세,상해없음,화물,남,50세,중상
2020010200100417,2020년 1월 2일 18시,목요일,경상남도 사천시 벌리동,경상사고,0,0,4,0,차대차 - 기타,안전운전불이행,건조,맑음,단일로 - 기타,승용,여,42세,상해없음,승용,여,58세,경상
2020010200100418,2020년 1월 2일 18시,목요일,경상남도 김해시 외동,경상사고,0,0,2,0,차대차 - 측면충돌,교차로운행방법위반,건조,맑음,교차로 - 교차로부근,승용,여,49세,경상,승용,남,20세,경상
2020010200100419,2020년 1월 2일 18시,목요일,경상남도 산청군 삼장면,사망사고,1,2,0,0,차대차 - 정면충돌,중앙선침범,건조,맑음,단일로 - 기타,승용,여,62세,사망,승용,여,57세,중상
2020010200100420,2020년 1월 2일 18시,목요일,경상남도 창원시 마산회원구 내서읍,경상사고,0,0,1,0,차대차 - 측면충돌,신호위반,건조,맑음,교차로 - 교차로안,승용,남,53세,상해없음,승용,남,63세,경상
2020010200100460,2020년 1월 2일 19시,목요일,경상남도 창원시 진해구 남문동,경상사고,0,0,1,0,차대차 - 기타,신호위반,건조,맑음,교차로 - 교차로안,화물,남,56세,상해없음,특수,남,57세,경상
2020010200100482,2020년 1월 2일 20시,목요일,경상남도 진주시 인사동,중상사고,0,1,0,0,차대사람 - 기타,안전운전불이행,건조,맑음,교차로 - 교차로안,승용,여,36세,상해없음,보행자,여,70세,중상
2020010200100483,2020년 1월 2일 20시,목요일,경상남도 함양군 함양읍,경상사고,0,0,1,0,차대차 - 측면충돌,안전운전불이행,건조,맑음,단일로 - 기타,승용,남,33세,상해없음,이륜,남,22세,경상
2020010200100520,2020년 1월 2일 21시,목요일,경상남도 창원시 진해구 남양동,경상사고,0,0,1,0,차대차 - 기타,안전운전불이행,건조,맑음,단일로 - 고가도로위,승용,남,37세,상해없음,승용,여,31세,경상
2020010200100521,2020년 1월 2일 21시,목요일,경상남도 통영시 당동,경상사고,0,0,5,0,차대차 - 추돌,안전거리미확보,건조,맑음,기타 - 기타,승용,남,63세,상해없음,승용,남,68세,경상
2020010200100544,2020년 1월 2일 22시,목요일,경상남도 김해시 구산동,경상사고,0,0,1,0,차대사람 - 횡단중,보행자보호의무위반,건조,맑음,교차로 - 교차로횡단보도내,승용,여,48세,상해없음,보행자,여,25세,경상
2020010200100545,2020년 1월 2일 22시,목요일,경상남도 거제시 고현동,중상사고,0,1,0,0,차대사람 - 횡단중,안전운전불이행,건조,맑음,기타 - 기타,승용,남,24세,상해없음,보행자,남,24세,중상
2020010300100074,2020년 1월 3일 07시,금요일,경상남도 창원시 진해구 풍호동,경상사고,0,0,3,0,차대차 - 측면충돌,직진우회전진행방해,건조,맑음,교차로 - 교차로안,승용,남,56세,경상,승용,남,41세,경상
2020010300100075,2020년 1월 3일 07시,금요일,경상남도 창원시 마산회원구 봉암동,경상사고,0,0,1,0,차대차 - 추돌,안전운전불이행,건조,맑음,단일로 - 기타,승합,남,74세,상해없음,화물,남,47세,경상
2020010300100102,2020년 1월 3일 08시,금요일,경상남도 남해군 고현면,경상사고,0,0,1,0,차량단독 - 전도전복 - 전도,안전운전불이행,건조,맑음,단일로 - 기타,사륜오토바이(ATV),여,60세,경상,,,,
2020010300100155,2020년 1월 3일 10시,금요일,경상남도 김해시 봉황동,중상사고,0,1,0,0,차대사람 - 차도통행중,안전운전불이행,건조,맑음,단일로 - 기타,승용,남,61세,상해없음,보행자,여,64세,중상
2020010300100156,2020년 1월 3일 10시,금요일,경상남도 김해시 외동,중상사고,0,1,0,0,차대차 - 기타,안전운전불이행,건조,맑음,단일로 - 기타,건설기계,남,55세,상해없음,승용,여,34세,중상
2020010300100157,2020년 1월 3일 10시,금요일,경상남도 고성군 회화면,경상사고,0,0,2,0,차대차 - 측면충돌,기타,건조,맑음,단일로 - 기타,화물,남,56세,상해없음,승용,남,26세,경상
2020010300100158,2020년 1월 3일 10시,금요일,경상남도 김해시 화목동,중상사고,0,1,1,0,차대차 - 추돌,안전운전불이행,건조,맑음,교차로 - 교차로부근,화물,남,28세,중상,건설기계,남,49세,경상
2020010300100186,2020년 1월 3일 11시,금요일,경상남도 진주시 상대동,중상사고,0,1,0,0,차대차 - 측면충돌,신호위반,건조,맑음,교차로 - 교차로안,승합,남,24세,상해없음,승용,여,22세,중상
2020010300100187,2020년 1월 3일 11시,금요일,경상남도 통영시 태평동,중상사고,0,1,0,0,차대사람 - 횡단중,안전운전불이행,건조,맑음,단일로 - 기타,승용,여,52세,상해없음,보행자,남,69세,중상
2020010300100188,2020년 1월 3일 11시,금요일,경상남도 양산시 삼호동,경상사고,0,0,2,0,차대차 - 측면충돌,중앙선침범,건조,맑음,단일로 - 기타,화물,남,60세,상해없음,승용,여,42세,경상
2020010300100189,2020년 1월 3일 11시,금요일,경상남도 거제시 고현동,경상사고,0,0,1,0,차대차 - 측면충돌,교차로운행방법위반,건조,맑음,교차로 - 교차로안,승용,남,62세,상해없음,이륜,남,53세,경상
2020010300100254,2020년 1월 3일 13시,금요일,경상남도 양산시 삼호동,경상사고,0,0,1,0,차대차 - 측면충돌,안전운전불이행,건조,맑음,교차로 - 교차로안,승용,여,49세,상해없음,승용,여,61세,경상
2020010300100288,2020년 1월 3일 14시,금요일,경상남도 창원시 의창구 명서동,경상사고,0,0,2,0,차대차 - 측면충돌,교차로운행방법위반,건조,맑음,교차로 - 교차로안,승용,여,55세,상해없음,승용,남,66세,경상
2020010300100289,2020년 1월 3일 14시,금요일,경상남도 창원시 의창구 북면,경상사고,0,0,1,0,차대차 - 측면충돌,안전운전불이행,건조,맑음,단일로 - 기타,승용,남,77세,상해없음,승용,남,64세,상해없음
2020010300100331,2020년 1월 3일 15시,금요일,경상남도 양산시 원동면,경상사고,0,0,2,0,차대차 - 기타,안전거리미확보,건조,맑음,단일로 - 기타,승합,남,67세,상해없음,승용,남,44세,경상
2020010300100365,2020년 1월 3일 16시,금요일,경상남도 창녕군 남지읍,경상사고,0,0,1,0,차대차 - 추돌,안전운전불이행,건조,맑음,교차로 - 교차로부근,특수,남,30세,상해없음,승용,남,49세,경상
2020010300100398,2020년 1월 3일 17시,금요일,경상남도 창원시 마산합포구 해운동,부상신고사고,0,0,0,1,차대사람 - 기타,안전운전불이행,건조,맑음,단일로 - 기타,승용,남,22세,상해없음,보행자,남,52세,부상신고
2020010300100399,2020년 1월 3일 17시,금요일,경상남도 진주시 호탄동,경상사고,0,0,2,0,차대차 - 측면충돌,교차로운행방법위반,건조,맑음,교차로 - 교차로안,승용,남,60세,상해없음,승용,남,57세,경상
2020010300100448,2020년 1월 3일 18시,금요일,경상남도 김해시 외동,경상사고,0,0,1,0,차대차 - 측면충돌,차로위반,건조,맑음,교차로 - 교차로부근,승용,남,71세,상해없음,승용,남,60세,경상
2020010300100449,2020년 1월 3일 18시,금요일,경상남도 양산시 어곡동,경상사고,0,0,2,0,차대차 - 측면충돌,안전운전불이행,건조,맑음,단일로 - 기타,승용,여,45세,기타불명,승용,남,25세,경상
2020010300100450,2020년 1월 3일 18시,금요일,경상남도 함안군 칠원읍,중상사고,0,1,0,0,차대사람 - 횡단중,안전운전불이행,건조,맑음,단일로 - 기타,승용,남,54세,상해없음,보행자,여,40세,중상
2020010300100495,2020년 1월 3일 19시,금요일,경상남도 창원시 마산합포구 오동동,경상사고,0,0,1,0,차대차 - 추돌,안전거리미확보,건조,맑음,단일로 - 기타,승용,남,27세,기타불명,승용,남,66세,경상
2020010300100496,2020년 1월 3일 19시,금요일,경상남도 창원시 마산합포구 예곡동,부상신고사고,0,0,0,1,차대차 - 측면충돌,안전운전불이행,건조,맑음,교차로 - 교차로부근,승합,남,59세,상해없음,승용,여,48세,부상신고
2020010300100497,2020년 1월 3일 19시,금요일,경상남도 통영시 산양읍,경상사고,0,0,1,0,차대차 - 측면충돌,안전운전불이행,건조,맑음,교차로 - 교차로안,승용,남,25세,상해없음,이륜,남,23세,경상
2020010300100498,2020년 1월 3일 19시,금요일,경상남도 거제시 일운면,중상사고,0,1,0,0,차량단독 - 기타,안전운전불이행,건조,맑음,단일로 - 기타,이륜,남,67세,중상,,,,
2020010300100499,2020년 1월 3일 19시,금요일,경상남도 김해시 흥동,중상사고,0,1,0,0,차대차 - 기타,중앙선침범,건조,맑음,단일로 - 기타,기타불명,여,77세,중상,이륜,남,49세,상해없음
2020010300100525,2020년 1월 3일 20시,금요일,경상남도 김해시 풍유동,중상사고,0,1,0,0,차대차 - 측면충돌,안전거리미확보,건조,맑음,단일로 - 기타,승용,여,40세,상해없음,승용,남,74세,중상
2020010300100540,2020년 1월 3일 20시,금요일,경상남도 양산시 물금읍,경상사고,0,0,2,0,차대차 - 기타,안전운전불이행,건조,맑음,단일로 - 기타,승용,여,41세,상해없음,승용,남,50세,경상
2020010300100564,2020년 1월 3일 21시,금요일,경상남도 창원시 진해구 풍호동,중상사고,0,1,0,0,차대차 - 측면충돌,신호위반,건조,맑음,교차로 - 교차로안,승용,남,52세,상해없음,자전거,여,17세,중상
2020010300100565,2020년 1월 3일 21시,금요일,경상남도 김해시 삼계동,경상사고,0,0,1,0,차량단독 - 전도전복 - 전도,안전운전불이행,건조,맑음,교차로 - 교차로안,이륜,남,38세,경상,,,,
2020010300100566,2020년 1월 3일 21시,금요일,경상남도 거제시 사등면,중상사고,0,1,0,0,차대사람 - 기타,안전운전불이행,건조,맑음,교차로 - 교차로부근,승용,남,27세,상해없음,보행자,남,18세,중상
2020010300100607,2020년 1월 3일 23시,금요일,경상남도 창녕군 부곡면,중상사고,0,1,0,0,차대차 - 측면충돌,신호위반,건조,맑음,교차로 - 교차로안,승용,남,32세,상해없음,승용,남,56세,중상
2020010300100608,2020년 1월 3일 23시,금요일,경상남도 김해시 대청동,경상사고,0,0,1,0,차대차 - 후진중충돌,안전운전불이행,건조,맑음,단일로 - 기타,승용,남,19세,상해없음,이륜,남,47세,경상
2020010400100011,2020년 1월 4일 00시,토요일,경상남도 김해시 어방동,중상사고,0,1,0,0,차량단독 - 기타,안전운전불이행,건조,맑음,교차로 - 교차로부근,승용,남,49세,중상,,,,
2020010400100024,2020년 1월 4일 01시,토요일,경상남도 진주시 충무공동,경상사고,0,0,1,0,차대차 - 측면충돌,신호위반,건조,맑음,교차로 - 교차로안,승용,남,55세,상해없음,승용,남,58세,경상
2020010400100025,2020년 1월 4일 01시,토요일,경상남도 창원시 성산구 상남동,경상사고,0,0,1,0,차대사람 - 횡단중,안전운전불이행,건조,맑음,교차로 - 교차로안,승용,남,34세,상해없음,보행자,여,27세,경상
2020010400100062,2020년 1월 4일 04시,토요일,경상남도 양산시 물금읍,경상사고,0,0,1,0,차대차 - 기타,안전운전불이행,건조,맑음,교차로 - 교차로부근,승용,남,32세,상해없음,승용,남,50세,경상
2020010400100072,2020년 1월 4일 05시,토요일,경상남도 밀양시 내이동,경상사고,0,0,2,0,차대차 - 정면충돌,신호위반,건조,흐림,교차로 - 교차로안,화물,여,47세,경상,승용,남,64세,경상
2020010400100099,2020년 1월 4일 07시,토요일,경상남도 김해시 삼계동,경상사고,0,0,2,0,차대차 - 추돌,안전운전불이행,건조,맑음,단일로 - 기타,승용,남,61세,상해없음,승용,여,37세,경상
2020010400100100,2020년 1월 4일 07시,토요일,경상남도 김해시 율하동,중상사고,0,1,1,0,차대차 - 측면충돌,신호위반,건조,맑음,교차로 - 교차로안,승용,남,29세,경상,화물,남,39세,중상
2020010400100115,2020년 1월 4일 08시,토요일,경상남도 창원시 의창구 팔용동,경상사고,0,0,1,0,차대차 - 측면충돌,신호위반,건조,맑음,교차로 - 교차로안,승용,여,57세,상해없음,승용,남,40세,경상
2020010400100136,2020년 1월 4일 09시,토요일,경상남도 김해시 전하동,중상사고,0,1,0,0,차대차 - 측면충돌,안전운전불이행,건조,맑음,교차로 - 교차로횡단보도내,승용,여,60세,상해없음,자전거,남,61세,중상
2020010400100137,2020년 1월 4일 09시,토요일,경상남도 함안군 칠원읍,중상사고,0,1,0,0,차대차 - 측면충돌,안전거리미확보,건조,맑음,단일로 - 기타,화물,남,58세,상해없음,승용,여,45세,중상
2020010400100138,2020년 1월 4일 09시,토요일,경상남도 김해시 신문동,경상사고,0,0,1,0,차대차 - 측면충돌,안전운전불이행,건조,맑음,교차로 - 교차로부근,화물,남,55세,상해없음,승용,남,50세,경상
2020010400100160,2020년 1월 4일 10시,토요일,경상남도 김해시 동상동,경상사고,0,0,1,0,차대차 - 기타,기타,건조,맑음,단일로 - 기타,승용,남,69세,상해없음,자전거,여,62세,경상
2020010400100210,2020년 1월 4일 12시,토요일,경상남도 창원시 마산합포구 중성동,중상사고,0,1,0,0,차대차 - 측면충돌,불법유턴,건조,맑음,단일로 - 기타,이륜,남,64세,중상,승용,남,38세,상해없음
2020010400100211,2020년 1월 4일 12시,토요일,경상남도 진주시 가좌동,중상사고,0,1,0,0,차대차 - 측면충돌,안전거리미확보,건조,맑음,단일로 - 기타,승용,남,37세,상해없음,원동기,남,41세,중상
2020010400100212,2020년 1월 4일 12시,토요일,경상남도 고성군 회화면,경상사고,0,0,1,0,차대차 - 기타,직진우회전진행방해,건조,맑음,교차로 - 교차로안,승용,남,25세,상해없음,승용,남,45세,경상
2020010400100240,2020년 1월 4일 13시,토요일,경상남도 진주시 상대동,중상사고,0,1,1,0,차대차 - 측면충돌,신호위반,건조,맑음,교차로 - 교차로안,이륜,남,39세,상해없음,승용,남,35세,경상
2020010400100241,2020년 1월 4일 13시,토요일,경상남도 거제시 남부면,경상사고,0,0,1,0,차대차 - 후진중충돌,안전운전불이행,건조,맑음,주차장 - 주차장,승용,남,48세,상해없음,승용,남,33세,경상
2020010400100242,2020년 1월 4일 13시,토요일,경상남도 김해시 진영읍,경상사고,0,0,1,0,차대차 - 추돌,안전운전불이행,건조,기타,교차로 - 교차로부근,승용,남,46세,상해없음,승용,남,40세,경상
2020010400100283,2020년 1월 4일 15시,토요일,경상남도 김해시 무계동,경상사고,0,0,2,0,차대차 - 측면충돌,안전운전불이행,건조,맑음,단일로 - 기타,승용,남,47세,상해없음,승용,남,29세,경상
2020010400100326,2020년 1월 4일 16시,토요일,경상남도 김해시 어방동,경상사고,0,0,5,0,차대차 - 후진중충돌,안전운전불이행,건조,맑음,단일로 - 기타,승용,여,37세,경상,승용,남,24세,경상
2020010400100327,2020년 1월 4일 16시,토요일,경상남도 양산시 어곡동,부상신고사고,0,0,0,1,차대차 - 측면충돌,안전운전불이행,건조,맑음,단일로 - 기타,승합,남,31세,상해없음,자전거,남,62세,부상신고
2020010400100328,2020년 1월 4일 16시,토요일,경상남도 양산시 동면,중상사고,0,1,0,0,차대차 - 기타,안전거리미확보,건조,맑음,단일로 - 기타,승용,남,30세,상해없음,원동기,남,47세,중상
2020010400100329,2020년 1월 4일 16시,토요일,경상남도 창원시 마산회원구 봉암동,사망사고,1,0,0,0,차량단독 - 공작물충돌,안전운전불이행,건조,맑음,단일로 - 지하차도(도로)내,이륜,남,16세,사망,,,,
2020010400100368,2020년 1월 4일 17시,토요일,경상남도 창원시 진해구 용원동,경상사고,0,0,1,0,차대차 - 측면충돌,교차로운행방법위반,건조,맑음,교차로 - 교차로안,화물,여,52세,상해없음,승용,남,27세,경상
2020010400100400,2020년 1월 4일 18시,토요일,경상남도 창원시 의창구 팔용동,부상신고사고,0,0,0,1,차대사람 - 기타,안전운전불이행,건조,맑음,기타 - 기타,승용,남,61세,상해없음,보행자,여,44세,부상신고
2020010400100427,2020년 1월 4일 19시,토요일,경상남도 창원시 마산합포구 해운동,중상사고,0,1,0,0,차대차 - 정면충돌,안전운전불이행,건조,맑음,교차로 - 교차로안,승합,남,55세,상해없음,이륜,남,23세,중상
2020010400100428,2020년 1월 4일 19시,토요일,경상남도 창원시 의창구 명서동,경상사고,0,0,1,0,차대차 - 기타,안전운전불이행,건조,맑음,교차로 - 교차로안,승용,남,41세,상해없음,이륜,남,28세,경상
2020010400100450,2020년 1월 4일 20시,토요일,경상남도 사천시 선구동,경상사고,0,0,1,0,차대차 - 정면충돌,안전운전불이행,건조,맑음,교차로 - 교차로안,화물,남,62세,상해없음,승용,여,54세,경상
2020010400100483,2020년 1월 4일 21시,토요일,경상남도 김해시 풍유동,경상사고,0,0,1,0,차대차 - 측면충돌,안전운전불이행,건조,기타,교차로 - 교차로안,승용,여,49세,상해없음,승용,남,56세,경상
2020010400100505,2020년 1월 4일 22시,토요일,경상남도 사천시 용현면,경상사고,0,0,1,0,차량단독 - 기타,안전운전불이행,건조,맑음,단일로 - 기타,이륜,남,30세,경상,,,,
2020010500100034,2020년 1월 5일 02시,일요일,경상남도 창원시 의창구 서상동,사망사고,1,0,0,0,차량단독 - 공작물충돌,안전운전불이행,건조,맑음,단일로 - 기타,이륜,남,33세,사망,,,,
2020010500100077,2020년 1월 5일 07시,일요일,경상남도 양산시 중부동,중상사고,0,1,0,0,차대사람 - 차도통행중,안전운전불이행,건조,맑음,단일로 - 기타,승용,남,68세,상해없음,보행자,여,91세,중상
2020010500100078,2020년 1월 5일 07시,일요일,경상남도 남해군 남해읍,중상사고,0,1,1,0,차대차 - 측면충돌,교차로운행방법위반,건조,맑음,교차로 - 교차로안,승용,남,48세,경상,승용,여,57세,중상
2020010500100123,2020년 1월 5일 10시,일요일,경상남도 통영시 광도면,경상사고,0,0,1,1,차대차 - 기타,직진우회전진행방해,건조,맑음,교차로 - 교차로안,승용,남,71세,경상,승용,남,72세,부상신고
2020010500100124,2020년 1월 5일 10시,일요일,경상남도 양산시 덕계동,경상사고,0,0,1,0,차대차 - 측면충돌,교차로운행방법위반,건조,맑음,교차로 - 교차로안,승용,남,58세,상해없음,승용,여,37세,경상
2020010500100125,2020년 1월 5일 10시,일요일,경상남도 창원시 의창구 동정동,경상사고,0,0,1,0,차대차 - 측면충돌,안전운전불이행,건조,맑음,단일로 - 기타,승용,남,68세,상해없음,승용,남,32세,경상
2020010500100137,2020년 1월 5일 11시,일요일,경상남도 남해군 남해읍,중상사고,0,3,0,0,차대차 - 측면충돌,직진우회전진행방해,건조,맑음,교차로 - 교차로안,승용,남,74세,중상,승용,여,62세,중상
2020010500100201,2020년 1월 5일 13시,일요일,경상남도 김해시 어방동,부상신고사고,0,0,0,1,차대차 - 기타,교차로운행방법위반,건조,맑음,교차로 - 교차로안,승용,여,48세,상해없음,원동기,남,20세,부상신고
2020010500100202,2020년 1월 5일 13시,일요일,경상남도 함안군 가야읍,중상사고,0,1,0,0,차대차 - 측면충돌,안전운전불이행,건조,맑음,단일로 - 기타,화물,남,40세,상해없음,이륜,남,83세,중상
2020010500100253,2020년 1월 5일 15시,일요일,경상남도 창원시 진해구 두동,경상사고,0,0,1,0,차대차 - 측면충돌,안전운전불이행,건조,맑음,단일로 - 기타,승용,남,47세,상해없음,이륜,남,31세,경상
2020010500100254,2020년 1월 5일 15시,일요일,경상남도 양산시 삼호동,경상사고,0,0,1,0,차대사람 - 기타,안전운전불이행,건조,맑음,단일로 - 기타,승용,여,52세,상해없음,보행자,여,27세,경상
2020010500100277,2020년 1월 5일 16시,일요일,경상남도 고성군 구만면,중상사고,0,1,1,0,차량단독 - 기타,안전운전불이행,건조,맑음,단일로 - 기타,승용,여,58세,상해없음,,,,
2020010500100299,2020년 1월 5일 17시,일요일,경상남도 김해시 삼계동,중상사고,0,1,0,0,차대차 - 기타,안전운전불이행,건조,맑음,교차로 - 교차로안,승용,남,57세,상해없음,자전거,남,53세,중상
2020010500100300,2020년 1월 5일 17시,일요일,경상남도 창원시 성산구 천선동,경상사고,0,0,1,0,차대차 - 측면충돌,안전운전불이행,건조,맑음,단일로 - 기타,승합,남,61세,상해없음,승용,여,50세,경상
2020010500100301,2020년 1월 5일 17시,일요일,경상남도 창원시 의창구 도계동,경상사고,0,0,2,0,차대차 - 측면충돌,안전운전불이행,건조,맑음,교차로 - 교차로안,승용,여,60세,상해없음,승용,남,46세,경상
2020010500100358,2020년 1월 5일 19시,일요일,경상남도 진주시 장대동,중상사고,0,1,0,0,차대사람 - 횡단중,안전운전불이행,건조,맑음,단일로 - 기타,승용,남,28세,상해없음,보행자,남,73세,중상
2020010500100359,2020년 1월 5일 19시,일요일,경상남도 통영시 태평동,중상사고,0,1,0,0,차대사람 - 횡단중,안전운전불이행,건조,맑음,단일로 - 기타,승용,여,63세,상해없음,보행자,여,77세,중상