사고번호,사고일시,요일,시군구,사고내용,사망자수,중상자수,경상자수,부상신고자수,사고유형,법규위반,노면상태,기상상태,도로형태,가해운전자 차종,가해운전자 성별,가해운전자 연령,가해운전자 상해정도,피해운전자 차종,피해운전자 성별,피해운전자 연령,피해운전자 상해정도
2020010900100075,2020년 1월 9일 07시,목요일,경상남도 거제시 아주동,경상사고,0,0,1,0,차대차 - 기타,신호위반,건조,맑음,교차로 - 교차로안,승용,남,37세,상해없음,승용,남,26세,경상
2020010900100106,2020년 1월 9일 08시,목요일,경상남도 양산시 물금읍,중상사고,0,1,0,1,차대차 - 추돌,안전운전불이행,건조,맑음,단일로 - 기타,승용,남,52세,상해없음,승용,여,53세,중상
2020010900100107,2020년 1월 9일 08시,목요일,경상남도 함안군 칠서면,경상사고,0,0,1,0,차대사람 - 차도통행중,안전운전불이행,건조,맑음,교차로 - 교차로부근,승용,여,52세,상해없음,보행자,남,37세,경상
2020010900100135,2020년 1월 9일 09시,목요일,경상남도 창원시 마산합포구 남성동,중상사고,0,1,0,0,차대사람 - 기타,안전운전불이행,건조,맑음,교차로 - 교차로부근,화물,남,70세,상해없음,보행자,여,59세,중상
2020010900100185,2020년 1월 9일 11시,목요일,경상남도 진주시 강남동,중상사고,0,1,0,0,차대차 - 측면충돌,직진우회전진행방해,건조,맑음,교차로 - 교차로안,승용,여,41세,상해없음,자전거,여,59세,중상
2020010900100205,2020년 1월 9일 12시,목요일,경상남도 사천시 동동,중상사고,0,1,0,0,차대사람 - 기타,안전운전불이행,건조,맑음,교차로 - 교차로안,건설기계,남,43세,상해없음,보행자,남,44세,중상
2020010900100206,2020년 1월 9일 12시,목요일,경상남도 양산시 상북면,경상사고,0,0,2,0,차대차 - 측면충돌,교차로운행방법위반,건조,맑음,교차로 - 교차로안,승용,여,43세,기타불명,승용,남,58세,경상
2020010900100230,2020년 1월 9일 13시,목요일,경상남도 진주시 칠암동,중상사고,0,1,0,0,차대차 - 측면충돌,안전운전불이행,건조,맑음,교차로 - 교차로부근,승용,여,39세,상해없음,이륜,남,40세,중상
2020010900100231,2020년 1월 9일 13시,목요일,경상남도 창원시 의창구 팔용동,경상사고,0,0,2,0,차대차 - 추돌,안전거리미확보,건조,맑음,교차로 - 교차로부근,화물,남,60세,상해없음,승용,여,62세,경상
2020010900100271,2020년 1월 9일 14시,목요일,경상남도 창원시 마산회원구 양덕동,중상사고,0,1,0,0,차대사람 - 차도통행중,안전운전불이행,건조,맑음,교차로 - 교차로부근,승용,남,61세,상해없음,보행자,여,61세,중상
2020010900100301,2020년 1월 9일 15시,목요일,경상남도 양산시 물금읍,경상사고,0,0,1,0,차대차 - 측면충돌,안전운전불이행,건조,맑음,단일로 - 기타,이륜,남,23세,경상,승용,여,46세,상해없음
2020010900100302,2020년 1월 9일 15시,목요일,경상남도 김해시 무계동,경상사고,0,0,1,0,차대차 - 추돌,안전운전불이행,건조,맑음,단일로 - 기타,승용,남,50세,상해없음,화물,남,50세,경상
2020010900100333,2020년 1월 9일 16시,목요일,경상남도 창원시 의창구 동읍,중상사고,0,1,0,0,차대사람 - 차도통행중,안전운전불이행,건조,맑음,단일로 - 기타,승용,여,76세,기타불명,보행자,여,78세,중상
2020010900100365,2020년 1월 9일 17시,목요일,경상남도 창원시 진해구 여좌동,중상사고,0,1,0,0,차대차 - 추돌,안전운전불이행,건조,맑음,단일로 - 기타,승용,남,58세,상해없음,이륜,남,16세,중상
2020010900100366,2020년 1월 9일 17시,목요일,경상남도 사천시 노룡동,중상사고,0,1,0,0,차대차 - 추돌,안전운전불이행,건조,맑음,단일로 - 기타,승용,여,60세,상해없음,이륜,여,72세,중상
2020010900100367,2020년 1월 9일 17시,목요일,경상남도 김해시 서상동,중상사고,0,1,0,0,차대사람 - 기타,보행자보호의무위반,건조,맑음,교차로 - 교차로횡단보도내,승용,남,29세,상해없음,보행자,남,75세,중상
2020010900100368,2020년 1월 9일 17시,목요일,경상남도 거제시 양정동,경상사고,0,0,1,0,차대차 - 기타,안전운전불이행,건조,맑음,단일로 - 기타,승용,남,55세,상해없음,승합,남,50세,상해없음
2020010900100369,2020년 1월 9일 17시,목요일,경상남도 함안군 군북면,중상사고,0,1,0,0,차대차 - 기타,교차로운행방법위반,건조,맑음,교차로 - 교차로안,승용,남,24세,상해없음,자전거,여,62세,중상
2020010900100417,2020년 1월 9일 18시,목요일,경상남도 통영시 무전동,경상사고,0,0,1,0,차대사람 - 기타,안전운전불이행,건조,맑음,단일로 - 기타,승용,남,57세,상해없음,보행자,남,41세,경상
2020010900100418,2020년 1월 9일 18시,목요일,경상남도 거창군 거창읍,중상사고,0,1,0,0,차대사람 - 횡단중,안전운전불이행,건조,맑음,교차로 - 교차로안,승용,남,67세,상해없음,보행자,여,80세,중상
2020010900100419,2020년 1월 9일 18시,목요일,경상남도 합천군 합천읍,경상사고,0,0,1,0,차대사람 - 횡단중,보행자보호의무위반,건조,기타,교차로 - 교차로횡단보도내,화물,남,38세,상해없음,보행자,여,45세,경상
2020010900100420,2020년 1월 9일 18시,목요일,경상남도 양산시 용당동,중상사고,0,1,1,0,차대차 - 측면충돌,안전운전불이행,건조,맑음,단일로 - 기타,승용,남,47세,경상,승용,여,30세,중상
2020010900100421,2020년 1월 9일 18시,목요일,경상남도 김해시 진례면,경상사고,0,0,1,0,차대차 - 측면충돌,안전운전불이행,건조,맑음,교차로 - 교차로안,승용,여,46세,상해없음,화물,남,43세,경상
2020010900100462,2020년 1월 9일 19시,목요일,경상남도 김해시 안동,경상사고,0,0,1,0,차대차 - 기타,안전운전불이행,건조,맑음,단일로 - 기타,승용,남,57세,상해없음,이륜,남,24세,경상
2020010900100496,2020년 1월 9일 20시,목요일,경상남도 진주시 가좌동,중상사고,0,1,1,0,차대차 - 측면충돌,신호위반,건조,맑음,교차로 - 교차로안,이륜,남,24세,중상,승용,남,40세,경상
2020010900100497,2020년 1월 9일 20시,목요일,경상남도 창원시 진해구 자은동,경상사고,0,0,1,0,차대차 - 정면충돌,신호위반,건조,맑음,단일로 - 기타,이륜,남,37세,경상,승용,여,41세,상해없음
2020010900100521,2020년 1월 9일 21시,목요일,경상남도 양산시 물금읍,중상사고,0,1,0,1,차대차 - 측면충돌,직진우회전진행방해,건조,맑음,교차로 - 교차로안,승용,여,32세,부상신고,승용,여,42세,중상
2020010900100539,2020년 1월 9일 22시,목요일,경상남도 거제시 일운면,경상사고,0,0,1,0,차량단독 - 공작물충돌,안전운전불이행,건조,맑음,단일로 - 기타,승용,여,43세,경상,,,,
2020010900100540,2020년 1월 9일 22시,목요일,경상남도 창원시 의창구 소답동,경상사고,0,0,1,0,차대사람 - 차도통행중,안전운전불이행,건조,맑음,교차로 - 교차로부근,승용,남,58세,상해없음,보행자,남,38세,경상
2020010900100556,2020년 1월 9일 23시,목요일,경상남도 김해시 부원동,중상사고,0,1,0,0,차대사람 - 횡단중,신호위반,건조,맑음,교차로 - 교차로횡단보도내,승용,남,70세,상해없음,보행자,남,56세,중상
2020010900100557,2020년 1월 9일 23시,목요일,경상남도 김해시 진영읍,경상사고,0,0,1,0,차대사람 - 차도통행중,안전운전불이행,건조,맑음,단일로 - 기타,승용,남,56세,상해없음,보행자,남,38세,경상
2020011000100044,2020년 1월 10일 04시,금요일,경상남도 진주시 신안동,중상사고,0,2,1,0,차대차 - 측면충돌,신호위반,건조,맑음,교차로 - 교차로안,승용,남,64세,상해없음,승용,남,33세,중상
2020011000100115,2020년 1월 10일 08시,금요일,경상남도 합천군 가야면,중상사고,0,1,0,0,차대사람 - 횡단중,안전운전불이행,건조,맑음,단일로 - 기타,승용,여,37세,기타불명,보행자,여,82세,중상
2020011000100116,2020년 1월 10일 08시,금요일,경상남도 양산시 물금읍,경상사고,0,0,1,0,차대차 - 측면충돌,교차로운행방법위반,건조,맑음,교차로 - 교차로안,승용,남,22세,상해없음,승용,남,46세,경상
2020011000100191,2020년 1월 10일 10시,금요일,경상남도 함안군 가야읍,경상사고,0,0,1,0,차대차 - 측면충돌,신호위반,건조,맑음,교차로 - 교차로안,화물,남,33세,상해없음,이륜,남,61세,경상
2020011000100192,2020년 1월 10일 10시,금요일,경상남도 창원시 의창구 팔용동,중상사고,0,1,0,0,차대차 - 기타,안전운전불이행,건조,맑음,교차로 - 교차로안,화물,남,53세,상해없음,화물,남,37세,중상
2020011000100219,2020년 1월 10일 11시,금요일,경상남도 창원시 진해구 석동,경상사고,0,0,1,0,차량단독 - 기타,안전운전불이행,건조,맑음,단일로 - 기타,승합,남,57세,상해없음,,,,
2020011000100220,2020년 1월 10일 11시,금요일,경상남도 밀양시 삼랑진읍,중상사고,0,1,0,0,차대차 - 추돌,안전운전불이행,건조,맑음,단일로 - 기타,이륜,남,53세,중상,화물,남,71세,상해없음
2020011000100221,2020년 1월 10일 11시,금요일,경상남도 창원시 의창구 명서동,경상사고,0,0,2,0,차대차 - 기타,신호위반,건조,맑음,교차로 - 교차로안,화물,남,67세,상해없음,승용,남,23세,경상
2020011000100253,2020년 1월 10일 12시,금요일,경상남도 통영시 무전동,경상사고,0,0,3,0,차대차 - 기타,교차로운행방법위반,건조,맑음,교차로 - 교차로안,승용,여,61세,경상,이륜,남,27세,경상
2020011000100297,2020년 1월 10일 13시,금요일,경상남도 거제시 장목면,경상사고,0,0,1,0,차대차 - 측면충돌,안전운전불이행,건조,맑음,단일로 - 기타,이륜,남,67세,경상,승용,남,50세,상해없음
2020011000100328,2020년 1월 10일 14시,금요일,경상남도 통영시 미수동,중상사고,0,2,0,0,차대차 - 측면충돌,신호위반,건조,맑음,교차로 - 교차로안,승합,남,57세,상해없음,승용,남,35세,중상
2020011000100329,2020년 1월 10일 14시,금요일,경상남도 함안군 칠서면,경상사고,0,0,4,0,차대차 - 측면충돌,신호위반,건조,맑음,교차로 - 교차로안,승용,남,60세,경상,화물,남,62세,경상
2020011000100355,2020년 1월 10일 15시,금요일,경상남도 창원시 마산합포구 덕동동,중상사고,0,3,0,0,차대차 - 측면충돌,신호위반,건조,맑음,교차로 - 교차로안,승용,남,69세,중상,화물,남,57세,중상
2020011000100397,2020년 1월 10일 16시,금요일,경상남도 통영시 광도면,사망사고,1,0,0,0,차량단독 - 기타,기타,건조,맑음,단일로 - 기타,농기계,남,74세,사망,,,,
2020011000100398,2020년 1월 10일 16시,금요일,경상남도 김해시 어방동,중상사고,0,1,0,0,차대사람 - 횡단중,신호위반,건조,맑음,교차로 - 교차로안,화물,남,44세,기타불명,보행자,남,66세,중상
2020011000100399,2020년 1월 10일 16시,금요일,경상남도 거제시 고현동,중상사고,0,1,0,0,차대차 - 추돌,안전운전불이행,건조,맑음,단일로 - 기타,승용,여,67세,상해없음,승용,여,49세,중상
2020011000100422,2020년 1월 10일 17시,금요일,경상남도 사천시 선구동,경상사고,0,0,4,0,차대차 - 측면충돌,안전운전불이행,건조,맑음,교차로 - 교차로안,승용,여,51세,경상,승용,여,45세,경상
2020011000100423,2020년 1월 10일 17시,금요일,경상남도 함안군 칠서면,중상사고,0,1,0,0,차대차 - 측면충돌,안전운전불이행,건조,맑음,교차로 - 교차로부근,화물,남,58세,상해없음,이륜,남,52세,중상
2020011000100478,2020년 1월 10일 18시,금요일,경상남도 사천시 사천읍,경상사고,0,0,1,0,차대사람 - 횡단중,보행자보호의무위반,건조,맑음,교차로 - 교차로부근,승용,남,58세,상해없음,보행자,남,66세,경상
2020011000100479,2020년 1월 10일 18시,금요일,경상남도 사천시 용강동,중상사고,0,1,0,0,차대사람 - 횡단중,안전운전불이행,건조,맑음,교차로 - 교차로부근,승용,남,52세,상해없음,보행자,여,73세,중상
2020011000100480,2020년 1월 10일 18시,금요일,경상남도 양산시 물금읍,경상사고,0,0,1,0,차대차 - 정면충돌,신호위반,건조,맑음,교차로 - 교차로안,승용,여,26세,상해없음,승용,남,24세,경상
2020011000100520,2020년 1월 10일 19시,금요일,경상남도 창원시 마산회원구 구암동,경상사고,0,0,1,0,차대차 - 기타,안전운전불이행,건조,맑음,교차로 - 교차로안,화물,남,41세,상해없음,원동기,남,42세,경상
2020011000100560,2020년 1월 10일 20시,금요일,경상남도 진주시 중안동,중상사고,0,1,0,0,차대차 - 정면충돌,직진우회전진행방해,건조,맑음,교차로 - 교차로안,개인형이동수단(PM),남,18세,중상,승용,남,29세,상해없음
2020011000100561,2020년 1월 10일 20시,금요일,경상남도 밀양시 하남읍,경상사고,0,0,2,0,차대차 - 측면충돌,안전운전불이행,건조,맑음,교차로 - 교차로안,승용,남,59세,상해없음,승합,남,26세,경상
2020011000100579,2020년 1월 10일 21시,금요일,경상남도 창원시 의창구 신월동,중상사고,0,1,0,0,차량단독 - 전도전복 - 전도,안전운전불이행,건조,맑음,교차로 - 교차로부근,이륜,남,24세,상해없음,,,,
2020011000100607,2020년 1월 10일 22시,금요일,경상남도 양산시 남부동,경상사고,0,0,1,0,차량단독 - 기타,안전운전불이행,건조,맑음,단일로 - 지하차도(도로)내,승용,남,26세,경상,,,,
2020011100100014,2020년 1월 11일 00시,토요일,경상남도 창원시 마산합포구 자산동,경상사고,0,0,1,0,차대사람 - 기타,안전운전불이행,건조,맑음,교차로 - 교차로안,승용,남,53세,상해없음,보행자,여,63세,경상
2020011100100015,2020년 1월 11일 00시,토요일,경상남도 창녕군 창녕읍,경상사고,0,0,1,0,차대차 - 후진중충돌,안전운전불이행,건조,맑음,교차로 - 교차로안,승용,여,55세,상해없음,승용,남,48세,경상
2020011100100048,2020년 1월 11일 03시,토요일,경상남도 김해시 생림면,경상사고,0,0,3,0,차대차 - 추돌,안전운전불이행,건조,맑음,교차로 - 교차로안,승용,남,21세,경상,승용,남,59세,경상
2020011100100068,2020년 1월 11일 05시,토요일,경상남도 창원시 성산구 가음정동,중상사고,0,1,0,0,차대차 - 측면충돌,신호위반,건조,맑음,교차로 - 교차로안,승용,여,60세,상해없음,승용,여,52세,중상
2020011100100069,2020년 1월 11일 05시,토요일,경상남도 창원시 성산구 상남동,경상사고,0,0,1,0,차대사람 - 횡단중,안전운전불이행,건조,맑음,교차로 - 교차로부근,승용,남,55세,상해없음,보행자,남,27세,경상
2020011100100092,2020년 1월 11일 07시,토요일,경상남도 남해군 이동면,경상사고,0,0,1,0,차대차 - 측면충돌,안전운전불이행,건조,맑음,단일로 - 기타,승용,여,44세,상해없음,화물,남,52세,경상
2020011100100103,2020년 1월 11일 08시,토요일,경상남도 진주시 봉곡동,중상사고,0,1,0,0,차대사람 - 기타,안전운전불이행,건조,맑음,교차로 - 교차로안,승용,여,40세,상해없음,보행자,여,80세,중상
2020011100100104,2020년 1월 11일 08시,토요일,경상남도 김해시 흥동,경상사고,0,0,2,0,차대차 - 측면충돌,안전운전불이행,건조,맑음,단일로 - 기타,화물,남,50세,경상,승용,남,39세,상해없음
2020011100100127,2020년 1월 11일 09시,토요일,경상남도 양산시 명동,경상사고,0,0,1,0,차대차 - 추돌,안전운전불이행,건조,맑음,단일로 - 기타,화물,남,53세,상해없음,승용,여,38세,경상
2020011100100154,2020년 1월 11일 10시,토요일,경상남도 김해시 봉황동,중상사고,0,2,0,2,차대차 - 추돌,안전운전불이행,건조,맑음,단일로 - 기타,승용,남,55세,상해없음,승용,남,55세,중상
2020011100100155,2020년 1월 11일 10시,토요일,경상남도 김해시 진례면,중상사고,0,1,0,0,차대사람 - 기타,안전운전불이행,건조,맑음,단일로 - 기타,화물,남,42세,상해없음,보행자,여,85세,중상
2020011100100189,2020년 1월 11일 11시,토요일,경상남도 창원시 진해구 용원동,경상사고,0,0,2,0,차대차 - 기타,교차로운행방법위반,건조,맑음,교차로 - 교차로안,특수,남,66세,경상,특수,남,42세,경상
2020011100100225,2020년 1월 11일 12시,토요일,경상남도 합천군 합천읍,경상사고,0,0,1,0,차대차 - 측면충돌,직진우회전진행방해,건조,맑음,교차로 - 교차로안,이륜,남,57세,경상,승용,여,24세,상해없음
2020011100100265,2020년 1월 11일 13시,토요일,경상남도 진주시 칠암동,경상사고,0,0,2,0,차대차 - 추돌,안전운전불이행,건조,맑음,단일로 - 기타,화물,남,75세,상해없음,승용,남,20세,경상
2020011100100266,2020년 1월 11일 13시,토요일,경상남도 김해시 어방동,경상사고,0,0,1,0,차대차 - 측면충돌,안전운전불이행,건조,맑음,교차로 - 교차로안,승용,여,51세,상해없음,이륜,남,21세,경상
2020011100100267,2020년 1월 11일 13시,토요일,경상남도 김해시 내동,중상사고,0,2,2,1,차대차 - 측면충돌,신호위반,건조,맑음,교차로 - 교차로안,승용,남,38세,경상,승용,남,52세,중상
2020011100100268,2020년 1월 11일 13시,토요일,경상남도 김해시 서상동,중상사고,0,3,1,0,차대차 - 측면충돌,교차로운행방법위반,건조,맑음,교차로 - 교차로안,승용,남,23세,경상,승용,여,51세,상해없음
2020011100100305,2020년 1월 11일 14시,토요일,경상남도 김해시 진영읍,경상사고,0,0,1,0,차대차 - 측면충돌,신호위반,건조,맑음,교차로 - 교차로안,자전거,남,70세,경상,승용,남,65세,상해없음
2020011100100326,2020년 1월 11일 15시,토요일,경상남도 창원시 진해구 숭인동,중상사고,0,1,0,0,차대차 - 기타,기타,건조,맑음,단일로 - 기타,이륜,남,68세,중상,승용,남,75세,상해없음
2020011100100327,2020년 1월 11일 15시,토요일,경상남도 창원시 진해구 남양동,경상사고,0,0,1,0,차대차 - 기타,중앙선침범,건조,맑음,단일로 - 기타,승용,여,54세,상해없음,승용,여,64세,경상
2020011100100357,2020년 1월 11일 16시,토요일,경상남도 통영시 도남동,중상사고,0,1,0,0,차대사람 - 기타,안전운전불이행,건조,맑음,주차장 - 주차장,승용,여,36세,상해없음,보행자,여,78세,중상
2020011100100358,2020년 1월 11일 16시,토요일,경상남도 양산시 물금읍,부상신고사고,0,0,0,1,차대차 - 측면충돌,교차로운행방법위반,건조,맑음,교차로 - 교차로안,승용,여,61세,상해없음,승용,남,54세,부상신고
2020011100100359,2020년 1월 11일 16시,토요일,경상남도 거제시 고현동,경상사고,0,0,1,0,차대차 - 기타,교차로운행방법위반,건조,맑음,교차로 - 교차로안,승용,여,57세,상해없음,승용,남,25세,경상
2020011100100360,2020년 1월 11일 16시,토요일,경상남도 창원시 마산회원구 내서읍,경상사고,0,0,1,0,차대사람 - 차도통행중,안전운전불이행,건조,맑음,단일로 - 지하차도(도로)내,승용,남,52세,상해없음,보행자,여,36세,경상
2020011100100361,2020년 1월 11일 16시,토요일,경상남도 김해시 진영읍,경상사고,0,0,1,0,차대차 - 측면충돌,안전운전불이행,건조,맑음,교차로 - 교차로안,승용,남,23세,상해없음,승합,남,25세,경상
2020011100100395,2020년 1월 11일 17시,토요일,경상남도 창원시 마산합포구 중앙동1가,중상사고,0,1,0,0,차량단독 - 기타,기타,건조,맑음,단일로 - 기타,승합,남,60세,상해없음,,,,
2020011100100396,2020년 1월 11일 17시,토요일,경상남도 창원시 의창구 대원동,경상사고,0,0,1,0,차대차 - 측면충돌,중앙선침범,건조,맑음,교차로 - 교차로부근,승용,남,61세,상해없음,승용,남,26세,경상
2020011100100434,2020년 1월 11일 18시,토요일,경상남도 김해시 봉황동,중상사고,0,1,0,0,차대사람 - 횡단중,보행자보호의무위반,건조,맑음,단일로 - 기타,이륜,남,76세,상해없음,보행자,남,57세,중상
2020011100100435,2020년 1월 11일 18시,토요일,경상남도 양산시 상북면,사망사고,1,0,0,0,차대사람 - 기타,안전운전불이행,건조,맑음,단일로 - 기타,승용,남,70세,상해없음,보행자,남,45세,사망
2020011100100436,2020년 1월 11일 18시,토요일,경상남도 창원시 의창구 도계동,중상사고,0,1,0,0,차대차 - 측면충돌,차로위반,건조,맑음,단일로 - 기타,승용,남,56세,상해없음,이륜,남,65세,중상
2020011100100437,2020년 1월 11일 18시,토요일,경상남도 김해시 진영읍,중상사고,0,1,0,0,차대차 - 측면충돌,안전운전불이행,건조,맑음,교차로 - 교차로안,승용,남,27세,상해없음,이륜,남,41세,중상
2020011100100533,2020년 1월 11일 21시,토요일,경상남도 창원시 성산구 반지동,경상사고,0,0,1,0,차대사람 - 기타,안전운전불이행,건조,맑음,단일로 - 기타,기타불명,기타불명,미분류,기타불명,보행자,남,41세,경상
2020011200100012,2020년 1월 12일 00시,일요일,경상남도 창원시 마산합포구 신포동1가,경상사고,0,0,4,0,차대차 - 측면충돌,신호위반,건조,맑음,교차로 - 교차로부근,승용,남,67세,상해없음,승용,남,61세,경상
2020011200100027,2020년 1월 12일 01시,일요일,경상남도 창원시 마산합포구 산호동,중상사고,0,1,0,0,차대차 - 측면충돌,신호위반,건조,맑음,교차로 - 교차로안,승용,여,29세,상해없음,승용,남,48세,중상
2020011200100081,2020년 1월 12일 08시,일요일,경상남도 고성군 동해면,경상사고,0,0,2,0,차대차 - 추돌,안전거리미확보,건조,맑음,단일로 - 기타,승용,남,34세,경상,승용,남,44세,경상
2020011200100111,2020년 1월 12일 10시,일요일,경상남도 양산시 상북면,경상사고,0,0,1,0,차대사람 - 기타,안전운전불이행,건조,맑음,단일로 - 기타,승합,남,60세,상해없음,보행자,여,56세,경상
2020011200100112,2020년 1월 12일 10시,일요일,경상남도 창원시 마산회원구 합성동,경상사고,0,0,1,0,차대차 - 측면충돌,안전운전불이행,건조,맑음,단일로 - 기타,승합,남,64세,상해없음,승용,남,75세,경상
2020011200100124,2020년 1월 12일 11시,일요일,경상남도 창원시 마산합포구 중앙동2가,경상사고,0,0,3,0,차대차 - 측면충돌,안전운전불이행,건조,맑음,단일로 - 기타,승용,남,45세,상해없음,승용,여,56세,경상
2020011200100126,2020년 1월 12일 11시,일요일,경상남도 고성군 회화면,경상사고,0,0,4,0,차대차 - 추돌,안전운전불이행,건조,맑음,단일로 - 기타,화물,남,60세,상해없음,승용,남,59세,경상
2020011200100145,2020년 1월 12일 12시,일요일,경상남도 창원시 성산구 가음동,중상사고,0,1,0,0,차대차 - 측면충돌,안전운전불이행,건조,맑음,단일로 - 기타,승용,남,59세,상해없음,이륜,남,39세,중상
2020011200100171,2020년 1월 12일 13시,일요일,경상남도 밀양시 삼문동,중상사고,0,1,0,0,차대차 - 측면충돌,안전운전불이행,건조,맑음,단일로 - 기타,이륜,남,56세,상해없음,자전거,여,72세,중상
2020011200100196,2020년 1월 12일 14시,일요일,경상남도 밀양시 내일동,중상사고,0,1,0,0,차대차 - 측면충돌,안전운전불이행,건조,맑음,교차로 - 교차로안,승합,남,63세,상해없음,승용,남,56세,중상
2020011200100197,2020년 1월 12일 14시,일요일,경상남도 창원시 의창구 명서동,경상사고,0,0,1,0,차대차 - 측면충돌,안전운전불이행,건조,맑음,단일로 - 기타,승용,남,63세,상해없음,승용,남,32세,상해없음
2020011200100221,2020년 1월 12일 15시,일요일,경상남도 양산시 원동면,부상신고사고,0,0,0,1,차대차 - 측면충돌,중앙선침범,건조,맑음,단일로 - 기타,승용,남,61세,부상신고,승용,남,72세,상해없음
2020011200100222,2020년 1월 12일 15시,일요일,경상남도 거제시 거제면,경상사고,0,0,2,0,차대차 - 측면충돌,안전운전불이행,건조,맑음,교차로 - 교차로부근,승용,여,64세,경상,승용,여,49세,경상
2020011200100243,2020년 1월 12일 16시,일요일,경상남도 통영시 광도면,중상사고,0,1,0,0,차대차 - 후진중충돌,안전운전불이행,건조,맑음,단일로 - 기타,승용,남,44세,상해없음,이륜,남,34세,중상
2020011200100296,2020년 1월 12일 18시,일요일,경상남도 진주시 신안동,중상사고,0,1,0,0,차대차 - 기타,안전운전불이행,건조,맑음,단일로 - 기타,승합,남,22세,상해없음,원동기,남,22세,중상
2020011200100297,2020년 1월 12일 18시,일요일,경상남도 창원시 의창구 명서동,경상사고,0,0,1,0,차대차 - 기타,안전운전불이행,건조,맑음,교차로 - 교차로안,화물,남,35세,상해없음,이륜,남,25세,경상
2020011200100319,2020년 1월 12일 19시,일요일,경상남도 양산시 물금읍,중상사고,0,1,0,0,차대차 - 기타,신호위반,건조,맑음,교차로 - 교차로안,승용,남,39세,상해없음,자전거,여,55세,중상
2020011200100320,2020년 1월 12일 19시,일요일,경상남도 남해군 창선면,경상사고,0,0,1,0,차량단독 - 공작물충돌,기타,건조,맑음,단일로 - 기타,화물,남,54세,경상,,,,
2020011200100321,2020년 1월 12일 19시,일요일,경상남도 창원시 마산회원구 내서읍,중상사고,0,2,0,0,차대차 - 정면충돌,중앙선침범,건조,맑음,교차로 - 교차로부근,승용,남,22세,상해없음,승용,남,57세,중상
2020011200100361,2020년 1월 12일 21시,일요일,경상남도 사천시 벌리동,경상사고,0,0,1,0,차대차 - 정면충돌,신호위반,건조,맑음,교차로 - 교차로안,이륜,여,54세,상해없음,이륜,남,26세,경상
2020011300100003,2020년 1월 13일 00시,월요일,경상남도 남해군 남해읍,중상사고,0,1,0,0,차량단독 - 공작물충돌,안전운전불이행,건조,맑음,교차로 - 교차로안,승용,남,51세,중상,,,,
2020011300100012,2020년 1월 13일 01시,월요일,경상남도 김해시 부원동,경상사고,0,0,3,0,차대사람 - 차도통행중,안전운전불이행,건조,맑음,교차로 - 교차로안,승용,남,58세,상해없음,보행자,여,44세,경상
2020011300100038,2020년 1월 13일 06시,월요일,경상남도 창원시 진해구 자은동,경상사고,0,0,2,0,차대차 - 정면충돌,신호위반,건조,맑음,교차로 - 교차로부근,이륜,남,58세,경상,승용,여,68세,경상
2020011300100061,2020년 1월 13일 07시,월요일,경상남도 거제시 옥포동,경상사고,0,0,1,0,차대차 - 측면충돌,안전운전불이행,건조,맑음,교차로 - 교차로안,이륜,여,61세,경상,승용,남,62세,상해없음
2020011300100076,2020년 1월 13일 08시,월요일,경상남도 창녕군 도천면,중상사고,0,1,0,0,차대차 - 기타,안전운전불이행,건조,맑음,교차로 - 교차로부근,이륜,남,42세,중상,승용,여,41세,상해없음
2020011300100104,2020년 1월 13일 09시,월요일,경상남도 통영시 광도면,경상사고,0,0,1,0,차대차 - 측면충돌,교차로운행방법위반,건조,맑음,교차로 - 교차로안,승용,남,43세,상해없음,승용,남,23세,경상
2020011300100105,2020년 1월 13일 09시,월요일,경상남도 의령군 용덕면,경상사고,0,0,1,0,차대차 - 정면충돌,신호위반,건조,맑음,교차로 - 교차로안,승용,남,57세,상해없음,이륜,남,39세,경상
2020011300100134,2020년 1월 13일 10시,월요일,경상남도 산청군 시천면,경상사고,0,0,1,0,차대차 - 추돌,안전운전불이행,건조,맑음,교차로 - 교차로안,화물,남,54세,상해없음,승용,남,65세,경상
2020011300100135,2020년 1월 13일 10시,월요일,경상남도 창원시 성산구 상남동,중상사고,0,1,0,0,차대차 - 측면충돌,교차로운행방법위반,건조,맑음,교차로 - 교차로안,승용,여,47세,상해없음,승용,남,62세,중상
2020011300100136,2020년 1월 13일 10시,월요일,경상남도 창원시 마산회원구 합성동,중상사고,0,1,0,0,차대사람 - 기타,기타,건조,맑음,기타 - 기타,승용,남,83세,상해없음,보행자,여,66세,중상
2020011300100171,2020년 1월 13일 11시,월요일,경상남도 밀양시 삼랑진읍,중상사고,0,1,2,0,차대차 - 측면충돌,중앙선침범,건조,맑음,단일로 - 기타,화물,남,55세,기타불명,승용,여,42세,중상
2020011300100172,2020년 1월 13일 11시,월요일,경상남도 거제시 장목면,경상사고,0,0,2,0,차대차 - 추돌,안전거리미확보,건조,맑음,단일로 - 기타,화물,남,37세,상해없음,승용,남,35세,경상
2020011300100203,2020년 1월 13일 12시,월요일,경상남도 의령군 지정면,중상사고,0,1,1,0,차대차 - 정면충돌,중앙선침범,건조,맑음,단일로 - 기타,화물,남,63세,경상,승용,남,66세,중상