사고번호,사고일시,요일,시군구,사고내용,사망자수,중상자수,경상자수,부상신고자수,사고유형,법규위반,노면상태,기상상태,도로형태,가해운전자 차종,가해운전자 성별,가해운전자 연령,가해운전자 상해정도,피해운전자 차종,피해운전자 성별,피해운전자 연령,피해운전자 상해정도
2020011300100352,2020년 1월 13일 16시,월요일,경상남도 창원시 진해구 석동,중상사고,0,1,0,0,차대차 - 측면충돌,안전운전불이행,건조,맑음,단일로 - 기타,승용,여,51세,상해없음,승용,여,28세,중상
2020011300100353,2020년 1월 13일 16시,월요일,경상남도 통영시 항남동,중상사고,0,1,0,0,차대사람 - 기타,안전운전불이행,건조,맑음,단일로 - 기타,승용,여,58세,상해없음,보행자,여,68세,중상
2020011300100354,2020년 1월 13일 16시,월요일,경상남도 창원시 의창구 대산면,중상사고,0,1,2,0,차대차 - 측면충돌,안전운전불이행,건조,맑음,교차로 - 교차로안,화물,여,65세,상해없음,화물,남,48세,경상
2020011300100372,2020년 1월 13일 17시,월요일,경상남도 밀양시 삼랑진읍,중상사고,0,1,0,0,차대차 - 측면충돌,안전운전불이행,건조,맑음,단일로 - 기타,화물,남,59세,상해없음,승용,남,39세,중상
2020011300100387,2020년 1월 13일 17시,월요일,경상남도 거제시 고현동,중상사고,0,1,0,0,차대차 - 기타,신호위반,건조,맑음,교차로 - 교차로횡단보도내,자전거,남,41세,중상,승용,여,40세,상해없음
2020011300100388,2020년 1월 13일 17시,월요일,경상남도 창원시 마산회원구 합성동,경상사고,0,0,1,0,차대차 - 측면충돌,안전운전불이행,건조,기타,교차로 - 교차로안,승용,남,31세,상해없음,이륜,남,67세,경상
2020011300100389,2020년 1월 13일 17시,월요일,경상남도 김해시 삼문동,중상사고,0,1,0,1,차대차 - 측면충돌,신호위반,건조,맑음,교차로 - 교차로안,화물,남,72세,부상신고,승용,여,45세,중상
2020011300100444,2020년 1월 13일 18시,월요일,경상남도 창원시 마산합포구 오동동,중상사고,0,1,0,0,차대사람 - 횡단중,보행자보호의무위반,건조,맑음,단일로 - 기타,화물,남,67세,상해없음,보행자,남,87세,중상
2020011300100445,2020년 1월 13일 18시,월요일,경상남도 진주시 상평동,중상사고,0,1,0,0,차대차 - 추돌,안전운전불이행,건조,맑음,교차로 - 교차로부근,승용,여,40세,기타불명,승용,남,58세,중상
2020011300100446,2020년 1월 13일 18시,월요일,경상남도 창원시 진해구 남문동,중상사고,0,1,0,0,차대차 - 기타,신호위반,건조,맑음,교차로 - 교차로안,승합,남,57세,상해없음,자전거,남,8세,중상
2020011300100447,2020년 1월 13일 18시,월요일,경상남도 밀양시 삼문동,중상사고,0,1,0,0,차대차 - 기타,교차로운행방법위반,건조,흐림,교차로 - 교차로안,승용,여,28세,상해없음,이륜,남,46세,중상
2020011300100448,2020년 1월 13일 18시,월요일,경상남도 김해시 외동,경상사고,0,0,1,0,차대차 - 측면충돌,안전운전불이행,건조,맑음,단일로 - 기타,자전거,남,50세,경상,승용,남,29세,상해없음
2020011300100449,2020년 1월 13일 18시,월요일,경상남도 양산시 산막동,경상사고,0,0,1,0,차대차 - 측면충돌,신호위반,건조,맑음,교차로 - 교차로부근,승용,남,58세,상해없음,승합,남,59세,경상
2020011300100450,2020년 1월 13일 18시,월요일,경상남도 거제시 능포동,사망사고,1,0,0,0,차대차 - 기타,안전운전불이행,건조,맑음,교차로 - 교차로안,승용,남,38세,상해없음,이륜,남,28세,사망
2020011300100451,2020년 1월 13일 18시,월요일,경상남도 거제시 상동동,중상사고,0,2,0,0,차대차 - 기타,안전운전불이행,건조,맑음,교차로 - 교차로안,승용,남,42세,상해없음,이륜,남,34세,중상
2020011300100491,2020년 1월 13일 19시,월요일,경상남도 창원시 마산합포구 해운동,경상사고,0,0,1,0,차대차 - 측면충돌,교차로운행방법위반,건조,맑음,교차로 - 교차로안,승용,남,48세,상해없음,승용,남,64세,경상
2020011300100523,2020년 1월 13일 20시,월요일,경상남도 양산시 원동면,중상사고,0,1,1,0,차대차 - 기타,중앙선침범,건조,맑음,단일로 - 기타,승용,남,59세,상해없음,승합,남,67세,경상
2020011300100587,2020년 1월 13일 23시,월요일,경상남도 김해시 수가동,경상사고,0,0,2,0,차대차 - 측면충돌,안전거리미확보,건조,맑음,단일로 - 기타,화물,남,59세,경상,승용,남,71세,경상
2020011300100593,2020년 1월 13일 23시,월요일,경상남도 거제시 상동동,중상사고,0,1,1,0,차대차 - 기타,신호위반,건조,맑음,교차로 - 교차로안,승용,여,36세,상해없음,승용,남,55세,중상
2020011400100044,2020년 1월 14일 04시,화요일,경상남도 김해시 대청동,중상사고,0,1,0,0,차량단독 - 공작물충돌,안전운전불이행,건조,맑음,교차로 - 교차로부근,이륜,남,20세,중상,,,,
2020011400100061,2020년 1월 14일 06시,화요일,경상남도 창원시 마산회원구 내서읍,사망사고,1,0,0,0,차대사람 - 횡단중,안전운전불이행,건조,맑음,단일로 - 기타,화물,남,34세,상해없음,보행자,여,18세,사망
2020011400100079,2020년 1월 14일 07시,화요일,경상남도 창원시 마산회원구 양덕동,중상사고,0,1,0,0,차대사람 - 횡단중,보행자보호의무위반,건조,기타,교차로 - 교차로횡단보도내,승용,남,77세,상해없음,보행자,남,66세,중상
2020011400100112,2020년 1월 14일 08시,화요일,경상남도 창원시 의창구 팔용동,경상사고,0,0,1,0,차대차 - 기타,교차로운행방법위반,건조,맑음,교차로 - 교차로안,화물,남,65세,상해없음,승용,여,42세,경상
2020011400100138,2020년 1월 14일 09시,화요일,경상남도 창원시 진해구 안골동,경상사고,0,0,1,0,차대차 - 정면충돌,안전운전불이행,건조,맑음,교차로 - 교차로부근,승용,남,24세,상해없음,승용,여,36세,경상
2020011400100176,2020년 1월 14일 10시,화요일,경상남도 창원시 진해구 안골동,경상사고,0,0,2,0,차대차 - 측면충돌,안전운전불이행,건조,맑음,단일로 - 기타,화물,남,60세,경상,승용,남,41세,경상
2020011400100177,2020년 1월 14일 10시,화요일,경상남도 합천군 합천읍,중상사고,0,1,1,0,차대차 - 측면충돌,신호위반,건조,맑음,교차로 - 교차로안,승용,여,54세,상해없음,승용,여,47세,중상
2020011400100178,2020년 1월 14일 10시,화요일,경상남도 남해군 고현면,사망사고,1,0,0,0,차량단독 - 전도전복 - 전복,안전운전불이행,건조,맑음,교차로 - 교차로안,사륜오토바이(ATV),남,81세,사망,,,,
2020011400100179,2020년 1월 14일 10시,화요일,경상남도 사천시 곤양면,사망사고,1,1,0,0,차대차 - 추돌,안전운전불이행,건조,흐림,단일로 - 교량,화물,남,62세,상해없음,화물,남,47세,사망
2020011400100180,2020년 1월 14일 10시,화요일,경상남도 창원시 의창구 동읍,경상사고,0,0,3,0,차대차 - 측면충돌,안전거리미확보,건조,맑음,단일로 - 기타,승용,여,38세,경상,승용,여,19세,경상
2020011400100212,2020년 1월 14일 11시,화요일,경상남도 산청군 신등면,중상사고,0,2,0,0,차대차 - 정면충돌,중앙선침범,건조,맑음,단일로 - 기타,화물,남,54세,중상,건설기계,남,50세,중상
2020011400100259,2020년 1월 14일 12시,화요일,경상남도 사천시 사천읍,경상사고,0,0,1,0,차대차 - 추돌,안전거리미확보,건조,맑음,교차로 - 교차로부근,승합,남,42세,상해없음,승용,남,63세,경상
2020011400100260,2020년 1월 14일 12시,화요일,경상남도 김해시 어방동,경상사고,0,0,1,0,차대차 - 추돌,안전운전불이행,건조,맑음,단일로 - 기타,승용,남,54세,상해없음,승용,남,34세,경상
2020011400100261,2020년 1월 14일 12시,화요일,경상남도 하동군 고전면,경상사고,0,0,1,0,차대차 - 측면충돌,중앙선침범,건조,맑음,교차로 - 교차로안,농기계,남,79세,상해없음,승용,여,63세,경상
2020011400100291,2020년 1월 14일 13시,화요일,경상남도 창원시 진해구 자은동,경상사고,0,0,3,0,차대차 - 측면충돌,교차로운행방법위반,건조,맑음,교차로 - 교차로안,승용,남,27세,경상,승용,남,32세,경상
2020011400100292,2020년 1월 14일 13시,화요일,경상남도 창원시 진해구 가주동,경상사고,0,0,1,0,차대차 - 측면충돌,안전운전불이행,건조,맑음,교차로 - 교차로안,특수,남,67세,상해없음,승용,여,52세,경상
2020011400100293,2020년 1월 14일 13시,화요일,경상남도 양산시 삼호동,중상사고,0,1,0,0,차대차 - 측면충돌,직진우회전진행방해,건조,맑음,교차로 - 교차로안,이륜,여,52세,중상,승용,남,49세,상해없음
2020011400100319,2020년 1월 14일 14시,화요일,경상남도 양산시 주진동,경상사고,0,0,2,0,차대차 - 기타,안전거리미확보,건조,맑음,교차로 - 교차로부근,승용,남,64세,상해없음,승합,남,37세,상해없음
2020011400100383,2020년 1월 14일 16시,화요일,경상남도 통영시 미수동,부상신고사고,0,0,0,1,차량단독 - 공작물충돌,안전운전불이행,건조,맑음,단일로 - 기타,승용,남,56세,부상신고,,,,
2020011400100384,2020년 1월 14일 16시,화요일,경상남도 창원시 성산구 대방동,중상사고,0,1,0,0,차대사람 - 횡단중,안전운전불이행,건조,맑음,교차로 - 교차로부근,승용,남,71세,상해없음,보행자,여,70세,중상
2020011400100385,2020년 1월 14일 16시,화요일,경상남도 창원시 의창구 동읍,경상사고,0,0,3,1,차대차 - 추돌,안전운전불이행,건조,맑음,단일로 - 기타,승용,여,39세,상해없음,승용,남,60세,기타불명
2020011400100418,2020년 1월 14일 17시,화요일,경상남도 남해군 남면,경상사고,0,0,1,0,차량단독 - 전도전복 - 전도,안전운전불이행,건조,흐림,단일로 - 기타,이륜,남,69세,경상,,,,
2020011400100419,2020년 1월 14일 17시,화요일,경상남도 김해시 진례면,경상사고,0,0,1,0,차대차 - 추돌,안전운전불이행,건조,맑음,단일로 - 기타,승용,남,57세,상해없음,승용,남,42세,경상
2020011400100470,2020년 1월 14일 18시,화요일,경상남도 창원시 마산합포구 신포동2가,중상사고,0,1,2,0,차대차 - 측면충돌,기타,건조,맑음,교차로 - 교차로안,승용,남,44세,경상,승용,여,44세,중상
2020011400100471,2020년 1월 14일 18시,화요일,경상남도 양산시 물금읍,중상사고,0,1,0,0,차대차 - 측면충돌,안전운전불이행,건조,맑음,교차로 - 교차로횡단보도내,자전거,남,71세,중상,승용,남,52세,상해없음
2020011400100511,2020년 1월 14일 19시,화요일,경상남도 통영시 무전동,경상사고,0,0,1,0,차대차 - 측면충돌,안전거리미확보,건조,맑음,교차로 - 교차로안,승합,남,62세,상해없음,승용,남,54세,경상
2020011400100535,2020년 1월 14일 20시,화요일,경상남도 양산시 동면,경상사고,0,0,1,0,차대차 - 정면충돌,교차로운행방법위반,건조,맑음,교차로 - 교차로안,승용,여,44세,상해없음,이륜,남,40세,경상
2020011400100568,2020년 1월 14일 21시,화요일,경상남도 통영시 북신동,중상사고,0,1,0,0,차대차 - 측면충돌,직진우회전진행방해,건조,맑음,교차로 - 교차로안,승합,남,49세,상해없음,이륜,남,38세,중상
2020011400100569,2020년 1월 14일 21시,화요일,경상남도 사천시 벌리동,경상사고,0,0,1,0,차대차 - 측면충돌,중앙선침범,건조,맑음,교차로 - 교차로부근,승용,남,44세,상해없음,승용,남,50세,경상
2020011400100570,2020년 1월 14일 21시,화요일,경상남도 창원시 성산구 상남동,중상사고,0,2,0,0,차대차 - 측면충돌,신호위반,건조,맑음,교차로 - 교차로안,화물,남,24세,상해없음,승용,남,58세,중상
2020011400100594,2020년 1월 14일 23시,화요일,경상남도 창원시 진해구 여좌동,경상사고,0,0,1,0,차대차 - 후진중충돌,안전운전불이행,건조,맑음,단일로 - 기타,승용,남,45세,상해없음,승용,남,20세,경상
2020011500100032,2020년 1월 15일 04시,수요일,경상남도 창원시 의창구 팔용동,경상사고,0,0,1,0,차대차 - 추돌,안전운전불이행,건조,맑음,교차로 - 교차로안,승용,남,36세,상해없음,화물,남,34세,경상
2020011500100040,2020년 1월 15일 05시,수요일,경상남도 창원시 성산구 성산동,사망사고,1,0,0,0,차대차 - 측면충돌,신호위반,건조,맑음,교차로 - 교차로안,화물,남,68세,상해없음,자전거,남,66세,사망
2020011500100057,2020년 1월 15일 06시,수요일,경상남도 김해시 구산동,중상사고,0,2,1,0,차대차 - 정면충돌,신호위반,건조,맑음,교차로 - 교차로안,승용,남,72세,중상,승용,남,20세,경상
2020011500100058,2020년 1월 15일 06시,수요일,경상남도 거제시 장평동,경상사고,0,0,1,0,차대차 - 기타,안전운전불이행,건조,맑음,교차로 - 교차로부근,기타불명,기타불명,미분류,기타불명,자전거,남,54세,경상
2020011500100059,2020년 1월 15일 06시,수요일,경상남도 함안군 가야읍,경상사고,0,0,1,0,차대차 - 정면충돌,중앙선침범,건조,맑음,단일로 - 기타,화물,남,66세,상해없음,승용,남,51세,경상
2020011500100075,2020년 1월 15일 07시,수요일,경상남도 창원시 마산합포구 가포동,경상사고,0,0,1,0,차대차 - 기타,기타,건조,맑음,단일로 - 터널,승용,남,30세,상해없음,승용,남,44세,경상
2020011500100076,2020년 1월 15일 07시,수요일,경상남도 김해시 대청동,경상사고,0,0,1,0,차대차 - 측면충돌,안전운전불이행,건조,맑음,단일로 - 기타,화물,남,55세,상해없음,승용,남,38세,경상
2020011500100134,2020년 1월 15일 09시,수요일,경상남도 양산시 덕계동,중상사고,0,1,0,0,차대사람 - 기타,안전운전불이행,건조,맑음,단일로 - 기타,승용,여,48세,상해없음,보행자,여,75세,중상
2020011500100135,2020년 1월 15일 09시,수요일,경상남도 거제시 사등면,중상사고,0,1,1,0,차대차 - 측면충돌,교차로운행방법위반,건조,맑음,교차로 - 교차로안,화물,남,54세,경상,승용,여,36세,중상
2020011500100160,2020년 1월 15일 10시,수요일,경상남도 진주시 금산면,사망사고,1,0,0,0,차량단독 - 기타,안전운전불이행,건조,맑음,단일로 - 기타,승용,여,38세,사망,,,,
2020011500100193,2020년 1월 15일 11시,수요일,경상남도 밀양시 단장면,경상사고,0,0,1,0,차대차 - 정면충돌,중앙선침범,건조,맑음,단일로 - 기타,건설기계,남,27세,상해없음,화물,남,63세,경상
2020011500100194,2020년 1월 15일 11시,수요일,경상남도 양산시 물금읍,경상사고,0,0,1,0,차대차 - 기타,신호위반,건조,맑음,교차로 - 교차로안,화물,남,64세,상해없음,승용,남,43세,경상
2020011500100222,2020년 1월 15일 12시,수요일,경상남도 거제시 연초면,경상사고,0,0,1,0,차대차 - 기타,안전운전불이행,건조,맑음,교차로 - 교차로부근,이륜,남,40세,상해없음,승용,남,23세,상해없음
2020011500100223,2020년 1월 15일 12시,수요일,경상남도 거제시 옥포동,중상사고,0,1,0,0,차대차 - 기타,교차로운행방법위반,건조,맑음,교차로 - 교차로안,승용,여,66세,상해없음,이륜,남,64세,중상
2020011500100255,2020년 1월 15일 13시,수요일,경상남도 창원시 마산합포구 동성동,사망사고,1,0,0,0,차대사람 - 기타,안전운전불이행,건조,맑음,교차로 - 교차로부근,승용,남,40세,상해없음,보행자,남,64세,사망
2020011500100256,2020년 1월 15일 13시,수요일,경상남도 고성군 하이면,경상사고,0,0,1,0,차대차 - 후진중충돌,안전운전불이행,건조,맑음,주차장 - 주차장,화물,남,61세,상해없음,승용,남,22세,상해없음
2020011500100257,2020년 1월 15일 13시,수요일,경상남도 창원시 마산합포구 오동동,중상사고,0,1,2,0,차대차 - 측면충돌,신호위반,건조,맑음,교차로 - 교차로안,승용,남,58세,상해없음,승용,남,60세,상해없음
2020011500100287,2020년 1월 15일 14시,수요일,경상남도 김해시 내동,경상사고,0,0,1,0,차대차 - 기타,안전운전불이행,건조,맑음,단일로 - 기타,승용,남,32세,상해없음,원동기,남,39세,경상
2020011500100288,2020년 1월 15일 14시,수요일,경상남도 창원시 의창구 명서동,경상사고,0,0,1,0,차대차 - 측면충돌,안전운전불이행,건조,맑음,교차로 - 교차로안,승용,여,45세,상해없음,승용,남,57세,경상
2020011500100333,2020년 1월 15일 15시,수요일,경상남도 진주시 상대동,중상사고,0,1,0,0,차대사람 - 횡단중,안전운전불이행,건조,맑음,단일로 - 기타,승용,남,56세,상해없음,보행자,남,76세,중상
2020011500100334,2020년 1월 15일 15시,수요일,경상남도 창원시 진해구 경화동,경상사고,0,0,1,0,차대차 - 측면충돌,안전운전불이행,건조,맑음,단일로 - 기타,기타불명,여,84세,경상,승용,남,50세,상해없음
2020011500100336,2020년 1월 15일 15시,수요일,경상남도 창원시 마산회원구 구암동,경상사고,0,0,1,0,차대차 - 측면충돌,안전운전불이행,건조,맑음,교차로 - 교차로부근,화물,남,58세,상해없음,승용,남,32세,경상
2020011500100337,2020년 1월 15일 15시,수요일,경상남도 김해시 삼문동,경상사고,0,0,1,0,차대사람 - 횡단중,신호위반,건조,맑음,단일로 - 기타,승용,여,49세,상해없음,보행자,여,7세,경상
2020011500100375,2020년 1월 15일 16시,수요일,경상남도 창원시 마산합포구 월남동2가,경상사고,0,0,1,0,차대차 - 측면충돌,교차로운행방법위반,건조,맑음,교차로 - 교차로안,승용,남,35세,상해없음,자전거,남,69세,경상
2020011500100376,2020년 1월 15일 16시,수요일,경상남도 김해시 관동동,중상사고,0,1,0,0,차대차 - 측면충돌,안전운전불이행,건조,맑음,교차로 - 교차로안,승용,여,31세,상해없음,이륜,남,23세,중상
2020011500100469,2020년 1월 15일 18시,수요일,경상남도 김해시 삼방동,경상사고,0,0,1,0,차대차 - 정면충돌,안전운전불이행,건조,맑음,교차로 - 교차로안,이륜,남,17세,경상,승용,여,22세,상해없음
2020011500100470,2020년 1월 15일 18시,수요일,경상남도 김해시 삼계동,사망사고,1,0,0,0,차대사람 - 횡단중,안전운전불이행,건조,맑음,교차로 - 교차로안,승용,남,61세,상해없음,보행자,남,54세,사망
2020011500100471,2020년 1월 15일 18시,수요일,경상남도 거창군 거창읍,중상사고,0,1,0,0,차대사람 - 횡단중,보행자보호의무위반,건조,맑음,교차로 - 교차로안,승용,여,50세,상해없음,보행자,남,55세,중상
2020011500100472,2020년 1월 15일 18시,수요일,경상남도 양산시 중부동,경상사고,0,0,1,0,차대사람 - 횡단중,신호위반,건조,맑음,교차로 - 교차로안,승용,여,27세,기타불명,보행자,남,38세,경상
2020011500100473,2020년 1월 15일 18시,수요일,경상남도 창원시 의창구 봉곡동,경상사고,0,0,1,0,차대차 - 측면충돌,교차로운행방법위반,건조,맑음,교차로 - 교차로안,승용,남,57세,상해없음,승용,여,50세,경상
2020011500100523,2020년 1월 15일 19시,수요일,경상남도 창원시 진해구 용원동,경상사고,0,0,1,0,차대차 - 기타,안전운전불이행,건조,맑음,단일로 - 기타,승용,남,64세,상해없음,승합,남,37세,경상
2020011500100524,2020년 1월 15일 19시,수요일,경상남도 밀양시 상남면,경상사고,0,0,1,0,차대사람 - 기타,안전운전불이행,건조,흐림,단일로 - 기타,승용,남,62세,상해없음,보행자,남,20세,경상
2020011500100525,2020년 1월 15일 19시,수요일,경상남도 김해시 내동,중상사고,0,1,1,0,차대차 - 측면충돌,교차로운행방법위반,건조,맑음,교차로 - 교차로안,승용,여,55세,중상,이륜,남,19세,경상
2020011500100526,2020년 1월 15일 19시,수요일,경상남도 거제시 옥포동,중상사고,0,1,0,0,차대사람 - 기타,안전운전불이행,건조,맑음,단일로 - 기타,승용,남,47세,상해없음,보행자,여,71세,중상
2020011500100560,2020년 1월 15일 20시,수요일,경상남도 창원시 의창구 소답동,중상사고,0,1,0,0,차대사람 - 횡단중,보행자보호의무위반,건조,맑음,단일로 - 기타,승용,여,58세,상해없음,보행자,남,73세,중상
2020011500100589,2020년 1월 15일 21시,수요일,경상남도 창원시 진해구 태평동,경상사고,0,0,1,0,차대차 - 측면충돌,안전운전불이행,건조,맑음,단일로 - 기타,승용,여,57세,상해없음,이륜,남,22세,경상
2020011600100026,2020년 1월 16일 03시,목요일,경상남도 김해시 부원동,중상사고,0,1,0,0,차대차 - 추돌,안전운전불이행,건조,맑음,단일로 - 기타,원동기,남,36세,중상,화물,남,36세,상해없음
2020011600100076,2020년 1월 16일 07시,목요일,경상남도 남해군 남해읍,중상사고,0,1,0,0,차대차 - 추돌,안전운전불이행,건조,맑음,단일로 - 기타,승용,여,27세,상해없음,화물,남,40세,중상
2020011600100130,2020년 1월 16일 09시,목요일,경상남도 김해시 진영읍,중상사고,0,1,0,0,차대차 - 추돌,안전운전불이행,건조,맑음,단일로 - 기타,승용,남,62세,상해없음,화물,기타불명,미분류,기타불명
2020011600100164,2020년 1월 16일 10시,목요일,경상남도 김해시 신문동,경상사고,0,0,1,0,차대차 - 측면충돌,안전운전불이행,건조,맑음,교차로 - 교차로부근,건설기계,남,59세,상해없음,승용,여,39세,경상
2020011600100198,2020년 1월 16일 11시,목요일,경상남도 함안군 법수면,중상사고,0,1,0,0,차대차 - 측면충돌,기타,건조,맑음,교차로 - 교차로부근,화물,남,69세,상해없음,이륜,남,72세,중상
2020011600100265,2020년 1월 16일 13시,목요일,경상남도 거창군 거창읍,경상사고,0,0,3,0,차대차 - 측면충돌,안전운전불이행,건조,맑음,교차로 - 교차로안,승용,여,63세,경상,승용,여,52세,경상
2020011600100266,2020년 1월 16일 13시,목요일,경상남도 거창군 거창읍,경상사고,0,0,1,0,차대차 - 측면충돌,안전운전불이행,건조,맑음,교차로 - 교차로안,승용,남,68세,경상,건설기계,남,54세,상해없음
2020011600100267,2020년 1월 16일 13시,목요일,경상남도 거제시 고현동,경상사고,0,0,2,0,차대차 - 측면충돌,교차로운행방법위반,건조,맑음,교차로 - 교차로안,승용,여,63세,상해없음,승용,여,56세,경상
2020011600100329,2020년 1월 16일 15시,목요일,경상남도 통영시 도산면,사망사고,1,0,0,0,차량단독 - 공작물충돌,안전운전불이행,건조,맑음,단일로 - 기타,이륜,남,70세,사망,,,,
2020011600100368,2020년 1월 16일 16시,목요일,경상남도 밀양시 삼문동,경상사고,0,0,1,0,차대사람 - 횡단중,보행자보호의무위반,건조,맑음,단일로 - 기타,승용,여,60세,상해없음,보행자,여,13세,경상
2020011600100370,2020년 1월 16일 16시,목요일,경상남도 김해시 진례면,경상사고,0,0,2,0,차대차 - 측면충돌,안전운전불이행,건조,맑음,교차로 - 교차로부근,승용,여,61세,경상,승용,남,58세,경상
2020011600100405,2020년 1월 16일 17시,목요일,경상남도 통영시 항남동,중상사고,0,1,0,0,차대사람 - 차도통행중,안전운전불이행,건조,맑음,교차로 - 교차로부근,승용,남,50세,상해없음,보행자,여,62세,중상
2020011600100406,2020년 1월 16일 17시,목요일,경상남도 통영시 무전동,경상사고,0,0,1,0,차대차 - 정면충돌,중앙선침범,건조,맑음,교차로 - 교차로부근,승용,여,49세,상해없음,승용,남,39세,경상
2020011600100407,2020년 1월 16일 17시,목요일,경상남도 사천시 곤명면,중상사고,0,2,1,0,차대차 - 측면충돌,안전운전불이행,건조,맑음,교차로 - 교차로안,승용,남,75세,경상,화물,남,69세,중상
2020011600100408,2020년 1월 16일 17시,목요일,경상남도 거제시 장평동,중상사고,0,1,0,0,차대사람 - 횡단중,안전운전불이행,건조,맑음,단일로 - 기타,기타불명,기타불명,미분류,기타불명,보행자,남,61세,중상
2020011600100466,2020년 1월 16일 18시,목요일,경상남도 창원시 진해구 자은동,경상사고,0,0,1,0,차대사람 - 횡단중,보행자보호의무위반,건조,맑음,교차로 - 교차로횡단보도내,승용,여,36세,상해없음,보행자,여,45세,경상
2020011600100468,2020년 1월 16일 18시,목요일,경상남도 양산시 명동,사망사고,1,0,0,0,차대사람 - 기타,안전운전불이행,건조,맑음,단일로 - 기타,승용,남,55세,상해없음,보행자,여,52세,사망
2020011600100469,2020년 1월 16일 18시,목요일,경상남도 양산시 소주동,중상사고,0,1,0,0,차대사람 - 기타,안전운전불이행,건조,맑음,단일로 - 기타,승용,남,27세,상해없음,보행자,여,58세,중상
2020011600100470,2020년 1월 16일 18시,목요일,경상남도 김해시 내덕동,경상사고,0,0,1,0,차대차 - 측면충돌,안전운전불이행,건조,기타,단일로 - 기타,승용,남,67세,상해없음,승용,남,42세,경상
2020011600100523,2020년 1월 16일 19시,목요일,경상남도 양산시 물금읍,경상사고,0,0,1,0,차대차 - 기타,신호위반,건조,맑음,단일로 - 기타,승용,남,53세,상해없음,원동기,남,18세,경상
2020011600100551,2020년 1월 16일 20시,목요일,경상남도 창원시 성산구 성주동,경상사고,0,0,1,0,차대차 - 기타,안전운전불이행,건조,맑음,단일로 - 기타,승용,여,55세,상해없음,승용,남,47세,상해없음
2020011600100576,2020년 1월 16일 21시,목요일,경상남도 창원시 진해구 석동,경상사고,0,0,3,0,차대차 - 측면충돌,안전운전불이행,건조,맑음,단일로 - 기타,승용,남,47세,상해없음,승용,남,46세,경상
2020011600100577,2020년 1월 16일 21시,목요일,경상남도 창원시 의창구 용호동,경상사고,0,0,1,0,차대차 - 기타,안전운전불이행,건조,맑음,단일로 - 기타,승용,남,62세,상해없음,이륜,남,37세,경상
2020011600100578,2020년 1월 16일 21시,목요일,경상남도 창원시 성산구 중앙동,경상사고,0,0,1,0,차대사람 - 횡단중,신호위반,건조,맑음,교차로 - 교차로횡단보도내,승용,남,60세,상해없음,보행자,남,34세,경상
2020011600100607,2020년 1월 16일 22시,목요일,경상남도 밀양시 부북면,경상사고,0,0,1,0,차대차 - 추돌,안전운전불이행,건조,맑음,교차로 - 교차로부근,승용,남,47세,상해없음,승용,여,41세,경상
2020011700100007,2020년 1월 17일 00시,금요일,경상남도 양산시 물금읍,경상사고,0,0,3,0,차대차 - 측면충돌,신호위반,건조,맑음,교차로 - 교차로안,원동기,남,37세,상해없음,승용,남,28세,경상
2020011700100084,2020년 1월 17일 07시,금요일,경상남도 창녕군 대합면,부상신고사고,0,0,0,1,차대차 - 추돌,안전운전불이행,건조,맑음,단일로 - 기타,승합,남,82세,부상신고,건설기계,남,54세,상해없음
2020011700100085,2020년 1월 17일 07시,금요일,경상남도 함안군 법수면,중상사고,0,1,0,0,차대차 - 측면충돌,중앙선침범,건조,맑음,단일로 - 기타,승용,남,53세,상해없음,승용,여,71세,중상
2020011700100086,2020년 1월 17일 07시,금요일,경상남도 김해시 부곡동,경상사고,0,0,1,0,차대차 - 추돌,안전운전불이행,건조,기타,교차로 - 교차로부근,승용,남,28세,상해없음,승용,남,26세,경상
2020011700100087,2020년 1월 17일 07시,금요일,경상남도 김해시 한림면,중상사고,0,1,0,0,차대차 - 측면충돌,안전운전불이행,건조,맑음,교차로 - 교차로부근,건설기계,남,42세,상해없음,승용,남,59세,상해없음
2020011700100180,2020년 1월 17일 11시,금요일,경상남도 사천시 정동면,부상신고사고,0,0,0,1,차대차 - 측면충돌,안전운전불이행,건조,맑음,교차로 - 교차로횡단보도내,자전거,여,71세,부상신고,승용,남,18세,상해없음
2020011700100209,2020년 1월 17일 12시,금요일,경상남도 창원시 진해구 성내동,경상사고,0,0,2,0,차대차 - 기타,안전거리미확보,건조,맑음,교차로 - 교차로부근,승용,남,58세,상해없음,승용,여,33세,경상
2020011700100210,2020년 1월 17일 12시,금요일,경상남도 김해시 내동,중상사고,0,1,1,0,차대차 - 측면충돌,신호위반,건조,맑음,교차로 - 교차로안,승용,남,53세,상해없음,이륜,남,24세,중상
2020011700100211,2020년 1월 17일 12시,금요일,경상남도 창녕군 창녕읍,경상사고,0,0,1,0,차대차 - 기타,안전운전불이행,건조,맑음,단일로 - 기타,농기계,남,68세,경상,승용,남,25세,상해없음
2020011700100212,2020년 1월 17일 12시,금요일,경상남도 거제시 고현동,경상사고,0,0,1,0,차대차 - 기타,안전운전불이행,건조,맑음,교차로 - 교차로부근,승용,남,50세,상해없음,승용,남,48세,경상
2020011700100237,2020년 1월 17일 13시,금요일,경상남도 거제시 양정동,중상사고,0,1,0,0,차량단독 - 기타,기타,건조,맑음,단일로 - 기타,승용,남,40세,상해없음,,,,