사고번호,사고일시,요일,시군구,사고내용,사망자수,중상자수,경상자수,부상신고자수,사고유형,법규위반,노면상태,기상상태,도로형태,가해운전자 차종,가해운전자 성별,가해운전자 연령,가해운전자 상해정도,피해운전자 차종,피해운전자 성별,피해운전자 연령,피해운전자 상해정도
2020012100100134,2020년 1월 21일 08시,화요일,경상남도 창원시 의창구 대산면,중상사고,0,1,0,0,차대차 - 정면충돌,안전운전불이행,건조,맑음,교차로 - 교차로안,승용,여,55세,상해없음,승용,남,27세,중상
2020012100100172,2020년 1월 21일 09시,화요일,경상남도 창원시 진해구 자은동,경상사고,0,0,3,0,차대차 - 추돌,안전운전불이행,건조,맑음,단일로 - 기타,승용,여,33세,경상,승용,남,27세,경상
2020012100100173,2020년 1월 21일 09시,화요일,경상남도 창원시 마산회원구 내서읍,경상사고,0,0,3,0,차대차 - 정면충돌,안전운전불이행,건조,맑음,교차로 - 교차로안,화물,남,60세,상해없음,승용,남,49세,경상
2020012100100205,2020년 1월 21일 10시,화요일,경상남도 남해군 남해읍,중상사고,0,1,0,0,차대사람 - 횡단중,보행자보호의무위반,건조,맑음,교차로 - 교차로안,승용,남,58세,상해없음,보행자,여,75세,중상
2020012100100206,2020년 1월 21일 10시,화요일,경상남도 창원시 의창구 팔용동,경상사고,0,0,1,0,차대차 - 측면충돌,안전운전불이행,건조,맑음,교차로 - 교차로안,승용,남,73세,상해없음,승용,남,34세,경상
2020012100100245,2020년 1월 21일 11시,화요일,경상남도 밀양시 내이동,중상사고,0,1,0,0,차대차 - 측면충돌,안전운전불이행,건조,맑음,단일로 - 기타,승용,여,50세,상해없음,승용,남,30세,중상
2020012100100246,2020년 1월 21일 11시,화요일,경상남도 합천군 합천읍,중상사고,0,1,0,0,차대차 - 측면충돌,교차로운행방법위반,건조,맑음,교차로 - 교차로안,승용,남,65세,상해없음,이륜,남,85세,중상
2020012100100247,2020년 1월 21일 11시,화요일,경상남도 양산시 삼호동,부상신고사고,0,0,0,1,차대차 - 측면충돌,안전운전불이행,건조,맑음,교차로 - 교차로안,이륜,여,58세,부상신고,승용,여,61세,상해없음
2020012100100248,2020년 1월 21일 11시,화요일,경상남도 양산시 물금읍,경상사고,0,0,1,0,차대차 - 측면충돌,교차로운행방법위반,건조,맑음,교차로 - 교차로안,승용,여,67세,상해없음,승용,남,30세,경상
2020012100100286,2020년 1월 21일 12시,화요일,경상남도 양산시 물금읍,경상사고,0,0,1,0,차대차 - 측면충돌,안전거리미확보,건조,맑음,단일로 - 기타,승용,남,28세,상해없음,승합,남,49세,경상
2020012100100287,2020년 1월 21일 12시,화요일,경상남도 고성군 상리면,사망사고,1,0,0,0,차대차 - 기타,중앙선침범,건조,맑음,단일로 - 기타,원동기,남,64세,사망,승용,남,47세,상해없음
2020012100100333,2020년 1월 21일 13시,화요일,경상남도 창원시 진해구 석동,경상사고,0,0,2,0,차대차 - 측면충돌,직진우회전진행방해,건조,맑음,교차로 - 교차로안,승용,남,34세,상해없음,승용,남,60세,경상
2020012100100334,2020년 1월 21일 13시,화요일,경상남도 창녕군 고암면,중상사고,0,1,2,0,차대차 - 기타,안전운전불이행,건조,맑음,교차로 - 교차로안,화물,남,63세,경상,화물,남,63세,경상
2020012100100336,2020년 1월 21일 13시,화요일,경상남도 거제시 사등면,중상사고,0,1,0,0,차대사람 - 기타,안전운전불이행,건조,맑음,단일로 - 기타,승용,남,65세,상해없음,보행자,남,29세,중상
2020012100100337,2020년 1월 21일 13시,화요일,경상남도 창원시 성산구 성주동,경상사고,0,0,1,0,차대차 - 측면충돌,안전운전불이행,건조,맑음,교차로 - 교차로부근,승용,여,57세,상해없음,승합,남,41세,경상
2020012100100338,2020년 1월 21일 13시,화요일,경상남도 김해시 진영읍,경상사고,0,0,1,0,차대차 - 측면충돌,신호위반,건조,맑음,교차로 - 교차로안,승용,남,70세,상해없음,승용,남,48세,경상
2020012100100379,2020년 1월 21일 14시,화요일,경상남도 진주시 칠암동,중상사고,0,1,0,0,차대사람 - 횡단중,보행자보호의무위반,건조,맑음,단일로 - 기타,화물,남,50세,상해없음,보행자,여,46세,중상
2020012100100380,2020년 1월 21일 14시,화요일,경상남도 합천군 초계면,중상사고,0,1,0,1,차대차 - 측면충돌,직진우회전진행방해,건조,맑음,교차로 - 교차로안,승용,여,44세,부상신고,승용,여,62세,중상
2020012100100434,2020년 1월 21일 15시,화요일,경상남도 사천시 선구동,경상사고,0,0,1,0,차대차 - 측면충돌,안전운전불이행,건조,맑음,단일로 - 기타,자전거,남,54세,경상,승용,남,60세,상해없음
2020012100100435,2020년 1월 21일 15시,화요일,경상남도 김해시 생림면,중상사고,0,1,0,0,차대사람 - 기타,안전운전불이행,건조,맑음,단일로 - 기타,화물,남,38세,상해없음,보행자,여,39세,중상
2020012100100436,2020년 1월 21일 15시,화요일,경상남도 양산시 물금읍,중상사고,0,1,0,0,차대사람 - 횡단중,안전운전불이행,건조,맑음,교차로 - 교차로안,승용,여,37세,상해없음,보행자,남,69세,중상
2020012100100474,2020년 1월 21일 16시,화요일,경상남도 양산시 북정동,중상사고,0,2,2,0,차대차 - 측면충돌,기타,건조,맑음,교차로 - 교차로안,화물,남,62세,상해없음,승용,남,78세,중상
2020012100100475,2020년 1월 21일 16시,화요일,경상남도 함안군 가야읍,경상사고,0,0,2,0,차대차 - 측면충돌,기타,건조,맑음,교차로 - 교차로안,승용,남,46세,상해없음,승용,여,58세,경상
2020012100100521,2020년 1월 21일 17시,화요일,경상남도 창원시 마산회원구 구암동,중상사고,0,1,0,0,차대사람 - 기타,보행자보호의무위반,건조,맑음,기타 - 기타,화물,남,69세,상해없음,보행자,여,21세,중상
2020012100100522,2020년 1월 21일 17시,화요일,경상남도 김해시 진영읍,중상사고,0,1,0,0,차대차 - 측면충돌,안전거리미확보,건조,맑음,단일로 - 기타,승용,남,27세,상해없음,화물,남,65세,중상
2020012100100589,2020년 1월 21일 18시,화요일,경상남도 양산시 덕계동,경상사고,0,0,1,0,차대차 - 측면충돌,안전운전불이행,건조,맑음,단일로 - 기타,승용,남,56세,상해없음,화물,남,60세,상해없음
2020012100100590,2020년 1월 21일 18시,화요일,경상남도 창원시 의창구 소답동,중상사고,0,1,0,0,차대사람 - 보도통행중,안전운전불이행,건조,맑음,단일로 - 기타,승용,남,64세,상해없음,보행자,남,59세,중상
2020012100100643,2020년 1월 21일 19시,화요일,경상남도 김해시 내동,중상사고,0,1,0,0,차대차 - 측면충돌,교차로운행방법위반,건조,맑음,교차로 - 교차로안,승용,여,23세,상해없음,이륜,남,20세,중상
2020012100100644,2020년 1월 21일 19시,화요일,경상남도 거창군 고제면,사망사고,1,0,0,0,차대사람 - 차도통행중,안전운전불이행,건조,맑음,단일로 - 기타,화물,남,51세,상해없음,보행자,여,83세,사망
2020012100100672,2020년 1월 21일 20시,화요일,경상남도 산청군 산청읍,경상사고,0,0,1,0,차대차 - 추돌,안전운전불이행,건조,흐림,단일로 - 기타,승용,남,44세,상해없음,농기계,남,46세,경상
2020012100100749,2020년 1월 21일 23시,화요일,경상남도 창원시 마산회원구 구암동,부상신고사고,0,0,0,1,차량단독 - 전도전복 - 전도,안전운전불이행,건조,맑음,단일로 - 기타,승합,남,52세,상해없음,,,,
2020012200100025,2020년 1월 22일 01시,수요일,경상남도 거창군 거창읍,경상사고,0,0,1,0,차대차 - 측면충돌,안전운전불이행,건조,맑음,단일로 - 기타,화물,남,51세,상해없음,이륜,남,16세,경상
2020012200100051,2020년 1월 22일 05시,수요일,경상남도 창원시 진해구 남문동,경상사고,0,0,1,0,차대차 - 기타,안전운전불이행,건조,맑음,단일로 - 기타,승용,남,20세,경상,승용,남,31세,상해없음
2020012200100064,2020년 1월 22일 06시,수요일,경상남도 사천시 사남면,경상사고,0,0,2,0,차대차 - 측면충돌,안전운전불이행,건조,맑음,교차로 - 교차로안,승용,남,22세,경상,화물,남,53세,경상
2020012200100065,2020년 1월 22일 06시,수요일,경상남도 사천시 축동면,중상사고,0,1,3,0,차대차 - 정면충돌,중앙선침범,건조,맑음,교차로 - 교차로부근,화물,남,72세,상해없음,승용,남,37세,경상
2020012200100066,2020년 1월 22일 06시,수요일,경상남도 김해시 내동,중상사고,0,1,0,0,차대사람 - 횡단중,안전운전불이행,건조,맑음,교차로 - 교차로횡단보도내,승용,여,51세,상해없음,보행자,남,81세,중상
2020012200100067,2020년 1월 22일 06시,수요일,경상남도 창원시 성산구 대방동,경상사고,0,0,1,0,차대차 - 측면충돌,안전운전불이행,건조,맑음,교차로 - 교차로안,승용,여,66세,상해없음,승용,남,35세,경상
2020012200100095,2020년 1월 22일 07시,수요일,경상남도 김해시 상동면,경상사고,0,0,2,0,차대차 - 추돌,안전운전불이행,건조,맑음,단일로 - 기타,승용,남,28세,경상,승용,남,66세,경상
2020012200100113,2020년 1월 22일 08시,수요일,경상남도 김해시 안동,중상사고,0,1,0,0,차대차 - 측면충돌,안전운전불이행,젖음/습기,비,단일로 - 기타,승용,남,40세,상해없음,승용,남,29세,중상
2020012200100114,2020년 1월 22일 08시,수요일,경상남도 김해시 무계동,경상사고,0,0,1,0,차대차 - 측면충돌,안전운전불이행,건조,기타,기타 - 기타,승용,남,59세,상해없음,화물,남,48세,경상
2020012200100145,2020년 1월 22일 09시,수요일,경상남도 창원시 마산합포구 남성동,경상사고,0,0,1,0,차대사람 - 횡단중,안전운전불이행,건조,흐림,단일로 - 기타,화물,남,35세,상해없음,보행자,여,63세,경상
2020012200100146,2020년 1월 22일 09시,수요일,경상남도 함안군 칠원읍,중상사고,0,1,0,0,차대사람 - 횡단중,보행자보호의무위반,건조,맑음,기타 - 기타,승합,여,45세,상해없음,보행자,남,52세,중상
2020012200100170,2020년 1월 22일 10시,수요일,경상남도 사천시 서동,중상사고,0,1,0,0,차대사람 - 길가장자리구역통행중,안전운전불이행,젖음/습기,흐림,단일로 - 기타,승용,남,75세,상해없음,보행자,여,76세,중상
2020012200100171,2020년 1월 22일 10시,수요일,경상남도 창녕군 대지면,중상사고,0,1,0,0,차대차 - 측면충돌,기타,건조,맑음,교차로 - 교차로안,화물,남,63세,상해없음,원동기,남,47세,중상
2020012200100172,2020년 1월 22일 10시,수요일,경상남도 김해시 진영읍,경상사고,0,0,2,0,차대차 - 측면충돌,안전운전불이행,건조,기타,교차로 - 교차로안,승용,남,48세,상해없음,승용,남,35세,경상
2020012200100205,2020년 1월 22일 11시,수요일,경상남도 고성군 마암면,경상사고,0,0,1,0,차대차 - 추돌,안전운전불이행,젖음/습기,비,단일로 - 기타,화물,남,54세,상해없음,승용,남,47세,경상
2020012200100206,2020년 1월 22일 11시,수요일,경상남도 산청군 시천면,경상사고,0,0,1,0,차대차 - 기타,안전운전불이행,젖음/습기,비,단일로 - 기타,승용,여,58세,상해없음,화물,남,57세,경상
2020012200100207,2020년 1월 22일 11시,수요일,경상남도 김해시 진영읍,경상사고,0,0,2,0,차대차 - 측면충돌,안전운전불이행,건조,기타,교차로 - 교차로안,화물,남,57세,경상,승용,남,67세,경상
2020012200100258,2020년 1월 22일 13시,수요일,경상남도 사천시 동금동,경상사고,0,0,2,0,차대차 - 측면충돌,직진우회전진행방해,젖음/습기,흐림,교차로 - 교차로안,승용,여,49세,경상,승용,남,53세,경상
2020012200100259,2020년 1월 22일 13시,수요일,경상남도 합천군 합천읍,경상사고,0,0,2,0,차대차 - 정면충돌,중앙선침범,젖음/습기,흐림,교차로 - 교차로부근,승용,남,41세,상해없음,화물,남,74세,경상
2020012200100260,2020년 1월 22일 13시,수요일,경상남도 창원시 의창구 동읍,경상사고,0,0,1,0,차대차 - 기타,안전운전불이행,젖음/습기,비,기타 - 기타,승용,남,55세,상해없음,화물,남,36세,경상
2020012200100261,2020년 1월 22일 13시,수요일,경상남도 김해시 전하동,중상사고,0,1,0,0,차대차 - 정면충돌,안전운전불이행,건조,흐림,교차로 - 교차로안,승용,남,66세,기타불명,승용,남,71세,중상
2020012200100296,2020년 1월 22일 14시,수요일,경상남도 밀양시 내이동,경상사고,0,0,1,0,차대차 - 측면충돌,신호위반,건조,맑음,교차로 - 교차로안,화물,남,82세,상해없음,승용,남,59세,경상
2020012200100297,2020년 1월 22일 14시,수요일,경상남도 창원시 마산회원구 내서읍,중상사고,0,1,0,0,차대사람 - 횡단중,신호위반,건조,맑음,교차로 - 교차로안,이륜,남,18세,상해없음,보행자,여,63세,중상
2020012200100336,2020년 1월 22일 15시,수요일,경상남도 창녕군 성산면,경상사고,0,0,1,0,차량단독 - 공작물충돌,안전운전불이행,젖음/습기,비,단일로 - 기타,화물,남,62세,경상,,,,
2020012200100337,2020년 1월 22일 15시,수요일,경상남도 거제시 고현동,경상사고,0,0,1,0,차대차 - 기타,안전운전불이행,젖음/습기,비,단일로 - 기타,승용,남,79세,상해없음,승용,남,23세,경상
2020012200100338,2020년 1월 22일 15시,수요일,경상남도 창원시 성산구 반림동,경상사고,0,0,1,0,차대사람 - 차도통행중,안전운전불이행,젖음/습기,비,단일로 - 기타,승용,여,49세,상해없음,보행자,여,52세,경상
2020012200100379,2020년 1월 22일 16시,수요일,경상남도 창원시 진해구 석동,경상사고,0,0,1,0,차대차 - 기타,안전운전불이행,젖음/습기,비,단일로 - 기타,승용,남,60세,기타불명,이륜,남,33세,경상
2020012200100380,2020년 1월 22일 16시,수요일,경상남도 김해시 진영읍,경상사고,0,0,1,0,차대차 - 기타,차로위반,젖음/습기,비,단일로 - 기타,승용,여,59세,상해없음,승용,남,66세,상해없음
2020012200100446,2020년 1월 22일 17시,수요일,경상남도 사천시 대방동,중상사고,0,1,1,0,차대차 - 측면충돌,직진우회전진행방해,젖음/습기,비,교차로 - 교차로안,승용,남,61세,경상,승용,남,62세,중상
2020012200100447,2020년 1월 22일 17시,수요일,경상남도 밀양시 삼문동,경상사고,0,0,1,0,차대차 - 측면충돌,안전운전불이행,젖음/습기,맑음,단일로 - 기타,승용,여,67세,상해없음,승용,남,21세,경상
2020012200100474,2020년 1월 22일 18시,수요일,경상남도 김해시 주촌면,경상사고,0,0,1,0,차대차 - 측면충돌,안전운전불이행,젖음/습기,비,단일로 - 기타,승용,여,44세,경상,승용,남,67세,상해없음
2020012200100512,2020년 1월 22일 18시,수요일,경상남도 밀양시 내이동,경상사고,0,0,2,0,차대차 - 측면충돌,안전운전불이행,젖음/습기,비,교차로 - 교차로부근,승용,남,25세,상해없음,승용,여,53세,경상
2020012200100513,2020년 1월 22일 18시,수요일,경상남도 김해시 어방동,경상사고,0,0,1,0,차대차 - 측면충돌,신호위반,젖음/습기,비,교차로 - 교차로안,승용,남,44세,상해없음,승용,여,31세,경상
2020012200100514,2020년 1월 22일 18시,수요일,경상남도 양산시 물금읍,중상사고,0,1,1,0,차대사람 - 차도통행중,안전운전불이행,젖음/습기,맑음,교차로 - 교차로부근,이륜,남,47세,경상,보행자,여,73세,중상
2020012200100515,2020년 1월 22일 18시,수요일,경상남도 거제시 수월동,경상사고,0,0,2,0,차대차 - 기타,안전운전불이행,젖음/습기,비,단일로 - 기타,승용,여,28세,상해없음,승용,남,58세,경상
2020012200100516,2020년 1월 22일 18시,수요일,경상남도 창원시 의창구 명서동,중상사고,0,1,0,0,차대사람 - 횡단중,신호위반,젖음/습기,비,교차로 - 교차로횡단보도내,승용,남,51세,상해없음,보행자,남,21세,중상
2020012200100577,2020년 1월 22일 19시,수요일,경상남도 창원시 진해구 마천동,경상사고,0,0,1,0,차대차 - 기타,안전운전불이행,젖음/습기,비,교차로 - 교차로안,승용,남,30세,기타불명,승용,남,34세,경상
2020012200100578,2020년 1월 22일 19시,수요일,경상남도 고성군 동해면,경상사고,0,0,3,0,차대차 - 정면충돌,중앙선침범,젖음/습기,비,단일로 - 기타,승용,남,43세,상해없음,승합,여,40세,경상
2020012200100579,2020년 1월 22일 19시,수요일,경상남도 창원시 성산구 내동,중상사고,0,2,0,0,차대차 - 측면충돌,신호위반,젖음/습기,비,교차로 - 교차로안,승합,여,60세,상해없음,승용,남,28세,중상
2020012200100580,2020년 1월 22일 19시,수요일,경상남도 김해시 진영읍,경상사고,0,0,1,0,차량단독 - 공작물충돌,안전운전불이행,젖음/습기,비,교차로 - 교차로부근,승용,남,47세,경상,,,,
2020012200100627,2020년 1월 22일 20시,수요일,경상남도 창원시 마산합포구 신포동2가,중상사고,0,1,0,0,차대사람 - 횡단중,안전운전불이행,젖음/습기,비,교차로 - 교차로횡단보도내,이륜,남,30세,상해없음,보행자,여,64세,중상
2020012200100628,2020년 1월 22일 20시,수요일,경상남도 진주시 하대동,경상사고,0,0,1,0,차대차 - 추돌,안전운전불이행,젖음/습기,비,교차로 - 교차로부근,승용,여,54세,상해없음,이륜,남,26세,경상
2020012200100629,2020년 1월 22일 20시,수요일,경상남도 통영시 용남면,경상사고,0,0,1,0,차대차 - 추돌,안전거리미확보,젖음/습기,비,교차로 - 교차로안,승용,남,67세,상해없음,승용,남,68세,상해없음
2020012200100630,2020년 1월 22일 20시,수요일,경상남도 김해시 외동,중상사고,0,2,0,0,차대차 - 측면충돌,신호위반,젖음/습기,비,교차로 - 교차로안,이륜,남,16세,중상,승용,여,22세,상해없음
2020012200100631,2020년 1월 22일 20시,수요일,경상남도 김해시 생림면,중상사고,0,1,1,0,차량단독 - 기타,안전운전불이행,젖음/습기,비,단일로 - 기타,승용,남,28세,경상,,,,
2020012200100632,2020년 1월 22일 20시,수요일,경상남도 거제시 아주동,경상사고,0,0,1,0,차대사람 - 횡단중,보행자보호의무위반,젖음/습기,비,교차로 - 교차로횡단보도내,이륜,남,47세,상해없음,보행자,여,23세,경상
2020012200100666,2020년 1월 22일 21시,수요일,경상남도 밀양시 가곡동,중상사고,0,1,0,0,차대사람 - 횡단중,보행자보호의무위반,젖음/습기,비,단일로 - 기타,승용,여,50세,상해없음,보행자,남,77세,중상
2020012200100667,2020년 1월 22일 21시,수요일,경상남도 창원시 의창구 용호동,부상신고사고,0,0,0,1,차대사람 - 차도통행중,안전운전불이행,젖음/습기,비,교차로 - 교차로안,승용,남,50세,상해없음,보행자,남,49세,부상신고
2020012200100668,2020년 1월 22일 21시,수요일,경상남도 창원시 성산구 상남동,중상사고,0,1,0,0,차대사람 - 횡단중,보행자보호의무위반,젖음/습기,비,단일로 - 기타,승용,여,44세,상해없음,보행자,여,29세,중상
2020012200100696,2020년 1월 22일 22시,수요일,경상남도 밀양시 삼문동,경상사고,0,0,1,0,차대차 - 측면충돌,안전운전불이행,젖음/습기,비,교차로 - 교차로안,승용,여,27세,상해없음,승용,남,52세,경상
2020012200100697,2020년 1월 22일 22시,수요일,경상남도 양산시 물금읍,경상사고,0,0,1,0,차대차 - 측면충돌,차로위반,젖음/습기,비,단일로 - 기타,화물,남,50세,상해없음,승용,남,26세,경상
2020012300100014,2020년 1월 23일 00시,목요일,경상남도 창원시 의창구 신월동,경상사고,0,0,2,0,차대차 - 추돌,안전운전불이행,젖음/습기,비,교차로 - 교차로안,승용,남,40세,상해없음,승용,남,39세,경상
2020012300100040,2020년 1월 23일 02시,목요일,경상남도 창원시 진해구 석동,경상사고,0,0,3,0,차대차 - 기타,신호위반,젖음/습기,비,교차로 - 교차로안,승용,남,53세,상해없음,승용,남,28세,상해없음
2020012300100049,2020년 1월 23일 03시,목요일,경상남도 창원시 진해구 경화동,사망사고,1,0,0,0,차대사람 - 횡단중,안전운전불이행,젖음/습기,흐림,교차로 - 교차로안,화물,남,57세,상해없음,보행자,남,76세,사망
2020012300100050,2020년 1월 23일 03시,목요일,경상남도 고성군 고성읍,경상사고,0,0,2,0,차대차 - 추돌,안전운전불이행,젖음/습기,비,교차로 - 교차로부근,화물,남,47세,상해없음,화물,남,39세,경상
2020012300100051,2020년 1월 23일 03시,목요일,경상남도 창원시 의창구 신월동,중상사고,0,1,0,0,차대사람 - 기타,안전운전불이행,젖음/습기,비,단일로 - 기타,승용,남,54세,상해없음,보행자,남,32세,중상
2020012300100082,2020년 1월 23일 06시,목요일,경상남도 사천시 선구동,중상사고,0,1,0,0,차대사람 - 차도통행중,중앙선침범,젖음/습기,흐림,단일로 - 기타,승용,여,58세,상해없음,보행자,남,56세,중상
2020012300100097,2020년 1월 23일 07시,목요일,경상남도 창원시 마산합포구 진동면,중상사고,0,1,0,0,차대사람 - 횡단중,보행자보호의무위반,젖음/습기,비,교차로 - 교차로횡단보도내,승용,남,33세,상해없음,보행자,여,77세,중상
2020012300100098,2020년 1월 23일 07시,목요일,경상남도 밀양시 하남읍,중상사고,0,1,0,0,차대차 - 정면충돌,중앙선침범,젖음/습기,비,단일로 - 기타,화물,여,63세,상해없음,화물,남,55세,중상
2020012300100099,2020년 1월 23일 07시,목요일,경상남도 김해시 외동,경상사고,0,0,2,0,차대차 - 측면충돌,안전운전불이행,젖음/습기,비,교차로 - 교차로안,승용,여,59세,상해없음,화물,남,44세,경상
2020012300100100,2020년 1월 23일 07시,목요일,경상남도 창원시 의창구 팔용동,중상사고,0,1,0,0,차대사람 - 횡단중,보행자보호의무위반,젖음/습기,비,교차로 - 교차로안,승용,남,31세,상해없음,보행자,여,82세,중상
2020012300100101,2020년 1월 23일 07시,목요일,경상남도 김해시 풍유동,경상사고,0,0,2,0,차대차 - 측면충돌,안전운전불이행,젖음/습기,비,단일로 - 기타,승용,남,40세,상해없음,승용,남,26세,경상
2020012300100127,2020년 1월 23일 08시,목요일,경상남도 창원시 진해구 석동,경상사고,0,0,2,0,차대차 - 측면충돌,안전운전불이행,건조,맑음,교차로 - 교차로부근,화물,남,65세,상해없음,승용,남,38세,경상
2020012300100128,2020년 1월 23일 08시,목요일,경상남도 김해시 외동,중상사고,0,2,1,0,차대차 - 기타,안전운전불이행,젖음/습기,비,교차로 - 교차로안,화물,남,54세,경상,승용,남,36세,중상
2020012300100160,2020년 1월 23일 09시,목요일,경상남도 거제시 고현동,경상사고,0,0,1,0,차대차 - 측면충돌,직진우회전진행방해,건조,맑음,교차로 - 교차로안,승용,여,52세,상해없음,승용,여,35세,경상
2020012300100161,2020년 1월 23일 09시,목요일,경상남도 창원시 마산회원구 내서읍,경상사고,0,0,1,0,차대차 - 측면충돌,안전운전불이행,젖음/습기,비,단일로 - 기타,승용,남,64세,상해없음,승용,남,59세,경상
2020012300100188,2020년 1월 23일 10시,목요일,경상남도 밀양시 하남읍,중상사고,0,2,0,0,차대차 - 측면충돌,교차로운행방법위반,건조,맑음,교차로 - 교차로안,승용,남,67세,중상,승용,남,45세,중상
2020012300100230,2020년 1월 23일 11시,목요일,경상남도 사천시 사남면,경상사고,0,0,2,0,차대차 - 측면충돌,안전운전불이행,건조,흐림,교차로 - 교차로안,승용,여,38세,경상,승용,남,55세,경상
2020012300100267,2020년 1월 23일 12시,목요일,경상남도 창원시 마산합포구 자산동,경상사고,0,0,1,0,차대차 - 정면충돌,안전운전불이행,건조,맑음,교차로 - 교차로부근,이륜,남,59세,상해없음,이륜,남,39세,경상
2020012300100268,2020년 1월 23일 12시,목요일,경상남도 사천시 동금동,중상사고,0,1,0,0,차대차 - 측면충돌,안전운전불이행,젖음/습기,흐림,교차로 - 교차로안,승용,여,33세,상해없음,이륜,여,44세,중상
2020012300100294,2020년 1월 23일 13시,목요일,경상남도 김해시 주촌면,경상사고,0,0,1,0,차대차 - 기타,안전운전불이행,건조,맑음,단일로 - 기타,승용,여,47세,상해없음,승용,남,31세,경상
2020012300100315,2020년 1월 23일 13시,목요일,경상남도 양산시 삼호동,중상사고,0,1,0,0,차대차 - 측면충돌,중앙선침범,건조,맑음,교차로 - 교차로부근,승용,여,42세,상해없음,승용,남,59세,중상
2020012300100364,2020년 1월 23일 14시,목요일,경상남도 창녕군 고암면,중상사고,0,1,0,0,차대차 - 측면충돌,안전운전불이행,건조,맑음,교차로 - 교차로안,이륜,남,81세,중상,화물,남,60세,상해없음
2020012300100365,2020년 1월 23일 14시,목요일,경상남도 양산시 교동,경상사고,0,0,1,0,차대차 - 기타,안전운전불이행,건조,맑음,단일로 - 기타,승용,여,40세,상해없음,화물,남,39세,상해없음
2020012300100366,2020년 1월 23일 14시,목요일,경상남도 김해시 진영읍,경상사고,0,0,1,0,차대차 - 측면충돌,안전운전불이행,건조,맑음,교차로 - 교차로안,승용,여,66세,상해없음,승용,여,63세,경상
2020012300100414,2020년 1월 23일 15시,목요일,경상남도 창원시 마산합포구 신포동1가,경상사고,0,0,1,0,차대차 - 추돌,안전거리미확보,건조,맑음,교차로 - 교차로부근,승용,여,39세,상해없음,승용,여,57세,경상
2020012300100415,2020년 1월 23일 15시,목요일,경상남도 창원시 진해구 여좌동,경상사고,0,0,2,0,차대차 - 정면충돌,안전운전불이행,건조,맑음,교차로 - 교차로부근,승용,여,34세,기타불명,승합,남,32세,상해없음
2020012300100416,2020년 1월 23일 15시,목요일,경상남도 통영시 봉평동,중상사고,0,1,0,0,차대차 - 기타,교차로운행방법위반,건조,맑음,교차로 - 교차로부근,이륜,여,74세,상해없음,이륜,남,35세,중상
2020012300100417,2020년 1월 23일 15시,목요일,경상남도 거제시 둔덕면,경상사고,0,0,1,0,차대차 - 후진중충돌,안전운전불이행,건조,맑음,단일로 - 기타,승용,남,73세,상해없음,화물,남,54세,경상
2020012300100418,2020년 1월 23일 15시,목요일,경상남도 김해시 관동동,중상사고,0,1,0,0,차대차 - 측면충돌,안전운전불이행,건조,맑음,교차로 - 교차로안,승용,여,41세,상해없음,이륜,남,43세,중상
2020012300100471,2020년 1월 23일 16시,목요일,경상남도 김해시 동상동,중상사고,0,1,1,0,차대차 - 기타,안전거리미확보,젖음/습기,흐림,교차로 - 교차로부근,승용,남,52세,상해없음,승용,남,57세,중상
2020012300100472,2020년 1월 23일 16시,목요일,경상남도 김해시 내동,경상사고,0,0,1,0,차대차 - 기타,안전운전불이행,젖음/습기,흐림,교차로 - 교차로안,화물,남,65세,상해없음,이륜,남,27세,경상
2020012300100473,2020년 1월 23일 16시,목요일,경상남도 양산시 덕계동,경상사고,0,0,1,0,차대차 - 측면충돌,안전운전불이행,젖음/습기,비,단일로 - 기타,승용,남,34세,상해없음,화물,남,25세,경상
2020012300100535,2020년 1월 23일 17시,목요일,경상남도 창원시 진해구 경화동,중상사고,0,1,0,0,차대차 - 기타,안전운전불이행,건조,맑음,교차로 - 교차로안,승용,남,73세,상해없음,이륜,남,35세,중상
2020012300100536,2020년 1월 23일 17시,목요일,경상남도 창원시 진해구 석동,중상사고,0,1,0,0,차대차 - 측면충돌,신호위반,건조,맑음,교차로 - 교차로안,이륜,여,53세,중상,승용,여,52세,상해없음
2020012300100588,2020년 1월 23일 18시,목요일,경상남도 사천시 사천읍,부상신고사고,0,0,0,1,차대사람 - 차도통행중,안전운전불이행,건조,맑음,단일로 - 기타,승용,남,49세,상해없음,보행자,남,72세,부상신고
2020012300100589,2020년 1월 23일 18시,목요일,경상남도 김해시 내동,경상사고,0,0,1,0,차대차 - 추돌,안전운전불이행,건조,흐림,단일로 - 기타,승용,여,52세,상해없음,승용,남,34세,경상
2020012300100590,2020년 1월 23일 18시,목요일,경상남도 김해시 구산동,중상사고,0,2,0,0,차대차 - 추돌,안전운전불이행,건조,맑음,단일로 - 기타,승용,남,40세,상해없음,승용,여,28세,중상
2020012300100591,2020년 1월 23일 18시,목요일,경상남도 함양군 안의면,사망사고,1,0,0,0,차대차 - 추돌,안전운전불이행,건조,맑음,단일로 - 기타,화물,남,43세,상해없음,자전거,남,58세,사망
2020012300100592,2020년 1월 23일 18시,목요일,경상남도 양산시 동면,중상사고,0,1,0,0,차대차 - 추돌,안전운전불이행,건조,맑음,교차로 - 교차로부근,화물,남,51세,상해없음,이륜,남,39세,중상