사고번호,사고일시,요일,시군구,사고내용,사망자수,중상자수,경상자수,부상신고자수,사고유형,법규위반,노면상태,기상상태,도로형태,가해운전자 차종,가해운전자 성별,가해운전자 연령,가해운전자 상해정도,피해운전자 차종,피해운전자 성별,피해운전자 연령,피해운전자 상해정도
2020021100100312,2020년 2월 11일 14시,화요일,경상남도 창원시 마산합포구 남성동,경상사고,0,0,1,0,차대차 - 측면충돌,교차로운행방법위반,건조,맑음,교차로 - 교차로안,승용,남,61세,상해없음,승용,남,28세,경상
2020021100100313,2020년 2월 11일 14시,화요일,경상남도 창원시 의창구 북면,경상사고,0,0,2,0,차대차 - 측면충돌,교차로운행방법위반,건조,맑음,교차로 - 교차로안,승용,여,23세,상해없음,승용,여,40세,경상
2020021100100354,2020년 2월 11일 15시,화요일,경상남도 진주시 가좌동,경상사고,0,0,1,0,차대차 - 기타,안전운전불이행,건조,맑음,교차로 - 교차로부근,승용,여,50세,상해없음,승용,여,64세,경상
2020021100100355,2020년 2월 11일 15시,화요일,경상남도 창원시 진해구 용원동,경상사고,0,0,2,0,차대차 - 추돌,안전운전불이행,건조,맑음,교차로 - 교차로안,승용,남,22세,상해없음,승용,남,56세,경상
2020021100100356,2020년 2월 11일 15시,화요일,경상남도 거제시 고현동,경상사고,0,0,1,0,차대차 - 후진중충돌,안전운전불이행,건조,맑음,교차로 - 교차로안,승용,남,74세,상해없음,승용,여,38세,경상
2020021100100384,2020년 2월 11일 16시,화요일,경상남도 창원시 마산회원구 두척동,중상사고,0,1,1,0,차대차 - 측면충돌,신호위반,건조,맑음,교차로 - 교차로안,이륜,남,15세,경상,승용,남,68세,상해없음
2020021100100416,2020년 2월 11일 17시,화요일,경상남도 산청군 시천면,경상사고,0,0,2,0,차대차 - 측면충돌,안전운전불이행,건조,맑음,교차로 - 교차로안,화물,남,65세,상해없음,승합,남,51세,경상
2020021100100417,2020년 2월 11일 17시,화요일,경상남도 김해시 진영읍,경상사고,0,0,1,0,차대사람 - 길가장자리구역통행중,기타,건조,맑음,단일로 - 기타,원동기,남,15세,상해없음,보행자,여,23세,경상
2020021100100460,2020년 2월 11일 18시,화요일,경상남도 창원시 진해구 두동,경상사고,0,0,2,0,차대차 - 측면충돌,신호위반,건조,맑음,교차로 - 교차로안,화물,남,37세,경상,화물,남,48세,경상
2020021100100461,2020년 2월 11일 18시,화요일,경상남도 양산시 물금읍,부상신고사고,0,0,0,2,차대차 - 추돌,안전거리미확보,건조,맑음,단일로 - 기타,화물,남,44세,상해없음,승용,남,33세,부상신고
2020021100100462,2020년 2월 11일 18시,화요일,경상남도 창원시 의창구 팔용동,경상사고,0,0,1,0,차대차 - 추돌,안전거리미확보,기타,기타,교차로 - 교차로부근,승용,여,58세,상해없음,승용,여,25세,경상
2020021100100503,2020년 2월 11일 19시,화요일,경상남도 함안군 가야읍,경상사고,0,0,1,0,차대차 - 측면충돌,안전운전불이행,건조,맑음,단일로 - 기타,승용,여,49세,상해없음,승용,남,53세,경상
2020021100100504,2020년 2월 11일 19시,화요일,경상남도 창원시 의창구 북면,사망사고,1,0,0,0,차대차 - 추돌,안전운전불이행,기타,기타,단일로 - 기타,화물,남,49세,상해없음,농기계,남,79세,사망
2020021100100543,2020년 2월 11일 20시,화요일,경상남도 창원시 진해구 석동,경상사고,0,0,1,0,차대차 - 측면충돌,안전운전불이행,건조,맑음,교차로 - 교차로부근,승용,남,62세,상해없음,승용,남,46세,경상
2020021100100576,2020년 2월 11일 21시,화요일,경상남도 창원시 의창구 팔용동,중상사고,0,1,0,0,차대사람 - 횡단중,안전운전불이행,기타,기타,기타 - 기타,승용,여,36세,기타불명,보행자,남,54세,중상
2020021100100577,2020년 2월 11일 21시,화요일,경상남도 김해시 대청동,중상사고,0,1,1,0,차대차 - 측면충돌,안전운전불이행,건조,맑음,교차로 - 교차로부근,승용,남,54세,상해없음,승용,여,40세,중상
2020021100100578,2020년 2월 11일 21시,화요일,경상남도 김해시 진영읍,중상사고,0,1,0,0,차대사람 - 횡단중,보행자보호의무위반,건조,맑음,교차로 - 교차로횡단보도내,승용,남,57세,상해없음,보행자,남,59세,중상
2020021200100004,2020년 2월 12일 00시,수요일,경상남도 진주시 하대동,중상사고,0,1,0,0,차대사람 - 기타,안전운전불이행,건조,흐림,교차로 - 교차로안,승합,남,61세,상해없음,보행자,남,62세,중상
2020021200100005,2020년 2월 12일 00시,수요일,경상남도 창원시 진해구 경화동,중상사고,0,1,1,0,차대차 - 측면충돌,안전운전불이행,건조,맑음,교차로 - 교차로안,승용,남,25세,상해없음,승용,남,28세,경상
2020021200100018,2020년 2월 12일 01시,수요일,경상남도 진주시 가좌동,경상사고,0,0,1,0,차대사람 - 기타,안전운전불이행,젖음/습기,비,단일로 - 기타,승용,남,34세,상해없음,보행자,남,22세,경상
2020021200100046,2020년 2월 12일 04시,수요일,경상남도 창원시 성산구 내동,중상사고,0,1,0,0,차대차 - 측면충돌,신호위반,젖음/습기,비,교차로 - 교차로안,화물,남,65세,상해없음,승용,남,28세,중상
2020021200100058,2020년 2월 12일 05시,수요일,경상남도 거창군 거창읍,중상사고,0,1,0,0,차대사람 - 차도통행중,안전운전불이행,젖음/습기,비,교차로 - 교차로부근,승용,여,57세,상해없음,보행자,남,58세,중상
2020021200100059,2020년 2월 12일 05시,수요일,경상남도 거제시 장평동,경상사고,0,0,1,0,차대차 - 추돌,안전운전불이행,젖음/습기,비,교차로 - 교차로부근,승용,남,51세,상해없음,승용,남,41세,경상
2020021200100099,2020년 2월 12일 07시,수요일,경상남도 창원시 의창구 명서동,경상사고,0,0,1,0,차대차 - 측면충돌,안전운전불이행,젖음/습기,비,기타 - 기타,승합,남,55세,상해없음,승용,남,26세,경상
2020021200100137,2020년 2월 12일 08시,수요일,경상남도 창원시 진해구 남문동,경상사고,0,0,1,0,차대차 - 측면충돌,신호위반,젖음/습기,비,교차로 - 교차로안,승용,남,22세,상해없음,승용,남,29세,경상
2020021200100220,2020년 2월 12일 11시,수요일,경상남도 양산시 북부동,중상사고,0,1,0,0,차대사람 - 기타,교차로운행방법위반,건조,맑음,교차로 - 교차로안,승용,남,34세,상해없음,보행자,남,17세,중상
2020021200100221,2020년 2월 12일 11시,수요일,경상남도 김해시 진영읍,중상사고,0,1,1,0,차대차 - 측면충돌,안전운전불이행,젖음/습기,비,교차로 - 교차로안,화물,남,53세,경상,화물,남,37세,중상
2020021200100241,2020년 2월 12일 12시,수요일,경상남도 고성군 고성읍,경상사고,0,0,5,0,차량단독 - 기타,안전운전불이행,젖음/습기,비,기타 - 기타,승용,남,18세,경상,,,,
2020021200100242,2020년 2월 12일 12시,수요일,경상남도 거제시 장평동,경상사고,0,0,1,0,차대차 - 측면충돌,교차로운행방법위반,건조,맑음,교차로 - 교차로안,승용,남,27세,상해없음,승용,여,42세,경상
2020021200100243,2020년 2월 12일 12시,수요일,경상남도 창원시 의창구 용동,사망사고,1,0,0,0,차량단독 - 공작물충돌,안전운전불이행,젖음/습기,비,단일로 - 고가도로위,승합,남,48세,사망,,,,
2020021200100277,2020년 2월 12일 13시,수요일,경상남도 거제시 상동동,중상사고,0,1,0,0,차대차 - 기타,안전운전불이행,젖음/습기,비,단일로 - 기타,승용,남,62세,상해없음,이륜,남,45세,중상
2020021200100305,2020년 2월 12일 14시,수요일,경상남도 창원시 마산합포구 창동,경상사고,0,0,2,0,차대차 - 측면충돌,안전운전불이행,젖음/습기,비,단일로 - 기타,승합,남,45세,상해없음,승용,남,47세,경상
2020021200100306,2020년 2월 12일 14시,수요일,경상남도 창원시 성산구 남산동,경상사고,0,0,1,0,차대차 - 측면충돌,안전운전불이행,젖음/습기,비,교차로 - 교차로부근,화물,남,64세,상해없음,승용,여,54세,경상
2020021200100336,2020년 2월 12일 15시,수요일,경상남도 김해시 삼계동,경상사고,0,0,1,0,차대차 - 추돌,중앙선침범,젖음/습기,비,교차로 - 교차로안,화물,남,68세,상해없음,승용,남,51세,경상
2020021200100337,2020년 2월 12일 15시,수요일,경상남도 김해시 대청동,경상사고,0,0,1,0,차대차 - 기타,안전운전불이행,젖음/습기,비,단일로 - 기타,화물,남,56세,상해없음,이륜,남,51세,경상
2020021200100400,2020년 2월 12일 17시,수요일,경상남도 통영시 정량동,경상사고,0,0,1,0,차대차 - 측면충돌,안전운전불이행,젖음/습기,비,교차로 - 교차로안,승용,남,60세,상해없음,이륜,남,48세,경상
2020021200100401,2020년 2월 12일 17시,수요일,경상남도 양산시 물금읍,경상사고,0,0,1,0,차대차 - 추돌,안전운전불이행,젖음/습기,비,교차로 - 교차로안,승용,남,52세,상해없음,승용,여,56세,경상
2020021200100446,2020년 2월 12일 18시,수요일,경상남도 창원시 마산합포구 오동동,중상사고,0,1,0,0,차대사람 - 기타,안전운전불이행,건조,맑음,단일로 - 기타,승합,여,53세,상해없음,보행자,남,62세,중상
2020021200100447,2020년 2월 12일 18시,수요일,경상남도 통영시 봉평동,중상사고,0,1,0,0,차대사람 - 횡단중,안전운전불이행,젖음/습기,비,기타 - 기타,이륜,남,31세,상해없음,보행자,여,80세,중상
2020021200100448,2020년 2월 12일 18시,수요일,경상남도 김해시 봉황동,경상사고,0,0,1,0,차대차 - 기타,신호위반,건조,맑음,교차로 - 교차로안,기타불명,기타불명,미분류,기타불명,승용,남,60세,경상
2020021200100449,2020년 2월 12일 18시,수요일,경상남도 함안군 가야읍,중상사고,0,1,1,0,차대차 - 추돌,안전운전불이행,젖음/습기,안개,단일로 - 기타,화물,남,65세,상해없음,이륜,남,68세,중상
2020021200100550,2020년 2월 12일 20시,수요일,경상남도 진주시 금곡면,사망사고,1,0,0,0,차대사람 - 횡단중,안전운전불이행,젖음/습기,흐림,교차로 - 교차로부근,승용,남,33세,상해없음,보행자,남,68세,사망
2020021200100551,2020년 2월 12일 20시,수요일,경상남도 양산시 북부동,부상신고사고,0,0,0,1,차대차 - 기타,기타,젖음/습기,비,교차로 - 교차로부근,이륜,남,35세,부상신고,기타불명,기타불명,미분류,기타불명
2020021200100594,2020년 2월 12일 21시,수요일,경상남도 거제시 장평동,경상사고,0,0,1,0,차대차 - 측면충돌,교차로운행방법위반,건조,맑음,교차로 - 교차로안,승용,남,48세,상해없음,이륜,남,41세,경상
2020021200100639,2020년 2월 12일 23시,수요일,경상남도 김해시 신문동,중상사고,0,1,1,0,차대차 - 측면충돌,신호위반,건조,맑음,교차로 - 교차로안,이륜,남,26세,중상,승용,여,48세,경상
2020021300100008,2020년 2월 13일 00시,목요일,경상남도 거제시 고현동,중상사고,0,1,0,0,차대사람 - 횡단중,안전운전불이행,건조,맑음,교차로 - 교차로부근,이륜,남,22세,상해없음,보행자,여,58세,중상
2020021300100021,2020년 2월 13일 01시,목요일,경상남도 창원시 마산회원구 두척동,중상사고,0,1,0,0,차대차 - 추돌,과속,젖음/습기,흐림,교차로 - 교차로부근,승용,남,37세,상해없음,화물,남,67세,중상
2020021300100030,2020년 2월 13일 04시,목요일,경상남도 창원시 성산구 내동,중상사고,0,2,0,0,차대차 - 측면충돌,신호위반,건조,맑음,교차로 - 교차로안,승용,남,65세,중상,화물,남,48세,중상
2020021300100036,2020년 2월 13일 05시,목요일,경상남도 사천시 향촌동,중상사고,0,1,1,0,차대차 - 측면충돌,신호위반,건조,맑음,교차로 - 교차로안,승용,남,54세,중상,승용,남,48세,경상
2020021300100037,2020년 2월 13일 05시,목요일,경상남도 사천시 향촌동,중상사고,0,1,1,0,차대차 - 측면충돌,신호위반,건조,맑음,교차로 - 교차로안,승용,남,45세,경상,화물,남,64세,중상
2020021300100074,2020년 2월 13일 07시,목요일,경상남도 창원시 마산합포구 예곡동,중상사고,0,1,1,0,차대차 - 추돌,안전거리미확보,건조,맑음,단일로 - 터널,승용,남,40세,경상,승용,남,26세,상해없음
2020021300100075,2020년 2월 13일 07시,목요일,경상남도 밀양시 삼문동,중상사고,0,4,0,0,차대차 - 측면충돌,신호위반,젖음/습기,흐림,교차로 - 교차로안,승용,남,68세,중상,승용,남,71세,중상
2020021300100102,2020년 2월 13일 08시,목요일,경상남도 김해시 외동,경상사고,0,0,1,0,차대차 - 추돌,안전운전불이행,건조,맑음,교차로 - 교차로안,승용,남,67세,상해없음,화물,남,23세,상해없음
2020021300100103,2020년 2월 13일 08시,목요일,경상남도 하동군 금성면,중상사고,0,1,0,0,차대차 - 추돌,안전운전불이행,건조,맑음,단일로 - 기타,승용,여,58세,상해없음,농기계,남,78세,중상
2020021300100131,2020년 2월 13일 09시,목요일,경상남도 거제시 고현동,중상사고,0,1,1,0,차대차 - 기타,신호위반,건조,맑음,교차로 - 교차로안,화물,남,57세,상해없음,승용,남,28세,경상
2020021300100164,2020년 2월 13일 10시,목요일,경상남도 밀양시 삼문동,중상사고,0,1,0,0,차대사람 - 횡단중,보행자보호의무위반,건조,맑음,단일로 - 기타,승용,여,53세,상해없음,보행자,여,56세,중상
2020021300100165,2020년 2월 13일 10시,목요일,경상남도 고성군 동해면,사망사고,1,2,0,0,차대차 - 기타,안전운전불이행,건조,맑음,단일로 - 기타,화물,남,79세,사망,승용,남,54세,중상
2020021300100166,2020년 2월 13일 10시,목요일,경상남도 고성군 고성읍,경상사고,0,0,1,0,차대차 - 기타,안전거리미확보,건조,맑음,단일로 - 기타,화물,남,34세,상해없음,이륜,남,48세,경상
2020021300100167,2020년 2월 13일 10시,목요일,경상남도 창원시 의창구 북면,경상사고,0,0,4,0,차대차 - 기타,안전운전불이행,기타,기타,교차로 - 교차로부근,화물,남,71세,경상,승용,남,54세,경상
2020021300100186,2020년 2월 13일 11시,목요일,경상남도 창원시 진해구 소사동,경상사고,0,0,1,0,차대차 - 기타,안전거리미확보,건조,맑음,단일로 - 기타,승용,남,45세,상해없음,승용,남,32세,경상
2020021300100195,2020년 2월 13일 11시,목요일,경상남도 김해시 외동,경상사고,0,0,1,0,차대차 - 기타,신호위반,건조,맑음,단일로 - 기타,원동기,남,16세,경상,승용,남,71세,상해없음
2020021300100196,2020년 2월 13일 11시,목요일,경상남도 양산시 물금읍,중상사고,0,1,1,0,차대차 - 측면충돌,신호위반,건조,맑음,교차로 - 교차로부근,승용,여,43세,경상,승용,남,63세,중상
2020021300100197,2020년 2월 13일 11시,목요일,경상남도 함안군 칠북면,중상사고,0,1,3,0,차대차 - 측면충돌,안전운전불이행,건조,맑음,교차로 - 교차로부근,화물,남,38세,상해없음,승용,남,49세,경상
2020021300100198,2020년 2월 13일 11시,목요일,경상남도 창원시 성산구 웅남동,중상사고,0,1,1,0,차대차 - 측면충돌,신호위반,건조,맑음,교차로 - 교차로안,승용,남,45세,기타불명,승용,여,57세,경상
2020021300100229,2020년 2월 13일 12시,목요일,경상남도 양산시 북부동,경상사고,0,0,1,0,차대차 - 측면충돌,직진우회전진행방해,건조,맑음,교차로 - 교차로안,승용,여,48세,상해없음,승용,여,63세,경상
2020021300100284,2020년 2월 13일 14시,목요일,경상남도 통영시 정량동,경상사고,0,0,1,0,차대사람 - 기타,안전운전불이행,건조,맑음,단일로 - 기타,승용,남,57세,상해없음,보행자,남,59세,경상
2020021300100317,2020년 2월 13일 15시,목요일,경상남도 통영시 용남면,경상사고,0,0,1,0,차대차 - 추돌,안전거리미확보,건조,맑음,단일로 - 기타,화물,남,35세,상해없음,화물,남,56세,경상
2020021300100343,2020년 2월 13일 16시,목요일,경상남도 밀양시 내이동,경상사고,0,0,2,0,차대차 - 측면충돌,안전운전불이행,건조,맑음,교차로 - 교차로안,승용,남,76세,상해없음,승용,여,27세,경상
2020021300100344,2020년 2월 13일 16시,목요일,경상남도 창녕군 대지면,중상사고,0,4,1,0,차대차 - 추돌,안전운전불이행,건조,맑음,교차로 - 교차로부근,화물,남,54세,상해없음,승용,여,51세,중상
2020021300100345,2020년 2월 13일 16시,목요일,경상남도 거제시 고현동,경상사고,0,0,2,0,차대차 - 측면충돌,교차로운행방법위반,건조,맑음,교차로 - 교차로안,승용,여,43세,상해없음,승용,남,33세,경상
2020021300100346,2020년 2월 13일 16시,목요일,경상남도 거제시 옥포동,중상사고,0,1,0,0,차대사람 - 기타,안전운전불이행,건조,맑음,단일로 - 기타,승용,여,68세,상해없음,보행자,남,62세,중상
2020021300100347,2020년 2월 13일 16시,목요일,경상남도 의령군 의령읍,중상사고,0,1,0,0,차대사람 - 길가장자리구역통행중,교차로운행방법위반,건조,맑음,교차로 - 교차로안,승용,남,50세,상해없음,보행자,여,64세,중상
2020021300100394,2020년 2월 13일 17시,목요일,경상남도 거제시 고현동,중상사고,0,1,0,0,차대사람 - 횡단중,보행자보호의무위반,건조,맑음,단일로 - 기타,승용,여,55세,상해없음,보행자,여,42세,중상
2020021300100442,2020년 2월 13일 18시,목요일,경상남도 거제시 고현동,사망사고,1,0,0,0,차대사람 - 횡단중,안전운전불이행,건조,맑음,단일로 - 기타,승용,여,21세,상해없음,보행자,여,66세,사망
2020021300100488,2020년 2월 13일 19시,목요일,경상남도 사천시 곤양면,중상사고,0,1,0,0,차대사람 - 횡단중,안전운전불이행,건조,맑음,교차로 - 교차로횡단보도내,승합,남,58세,상해없음,보행자,여,71세,중상
2020021300100489,2020년 2월 13일 19시,목요일,경상남도 양산시 북부동,경상사고,0,0,1,0,차대차 - 측면충돌,중앙선침범,건조,맑음,단일로 - 기타,화물,남,58세,상해없음,화물,남,60세,경상
2020021300100490,2020년 2월 13일 19시,목요일,경상남도 의령군 부림면,경상사고,0,0,4,0,차량단독 - 전도전복 - 전도,안전운전불이행,건조,맑음,교차로 - 교차로안,승합,남,33세,상해없음,,,,
2020021300100491,2020년 2월 13일 19시,목요일,경상남도 창원시 성산구 성산동,중상사고,0,1,0,0,차대사람 - 횡단중,안전운전불이행,건조,맑음,교차로 - 교차로안,승용,여,53세,상해없음,보행자,남,28세,중상
2020021300100492,2020년 2월 13일 19시,목요일,경상남도 창원시 의창구 북면,경상사고,0,0,1,0,차대사람 - 길가장자리구역통행중,안전운전불이행,건조,기타,단일로 - 기타,승용,남,67세,상해없음,보행자,여,66세,경상
2020021300100493,2020년 2월 13일 19시,목요일,경상남도 창원시 의창구 봉곡동,경상사고,0,0,2,0,차대차 - 추돌,안전운전불이행,건조,기타,교차로 - 교차로부근,승용,남,37세,상해없음,승용,남,23세,경상
2020021300100570,2020년 2월 13일 21시,목요일,경상남도 함안군 칠원읍,경상사고,0,0,1,0,차대차 - 추돌,안전거리미확보,건조,맑음,단일로 - 기타,화물,남,48세,상해없음,승용,여,59세,경상
2020021300100605,2020년 2월 13일 22시,목요일,경상남도 김해시 삼계동,경상사고,0,0,5,0,차대차 - 기타,안전운전불이행,건조,맑음,교차로 - 교차로안,승용,여,32세,경상,승용,남,55세,경상
2020021300100606,2020년 2월 13일 22시,목요일,경상남도 창원시 마산회원구 내서읍,경상사고,0,0,1,0,차대사람 - 기타,안전운전불이행,건조,맑음,교차로 - 교차로부근,승용,여,52세,상해없음,보행자,남,47세,경상
2020021300100631,2020년 2월 13일 23시,목요일,경상남도 창원시 마산회원구 구암동,경상사고,0,0,1,0,차대사람 - 횡단중,안전운전불이행,건조,맑음,교차로 - 교차로횡단보도내,승용,남,71세,상해없음,보행자,남,59세,경상
2020021400100020,2020년 2월 14일 01시,금요일,경상남도 창원시 의창구 명서동,경상사고,0,0,1,0,차대차 - 정면충돌,중앙선침범,건조,맑음,단일로 - 기타,승용,여,54세,상해없음,이륜,남,44세,경상
2020021400100027,2020년 2월 14일 02시,금요일,경상남도 양산시 물금읍,경상사고,0,0,1,0,차대차 - 측면충돌,신호위반,건조,맑음,교차로 - 교차로안,화물,남,53세,상해없음,이륜,남,39세,경상
2020021400100066,2020년 2월 14일 06시,금요일,경상남도 창원시 마산합포구 진전면,경상사고,0,0,1,0,차대차 - 추돌,안전거리미확보,건조,맑음,단일로 - 기타,화물,남,62세,상해없음,승용,남,80세,경상
2020021400100067,2020년 2월 14일 06시,금요일,경상남도 거제시 고현동,중상사고,0,1,0,0,차대사람 - 차도통행중,안전운전불이행,건조,맑음,교차로 - 교차로부근,승용,남,43세,상해없음,보행자,남,61세,중상
2020021400100115,2020년 2월 14일 08시,금요일,경상남도 창원시 마산합포구 현동,경상사고,0,0,1,0,차대차 - 추돌,안전운전불이행,건조,맑음,단일로 - 기타,승용,남,61세,상해없음,승용,여,30세,경상
2020021400100116,2020년 2월 14일 08시,금요일,경상남도 함안군 가야읍,경상사고,0,0,1,0,차대차 - 측면충돌,교차로운행방법위반,건조,맑음,교차로 - 교차로안,승용,여,37세,상해없음,이륜,남,59세,경상
2020021400100157,2020년 2월 14일 09시,금요일,경상남도 창원시 진해구 덕산동,경상사고,0,0,2,0,차대차 - 추돌,안전운전불이행,건조,맑음,교차로 - 교차로부근,승용,여,38세,상해없음,승용,여,40세,경상
2020021400100207,2020년 2월 14일 11시,금요일,경상남도 합천군 쌍백면,중상사고,0,1,0,0,차대차 - 측면충돌,안전운전불이행,건조,맑음,기타 - 기타,화물,남,60세,상해없음,승용,여,58세,중상
2020021400100226,2020년 2월 14일 12시,금요일,경상남도 거제시 장평동,중상사고,0,1,0,0,차대차 - 측면충돌,교차로운행방법위반,건조,맑음,교차로 - 교차로안,승용,여,57세,상해없음,이륜,남,50세,중상
2020021400100227,2020년 2월 14일 12시,금요일,경상남도 창원시 의창구 신월동,중상사고,0,1,0,0,차대사람 - 횡단중,보행자보호의무위반,건조,맑음,단일로 - 기타,승용,여,33세,상해없음,보행자,남,51세,중상
2020021400100271,2020년 2월 14일 13시,금요일,경상남도 김해시 봉황동,중상사고,0,1,0,0,차대차 - 측면충돌,교차로운행방법위반,건조,맑음,교차로 - 교차로안,승용,여,48세,상해없음,이륜,남,43세,중상
2020021400100272,2020년 2월 14일 13시,금요일,경상남도 양산시 물금읍,경상사고,0,0,1,0,차대차 - 기타,안전운전불이행,건조,맑음,교차로 - 교차로부근,승용,여,47세,상해없음,승용,여,30세,경상
2020021400100273,2020년 2월 14일 13시,금요일,경상남도 고성군 고성읍,경상사고,0,0,2,0,차대차 - 추돌,안전운전불이행,건조,맑음,교차로 - 교차로안,화물,남,49세,상해없음,승용,남,51세,경상
2020021400100310,2020년 2월 14일 14시,금요일,경상남도 김해시 부원동,중상사고,0,1,0,0,차대사람 - 길가장자리구역통행중,안전운전불이행,건조,맑음,단일로 - 기타,승용,여,63세,상해없음,보행자,여,23세,중상
2020021400100311,2020년 2월 14일 14시,금요일,경상남도 김해시 구산동,경상사고,0,0,2,0,차대차 - 측면충돌,안전운전불이행,건조,맑음,단일로 - 기타,승용,남,31세,경상,승합,남,52세,경상
2020021400100356,2020년 2월 14일 15시,금요일,경상남도 창녕군 대지면,경상사고,0,0,2,0,차대차 - 기타,안전운전불이행,건조,맑음,단일로 - 기타,화물,남,45세,경상,화물,남,32세,경상
2020021400100357,2020년 2월 14일 15시,금요일,경상남도 산청군 신안면,경상사고,0,0,1,0,차대차 - 기타,중앙선침범,건조,맑음,교차로 - 교차로횡단보도내,승용,여,54세,상해없음,자전거,남,48세,경상
2020021400100358,2020년 2월 14일 15시,금요일,경상남도 창원시 의창구 명서동,경상사고,0,0,1,0,차대차 - 측면충돌,안전운전불이행,건조,맑음,교차로 - 교차로부근,화물,남,33세,상해없음,승용,여,48세,경상
2020021400100386,2020년 2월 14일 16시,금요일,경상남도 김해시 부원동,중상사고,0,1,0,0,차대차 - 측면충돌,교차로운행방법위반,건조,맑음,교차로 - 교차로안,승용,여,53세,상해없음,승용,여,53세,중상
2020021400100387,2020년 2월 14일 16시,금요일,경상남도 창원시 의창구 북면,경상사고,0,0,1,0,차대차 - 측면충돌,안전운전불이행,건조,맑음,교차로 - 교차로안,승용,여,63세,상해없음,화물,남,43세,경상
2020021400100388,2020년 2월 14일 16시,금요일,경상남도 김해시 진영읍,경상사고,0,0,1,0,차대차 - 추돌,안전운전불이행,건조,맑음,교차로 - 교차로부근,승용,여,36세,상해없음,화물,남,57세,경상
2020021400100430,2020년 2월 14일 17시,금요일,경상남도 진주시 망경동,중상사고,0,1,0,0,차대사람 - 횡단중,안전운전불이행,건조,맑음,단일로 - 기타,특수,남,40세,상해없음,보행자,여,85세,중상
2020021400100431,2020년 2월 14일 17시,금요일,경상남도 창원시 진해구 석동,경상사고,0,0,1,0,차대차 - 측면충돌,안전운전불이행,건조,맑음,교차로 - 교차로안,승용,여,45세,상해없음,승용,남,56세,경상
2020021400100432,2020년 2월 14일 17시,금요일,경상남도 밀양시 부북면,경상사고,0,0,1,0,차대차 - 측면충돌,중앙선침범,건조,맑음,단일로 - 기타,이륜,남,63세,상해없음,이륜,남,25세,경상
2020021400100433,2020년 2월 14일 17시,금요일,경상남도 양산시 상북면,경상사고,0,0,1,0,차대사람 - 횡단중,안전운전불이행,건조,맑음,교차로 - 교차로횡단보도내,승용,여,59세,기타불명,보행자,남,11세,경상
2020021400100434,2020년 2월 14일 17시,금요일,경상남도 창원시 성산구 내동,경상사고,0,0,1,0,차대차 - 후진중충돌,교차로운행방법위반,건조,맑음,교차로 - 교차로안,특수,남,38세,상해없음,승용,남,40세,경상
2020021400100485,2020년 2월 14일 18시,금요일,경상남도 창원시 의창구 북면,경상사고,0,0,1,0,차대차 - 측면충돌,안전거리미확보,건조,맑음,단일로 - 기타,승용,남,33세,상해없음,승용,남,56세,경상
2020021400100528,2020년 2월 14일 19시,금요일,경상남도 밀양시 상동면,중상사고,0,1,2,0,차대차 - 정면충돌,안전운전불이행,건조,맑음,단일로 - 기타,이륜,여,67세,중상,이륜,남,56세,경상
2020021400100529,2020년 2월 14일 19시,금요일,경상남도 함양군 함양읍,중상사고,0,1,0,0,차대차 - 측면충돌,불법유턴,건조,맑음,단일로 - 기타,자전거,남,69세,중상,원동기,남,15세,상해없음
2020021400100530,2020년 2월 14일 19시,금요일,경상남도 양산시 상북면,경상사고,0,0,1,0,차대차 - 추돌,안전운전불이행,젖음/습기,맑음,단일로 - 교량,이륜,남,24세,경상,승용,남,44세,상해없음
2020021400100531,2020년 2월 14일 19시,금요일,경상남도 거제시 연초면,경상사고,0,0,1,0,차대차 - 추돌,안전거리미확보,건조,맑음,교차로 - 교차로부근,승용,남,43세,상해없음,승용,남,56세,경상
2020021400100532,2020년 2월 14일 19시,금요일,경상남도 거제시 사등면,경상사고,0,0,2,0,차대차 - 추돌,안전운전불이행,건조,맑음,단일로 - 기타,승용,남,40세,상해없음,승용,남,61세,경상
2020021400100533,2020년 2월 14일 19시,금요일,경상남도 김해시 진영읍,중상사고,0,1,0,0,차대차 - 측면충돌,안전운전불이행,건조,맑음,교차로 - 교차로안,승용,남,52세,상해없음,이륜,남,41세,중상
2020021400100565,2020년 2월 14일 20시,금요일,경상남도 함양군 서상면,중상사고,0,1,1,0,차대차 - 추돌,안전운전불이행,건조,맑음,단일로 - 기타,화물,남,33세,상해없음,화물,남,59세,경상
2020021400100570,2020년 2월 14일 20시,금요일,경상남도 거제시 아주동,경상사고,0,0,1,0,차대차 - 측면충돌,안전운전불이행,건조,맑음,단일로 - 기타,승용,남,48세,상해없음,승용,남,39세,경상
2020021400100571,2020년 2월 14일 20시,금요일,경상남도 김해시 진영읍,경상사고,0,0,1,0,차대사람 - 횡단중,안전운전불이행,건조,맑음,교차로 - 교차로부근,승용,여,44세,상해없음,보행자,남,46세,경상
2020021400100602,2020년 2월 14일 21시,금요일,경상남도 창원시 의창구 사림동,경상사고,0,0,1,0,차대차 - 후진중충돌,안전운전불이행,건조,맑음,교차로 - 교차로부근,승용,여,50세,상해없음,승용,남,56세,경상
2020021400100603,2020년 2월 14일 21시,금요일,경상남도 창원시 의창구 소답동,경상사고,0,0,1,0,차대차 - 측면충돌,안전운전불이행,건조,맑음,주차장 - 주차장,승용,남,39세,상해없음,화물,남,33세,경상