사고번호,사고일시,요일,시군구,사고내용,사망자수,중상자수,경상자수,부상신고자수,사고유형,법규위반,노면상태,기상상태,도로형태,가해운전자 차종,가해운전자 성별,가해운전자 연령,가해운전자 상해정도,피해운전자 차종,피해운전자 성별,피해운전자 연령,피해운전자 상해정도
2020021400100636,2020년 2월 14일 22시,금요일,경상남도 진주시 칠암동,경상사고,0,0,2,0,차대차 - 추돌,안전운전불이행,건조,맑음,단일로 - 기타,승용,남,65세,상해없음,승용,여,32세,경상
2020021500100018,2020년 2월 15일 00시,토요일,경상남도 양산시 북정동,중상사고,0,2,0,0,차대차 - 기타,신호위반,건조,맑음,교차로 - 교차로안,승용,남,36세,상해없음,승용,남,56세,중상
2020021500100040,2020년 2월 15일 01시,토요일,경상남도 창원시 성산구 중앙동,부상신고사고,0,0,0,1,차대사람 - 기타,안전운전불이행,건조,맑음,단일로 - 기타,승용,남,22세,상해없음,보행자,남,38세,부상신고
2020021500100041,2020년 2월 15일 01시,토요일,경상남도 김해시 대청동,경상사고,0,0,1,0,차대차 - 기타,안전운전불이행,건조,맑음,단일로 - 기타,승용,여,40세,상해없음,승용,남,58세,상해없음
2020021500100069,2020년 2월 15일 04시,토요일,경상남도 창원시 성산구 상남동,경상사고,0,0,1,0,차대사람 - 길가장자리구역통행중,안전운전불이행,건조,맑음,단일로 - 기타,승용,남,25세,상해없음,보행자,남,42세,경상
2020021500100105,2020년 2월 15일 07시,토요일,경상남도 통영시 무전동,경상사고,0,0,1,0,차량단독 - 기타,안전운전불이행,젖음/습기,맑음,교차로 - 교차로안,이륜,남,19세,경상,,,,
2020021500100117,2020년 2월 15일 08시,토요일,경상남도 김해시 어방동,경상사고,0,0,1,0,차대차 - 측면충돌,안전운전불이행,건조,맑음,단일로 - 기타,자전거,남,75세,경상,건설기계,남,48세,상해없음
2020021500100118,2020년 2월 15일 08시,토요일,경상남도 창원시 의창구 도계동,경상사고,0,0,1,0,차대사람 - 기타,기타,건조,맑음,단일로 - 기타,화물,남,50세,상해없음,보행자,여,69세,경상
2020021500100134,2020년 2월 15일 09시,토요일,경상남도 김해시 외동,경상사고,0,0,1,0,차대차 - 측면충돌,안전운전불이행,건조,맑음,단일로 - 기타,승용,여,25세,상해없음,자전거,남,64세,경상
2020021500100162,2020년 2월 15일 10시,토요일,경상남도 창녕군 남지읍,중상사고,0,1,0,0,차대사람 - 기타,안전운전불이행,건조,맑음,교차로 - 교차로안,승용,여,43세,상해없음,보행자,여,79세,중상
2020021500100231,2020년 2월 15일 12시,토요일,경상남도 김해시 외동,경상사고,0,0,1,1,차대차 - 추돌,안전운전불이행,건조,흐림,교차로 - 교차로부근,승용,여,46세,상해없음,승용,여,49세,경상
2020021500100232,2020년 2월 15일 12시,토요일,경상남도 양산시 물금읍,경상사고,0,0,1,0,차대차 - 추돌,안전운전불이행,건조,맑음,단일로 - 기타,승용,남,33세,상해없음,승용,남,27세,경상
2020021500100257,2020년 2월 15일 13시,토요일,경상남도 김해시 삼방동,중상사고,0,1,1,0,차대차 - 측면충돌,신호위반,건조,맑음,교차로 - 교차로안,이륜,남,25세,중상,승용,남,40세,상해없음
2020021500100258,2020년 2월 15일 13시,토요일,경상남도 고성군 회화면,중상사고,0,1,0,0,차대차 - 측면충돌,안전운전불이행,건조,맑음,단일로 - 기타,승용,남,49세,상해없음,승용,여,44세,중상
2020021500100259,2020년 2월 15일 13시,토요일,경상남도 의령군 정곡면,경상사고,0,0,1,0,차량단독 - 전도전복 - 전도,안전운전불이행,건조,맑음,교차로 - 교차로안,이륜,여,68세,상해없음,,,,
2020021500100260,2020년 2월 15일 13시,토요일,경상남도 창원시 의창구 동읍,중상사고,0,1,4,1,차대차 - 추돌,안전거리미확보,건조,맑음,단일로 - 기타,승용,남,36세,부상신고,승용,남,48세,경상
2020021500100291,2020년 2월 15일 14시,토요일,경상남도 창녕군 영산면,중상사고,0,1,3,0,차대차 - 정면충돌,직진우회전진행방해,건조,맑음,교차로 - 교차로안,승용,남,32세,중상,승용,여,29세,경상
2020021500100292,2020년 2월 15일 14시,토요일,경상남도 김해시 관동동,중상사고,0,1,0,0,차대차 - 측면충돌,기타,건조,맑음,교차로 - 교차로안,승용,남,62세,상해없음,이륜,남,61세,중상
2020021500100320,2020년 2월 15일 15시,토요일,경상남도 거제시 고현동,중상사고,0,1,0,0,차대사람 - 기타,보행자보호의무위반,건조,맑음,교차로 - 교차로횡단보도내,승합,남,47세,상해없음,보행자,여,64세,중상
2020021500100321,2020년 2월 15일 15시,토요일,경상남도 창원시 의창구 대원동,경상사고,0,0,1,0,차대차 - 측면충돌,교차로운행방법위반,건조,맑음,교차로 - 교차로안,승용,남,30세,상해없음,승용,여,29세,경상
2020021500100346,2020년 2월 15일 16시,토요일,경상남도 창원시 진해구 석동,경상사고,0,0,2,0,차대차 - 추돌,안전운전불이행,건조,맑음,단일로 - 기타,승용,여,49세,상해없음,승용,남,35세,경상
2020021500100347,2020년 2월 15일 16시,토요일,경상남도 통영시 광도면,중상사고,0,1,2,0,차대차 - 측면충돌,안전운전불이행,건조,맑음,교차로 - 교차로안,승용,남,65세,상해없음,승용,여,40세,중상
2020021500100348,2020년 2월 15일 16시,토요일,경상남도 창원시 의창구 대산면,경상사고,0,0,2,0,차대차 - 측면충돌,신호위반,건조,맑음,교차로 - 교차로안,승용,남,61세,상해없음,승용,남,29세,경상
2020021500100390,2020년 2월 15일 17시,토요일,경상남도 김해시 외동,중상사고,0,1,0,0,차대차 - 측면충돌,기타,건조,맑음,교차로 - 교차로안,승용,남,46세,상해없음,자전거,남,11세,중상
2020021500100391,2020년 2월 15일 17시,토요일,경상남도 거제시 장목면,중상사고,0,1,0,0,차대사람 - 횡단중,안전운전불이행,건조,흐림,교차로 - 교차로안,승용,남,48세,상해없음,보행자,여,86세,중상
2020021500100392,2020년 2월 15일 17시,토요일,경상남도 함안군 칠원읍,경상사고,0,0,1,0,차대차 - 기타,신호위반,건조,맑음,교차로 - 교차로안,승용,여,36세,상해없음,화물,남,50세,경상
2020021500100428,2020년 2월 15일 18시,토요일,경상남도 창원시 진해구 충무동,경상사고,0,0,4,0,차대차 - 기타,교차로운행방법위반,건조,맑음,교차로 - 교차로안,승용,여,40세,상해없음,승용,남,48세,상해없음
2020021500100429,2020년 2월 15일 18시,토요일,경상남도 양산시 물금읍,경상사고,0,0,1,0,차대차 - 기타,신호위반,건조,맑음,단일로 - 기타,승용,남,57세,상해없음,이륜,남,18세,경상
2020021500100430,2020년 2월 15일 18시,토요일,경상남도 양산시 동면,중상사고,0,1,0,0,차대차 - 추돌,안전운전불이행,건조,맑음,교차로 - 교차로안,승용,남,54세,상해없음,화물,남,30세,중상
2020021500100431,2020년 2월 15일 18시,토요일,경상남도 거제시 고현동,중상사고,0,2,0,0,차대사람 - 기타,안전운전불이행,건조,맑음,교차로 - 교차로안,이륜,남,21세,중상,보행자,남,51세,중상
2020021500100432,2020년 2월 15일 18시,토요일,경상남도 창원시 마산합포구 산호동,경상사고,0,0,1,0,차대사람 - 횡단중,보행자보호의무위반,건조,맑음,교차로 - 교차로부근,승용,남,61세,상해없음,보행자,남,53세,경상
2020021500100465,2020년 2월 15일 19시,토요일,경상남도 창원시 마산합포구 월영동,중상사고,0,1,0,0,차대사람 - 차도통행중,안전운전불이행,건조,맑음,교차로 - 교차로부근,승용,남,39세,상해없음,보행자,남,49세,중상
2020021500100536,2020년 2월 15일 21시,토요일,경상남도 진주시 상대동,중상사고,0,1,0,0,차대사람 - 횡단중,안전운전불이행,건조,맑음,교차로 - 교차로부근,승용,남,21세,상해없음,보행자,남,52세,중상
2020021500100581,2020년 2월 15일 22시,토요일,경상남도 김해시 삼계동,중상사고,0,1,0,0,차대사람 - 기타,안전운전불이행,건조,맑음,단일로 - 기타,기타불명,기타불명,미분류,기타불명,보행자,남,15세,중상
2020021500100607,2020년 2월 15일 23시,토요일,경상남도 진주시 초전동,중상사고,0,1,0,0,차대사람 - 횡단중,보행자보호의무위반,건조,맑음,교차로 - 교차로횡단보도내,승용,남,43세,상해없음,보행자,여,32세,중상
2020021600100017,2020년 2월 16일 00시,일요일,경상남도 창원시 성산구 상남동,경상사고,0,0,1,0,차대사람 - 기타,안전운전불이행,건조,맑음,단일로 - 기타,기타불명,기타불명,미분류,기타불명,보행자,남,26세,경상
2020021600100039,2020년 2월 16일 01시,일요일,경상남도 밀양시 삼문동,경상사고,0,0,3,0,차대차 - 측면충돌,안전운전불이행,건조,맑음,교차로 - 교차로안,승용,남,43세,상해없음,승용,남,53세,경상
2020021600100111,2020년 2월 16일 05시,일요일,경상남도 김해시 동상동,사망사고,1,0,0,0,차대사람 - 횡단중,안전운전불이행,젖음/습기,비,단일로 - 기타,승용,남,61세,상해없음,보행자,남,73세,사망
2020021600100112,2020년 2월 16일 05시,일요일,경상남도 창원시 의창구 서상동,경상사고,0,0,1,0,차대차 - 추돌,안전거리미확보,젖음/습기,비,단일로 - 기타,승용,남,65세,상해없음,화물,남,58세,경상
2020021600100124,2020년 2월 16일 06시,일요일,경상남도 창원시 마산합포구 오동동,경상사고,0,0,1,0,차대차 - 추돌,안전운전불이행,건조,맑음,단일로 - 기타,승용,남,41세,경상,승합,남,42세,기타불명
2020021600100132,2020년 2월 16일 07시,일요일,경상남도 밀양시 상남면,경상사고,0,0,1,1,차대차 - 추돌,안전운전불이행,젖음/습기,흐림,단일로 - 기타,승용,남,28세,부상신고,승용,여,55세,경상
2020021600100155,2020년 2월 16일 09시,일요일,경상남도 거제시 고현동,중상사고,0,1,0,0,차대차 - 기타,신호위반,건조,맑음,교차로 - 교차로안,승합,남,61세,상해없음,승용,여,53세,중상
2020021600100168,2020년 2월 16일 10시,일요일,경상남도 거제시 고현동,경상사고,0,0,3,0,차대차 - 측면충돌,교차로운행방법위반,건조,맑음,교차로 - 교차로안,승용,여,55세,상해없음,승용,남,48세,경상
2020021600100208,2020년 2월 16일 12시,일요일,경상남도 창원시 진해구 이동,부상신고사고,0,0,0,1,차대차 - 기타,안전거리미확보,건조,맑음,단일로 - 기타,이륜,남,41세,부상신고,승용,남,35세,상해없음
2020021600100209,2020년 2월 16일 12시,일요일,경상남도 창원시 진해구 풍호동,경상사고,0,0,2,0,차대차 - 후진중충돌,안전운전불이행,건조,맑음,주차장 - 주차장,승용,남,48세,상해없음,승용,남,36세,경상
2020021600100210,2020년 2월 16일 12시,일요일,경상남도 창원시 성산구 남양동,중상사고,0,1,0,0,차대차 - 측면충돌,신호위반,건조,맑음,교차로 - 교차로횡단보도내,이륜,남,33세,상해없음,자전거,남,61세,중상
2020021600100211,2020년 2월 16일 12시,일요일,경상남도 창원시 의창구 팔용동,경상사고,0,0,2,0,차대차 - 측면충돌,안전운전불이행,건조,맑음,단일로 - 기타,승용,여,49세,상해없음,승용,남,70세,경상
2020021600100239,2020년 2월 16일 13시,일요일,경상남도 창원시 마산합포구 신포동2가,경상사고,0,0,1,0,차대사람 - 차도통행중,안전운전불이행,건조,맑음,단일로 - 기타,승용,남,43세,상해없음,보행자,여,63세,경상
2020021600100240,2020년 2월 16일 13시,일요일,경상남도 의령군 낙서면,중상사고,0,2,0,0,차대차 - 기타,중앙선침범,건조,맑음,단일로 - 기타,승용,남,63세,상해없음,화물,남,40세,중상
2020021600100241,2020년 2월 16일 13시,일요일,경상남도 창원시 의창구 소답동,경상사고,0,0,1,0,차대차 - 후진중충돌,안전운전불이행,건조,맑음,단일로 - 기타,승용,남,66세,상해없음,이륜,남,40세,경상
2020021600100242,2020년 2월 16일 13시,일요일,경상남도 김해시 전하동,경상사고,0,0,1,0,차대차 - 측면충돌,안전운전불이행,건조,맑음,단일로 - 기타,승용,남,56세,상해없음,자전거,남,11세,경상
2020021600100288,2020년 2월 16일 15시,일요일,경상남도 창원시 진해구 충무동,경상사고,0,0,1,0,차대사람 - 횡단중,보행자보호의무위반,건조,맑음,교차로 - 교차로횡단보도내,승합,남,33세,상해없음,보행자,남,8세,경상
2020021600100314,2020년 2월 16일 16시,일요일,경상남도 창녕군 창녕읍,중상사고,0,1,0,0,차대차 - 기타,안전운전불이행,건조,맑음,단일로 - 기타,화물,남,70세,중상,건설기계,남,58세,상해없음
2020021600100315,2020년 2월 16일 16시,일요일,경상남도 고성군 하일면,경상사고,0,0,2,0,차대차 - 측면충돌,교차로운행방법위반,건조,맑음,교차로 - 교차로안,화물,남,60세,상해없음,승용,남,22세,경상
2020021600100316,2020년 2월 16일 16시,일요일,경상남도 남해군 고현면,경상사고,0,0,1,0,차량단독 - 공작물충돌,안전운전불이행,건조,맑음,교차로 - 교차로안,승용,여,57세,경상,,,,
2020021600100342,2020년 2월 16일 17시,일요일,경상남도 밀양시 삼문동,경상사고,0,0,2,0,차대차 - 추돌,안전운전불이행,건조,맑음,교차로 - 교차로부근,승용,여,51세,상해없음,승용,남,30세,경상
2020021600100343,2020년 2월 16일 17시,일요일,경상남도 창원시 마산회원구 내서읍,경상사고,0,0,1,0,차대차 - 기타,안전운전불이행,건조,맑음,단일로 - 기타,승용,남,64세,상해없음,승용,남,49세,경상
2020021600100344,2020년 2월 16일 17시,일요일,경상남도 김해시 대청동,중상사고,0,1,0,0,차대사람 - 횡단중,보행자보호의무위반,건조,맑음,교차로 - 교차로안,승용,남,24세,상해없음,보행자,남,64세,중상
2020021600100410,2020년 2월 16일 19시,일요일,경상남도 사천시 사남면,경상사고,0,0,1,0,차대차 - 측면충돌,안전운전불이행,건조,맑음,교차로 - 교차로안,승용,여,42세,상해없음,이륜,남,35세,경상
2020021600100411,2020년 2월 16일 19시,일요일,경상남도 양산시 물금읍,경상사고,0,0,1,0,차대차 - 기타,기타,건조,맑음,단일로 - 기타,승용,남,50세,상해없음,이륜,남,47세,경상
2020021600100434,2020년 2월 16일 20시,일요일,경상남도 김해시 서상동,중상사고,0,1,0,0,차대차 - 측면충돌,신호위반,건조,맑음,교차로 - 교차로안,승용,남,53세,상해없음,이륜,남,39세,중상
2020021600100435,2020년 2월 16일 20시,일요일,경상남도 양산시 중부동,경상사고,0,0,2,0,차대사람 - 횡단중,보행자보호의무위반,건조,맑음,교차로 - 교차로부근,승용,여,38세,상해없음,보행자,남,19세,경상
2020021600100463,2020년 2월 16일 21시,일요일,경상남도 창원시 마산회원구 합성동,경상사고,0,0,1,0,차대사람 - 기타,안전운전불이행,건조,맑음,단일로 - 기타,승용,여,56세,상해없음,보행자,남,70세,경상
2020021600100479,2020년 2월 16일 22시,일요일,경상남도 거제시 연초면,경상사고,0,0,1,0,차대차 - 기타,안전운전불이행,건조,맑음,단일로 - 기타,승용,남,44세,상해없음,승용,남,36세,경상
2020021700100003,2020년 2월 17일 00시,월요일,경상남도 산청군 신안면,중상사고,0,1,0,1,차대차 - 정면충돌,중앙선침범,건조,맑음,단일로 - 기타,승용,남,61세,부상신고,화물,남,48세,중상
2020021700100040,2020년 2월 17일 06시,월요일,경상남도 김해시 동상동,경상사고,0,0,2,0,차대차 - 측면충돌,안전운전불이행,건조,맑음,단일로 - 기타,화물,남,54세,경상,승용,남,29세,경상
2020021700100061,2020년 2월 17일 07시,월요일,경상남도 양산시 평산동,중상사고,0,1,0,0,차대사람 - 기타,안전운전불이행,건조,맑음,교차로 - 교차로부근,승용,남,53세,상해없음,보행자,남,68세,중상
2020021700100062,2020년 2월 17일 07시,월요일,경상남도 거제시 연초면,경상사고,0,0,1,0,차대차 - 측면충돌,안전운전불이행,건조,맑음,교차로 - 교차로안,화물,남,75세,상해없음,승용,여,43세,경상
2020021700100063,2020년 2월 17일 07시,월요일,경상남도 창원시 성산구 토월동,경상사고,0,0,3,0,차대차 - 추돌,안전운전불이행,건조,맑음,단일로 - 기타,승용,남,62세,상해없음,승용,남,58세,경상
2020021700100064,2020년 2월 17일 07시,월요일,경상남도 창원시 성산구 가음정동,경상사고,0,0,1,0,차대사람 - 횡단중,보행자보호의무위반,건조,맑음,교차로 - 교차로횡단보도내,승용,남,29세,상해없음,보행자,남,48세,경상
2020021700100098,2020년 2월 17일 08시,월요일,경상남도 창원시 진해구 경화동,경상사고,0,0,1,0,차대차 - 측면충돌,안전운전불이행,건조,맑음,단일로 - 기타,승용,남,53세,상해없음,승용,여,56세,경상
2020021700100146,2020년 2월 17일 09시,월요일,경상남도 밀양시 상남면,경상사고,0,0,2,0,차대차 - 측면충돌,교차로운행방법위반,건조,맑음,교차로 - 교차로안,화물,남,71세,상해없음,승합,여,35세,경상
2020021700100183,2020년 2월 17일 10시,월요일,경상남도 김해시 내동,경상사고,0,0,1,0,차대차 - 기타,안전거리미확보,건조,맑음,단일로 - 기타,승용,여,47세,상해없음,원동기,남,25세,경상
2020021700100184,2020년 2월 17일 10시,월요일,경상남도 산청군 금서면,경상사고,0,0,2,0,차대차 - 정면충돌,중앙선침범,적설,눈,단일로 - 기타,승용,남,60세,상해없음,승용,남,47세,경상
2020021700100234,2020년 2월 17일 12시,월요일,경상남도 김해시 대동면,경상사고,0,0,1,0,차대차 - 측면충돌,안전거리미확보,건조,맑음,단일로 - 기타,화물,남,60세,상해없음,승용,여,29세,경상
2020021700100245,2020년 2월 17일 12시,월요일,경상남도 합천군 합천읍,중상사고,0,1,0,0,차대사람 - 기타,안전운전불이행,건조,맑음,단일로 - 기타,이륜,남,60세,상해없음,보행자,여,83세,중상
2020021700100291,2020년 2월 17일 13시,월요일,경상남도 양산시 상북면,경상사고,0,0,3,0,차대차 - 추돌,안전운전불이행,건조,맑음,교차로 - 교차로부근,승용,여,75세,기타불명,승용,남,57세,경상
2020021700100335,2020년 2월 17일 14시,월요일,경상남도 진주시 충무공동,중상사고,0,1,0,0,차대사람 - 횡단중,신호위반,건조,맑음,교차로 - 교차로횡단보도내,승용,여,58세,상해없음,보행자,남,10세,중상
2020021700100336,2020년 2월 17일 14시,월요일,경상남도 김해시 부원동,경상사고,0,0,1,0,차대차 - 기타,안전운전불이행,건조,맑음,교차로 - 교차로안,승용,남,63세,상해없음,승용,여,46세,경상
2020021700100414,2020년 2월 17일 16시,월요일,경상남도 거창군 거창읍,경상사고,0,0,1,0,차량단독 - 기타,안전운전불이행,젖음/습기,눈,단일로 - 기타,이륜,남,76세,경상,,,,
2020021700100415,2020년 2월 17일 16시,월요일,경상남도 양산시 물금읍,중상사고,0,1,1,0,차대차 - 측면충돌,신호위반,건조,맑음,교차로 - 교차로안,승용,남,55세,상해없음,승용,남,32세,중상
2020021700100416,2020년 2월 17일 16시,월요일,경상남도 창원시 성산구 중앙동,경상사고,0,0,3,0,차대차 - 추돌,안전운전불이행,건조,맑음,교차로 - 교차로안,승용,남,59세,상해없음,승용,남,44세,경상
2020021700100499,2020년 2월 17일 18시,월요일,경상남도 밀양시 삼랑진읍,중상사고,0,2,1,0,차대차 - 측면충돌,안전운전불이행,건조,맑음,교차로 - 교차로안,승용,남,33세,중상,승용,남,47세,중상
2020021700100500,2020년 2월 17일 18시,월요일,경상남도 양산시 북정동,경상사고,0,0,2,0,차대차 - 측면충돌,안전운전불이행,건조,맑음,교차로 - 교차로안,승용,남,58세,상해없음,화물,남,64세,경상
2020021700100501,2020년 2월 17일 18시,월요일,경상남도 창원시 성산구 성주동,경상사고,0,0,1,0,차대차 - 측면충돌,신호위반,건조,맑음,교차로 - 교차로안,승용,여,38세,상해없음,승용,남,57세,경상
2020021700100549,2020년 2월 17일 19시,월요일,경상남도 진주시 신안동,중상사고,0,1,0,0,차대차 - 측면충돌,안전거리미확보,건조,흐림,단일로 - 기타,승용,남,41세,상해없음,이륜,남,21세,중상
2020021700100550,2020년 2월 17일 19시,월요일,경상남도 창원시 성산구 사파동,경상사고,0,0,1,0,차대차 - 추돌,안전운전불이행,건조,맑음,단일로 - 기타,승용,남,28세,상해없음,승용,여,41세,경상
2020021700100639,2020년 2월 17일 21시,월요일,경상남도 양산시 물금읍,중상사고,0,1,2,0,차대차 - 측면충돌,안전운전불이행,건조,맑음,교차로 - 교차로부근,이륜,남,24세,중상,승용,남,20세,경상
2020021700100692,2020년 2월 17일 23시,월요일,경상남도 김해시 외동,중상사고,0,1,0,0,차대차 - 추돌,안전운전불이행,건조,맑음,단일로 - 기타,승용,여,59세,상해없음,승용,남,58세,중상
2020021800100046,2020년 2월 18일 05시,화요일,경상남도 창원시 성산구 가음정동,중상사고,0,1,2,0,차대차 - 측면충돌,신호위반,건조,맑음,교차로 - 교차로안,승용,남,31세,중상,승합,남,32세,경상
2020021800100069,2020년 2월 18일 06시,화요일,경상남도 창원시 마산회원구 회원동,중상사고,0,1,0,0,차대사람 - 횡단중,안전운전불이행,건조,맑음,단일로 - 기타,이륜,남,55세,상해없음,보행자,남,59세,중상
2020021800100127,2020년 2월 18일 08시,화요일,경상남도 창원시 진해구 장천동,중상사고,0,1,1,0,차대차 - 추돌,안전운전불이행,건조,맑음,단일로 - 기타,건설기계,남,64세,상해없음,승용,남,56세,중상
2020021800100128,2020년 2월 18일 08시,화요일,경상남도 김해시 부원동,경상사고,0,0,1,0,차대사람 - 횡단중,보행자보호의무위반,건조,맑음,교차로 - 교차로횡단보도내,승합,남,63세,상해없음,보행자,남,36세,경상
2020021800100129,2020년 2월 18일 08시,화요일,경상남도 고성군 고성읍,경상사고,0,0,1,0,차대차 - 기타,중앙선침범,건조,맑음,단일로 - 기타,화물,남,64세,상해없음,승용,남,76세,경상
2020021800100130,2020년 2월 18일 08시,화요일,경상남도 함안군 산인면,부상신고사고,0,0,0,1,차량단독 - 도로외이탈 - 기타,안전운전불이행,젖음/습기,맑음,단일로 - 기타,승용,남,60세,부상신고,,,,
2020021800100131,2020년 2월 18일 08시,화요일,경상남도 함안군 산인면,중상사고,0,1,0,0,차량단독 - 전도전복 - 전도,안전운전불이행,젖음/습기,맑음,단일로 - 기타,승용,여,50세,중상,,,,
2020021800100162,2020년 2월 18일 09시,화요일,경상남도 함안군 산인면,중상사고,0,1,0,0,차대차 - 측면충돌,신호위반,건조,맑음,교차로 - 교차로안,승용,남,61세,상해없음,승용,여,59세,중상
2020021800100163,2020년 2월 18일 09시,화요일,경상남도 김해시 진영읍,경상사고,0,0,2,0,차대차 - 측면충돌,안전운전불이행,건조,맑음,교차로 - 교차로부근,화물,남,31세,경상,화물,남,66세,경상
2020021800100191,2020년 2월 18일 10시,화요일,경상남도 진주시 상대동,중상사고,0,1,1,0,차대차 - 측면충돌,신호위반,건조,맑음,교차로 - 교차로안,승용,여,57세,경상,승용,여,34세,중상
2020021800100192,2020년 2월 18일 10시,화요일,경상남도 합천군 합천읍,중상사고,0,1,0,0,차대차 - 측면충돌,교차로운행방법위반,건조,맑음,교차로 - 교차로안,화물,남,46세,상해없음,자전거,여,68세,중상
2020021800100230,2020년 2월 18일 11시,화요일,경상남도 창녕군 영산면,중상사고,0,1,0,0,차대차 - 기타,안전운전불이행,건조,맑음,교차로 - 교차로안,화물,남,72세,상해없음,이륜,남,68세,중상
2020021800100265,2020년 2월 18일 12시,화요일,경상남도 밀양시 삼랑진읍,경상사고,0,0,2,0,차대차 - 측면충돌,안전운전불이행,건조,맑음,교차로 - 교차로안,승합,남,46세,상해없음,승용,여,52세,경상
2020021800100266,2020년 2월 18일 12시,화요일,경상남도 양산시 신기동,부상신고사고,0,0,0,1,차대사람 - 기타,안전운전불이행,건조,맑음,단일로 - 기타,승합,남,55세,상해없음,보행자,여,64세,부상신고
2020021800100304,2020년 2월 18일 13시,화요일,경상남도 창녕군 창녕읍,중상사고,0,1,0,0,차대사람 - 기타,안전운전불이행,건조,맑음,교차로 - 교차로안,승합,남,75세,상해없음,보행자,남,56세,중상
2020021800100305,2020년 2월 18일 13시,화요일,경상남도 양산시 중부동,경상사고,0,0,2,3,차대차 - 측면충돌,안전운전불이행,건조,맑음,교차로 - 교차로안,화물,남,48세,부상신고,승용,남,37세,경상
2020021800100306,2020년 2월 18일 13시,화요일,경상남도 창원시 성산구 가음정동,중상사고,0,1,0,0,차대차 - 측면충돌,신호위반,건조,맑음,교차로 - 교차로안,승용,여,46세,상해없음,화물,남,65세,중상
2020021800100350,2020년 2월 18일 14시,화요일,경상남도 창원시 의창구 북면,경상사고,0,0,1,0,차대차 - 추돌,안전거리미확보,건조,맑음,단일로 - 기타,화물,남,55세,상해없음,승용,남,57세,경상
2020021800100351,2020년 2월 18일 14시,화요일,경상남도 창원시 의창구 팔용동,경상사고,0,0,2,0,차대차 - 추돌,안전거리미확보,건조,맑음,단일로 - 고가도로위,화물,남,28세,상해없음,승용,남,83세,경상
2020021800100433,2020년 2월 18일 16시,화요일,경상남도 밀양시 무안면,경상사고,0,0,2,0,차대차 - 측면충돌,안전운전불이행,건조,맑음,단일로 - 기타,승용,여,57세,상해없음,승용,남,20세,경상
2020021800100434,2020년 2월 18일 16시,화요일,경상남도 김해시 삼정동,경상사고,0,0,2,0,차대차 - 추돌,안전운전불이행,건조,맑음,교차로 - 교차로안,승용,남,63세,기타불명,승용,남,48세,경상
2020021800100435,2020년 2월 18일 16시,화요일,경상남도 김해시 내동,경상사고,0,0,1,0,차대사람 - 차도통행중,안전운전불이행,건조,맑음,단일로 - 기타,화물,남,44세,상해없음,보행자,여,68세,경상
2020021800100557,2020년 2월 18일 18시,화요일,경상남도 진주시 충무공동,경상사고,0,0,2,0,차대사람 - 횡단중,신호위반,건조,맑음,단일로 - 기타,이륜,남,25세,경상,보행자,여,22세,경상
2020021800100558,2020년 2월 18일 18시,화요일,경상남도 창원시 진해구 석동,경상사고,0,0,2,0,차대사람 - 차도통행중,안전운전불이행,건조,맑음,교차로 - 교차로부근,원동기,남,34세,경상,보행자,여,31세,경상
2020021800100559,2020년 2월 18일 18시,화요일,경상남도 김해시 삼방동,중상사고,0,1,0,0,차대차 - 기타,안전운전불이행,건조,맑음,단일로 - 기타,승용,남,65세,상해없음,원동기,남,43세,중상
2020021800100560,2020년 2월 18일 18시,화요일,경상남도 양산시 물금읍,경상사고,0,0,1,0,차대차 - 측면충돌,안전거리미확보,건조,맑음,교차로 - 교차로안,승용,여,33세,상해없음,승용,남,61세,경상
2020021800100620,2020년 2월 18일 19시,화요일,경상남도 사천시 사천읍,중상사고,0,1,1,1,차대차 - 측면충돌,직진우회전진행방해,건조,맑음,교차로 - 교차로안,승용,남,28세,경상,승용,여,33세,중상
2020021800100676,2020년 2월 18일 20시,화요일,경상남도 창원시 마산합포구 대외동,부상신고사고,0,0,0,1,차대차 - 측면충돌,직진우회전진행방해,건조,맑음,교차로 - 교차로안,승용,여,58세,상해없음,이륜,남,22세,부상신고
2020021800100677,2020년 2월 18일 20시,화요일,경상남도 김해시 구산동,중상사고,0,1,0,0,차대차 - 기타,안전운전불이행,건조,맑음,교차로 - 교차로안,화물,남,51세,상해없음,원동기,남,40세,중상
2020021800100702,2020년 2월 18일 21시,화요일,경상남도 김해시 서상동,경상사고,0,0,1,0,차대사람 - 횡단중,신호위반,건조,맑음,교차로 - 교차로횡단보도내,승용,남,60세,상해없음,보행자,여,61세,경상
2020021800100740,2020년 2월 18일 22시,화요일,경상남도 양산시 동면,중상사고,0,1,0,0,차대차 - 기타,안전운전불이행,건조,맑음,단일로 - 기타,승용,남,29세,기타불명,승용,남,50세,기타불명
2020021800100761,2020년 2월 18일 23시,화요일,경상남도 창원시 성산구 내동,경상사고,0,0,2,0,차대차 - 측면충돌,신호위반,건조,맑음,교차로 - 교차로안,승용,남,65세,상해없음,승용,남,59세,경상
2020021900100009,2020년 2월 19일 00시,수요일,경상남도 창원시 성산구 상남동,경상사고,0,0,1,0,차대차 - 기타,안전운전불이행,건조,맑음,단일로 - 기타,화물,남,31세,상해없음,승용,남,65세,경상