사고번호,사고일시,요일,시군구,사고내용,사망자수,중상자수,경상자수,부상신고자수,사고유형,법규위반,노면상태,기상상태,도로형태,가해운전자 차종,가해운전자 성별,가해운전자 연령,가해운전자 상해정도,피해운전자 차종,피해운전자 성별,피해운전자 연령,피해운전자 상해정도
2020022800100280,2020년 2월 28일 17시,금요일,경상남도 양산시 중부동,중상사고,0,1,0,0,차대차 - 측면충돌,신호위반,젖음/습기,비,교차로 - 교차로안,화물,남,58세,상해없음,이륜,남,27세,중상
2020022800100281,2020년 2월 28일 17시,금요일,경상남도 창원시 성산구 중앙동,경상사고,0,0,1,0,차대차 - 추돌,안전운전불이행,건조,맑음,교차로 - 교차로안,승용,남,53세,상해없음,승용,남,57세,경상
2020022800100313,2020년 2월 28일 18시,금요일,경상남도 창녕군 남지읍,경상사고,0,0,2,0,차대차 - 정면충돌,중앙선침범,젖음/습기,비,단일로 - 기타,승용,남,70세,상해없음,승용,남,44세,경상
2020022800100314,2020년 2월 28일 18시,금요일,경상남도 산청군 생비량면,부상신고사고,0,0,0,1,차량단독 - 공작물충돌,안전운전불이행,젖음/습기,비,단일로 - 기타,승용,여,50세,부상신고,,,,
2020022800100315,2020년 2월 28일 18시,금요일,경상남도 창원시 의창구 용호동,경상사고,0,0,1,0,차대차 - 측면충돌,안전운전불이행,건조,맑음,교차로 - 교차로안,승용,여,46세,상해없음,이륜,남,20세,경상
2020022800100316,2020년 2월 28일 18시,금요일,경상남도 김해시 명법동,중상사고,0,3,1,0,차대차 - 추돌,안전운전불이행,젖음/습기,비,단일로 - 기타,화물,남,38세,경상,승용,여,40세,중상
2020022800100363,2020년 2월 28일 19시,금요일,경상남도 통영시 도천동,경상사고,0,0,1,0,차대차 - 추돌,안전운전불이행,건조,맑음,교차로 - 교차로부근,승용,남,48세,상해없음,승용,남,50세,경상
2020022800100364,2020년 2월 28일 19시,금요일,경상남도 김해시 진영읍,중상사고,0,1,2,0,차대차 - 추돌,안전운전불이행,건조,맑음,단일로 - 기타,승용,남,42세,경상,승용,여,38세,경상
2020022800100442,2020년 2월 28일 22시,금요일,경상남도 진주시 봉곡동,경상사고,0,0,1,0,차대사람 - 차도통행중,안전운전불이행,건조,맑음,단일로 - 기타,승용,남,34세,상해없음,보행자,남,50세,경상
2020022800100443,2020년 2월 28일 22시,금요일,경상남도 김해시 신문동,중상사고,0,1,0,0,차대차 - 측면충돌,신호위반,건조,맑음,교차로 - 교차로안,승용,남,36세,상해없음,이륜,남,28세,중상
2020022800100444,2020년 2월 28일 22시,금요일,경상남도 산청군 단성면,경상사고,0,0,2,0,차대차 - 추돌,안전거리미확보,건조,맑음,단일로 - 기타,승용,남,77세,기타불명,화물,남,45세,경상
2020022800100463,2020년 2월 28일 23시,금요일,경상남도 진주시 하대동,중상사고,0,1,0,0,차대사람 - 기타,안전운전불이행,건조,흐림,단일로 - 기타,승용,남,55세,상해없음,보행자,남,77세,중상
2020022800100464,2020년 2월 28일 23시,금요일,경상남도 창원시 마산회원구 합성동,경상사고,0,0,1,0,차대사람 - 보도통행중,기타,건조,기타,단일로 - 기타,승용,남,64세,상해없음,보행자,남,21세,경상
2020022900100068,2020년 2월 29일 05시,토요일,경상남도 사천시 용현면,경상사고,0,0,1,0,차량단독 - 기타,안전운전불이행,건조,맑음,교차로 - 교차로안,이륜,남,52세,경상,,,,
2020022900100091,2020년 2월 29일 08시,토요일,경상남도 진주시 충무공동,중상사고,0,1,0,0,차대차 - 측면충돌,신호위반,건조,맑음,교차로 - 교차로안,승용,남,48세,상해없음,자전거,남,38세,중상
2020022900100092,2020년 2월 29일 08시,토요일,경상남도 양산시 원동면,중상사고,0,1,3,0,차대차 - 정면충돌,중앙선침범,젖음/습기,흐림,단일로 - 기타,승용,여,42세,중상,승용,남,26세,경상
2020022900100104,2020년 2월 29일 09시,토요일,경상남도 창원시 진해구 석동,중상사고,0,1,0,0,차량단독 - 공작물충돌,안전운전불이행,건조,흐림,단일로 - 터널,원동기,남,27세,중상,,,,
2020022900100120,2020년 2월 29일 10시,토요일,경상남도 양산시 평산동,중상사고,0,1,0,0,차대차 - 기타,안전운전불이행,건조,맑음,교차로 - 교차로안,화물,남,80세,상해없음,원동기,남,79세,중상
2020022900100139,2020년 2월 29일 11시,토요일,경상남도 통영시 광도면,경상사고,0,0,2,0,차대차 - 측면충돌,안전거리미확보,건조,맑음,단일로 - 기타,건설기계,남,48세,상해없음,승용,남,68세,경상
2020022900100140,2020년 2월 29일 11시,토요일,경상남도 양산시 중부동,경상사고,0,0,1,0,차대사람 - 기타,안전운전불이행,건조,맑음,기타 - 기타,승용,남,50세,상해없음,보행자,여,72세,경상
2020022900100141,2020년 2월 29일 11시,토요일,경상남도 남해군 창선면,경상사고,0,0,1,0,차대차 - 추돌,안전운전불이행,건조,맑음,교차로 - 교차로안,화물,남,80세,상해없음,원동기,남,46세,경상
2020022900100183,2020년 2월 29일 13시,토요일,경상남도 산청군 오부면,경상사고,0,0,1,0,차량단독 - 기타,안전운전불이행,건조,맑음,단일로 - 기타,이륜,남,54세,경상,,,,
2020022900100205,2020년 2월 29일 14시,토요일,경상남도 진주시 가좌동,중상사고,0,1,0,0,차대차 - 측면충돌,교차로운행방법위반,건조,맑음,교차로 - 교차로안,승용,남,47세,상해없음,승용,여,31세,중상
2020022900100206,2020년 2월 29일 14시,토요일,경상남도 사천시 벌리동,경상사고,0,0,1,1,차대차 - 측면충돌,직진우회전진행방해,건조,맑음,교차로 - 교차로안,이륜,남,81세,경상,승용,남,43세,부상신고
2020022900100235,2020년 2월 29일 15시,토요일,경상남도 사천시 사천읍,부상신고사고,0,0,0,1,차량단독 - 전도전복 - 전복,기타,건조,맑음,단일로 - 기타,이륜,남,76세,부상신고,,,,
2020022900100236,2020년 2월 29일 15시,토요일,경상남도 함양군 안의면,중상사고,0,2,0,0,차대차 - 측면충돌,직진우회전진행방해,건조,맑음,교차로 - 교차로안,화물,남,56세,상해없음,승용,남,72세,중상
2020022900100237,2020년 2월 29일 15시,토요일,경상남도 양산시 동면,경상사고,0,0,2,0,차대차 - 추돌,안전운전불이행,건조,맑음,단일로 - 기타,승용,남,34세,상해없음,승용,남,33세,경상
2020022900100261,2020년 2월 29일 16시,토요일,경상남도 양산시 북부동,사망사고,1,1,0,0,차대사람 - 횡단중,안전운전불이행,건조,맑음,교차로 - 교차로안,승용,남,35세,상해없음,보행자,남,76세,사망
2020022900100280,2020년 2월 29일 17시,토요일,경상남도 창원시 진해구 여좌동,중상사고,0,1,0,0,차대사람 - 차도통행중,안전운전불이행,건조,맑음,단일로 - 기타,승용,남,46세,상해없음,보행자,남,73세,중상
2020022900100281,2020년 2월 29일 17시,토요일,경상남도 거창군 웅양면,사망사고,3,3,0,0,차량단독 - 전도전복 - 전도,과속,건조,맑음,단일로 - 기타,화물,남,74세,중상,,,,
2020022900100298,2020년 2월 29일 18시,토요일,경상남도 양산시 북부동,경상사고,0,0,1,0,차대사람 - 기타,안전운전불이행,건조,맑음,단일로 - 기타,승용,남,28세,상해없음,보행자,남,60세,경상
2020022900100326,2020년 2월 29일 19시,토요일,경상남도 산청군 오부면,중상사고,0,1,1,0,차대차 - 추돌,안전운전불이행,건조,맑음,단일로 - 기타,승용,남,42세,경상,화물,남,52세,중상
2020022900100346,2020년 2월 29일 20시,토요일,경상남도 창원시 진해구 경화동,중상사고,0,1,0,0,차대차 - 추돌,안전운전불이행,건조,맑음,단일로 - 기타,승용,남,57세,상해없음,승용,여,38세,중상
2020022900100361,2020년 2월 29일 21시,토요일,경상남도 통영시 봉평동,경상사고,0,0,1,0,차대차 - 측면충돌,안전운전불이행,건조,맑음,교차로 - 교차로안,승용,남,43세,상해없음,승용,남,67세,경상
2020022900100362,2020년 2월 29일 21시,토요일,경상남도 창원시 성산구 반지동,경상사고,0,0,4,0,차대차 - 측면충돌,안전운전불이행,건조,맑음,교차로 - 교차로안,승용,남,27세,상해없음,승용,여,46세,경상
2020030100100028,2020년 3월 1일 02시,일요일,경상남도 고성군 고성읍,경상사고,0,0,1,0,차대차 - 기타,중앙선침범,건조,맑음,단일로 - 기타,승용,남,24세,상해없음,승용,남,52세,경상
2020030100100083,2020년 3월 1일 11시,일요일,경상남도 창원시 진해구 석동,경상사고,0,0,1,0,차대차 - 측면충돌,안전운전불이행,건조,맑음,교차로 - 교차로안,승용,여,70세,상해없음,승용,여,51세,경상
2020030100100174,2020년 3월 1일 16시,일요일,경상남도 함안군 칠원읍,중상사고,0,1,0,0,차대사람 - 기타,안전운전불이행,건조,맑음,기타 - 기타,승용,남,62세,상해없음,보행자,남,55세,중상
2020030100100277,2020년 3월 1일 22시,일요일,경상남도 사천시 사천읍,경상사고,0,0,1,0,차대차 - 측면충돌,신호위반,건조,맑음,교차로 - 교차로안,승용,남,59세,상해없음,승용,여,30세,경상
2020030200100019,2020년 3월 2일 03시,월요일,경상남도 창원시 진해구 풍호동,경상사고,0,0,1,0,차대차 - 기타,안전운전불이행,건조,맑음,단일로 - 기타,화물,여,54세,상해없음,화물,남,42세,경상
2020030200100034,2020년 3월 2일 05시,월요일,경상남도 창원시 성산구 내동,중상사고,0,2,0,0,차대사람 - 횡단중,교차로운행방법위반,건조,맑음,교차로 - 교차로횡단보도내,승용,여,48세,상해없음,보행자,여,70세,중상
2020030200100063,2020년 3월 2일 07시,월요일,경상남도 양산시 중부동,경상사고,0,0,1,0,차대차 - 측면충돌,신호위반,건조,맑음,교차로 - 교차로안,승용,남,40세,상해없음,승용,여,33세,경상
2020030200100135,2020년 3월 2일 10시,월요일,경상남도 창원시 진해구 여좌동,중상사고,0,1,0,0,차대사람 - 차도통행중,안전운전불이행,건조,맑음,단일로 - 기타,승용,남,67세,상해없음,보행자,여,68세,중상
2020030200100163,2020년 3월 2일 11시,월요일,경상남도 창원시 진해구 용원동,경상사고,0,0,1,0,차대차 - 측면충돌,안전거리미확보,건조,맑음,교차로 - 교차로안,화물,남,62세,상해없음,승용,여,59세,경상
2020030200100164,2020년 3월 2일 11시,월요일,경상남도 창원시 의창구 용호동,경상사고,0,0,1,0,차대차 - 측면충돌,안전운전불이행,건조,맑음,교차로 - 교차로부근,승용,여,52세,상해없음,화물,남,33세,경상
2020030200100182,2020년 3월 2일 12시,월요일,경상남도 통영시 정량동,부상신고사고,0,0,0,1,차량단독 - 기타,안전운전불이행,건조,맑음,교차로 - 교차로안,이륜,남,42세,부상신고,,,,
2020030200100183,2020년 3월 2일 12시,월요일,경상남도 밀양시 하남읍,경상사고,0,0,2,0,차대차 - 추돌,안전운전불이행,건조,맑음,교차로 - 교차로안,승용,남,61세,상해없음,화물,남,36세,경상
2020030200100184,2020년 3월 2일 12시,월요일,경상남도 김해시 부원동,중상사고,0,1,1,0,차대차 - 기타,신호위반,건조,맑음,교차로 - 교차로안,승용,남,46세,경상,화물,남,46세,중상
2020030200100185,2020년 3월 2일 12시,월요일,경상남도 거제시 아주동,경상사고,0,0,1,0,차대차 - 기타,안전운전불이행,건조,맑음,교차로 - 교차로안,승용,남,47세,상해없음,승용,여,58세,경상
2020030200100212,2020년 3월 2일 13시,월요일,경상남도 남해군 이동면,경상사고,0,0,1,0,차대차 - 측면충돌,안전운전불이행,건조,맑음,단일로 - 기타,승용,여,60세,경상,건설기계,남,50세,상해없음
2020030200100213,2020년 3월 2일 13시,월요일,경상남도 남해군 삼동면,경상사고,0,0,3,0,차대차 - 추돌,안전운전불이행,건조,맑음,단일로 - 기타,승용,여,59세,경상,승용,남,57세,경상
2020030200100259,2020년 3월 2일 15시,월요일,경상남도 창원시 마산합포구 월남동4가,부상신고사고,0,0,0,1,차대차 - 기타,중앙선침범,건조,맑음,교차로 - 교차로부근,자전거,여,60세,부상신고,승용,남,44세,상해없음
2020030200100260,2020년 3월 2일 15시,월요일,경상남도 창원시 진해구 여좌동,경상사고,0,0,2,0,차대차 - 추돌,안전거리미확보,건조,맑음,교차로 - 교차로부근,승용,남,80세,경상,승용,여,43세,경상
2020030200100261,2020년 3월 2일 15시,월요일,경상남도 창원시 마산회원구 회성동,경상사고,0,0,2,0,차대차 - 측면충돌,안전운전불이행,건조,맑음,단일로 - 기타,화물,남,64세,상해없음,화물,남,28세,경상
2020030200100286,2020년 3월 2일 16시,월요일,경상남도 창원시 마산합포구 자산동,중상사고,0,1,0,0,차대차 - 측면충돌,안전운전불이행,건조,맑음,교차로 - 교차로부근,승용,남,37세,기타불명,건설기계,남,41세,중상
2020030200100287,2020년 3월 2일 16시,월요일,경상남도 통영시 도산면,경상사고,0,0,1,1,차대차 - 추돌,안전운전불이행,건조,맑음,단일로 - 기타,이륜,남,15세,부상신고,승용,여,28세,상해없음
2020030200100288,2020년 3월 2일 16시,월요일,경상남도 남해군 창선면,부상신고사고,0,0,0,1,차량단독 - 도로외이탈 - 추락,안전운전불이행,건조,맑음,단일로 - 기타,농기계,남,64세,부상신고,,,,
2020030200100289,2020년 3월 2일 16시,월요일,경상남도 창원시 의창구 동읍,경상사고,0,0,2,0,차대차 - 측면충돌,중앙선침범,건조,맑음,교차로 - 교차로안,승용,남,37세,상해없음,화물,남,47세,경상
2020030200100315,2020년 3월 2일 17시,월요일,경상남도 창녕군 성산면,부상신고사고,0,0,0,1,차대차 - 추돌,안전거리미확보,건조,맑음,단일로 - 기타,화물,남,60세,상해없음,화물,남,28세,부상신고
2020030200100351,2020년 3월 2일 18시,월요일,경상남도 창원시 의창구 팔용동,경상사고,0,0,1,0,차대차 - 추돌,안전운전불이행,건조,맑음,단일로 - 기타,승용,남,60세,상해없음,이륜,남,43세,경상
2020030200100384,2020년 3월 2일 19시,월요일,경상남도 거제시 옥포동,중상사고,0,1,0,0,차대차 - 기타,안전운전불이행,건조,맑음,단일로 - 기타,승용,여,44세,상해없음,이륜,남,36세,중상
2020030200100385,2020년 3월 2일 19시,월요일,경상남도 창원시 의창구 서상동,경상사고,0,0,1,0,차량단독 - 기타,기타,건조,맑음,단일로 - 기타,승합,남,56세,상해없음,,,,
2020030200100401,2020년 3월 2일 20시,월요일,경상남도 김해시 내동,경상사고,0,0,1,0,차대차 - 추돌,안전운전불이행,건조,맑음,교차로 - 교차로부근,승용,남,61세,상해없음,화물,남,33세,경상
2020030200100430,2020년 3월 2일 21시,월요일,경상남도 밀양시 내이동,경상사고,0,0,1,0,차대차 - 측면충돌,신호위반,건조,맑음,교차로 - 교차로안,승용,여,49세,상해없음,승용,여,63세,경상
2020030200100431,2020년 3월 2일 21시,월요일,경상남도 창원시 성산구 창곡동,경상사고,0,0,1,0,차대차 - 측면충돌,신호위반,건조,맑음,단일로 - 터널,승용,남,31세,상해없음,승용,남,38세,상해없음
2020030300100021,2020년 3월 3일 02시,화요일,경상남도 창원시 진해구 석동,중상사고,0,1,0,0,차대사람 - 횡단중,안전운전불이행,건조,맑음,교차로 - 교차로부근,승용,여,26세,상해없음,보행자,남,49세,중상
2020030300100030,2020년 3월 3일 04시,화요일,경상남도 창원시 마산회원구 내서읍,중상사고,0,1,0,0,차대차 - 추돌,안전운전불이행,건조,맑음,단일로 - 기타,승용,남,32세,상해없음,화물,남,60세,중상
2020030300100051,2020년 3월 3일 06시,화요일,경상남도 거제시 고현동,경상사고,0,0,1,0,차대차 - 측면충돌,차로위반,건조,맑음,단일로 - 기타,승용,남,32세,상해없음,이륜,남,40세,경상
2020030300100068,2020년 3월 3일 07시,화요일,경상남도 사천시 정동면,경상사고,0,0,2,0,차대차 - 측면충돌,신호위반,건조,맑음,교차로 - 교차로안,승용,여,36세,경상,화물,남,51세,경상
2020030300100069,2020년 3월 3일 07시,화요일,경상남도 김해시 삼정동,경상사고,0,0,1,0,차대차 - 기타,안전운전불이행,건조,맑음,단일로 - 기타,승용,남,52세,상해없음,승합,여,59세,경상
2020030300100108,2020년 3월 3일 09시,화요일,경상남도 김해시 외동,중상사고,0,1,1,0,차대차 - 추돌,교차로운행방법위반,건조,맑음,교차로 - 교차로안,화물,남,68세,경상,이륜,남,27세,중상
2020030300100109,2020년 3월 3일 09시,화요일,경상남도 창원시 의창구 서상동,경상사고,0,0,1,0,차대차 - 기타,안전운전불이행,건조,맑음,교차로 - 교차로부근,승용,남,20세,상해없음,자전거,남,66세,경상
2020030300100131,2020년 3월 3일 10시,화요일,경상남도 창원시 진해구 창선동,경상사고,0,0,1,0,차대차 - 기타,직진우회전진행방해,건조,맑음,교차로 - 교차로안,승용,남,36세,상해없음,승용,남,27세,경상
2020030300100197,2020년 3월 3일 13시,화요일,경상남도 산청군 산청읍,중상사고,0,1,0,0,차량단독 - 도로외이탈 - 추락,안전운전불이행,건조,맑음,단일로 - 기타,이륜,여,67세,중상,,,,
2020030300100241,2020년 3월 3일 16시,화요일,경상남도 김해시 대동면,경상사고,0,0,1,0,차대차 - 기타,안전운전불이행,건조,맑음,단일로 - 기타,승용,남,68세,상해없음,화물,남,42세,경상
2020030300100250,2020년 3월 3일 16시,화요일,경상남도 고성군 고성읍,중상사고,0,1,0,0,차대차 - 정면충돌,안전운전불이행,건조,맑음,기타 - 기타,승용,남,60세,상해없음,이륜,남,49세,중상
2020030300100269,2020년 3월 3일 17시,화요일,경상남도 양산시 남부동,중상사고,0,1,0,0,차대사람 - 횡단중,안전운전불이행,건조,맑음,교차로 - 교차로안,승용,남,71세,상해없음,보행자,여,74세,중상
2020030300100296,2020년 3월 3일 18시,화요일,경상남도 창원시 마산회원구 양덕동,경상사고,0,0,1,0,차대차 - 측면충돌,안전운전불이행,건조,맑음,교차로 - 교차로안,원동기,남,63세,상해없음,승용,남,57세,경상
2020030300100323,2020년 3월 3일 19시,화요일,경상남도 진주시 상대동,경상사고,0,0,1,0,차대사람 - 기타,안전운전불이행,건조,맑음,기타 - 기타,승용,남,41세,상해없음,보행자,남,30세,경상
2020030300100324,2020년 3월 3일 19시,화요일,경상남도 창원시 마산회원구 양덕동,경상사고,0,0,1,0,차대차 - 기타,안전운전불이행,건조,맑음,교차로 - 교차로안,화물,남,63세,상해없음,특수,남,49세,상해없음
2020030300100325,2020년 3월 3일 19시,화요일,경상남도 김해시 진례면,경상사고,0,0,1,0,차대차 - 측면충돌,중앙선침범,건조,맑음,단일로 - 기타,사륜오토바이(ATV),남,72세,경상,승용,남,28세,상해없음
2020030300100371,2020년 3월 3일 21시,화요일,경상남도 창원시 마산합포구 상남동,경상사고,0,0,1,0,차대차 - 기타,기타,건조,맑음,교차로 - 교차로부근,승용,남,72세,상해없음,자전거,남,55세,경상
2020030300100372,2020년 3월 3일 21시,화요일,경상남도 창원시 의창구 서상동,경상사고,0,0,1,0,차대차 - 추돌,안전운전불이행,건조,기타,단일로 - 기타,승용,남,64세,상해없음,승합,남,59세,상해없음
2020030300100389,2020년 3월 3일 22시,화요일,경상남도 진주시 계동,경상사고,0,0,2,0,차대차 - 측면충돌,신호위반,건조,맑음,교차로 - 교차로안,승용,남,59세,상해없음,승용,남,25세,경상
2020030300100390,2020년 3월 3일 22시,화요일,경상남도 진주시 충무공동,경상사고,0,0,1,0,차대차 - 추돌,안전운전불이행,건조,맑음,교차로 - 교차로부근,승용,남,39세,상해없음,승용,남,45세,경상
2020030300100391,2020년 3월 3일 22시,화요일,경상남도 창원시 진해구 석동,경상사고,0,0,1,0,차대차 - 측면충돌,직진우회전진행방해,건조,맑음,교차로 - 교차로안,승용,남,23세,상해없음,이륜,남,46세,경상
2020030400100012,2020년 3월 4일 00시,수요일,경상남도 거제시 아주동,중상사고,0,1,0,0,차대사람 - 기타,안전운전불이행,건조,맑음,교차로 - 교차로안,승용,남,33세,상해없음,보행자,남,34세,중상
2020030400100020,2020년 3월 4일 01시,수요일,경상남도 창원시 의창구 신월동,중상사고,0,1,0,0,차대차 - 측면충돌,안전운전불이행,건조,맑음,교차로 - 교차로안,승용,남,60세,상해없음,승용,남,52세,중상
2020030400100034,2020년 3월 4일 05시,수요일,경상남도 양산시 유산동,사망사고,2,0,1,0,차대차 - 추돌,안전운전불이행,건조,맑음,교차로 - 교차로부근,화물,남,37세,상해없음,승용,남,27세,사망
2020030400100044,2020년 3월 4일 06시,수요일,경상남도 고성군 마암면,중상사고,0,1,0,0,차대차 - 후진중충돌,안전운전불이행,건조,기타,단일로 - 기타,화물,남,61세,상해없음,화물,남,44세,중상
2020030400100071,2020년 3월 4일 08시,수요일,경상남도 사천시 사천읍,경상사고,0,0,2,1,차대차 - 측면충돌,안전운전불이행,건조,맑음,교차로 - 교차로부근,화물,남,53세,상해없음,승용,여,55세,경상
2020030400100072,2020년 3월 4일 08시,수요일,경상남도 밀양시 내이동,경상사고,0,0,1,0,차대사람 - 차도통행중,안전운전불이행,건조,맑음,교차로 - 교차로안,승용,여,67세,상해없음,보행자,남,46세,경상
2020030400100101,2020년 3월 4일 10시,수요일,경상남도 창원시 마산합포구 진동면,중상사고,0,1,0,0,차대사람 - 차도통행중,안전운전불이행,건조,맑음,단일로 - 기타,화물,남,61세,상해없음,보행자,남,64세,중상
2020030400100129,2020년 3월 4일 11시,수요일,경상남도 거창군 마리면,중상사고,0,1,0,0,차량단독 - 기타,안전운전불이행,건조,맑음,기타 - 기타,승용,남,70세,중상,,,,
2020030400100154,2020년 3월 4일 12시,수요일,경상남도 밀양시 삼문동,경상사고,0,0,3,0,차대차 - 측면충돌,신호위반,건조,맑음,교차로 - 교차로안,승용,여,41세,경상,승용,여,46세,경상
2020030400100155,2020년 3월 4일 12시,수요일,경상남도 김해시 삼정동,중상사고,0,1,4,0,차대차 - 기타,신호위반,건조,맑음,교차로 - 교차로안,승용,남,62세,경상,승용,여,39세,경상
2020030400100156,2020년 3월 4일 12시,수요일,경상남도 창원시 의창구 대산면,경상사고,0,0,1,0,차대차 - 측면충돌,교차로운행방법위반,건조,맑음,교차로 - 교차로안,승용,남,63세,상해없음,승용,여,38세,경상
2020030400100157,2020년 3월 4일 12시,수요일,경상남도 김해시 관동동,경상사고,0,0,1,0,차대차 - 측면충돌,안전운전불이행,건조,맑음,단일로 - 기타,화물,남,57세,상해없음,이륜,남,24세,경상
2020030400100203,2020년 3월 4일 14시,수요일,경상남도 진주시 사봉면,중상사고,0,1,0,0,차량단독 - 도로외이탈 - 추락,안전운전불이행,건조,맑음,단일로 - 기타,화물,남,62세,중상,,,,
2020030400100204,2020년 3월 4일 14시,수요일,경상남도 통영시 북신동,경상사고,0,0,1,0,차대사람 - 길가장자리구역통행중,안전운전불이행,건조,맑음,교차로 - 교차로부근,승용,여,23세,상해없음,보행자,남,76세,경상
2020030400100205,2020년 3월 4일 14시,수요일,경상남도 김해시 관동동,경상사고,0,0,1,0,차대차 - 측면충돌,안전운전불이행,건조,맑음,교차로 - 교차로안,승용,여,43세,상해없음,화물,남,37세,경상
2020030400100220,2020년 3월 4일 15시,수요일,경상남도 사천시 사남면,경상사고,0,0,1,0,차대차 - 추돌,안전운전불이행,건조,맑음,단일로 - 기타,승용,남,43세,상해없음,승용,여,51세,경상
2020030400100221,2020년 3월 4일 15시,수요일,경상남도 창원시 의창구 봉곡동,경상사고,0,0,1,0,차대사람 - 차도통행중,안전운전불이행,건조,맑음,기타 - 기타,화물,남,56세,상해없음,보행자,남,57세,경상
2020030400100248,2020년 3월 4일 16시,수요일,경상남도 김해시 대청동,경상사고,0,0,1,0,차대차 - 측면충돌,안전운전불이행,건조,맑음,교차로 - 교차로안,승용,남,50세,상해없음,이륜,남,27세,경상
2020030400100282,2020년 3월 4일 17시,수요일,경상남도 밀양시 상남면,중상사고,0,1,0,0,차대사람 - 횡단중,신호위반,건조,맑음,교차로 - 교차로안,승용,남,31세,상해없음,보행자,여,70세,중상
2020030400100283,2020년 3월 4일 17시,수요일,경상남도 거창군 거창읍,경상사고,0,0,1,0,차대차 - 기타,안전운전불이행,건조,맑음,교차로 - 교차로안,승용,남,44세,상해없음,승용,여,48세,경상
2020030400100307,2020년 3월 4일 18시,수요일,경상남도 창원시 진해구 석동,경상사고,0,0,1,0,차대차 - 기타,직진우회전진행방해,건조,맑음,교차로 - 교차로안,승용,여,37세,상해없음,승용,남,39세,경상
2020030400100308,2020년 3월 4일 18시,수요일,경상남도 창원시 진해구 자은동,경상사고,0,0,1,0,차대차 - 기타,안전거리미확보,건조,맑음,교차로 - 교차로부근,이륜,남,39세,경상,승용,남,30세,상해없음
2020030400100309,2020년 3월 4일 18시,수요일,경상남도 거창군 거창읍,부상신고사고,0,0,0,1,차대차 - 측면충돌,안전운전불이행,건조,맑음,교차로 - 교차로안,승합,남,34세,상해없음,자전거,여,79세,부상신고
2020030400100310,2020년 3월 4일 18시,수요일,경상남도 양산시 평산동,경상사고,0,0,1,0,차대사람 - 기타,안전운전불이행,건조,맑음,단일로 - 기타,이륜,남,33세,상해없음,보행자,남,52세,경상
2020030400100343,2020년 3월 4일 19시,수요일,경상남도 창원시 성산구 성주동,중상사고,0,1,0,0,차대사람 - 횡단중,보행자보호의무위반,건조,맑음,교차로 - 교차로횡단보도내,승용,남,31세,상해없음,보행자,남,30세,중상
2020030400100344,2020년 3월 4일 19시,수요일,경상남도 창원시 마산회원구 석전동,중상사고,0,1,0,0,차대사람 - 횡단중,안전운전불이행,건조,맑음,교차로 - 교차로횡단보도내,이륜,남,38세,상해없음,보행자,여,63세,중상
2020030400100345,2020년 3월 4일 19시,수요일,경상남도 김해시 내덕동,경상사고,0,0,2,0,차대차 - 측면충돌,안전운전불이행,건조,맑음,단일로 - 기타,승용,여,46세,상해없음,승용,여,45세,경상
2020030400100371,2020년 3월 4일 20시,수요일,경상남도 밀양시 부북면,중상사고,0,1,0,0,차대차 - 추돌,안전운전불이행,건조,맑음,단일로 - 기타,승용,남,63세,상해없음,승용,여,58세,중상
2020030400100426,2020년 3월 4일 22시,수요일,경상남도 통영시 광도면,경상사고,0,0,1,0,차대차 - 측면충돌,직진우회전진행방해,건조,맑음,교차로 - 교차로안,승합,남,66세,상해없음,승용,여,42세,경상
2020030400100427,2020년 3월 4일 22시,수요일,경상남도 김해시 어방동,경상사고,0,0,1,0,차대차 - 측면충돌,안전운전불이행,건조,맑음,교차로 - 교차로안,이륜,남,19세,상해없음,승용,여,36세,경상
2020030400100428,2020년 3월 4일 22시,수요일,경상남도 합천군 삼가면,경상사고,0,0,1,0,차대차 - 측면충돌,교차로운행방법위반,건조,맑음,교차로 - 교차로안,승용,남,42세,상해없음,승용,여,30세,경상
2020030500100007,2020년 3월 5일 00시,목요일,경상남도 양산시 평산동,경상사고,0,0,1,0,차대차 - 측면충돌,기타,건조,맑음,단일로 - 기타,승용,남,46세,상해없음,이륜,남,30세,경상
2020030500100008,2020년 3월 5일 00시,목요일,경상남도 김해시 대청동,경상사고,0,0,1,0,차대사람 - 기타,안전운전불이행,건조,맑음,교차로 - 교차로안,화물,남,38세,상해없음,보행자,남,58세,경상
2020030500100021,2020년 3월 5일 01시,목요일,경상남도 양산시 물금읍,경상사고,0,0,1,0,차대차 - 추돌,안전운전불이행,건조,맑음,교차로 - 교차로부근,승용,여,39세,상해없음,승용,남,57세,경상
2020030500100127,2020년 3월 5일 09시,목요일,경상남도 김해시 상동면,중상사고,0,1,0,0,차대차 - 측면충돌,중앙선침범,건조,맑음,단일로 - 기타,화물,남,69세,상해없음,승용,여,37세,중상
2020030500100151,2020년 3월 5일 10시,목요일,경상남도 창원시 진해구 풍호동,중상사고,0,1,1,0,차대차 - 추돌,안전운전불이행,건조,맑음,교차로 - 교차로부근,이륜,남,38세,중상,승용,남,51세,경상
2020030500100170,2020년 3월 5일 11시,목요일,경상남도 통영시 광도면,중상사고,0,1,0,0,차대차 - 측면충돌,교차로운행방법위반,건조,맑음,교차로 - 교차로부근,승용,여,46세,상해없음,이륜,남,43세,중상