사고번호,사고일시,요일,시군구,사고내용,사망자수,중상자수,경상자수,부상신고자수,사고유형,법규위반,노면상태,기상상태,도로형태,가해운전자 차종,가해운전자 성별,가해운전자 연령,가해운전자 상해정도,피해운전자 차종,피해운전자 성별,피해운전자 연령,피해운전자 상해정도
2020030500100171,2020년 3월 5일 11시,목요일,경상남도 밀양시 삼랑진읍,경상사고,0,0,1,0,차대차 - 후진중충돌,안전운전불이행,건조,맑음,교차로 - 교차로안,승용,여,59세,상해없음,승용,남,23세,경상
2020030500100172,2020년 3월 5일 11시,목요일,경상남도 양산시 물금읍,중상사고,0,1,0,0,차대차 - 측면충돌,안전운전불이행,건조,맑음,교차로 - 교차로부근,건설기계,남,48세,상해없음,자전거,남,67세,중상
2020030500100198,2020년 3월 5일 12시,목요일,경상남도 창원시 마산회원구 봉암동,중상사고,0,1,1,0,차대차 - 정면충돌,안전운전불이행,건조,맑음,교차로 - 교차로안,승용,여,55세,상해없음,승용,남,62세,경상
2020030500100199,2020년 3월 5일 12시,목요일,경상남도 김해시 대청동,중상사고,0,1,0,0,차대차 - 측면충돌,안전운전불이행,건조,맑음,단일로 - 기타,승용,남,57세,상해없음,이륜,남,45세,중상
2020030500100223,2020년 3월 5일 13시,목요일,경상남도 창원시 진해구 용원동,경상사고,0,0,1,0,차대차 - 추돌,안전운전불이행,건조,맑음,교차로 - 교차로부근,화물,남,45세,상해없음,승용,남,43세,경상
2020030500100224,2020년 3월 5일 13시,목요일,경상남도 거제시 상동동,경상사고,0,0,1,1,차대차 - 정면충돌,안전운전불이행,건조,맑음,단일로 - 기타,이륜,남,36세,부상신고,승용,여,49세,경상
2020030500100246,2020년 3월 5일 14시,목요일,경상남도 김해시 불암동,중상사고,0,1,0,0,차대차 - 기타,안전운전불이행,건조,맑음,단일로 - 기타,화물,남,55세,상해없음,자전거,남,82세,중상
2020030500100291,2020년 3월 5일 16시,목요일,경상남도 김해시 내동,경상사고,0,0,2,0,차대차 - 기타,안전거리미확보,건조,맑음,교차로 - 교차로부근,승용,여,30세,상해없음,승용,여,36세,상해없음
2020030500100318,2020년 3월 5일 17시,목요일,경상남도 양산시 신기동,경상사고,0,0,1,0,차대차 - 측면충돌,교차로운행방법위반,건조,맑음,교차로 - 교차로안,승용,여,30세,상해없음,승용,남,30세,경상
2020030500100319,2020년 3월 5일 17시,목요일,경상남도 고성군 고성읍,경상사고,0,0,2,0,차대차 - 정면충돌,안전운전불이행,건조,맑음,단일로 - 기타,승용,남,51세,경상,승합,남,63세,경상
2020030500100362,2020년 3월 5일 18시,목요일,경상남도 김해시 내동,경상사고,0,0,2,0,차대차 - 측면충돌,안전거리미확보,건조,맑음,교차로 - 교차로안,승용,남,49세,상해없음,승용,남,24세,경상
2020030500100404,2020년 3월 5일 19시,목요일,경상남도 창원시 마산합포구 해운동,경상사고,0,0,1,0,차대차 - 측면충돌,안전거리미확보,건조,맑음,교차로 - 교차로부근,승용,남,40세,상해없음,이륜,남,23세,경상
2020030500100405,2020년 3월 5일 19시,목요일,경상남도 양산시 삼호동,중상사고,0,1,0,0,차대사람 - 기타,안전운전불이행,건조,맑음,단일로 - 기타,승용,남,22세,상해없음,보행자,남,49세,중상
2020030500100430,2020년 3월 5일 20시,목요일,경상남도 사천시 대방동,경상사고,0,0,1,0,차대차 - 측면충돌,중앙선침범,건조,맑음,교차로 - 교차로부근,승용,남,44세,상해없음,승용,여,31세,경상
2020030500100453,2020년 3월 5일 21시,목요일,경상남도 진주시 하대동,중상사고,0,1,0,0,차대사람 - 기타,안전운전불이행,건조,맑음,단일로 - 기타,승용,남,51세,상해없음,보행자,여,49세,중상
2020030500100498,2020년 3월 5일 23시,목요일,경상남도 합천군 초계면,경상사고,0,0,4,0,차대차 - 측면충돌,신호위반,건조,맑음,교차로 - 교차로안,승용,남,22세,상해없음,승용,남,39세,경상
2020030500100499,2020년 3월 5일 23시,목요일,경상남도 양산시 교동,경상사고,0,0,1,0,차대차 - 측면충돌,안전운전불이행,건조,맑음,단일로 - 기타,승용,남,26세,상해없음,이륜,남,29세,경상
2020030600100010,2020년 3월 6일 00시,금요일,경상남도 김해시 구산동,경상사고,0,0,2,0,차대차 - 추돌,안전운전불이행,건조,맑음,단일로 - 기타,화물,남,33세,상해없음,승용,남,37세,경상
2020030600100022,2020년 3월 6일 01시,금요일,경상남도 진주시 상평동,중상사고,0,2,0,0,차대차 - 측면충돌,안전운전불이행,건조,맑음,교차로 - 교차로안,승용,남,29세,상해없음,승용,남,61세,중상
2020030600100027,2020년 3월 6일 02시,금요일,경상남도 김해시 어방동,중상사고,0,2,0,0,차대차 - 측면충돌,신호위반,건조,맑음,교차로 - 교차로안,이륜,남,16세,상해없음,승용,여,30세,중상
2020030600100032,2020년 3월 6일 03시,금요일,경상남도 양산시 동면,경상사고,0,0,1,0,차대사람 - 기타,안전운전불이행,건조,맑음,교차로 - 교차로부근,승용,남,31세,상해없음,보행자,남,48세,경상
2020030600100050,2020년 3월 6일 05시,금요일,경상남도 진주시 가좌동,중상사고,0,1,0,0,차대사람 - 횡단중,안전운전불이행,건조,맑음,단일로 - 기타,승합,남,49세,상해없음,보행자,여,62세,중상
2020030600100112,2020년 3월 6일 08시,금요일,경상남도 창원시 마산합포구 현동,경상사고,0,0,1,0,차대차 - 측면충돌,교차로운행방법위반,건조,맑음,교차로 - 교차로부근,승용,남,74세,상해없음,승용,여,28세,경상
2020030600100113,2020년 3월 6일 08시,금요일,경상남도 김해시 불암동,중상사고,0,1,0,0,차대차 - 측면충돌,안전운전불이행,건조,맑음,교차로 - 교차로안,화물,남,57세,상해없음,화물,남,38세,중상
2020030600100114,2020년 3월 6일 08시,금요일,경상남도 김해시 진례면,경상사고,0,0,2,0,차대차 - 측면충돌,교차로운행방법위반,건조,맑음,교차로 - 교차로안,승용,남,29세,경상,승용,여,31세,경상
2020030600100142,2020년 3월 6일 09시,금요일,경상남도 김해시 내동,경상사고,0,0,1,0,차대사람 - 횡단중,보행자보호의무위반,건조,맑음,교차로 - 교차로횡단보도내,화물,남,54세,상해없음,보행자,남,46세,경상
2020030600100143,2020년 3월 6일 09시,금요일,경상남도 양산시 동면,경상사고,0,0,2,0,차대차 - 측면충돌,신호위반,건조,맑음,교차로 - 교차로안,승용,여,71세,상해없음,화물,남,53세,경상
2020030600100144,2020년 3월 6일 09시,금요일,경상남도 양산시 동면,경상사고,0,0,1,0,차대차 - 측면충돌,안전운전불이행,건조,맑음,단일로 - 기타,승용,남,44세,상해없음,승용,남,28세,경상
2020030600100164,2020년 3월 6일 10시,금요일,경상남도 창원시 마산합포구 진전면,중상사고,0,4,1,0,차대차 - 추돌,안전운전불이행,건조,맑음,단일로 - 기타,화물,남,60세,상해없음,화물,남,52세,중상
2020030600100165,2020년 3월 6일 10시,금요일,경상남도 통영시 광도면,경상사고,0,0,1,0,차대차 - 기타,신호위반,건조,맑음,교차로 - 교차로안,승합,남,59세,상해없음,승용,남,76세,경상
2020030600100166,2020년 3월 6일 10시,금요일,경상남도 거제시 옥포동,경상사고,0,0,1,0,차대차 - 측면충돌,신호위반,건조,맑음,교차로 - 교차로안,승용,남,55세,상해없음,승용,여,38세,경상
2020030600100193,2020년 3월 6일 11시,금요일,경상남도 함안군 산인면,경상사고,0,0,1,0,차대차 - 측면충돌,신호위반,건조,맑음,교차로 - 교차로안,승용,여,52세,상해없음,승용,여,48세,경상
2020030600100219,2020년 3월 6일 12시,금요일,경상남도 통영시 서호동,경상사고,0,0,1,0,차대차 - 기타,교차로운행방법위반,건조,맑음,교차로 - 교차로안,승용,여,53세,상해없음,승용,여,52세,경상
2020030600100220,2020년 3월 6일 12시,금요일,경상남도 밀양시 교동,경상사고,0,0,1,0,차대차 - 추돌,안전운전불이행,건조,맑음,단일로 - 기타,승용,남,57세,상해없음,승용,여,64세,경상
2020030600100221,2020년 3월 6일 12시,금요일,경상남도 김해시 한림면,경상사고,0,0,1,0,차대차 - 측면충돌,교차로운행방법위반,건조,맑음,교차로 - 교차로안,승용,여,38세,상해없음,이륜,남,59세,경상
2020030600100243,2020년 3월 6일 13시,금요일,경상남도 창원시 진해구 석동,사망사고,1,0,0,0,차대사람 - 횡단중,보행자보호의무위반,건조,맑음,교차로 - 교차로횡단보도내,승용,여,55세,상해없음,보행자,여,58세,사망
2020030600100244,2020년 3월 6일 13시,금요일,경상남도 밀양시 하남읍,경상사고,0,0,1,0,차대사람 - 횡단중,보행자보호의무위반,건조,맑음,교차로 - 교차로횡단보도내,승용,남,21세,상해없음,보행자,남,56세,경상
2020030600100245,2020년 3월 6일 13시,금요일,경상남도 창원시 의창구 팔용동,경상사고,0,0,1,0,차대차 - 추돌,안전거리미확보,건조,맑음,기타 - 기타,이륜,남,16세,상해없음,승용,남,25세,경상
2020030600100279,2020년 3월 6일 14시,금요일,경상남도 창원시 진해구 용원동,경상사고,0,0,1,0,차대차 - 기타,안전거리미확보,건조,맑음,교차로 - 교차로부근,승용,남,62세,상해없음,화물,남,44세,경상
2020030600100280,2020년 3월 6일 14시,금요일,경상남도 밀양시 삼문동,경상사고,0,0,1,0,차대차 - 측면충돌,안전운전불이행,건조,맑음,교차로 - 교차로안,승용,남,73세,상해없음,자전거,여,65세,경상
2020030600100311,2020년 3월 6일 15시,금요일,경상남도 진주시 문산읍,중상사고,0,2,1,0,차대차 - 추돌,안전운전불이행,건조,맑음,단일로 - 기타,승용,남,62세,상해없음,승용,남,59세,중상
2020030600100370,2020년 3월 6일 17시,금요일,경상남도 김해시 주촌면,중상사고,0,1,2,0,차대차 - 추돌,안전거리미확보,건조,맑음,단일로 - 기타,승용,남,32세,상해없음,승용,여,52세,중상
2020030600100400,2020년 3월 6일 17시,금요일,경상남도 창녕군 부곡면,경상사고,0,0,2,0,차대차 - 정면충돌,중앙선침범,건조,맑음,단일로 - 기타,화물,남,62세,상해없음,승용,남,50세,경상
2020030600100401,2020년 3월 6일 17시,금요일,경상남도 양산시 덕계동,경상사고,0,0,1,0,차대사람 - 횡단중,안전운전불이행,건조,맑음,단일로 - 기타,승용,여,59세,상해없음,보행자,남,69세,경상
2020030600100442,2020년 3월 6일 18시,금요일,경상남도 합천군 합천읍,중상사고,0,1,0,0,차량단독 - 도로외이탈 - 추락,안전운전불이행,건조,맑음,단일로 - 기타,화물,남,48세,중상,,,,
2020030600100443,2020년 3월 6일 18시,금요일,경상남도 양산시 삼호동,경상사고,0,0,2,0,차대차 - 기타,안전운전불이행,건조,맑음,교차로 - 교차로부근,승용,남,44세,상해없음,승용,남,39세,경상
2020030600100444,2020년 3월 6일 18시,금요일,경상남도 거제시 아주동,경상사고,0,0,3,0,차대차 - 추돌,안전거리미확보,건조,맑음,단일로 - 터널,승용,여,46세,상해없음,승용,남,41세,경상
2020030600100477,2020년 3월 6일 19시,금요일,경상남도 창원시 마산합포구 우산동,경상사고,0,0,2,0,차대차 - 측면충돌,안전운전불이행,건조,맑음,교차로 - 교차로안,화물,남,53세,상해없음,승용,여,36세,경상
2020030600100509,2020년 3월 6일 20시,금요일,경상남도 양산시 동면,경상사고,0,0,1,0,차대차 - 측면충돌,안전운전불이행,건조,맑음,단일로 - 기타,승용,여,31세,상해없음,승용,여,56세,경상
2020030600100535,2020년 3월 6일 21시,금요일,경상남도 양산시 신기동,사망사고,1,0,0,0,차대차 - 추돌,안전운전불이행,건조,맑음,단일로 - 기타,승용,여,46세,사망,특수,남,52세,기타불명
2020030600100556,2020년 3월 6일 22시,금요일,경상남도 김해시 삼정동,경상사고,0,0,2,0,차대차 - 정면충돌,신호위반,건조,맑음,교차로 - 교차로안,승용,남,27세,경상,승용,여,41세,경상
2020030700100007,2020년 3월 7일 00시,토요일,경상남도 함양군 함양읍,사망사고,1,0,0,0,차량단독 - 전도전복 - 전복,안전운전불이행,건조,맑음,단일로 - 기타,승용,남,47세,사망,,,,
2020030700100050,2020년 3월 7일 04시,토요일,경상남도 창원시 마산합포구 서성동,중상사고,0,1,0,0,차대차 - 기타,차로위반,건조,맑음,단일로 - 기타,승용,남,48세,상해없음,이륜,남,19세,중상
2020030700100067,2020년 3월 7일 06시,토요일,경상남도 양산시 삼호동,경상사고,0,0,2,0,차대차 - 측면충돌,기타,건조,맑음,교차로 - 교차로안,승용,남,36세,상해없음,화물,남,46세,경상
2020030700100085,2020년 3월 7일 08시,토요일,경상남도 김해시 진영읍,경상사고,0,0,2,0,차대차 - 측면충돌,신호위반,건조,맑음,교차로 - 교차로안,승용,남,56세,상해없음,화물,남,53세,경상
2020030700100120,2020년 3월 7일 10시,토요일,경상남도 하동군 하동읍,경상사고,0,0,1,0,차대차 - 추돌,안전운전불이행,젖음/습기,비,교차로 - 교차로부근,화물,남,69세,상해없음,화물,남,69세,경상
2020030700100121,2020년 3월 7일 10시,토요일,경상남도 하동군 금남면,경상사고,0,0,1,0,차대차 - 추돌,안전운전불이행,젖음/습기,비,단일로 - 기타,승용,남,60세,상해없음,화물,남,71세,경상
2020030700100153,2020년 3월 7일 11시,토요일,경상남도 창녕군 남지읍,중상사고,0,1,0,0,차량단독 - 기타,안전운전불이행,젖음/습기,비,단일로 - 교량,승용,여,55세,중상,,,,
2020030700100206,2020년 3월 7일 13시,토요일,경상남도 김해시 삼방동,중상사고,0,1,0,0,차대차 - 측면충돌,안전운전불이행,건조,흐림,교차로 - 교차로안,원동기,남,61세,중상,승합,남,29세,상해없음
2020030700100224,2020년 3월 7일 14시,토요일,경상남도 김해시 동상동,중상사고,0,1,1,0,차대차 - 측면충돌,안전운전불이행,건조,맑음,단일로 - 기타,승용,남,28세,경상,승용,남,54세,중상
2020030700100272,2020년 3월 7일 16시,토요일,경상남도 거창군 거창읍,경상사고,0,0,1,0,차대차 - 후진중충돌,안전운전불이행,젖음/습기,비,교차로 - 교차로안,승용,남,45세,상해없음,승용,남,32세,경상
2020030700100294,2020년 3월 7일 17시,토요일,경상남도 사천시 곤명면,중상사고,0,1,1,0,차대차 - 측면충돌,안전운전불이행,젖음/습기,비,교차로 - 교차로안,승용,여,49세,경상,승용,남,47세,중상
2020030700100295,2020년 3월 7일 17시,토요일,경상남도 산청군 단성면,경상사고,0,0,1,0,차량단독 - 공작물충돌,안전운전불이행,젖음/습기,비,단일로 - 터널,화물,남,73세,경상,,,,
2020030700100319,2020년 3월 7일 18시,토요일,경상남도 사천시 동금동,중상사고,0,1,0,0,차대사람 - 횡단중,보행자보호의무위반,젖음/습기,비,교차로 - 교차로안,승용,남,42세,상해없음,보행자,남,68세,중상
2020030700100321,2020년 3월 7일 18시,토요일,경상남도 김해시 무계동,중상사고,0,1,1,0,차대차 - 추돌,안전운전불이행,젖음/습기,흐림,단일로 - 기타,승용,여,26세,경상,승용,남,48세,중상
2020030700100322,2020년 3월 7일 18시,토요일,경상남도 창원시 의창구 동읍,경상사고,0,0,2,0,차대차 - 추돌,안전거리미확보,건조,맑음,단일로 - 터널,화물,남,64세,상해없음,승용,남,39세,경상
2020030700100351,2020년 3월 7일 19시,토요일,경상남도 진주시 주약동,경상사고,0,0,2,0,차대차 - 기타,안전운전불이행,젖음/습기,비,교차로 - 교차로부근,승용,남,61세,상해없음,승용,여,30세,경상
2020030700100352,2020년 3월 7일 19시,토요일,경상남도 진주시 하대동,경상사고,0,0,1,0,차대사람 - 횡단중,신호위반,젖음/습기,비,교차로 - 교차로횡단보도내,승용,남,65세,상해없음,보행자,여,48세,경상
2020030700100353,2020년 3월 7일 19시,토요일,경상남도 양산시 물금읍,중상사고,0,1,0,0,차대사람 - 횡단중,안전운전불이행,젖음/습기,비,교차로 - 교차로부근,승용,여,48세,상해없음,보행자,남,48세,중상
2020030700100354,2020년 3월 7일 19시,토요일,경상남도 거제시 고현동,경상사고,0,0,2,0,차대차 - 추돌,안전운전불이행,젖음/습기,비,교차로 - 교차로부근,화물,남,49세,상해없음,승용,여,61세,경상
2020030700100379,2020년 3월 7일 20시,토요일,경상남도 양산시 물금읍,경상사고,0,0,1,0,차대차 - 추돌,안전운전불이행,건조,맑음,단일로 - 기타,승용,남,47세,상해없음,승용,남,57세,경상
2020030700100380,2020년 3월 7일 20시,토요일,경상남도 양산시 중부동,경상사고,0,0,1,0,차대차 - 측면충돌,기타,젖음/습기,비,단일로 - 기타,승용,남,32세,상해없음,이륜,남,38세,경상
2020030700100402,2020년 3월 7일 21시,토요일,경상남도 통영시 북신동,경상사고,0,0,1,0,차대차 - 측면충돌,교차로운행방법위반,젖음/습기,비,교차로 - 교차로안,승용,남,41세,상해없음,이륜,남,24세,경상
2020030700100424,2020년 3월 7일 22시,토요일,경상남도 진주시 장대동,경상사고,0,0,2,0,차대차 - 기타,안전운전불이행,젖음/습기,비,단일로 - 기타,승용,여,58세,경상,승용,남,39세,경상
2020030800100009,2020년 3월 8일 00시,일요일,경상남도 양산시 중부동,경상사고,0,0,2,0,차대차 - 추돌,안전운전불이행,건조,맑음,단일로 - 기타,승용,남,46세,상해없음,승용,여,35세,경상
2020030800100010,2020년 3월 8일 00시,일요일,경상남도 김해시 진영읍,경상사고,0,0,1,0,차대차 - 추돌,안전운전불이행,젖음/습기,흐림,교차로 - 교차로부근,승용,남,27세,상해없음,승용,남,46세,경상
2020030800100018,2020년 3월 8일 01시,일요일,경상남도 창원시 진해구 용원동,경상사고,0,0,1,0,차대차 - 기타,안전운전불이행,건조,맑음,교차로 - 교차로안,특수,남,50세,상해없음,승용,남,31세,경상
2020030800100027,2020년 3월 8일 02시,일요일,경상남도 진주시 상대동,경상사고,0,0,4,0,차대차 - 추돌,안전운전불이행,건조,맑음,교차로 - 교차로안,승용,남,24세,경상,승용,남,57세,경상
2020030800100028,2020년 3월 8일 02시,일요일,경상남도 진주시 이현동,중상사고,0,2,0,0,차대차 - 기타,중앙선침범,건조,맑음,단일로 - 기타,승용,남,24세,상해없음,승용,남,67세,중상
2020030800100029,2020년 3월 8일 02시,일요일,경상남도 양산시 물금읍,경상사고,0,0,2,1,차대차 - 추돌,안전운전불이행,젖음/습기,맑음,단일로 - 기타,승용,남,26세,부상신고,승용,남,30세,경상
2020030800100047,2020년 3월 8일 04시,일요일,경상남도 진주시 초전동,경상사고,0,0,1,0,차대차 - 기타,안전운전불이행,건조,맑음,교차로 - 교차로안,승용,남,24세,경상,승용,남,55세,기타불명
2020030800100052,2020년 3월 8일 05시,일요일,경상남도 사천시 향촌동,중상사고,0,1,0,0,차대사람 - 횡단중,안전운전불이행,건조,맑음,단일로 - 기타,승용,남,40세,상해없음,보행자,여,83세,중상
2020030800100070,2020년 3월 8일 07시,일요일,경상남도 창녕군 남지읍,경상사고,0,0,1,0,차량단독 - 전도전복 - 전복,안전운전불이행,젖음/습기,안개,단일로 - 기타,승용,남,57세,경상,,,,
2020030800100088,2020년 3월 8일 09시,일요일,경상남도 창녕군 대지면,경상사고,0,0,1,1,차대차 - 기타,기타,건조,맑음,교차로 - 교차로안,승용,여,54세,부상신고,승용,남,44세,경상
2020030800100108,2020년 3월 8일 10시,일요일,경상남도 김해시 삼방동,경상사고,0,0,2,0,차대차 - 기타,교차로운행방법위반,건조,맑음,교차로 - 교차로안,승용,남,23세,상해없음,승용,남,59세,경상
2020030800100121,2020년 3월 8일 11시,일요일,경상남도 통영시 광도면,중상사고,0,1,0,0,차대차 - 측면충돌,안전운전불이행,건조,맑음,교차로 - 교차로안,승용,남,65세,상해없음,이륜,남,39세,중상
2020030800100122,2020년 3월 8일 11시,일요일,경상남도 밀양시 단장면,중상사고,0,1,0,0,차대차 - 추돌,교차로운행방법위반,건조,맑음,교차로 - 교차로안,승용,여,44세,상해없음,자전거,남,38세,중상
2020030800100150,2020년 3월 8일 13시,일요일,경상남도 진주시 대곡면,경상사고,0,0,2,0,차대차 - 측면충돌,직진우회전진행방해,건조,맑음,교차로 - 교차로안,화물,남,23세,상해없음,농기계,남,85세,경상
2020030800100151,2020년 3월 8일 13시,일요일,경상남도 김해시 한림면,경상사고,0,0,2,0,차대차 - 측면충돌,안전거리미확보,건조,맑음,단일로 - 기타,승용,남,29세,상해없음,승용,여,39세,경상
2020030800100176,2020년 3월 8일 14시,일요일,경상남도 거제시 동부면,경상사고,0,0,4,0,차대차 - 측면충돌,중앙선침범,건조,맑음,단일로 - 기타,승용,남,38세,상해없음,승용,남,37세,경상
2020030800100177,2020년 3월 8일 14시,일요일,경상남도 김해시 흥동,중상사고,0,2,0,0,차대차 - 측면충돌,신호위반,건조,맑음,교차로 - 교차로안,원동기,남,60세,상해없음,원동기,남,22세,중상
2020030800100178,2020년 3월 8일 14시,일요일,경상남도 창원시 의창구 북면,중상사고,0,1,3,0,차대차 - 추돌,안전운전불이행,건조,맑음,단일로 - 터널,승용,남,28세,상해없음,승용,남,34세,중상
2020030800100228,2020년 3월 8일 16시,일요일,경상남도 함양군 서상면,사망사고,1,0,0,0,차대차 - 측면충돌,안전운전불이행,건조,맑음,단일로 - 기타,승용,남,71세,상해없음,이륜,남,80세,사망
2020030800100229,2020년 3월 8일 16시,일요일,경상남도 양산시 다방동,경상사고,0,0,3,0,차대차 - 기타,안전운전불이행,건조,맑음,단일로 - 기타,승용,여,39세,상해없음,승용,남,49세,경상
2020030800100230,2020년 3월 8일 16시,일요일,경상남도 김해시 주촌면,경상사고,0,0,1,0,차대사람 - 횡단중,안전운전불이행,건조,맑음,교차로 - 교차로안,승용,남,26세,상해없음,보행자,남,54세,경상
2020030800100262,2020년 3월 8일 17시,일요일,경상남도 창원시 마산합포구 월포동,경상사고,0,0,1,0,차대차 - 측면충돌,안전거리미확보,건조,맑음,단일로 - 기타,화물,남,72세,상해없음,화물,남,39세,상해없음
2020030800100263,2020년 3월 8일 17시,일요일,경상남도 창원시 진해구 이동,중상사고,0,1,1,0,차대차 - 기타,직진우회전진행방해,건조,맑음,교차로 - 교차로안,화물,남,57세,경상,승용,여,22세,중상
2020030800100264,2020년 3월 8일 17시,일요일,경상남도 창원시 의창구 서상동,중상사고,0,1,0,0,차대사람 - 보도통행중,신호위반,건조,맑음,단일로 - 기타,사륜오토바이(ATV),남,35세,상해없음,보행자,여,20세,중상
2020030800100282,2020년 3월 8일 18시,일요일,경상남도 하동군 하동읍,경상사고,0,0,2,0,차대차 - 측면충돌,교차로운행방법위반,건조,맑음,교차로 - 교차로안,화물,남,34세,상해없음,승용,남,67세,경상
2020030800100308,2020년 3월 8일 19시,일요일,경상남도 창녕군 창녕읍,중상사고,0,1,0,0,차대사람 - 기타,안전운전불이행,건조,맑음,교차로 - 교차로안,승용,남,18세,상해없음,보행자,남,58세,중상
2020030800100309,2020년 3월 8일 19시,일요일,경상남도 양산시 덕계동,중상사고,0,1,0,0,차대차 - 정면충돌,안전운전불이행,건조,맑음,교차로 - 교차로안,승용,남,38세,상해없음,원동기,남,60세,중상
2020030800100333,2020년 3월 8일 20시,일요일,경상남도 사천시 사남면,경상사고,0,0,1,0,차량단독 - 전도전복 - 전도,안전운전불이행,건조,맑음,기타 - 기타,이륜,남,35세,경상,,,,
2020030900100026,2020년 3월 9일 04시,월요일,경상남도 진주시 평안동,경상사고,0,0,1,0,차대차 - 추돌,안전운전불이행,건조,맑음,교차로 - 교차로부근,승용,남,22세,상해없음,승합,남,49세,경상
2020030900100046,2020년 3월 9일 06시,월요일,경상남도 양산시 물금읍,경상사고,0,0,1,0,차대차 - 측면충돌,신호위반,건조,맑음,교차로 - 교차로안,승용,남,61세,상해없음,승용,남,61세,경상
2020030900100066,2020년 3월 9일 07시,월요일,경상남도 김해시 내동,중상사고,0,1,0,0,차대차 - 기타,교차로운행방법위반,건조,맑음,교차로 - 교차로안,승용,남,51세,상해없음,승용,여,54세,중상
2020030900100102,2020년 3월 9일 08시,월요일,경상남도 함양군 함양읍,중상사고,0,1,0,0,차대차 - 추돌,안전운전불이행,건조,맑음,단일로 - 기타,화물,남,65세,상해없음,원동기,남,57세,중상
2020030900100189,2020년 3월 9일 11시,월요일,경상남도 통영시 미수동,경상사고,0,0,1,0,차대차 - 기타,신호위반,건조,맑음,교차로 - 교차로안,승용,남,53세,상해없음,이륜,남,48세,경상
2020030900100190,2020년 3월 9일 11시,월요일,경상남도 산청군 시천면,경상사고,0,0,1,0,차대차 - 측면충돌,안전운전불이행,건조,맑음,단일로 - 기타,승용,여,39세,상해없음,이륜,남,85세,경상
2020030900100211,2020년 3월 9일 12시,월요일,경상남도 진주시 인사동,경상사고,0,0,2,0,차대차 - 측면충돌,안전운전불이행,건조,맑음,교차로 - 교차로안,이륜,남,59세,상해없음,승용,남,58세,경상
2020030900100212,2020년 3월 9일 12시,월요일,경상남도 김해시 외동,경상사고,0,0,1,0,차대차 - 기타,신호위반,젖음/습기,흐림,교차로 - 교차로안,이륜,남,34세,경상,승용,남,74세,상해없음
2020030900100213,2020년 3월 9일 12시,월요일,경상남도 양산시 어곡동,경상사고,0,0,2,0,차대차 - 추돌,안전거리미확보,건조,흐림,교차로 - 교차로안,승용,남,59세,상해없음,승용,남,38세,경상
2020030900100214,2020년 3월 9일 12시,월요일,경상남도 고성군 마암면,중상사고,0,1,2,1,차대차 - 추돌,안전거리미확보,건조,맑음,교차로 - 교차로부근,승용,남,37세,상해없음,승용,여,55세,중상
2020030900100302,2020년 3월 9일 15시,월요일,경상남도 창원시 마산회원구 봉암동,경상사고,0,0,2,0,차대차 - 기타,안전운전불이행,건조,맑음,단일로 - 기타,화물,남,52세,상해없음,승용,남,28세,경상
2020030900100303,2020년 3월 9일 15시,월요일,경상남도 김해시 진영읍,경상사고,0,0,1,0,차대차 - 추돌,안전운전불이행,건조,맑음,교차로 - 교차로부근,승용,남,58세,상해없음,승용,여,52세,경상
2020030900100319,2020년 3월 9일 16시,월요일,경상남도 양산시 물금읍,경상사고,0,0,1,0,차대차 - 추돌,중앙선침범,건조,맑음,단일로 - 기타,승용,여,26세,상해없음,승용,여,51세,경상
2020030900100320,2020년 3월 9일 16시,월요일,경상남도 의령군 부림면,사망사고,1,0,0,0,차량단독 - 전도전복 - 전도,안전운전불이행,건조,맑음,단일로 - 기타,이륜,남,77세,사망,,,,
2020030900100321,2020년 3월 9일 16시,월요일,경상남도 창원시 의창구 소답동,경상사고,0,0,1,0,차대사람 - 횡단중,안전운전불이행,건조,맑음,교차로 - 교차로안,승용,남,38세,상해없음,보행자,남,59세,경상
2020030900100354,2020년 3월 9일 17시,월요일,경상남도 사천시 이홀동,경상사고,0,0,4,0,차대차 - 측면충돌,중앙선침범,건조,맑음,단일로 - 기타,승용,남,56세,상해없음,화물,남,68세,상해없음
2020030900100386,2020년 3월 9일 18시,월요일,경상남도 창원시 마산합포구 월남동3가,경상사고,0,0,1,0,차대차 - 측면충돌,신호위반,젖음/습기,비,교차로 - 교차로안,이륜,남,41세,상해없음,승용,남,33세,상해없음
2020030900100387,2020년 3월 9일 18시,월요일,경상남도 사천시 사천읍,경상사고,0,0,1,0,차대차 - 측면충돌,안전운전불이행,건조,맑음,교차로 - 교차로안,이륜,남,63세,경상,화물,남,68세,상해없음
2020030900100388,2020년 3월 9일 18시,월요일,경상남도 산청군 생비량면,중상사고,0,2,0,0,차대차 - 추돌,안전운전불이행,젖음/습기,비,단일로 - 기타,화물,남,38세,중상,농기계,남,67세,중상
2020030900100389,2020년 3월 9일 18시,월요일,경상남도 창원시 마산회원구 내서읍,경상사고,0,0,1,0,차대차 - 기타,안전운전불이행,젖음/습기,비,교차로 - 교차로부근,승용,남,53세,상해없음,이륜,남,26세,경상
2020030900100422,2020년 3월 9일 19시,월요일,경상남도 창원시 의창구 팔용동,경상사고,0,0,1,0,차대차 - 측면충돌,안전운전불이행,젖음/습기,흐림,교차로 - 교차로부근,승용,남,64세,상해없음,화물,남,54세,상해없음
2020030900100423,2020년 3월 9일 19시,월요일,경상남도 창원시 마산회원구 내서읍,중상사고,0,1,0,0,차대차 - 추돌,안전운전불이행,젖음/습기,비,단일로 - 기타,승용,남,58세,상해없음,화물,남,49세,중상