사고번호,사고일시,요일,시군구,사고내용,사망자수,중상자수,경상자수,부상신고자수,사고유형,법규위반,노면상태,기상상태,도로형태,가해운전자 차종,가해운전자 성별,가해운전자 연령,가해운전자 상해정도,피해운전자 차종,피해운전자 성별,피해운전자 연령,피해운전자 상해정도
2020031300100525,2020년 3월 13일 23시,금요일,경상남도 거제시 고현동,중상사고,0,1,0,0,차대차 - 추돌,안전운전불이행,건조,맑음,교차로 - 교차로부근,승용,여,50세,상해없음,승용,남,56세,상해없음
2020031400100098,2020년 3월 14일 07시,토요일,경상남도 산청군 단성면,경상사고,0,0,1,0,차대차 - 측면충돌,안전운전불이행,건조,맑음,주차장 - 주차장,화물,남,46세,상해없음,자전거,여,68세,경상
2020031400100117,2020년 3월 14일 08시,토요일,경상남도 김해시 불암동,중상사고,0,1,0,0,차대차 - 추돌,신호위반,건조,맑음,교차로 - 교차로안,화물,남,60세,기타불명,승합,남,50세,중상
2020031400100134,2020년 3월 14일 09시,토요일,경상남도 밀양시 단장면,중상사고,0,1,0,1,차대차 - 측면충돌,안전운전불이행,건조,맑음,단일로 - 기타,승용,남,65세,상해없음,이륜,남,55세,중상
2020031400100162,2020년 3월 14일 10시,토요일,경상남도 거창군 거창읍,중상사고,0,1,0,0,차대차 - 측면충돌,안전운전불이행,건조,맑음,기타 - 기타,승용,남,70세,상해없음,자전거,여,41세,중상
2020031400100163,2020년 3월 14일 10시,토요일,경상남도 거제시 고현동,경상사고,0,0,1,0,차대사람 - 횡단중,안전운전불이행,건조,맑음,단일로 - 기타,승용,여,57세,상해없음,보행자,여,54세,경상
2020031400100164,2020년 3월 14일 10시,토요일,경상남도 김해시 대청동,경상사고,0,0,1,0,차대차 - 측면충돌,안전운전불이행,건조,맑음,단일로 - 기타,승용,여,33세,상해없음,승용,여,44세,경상
2020031400100187,2020년 3월 14일 11시,토요일,경상남도 창원시 마산합포구 월영동,경상사고,0,0,1,0,차대사람 - 보도통행중,신호위반,건조,맑음,교차로 - 교차로횡단보도내,이륜,남,37세,상해없음,보행자,여,58세,경상
2020031400100188,2020년 3월 14일 11시,토요일,경상남도 사천시 동동,경상사고,0,0,1,0,차대차 - 측면충돌,안전운전불이행,건조,맑음,교차로 - 교차로안,승용,남,36세,상해없음,승용,남,60세,경상
2020031400100189,2020년 3월 14일 11시,토요일,경상남도 밀양시 교동,중상사고,0,1,0,0,차대차 - 측면충돌,교차로운행방법위반,건조,맑음,교차로 - 교차로안,승용,여,54세,상해없음,승합,남,46세,중상
2020031400100214,2020년 3월 14일 12시,토요일,경상남도 김해시 대동면,경상사고,0,0,2,0,차대차 - 기타,안전운전불이행,건조,맑음,단일로 - 기타,승용,남,79세,상해없음,승용,남,76세,경상
2020031400100215,2020년 3월 14일 12시,토요일,경상남도 양산시 산막동,경상사고,0,0,3,0,차대차 - 측면충돌,안전운전불이행,건조,맑음,교차로 - 교차로안,화물,남,36세,상해없음,승용,남,31세,경상
2020031400100245,2020년 3월 14일 13시,토요일,경상남도 창원시 마산합포구 중앙동1가,경상사고,0,0,1,0,차량단독 - 기타,안전운전불이행,건조,맑음,교차로 - 교차로안,승합,남,58세,상해없음,,,,
2020031400100246,2020년 3월 14일 13시,토요일,경상남도 사천시 동금동,경상사고,0,0,1,0,차대사람 - 차도통행중,안전운전불이행,건조,맑음,단일로 - 기타,승용,남,58세,상해없음,보행자,남,68세,경상
2020031400100281,2020년 3월 14일 14시,토요일,경상남도 창원시 진해구 태백동,중상사고,0,3,1,0,차대차 - 기타,신호위반,건조,맑음,교차로 - 교차로안,승용,남,39세,경상,승용,남,46세,중상
2020031400100282,2020년 3월 14일 14시,토요일,경상남도 김해시 구산동,경상사고,0,0,1,0,차대사람 - 횡단중,보행자보호의무위반,건조,맑음,교차로 - 교차로횡단보도내,승용,남,38세,상해없음,보행자,여,54세,경상
2020031400100321,2020년 3월 14일 15시,토요일,경상남도 창원시 진해구 이동,경상사고,0,0,1,1,차대차 - 추돌,안전운전불이행,건조,맑음,교차로 - 교차로안,이륜,남,25세,부상신고,승합,여,44세,경상
2020031400100322,2020년 3월 14일 15시,토요일,경상남도 창녕군 남지읍,중상사고,0,1,0,0,차량단독 - 기타,안전운전불이행,건조,맑음,단일로 - 기타,자전거,남,80세,중상,,,,
2020031400100354,2020년 3월 14일 16시,토요일,경상남도 밀양시 삼랑진읍,경상사고,0,0,2,0,차대차 - 측면충돌,안전운전불이행,건조,맑음,교차로 - 교차로안,승용,남,52세,상해없음,승용,남,52세,경상
2020031400100355,2020년 3월 14일 16시,토요일,경상남도 남해군 남해읍,중상사고,0,2,0,0,차대차 - 측면충돌,안전운전불이행,건조,맑음,교차로 - 교차로안,승용,여,57세,상해없음,승용,남,73세,중상
2020031400100356,2020년 3월 14일 16시,토요일,경상남도 함안군 칠원읍,경상사고,0,0,1,0,차대차 - 추돌,안전운전불이행,건조,맑음,단일로 - 기타,승용,기타불명,미분류,기타불명,승용,남,53세,경상
2020031400100382,2020년 3월 14일 17시,토요일,경상남도 김해시 부원동,경상사고,0,0,1,0,차대차 - 기타,직진우회전진행방해,건조,맑음,교차로 - 교차로안,승용,남,61세,상해없음,승용,여,67세,경상
2020031400100383,2020년 3월 14일 17시,토요일,경상남도 창원시 성산구 내동,사망사고,2,6,2,0,차대차 - 측면충돌,중앙선침범,건조,맑음,교차로 - 교차로부근,화물,남,57세,경상,승용,남,37세,경상
2020031400100384,2020년 3월 14일 17시,토요일,경상남도 창원시 의창구 대원동,경상사고,0,0,2,0,차대차 - 측면충돌,안전운전불이행,건조,맑음,교차로 - 교차로부근,승용,여,49세,상해없음,승용,남,38세,경상
2020031400100385,2020년 3월 14일 17시,토요일,경상남도 창원시 의창구 서상동,경상사고,0,0,1,0,차대차 - 측면충돌,안전운전불이행,건조,맑음,단일로 - 기타,승합,남,57세,상해없음,승용,남,33세,상해없음
2020031400100386,2020년 3월 14일 17시,토요일,경상남도 김해시 진영읍,경상사고,0,0,1,0,차대차 - 추돌,안전운전불이행,건조,맑음,단일로 - 기타,승용,남,37세,상해없음,화물,여,77세,경상
2020031400100412,2020년 3월 14일 18시,토요일,경상남도 통영시 무전동,경상사고,0,0,2,0,차대차 - 기타,신호위반,건조,맑음,교차로 - 교차로안,이륜,남,23세,상해없음,승용,여,23세,경상
2020031400100413,2020년 3월 14일 18시,토요일,경상남도 양산시 동면,경상사고,0,0,2,0,차대차 - 측면충돌,안전운전불이행,건조,맑음,교차로 - 교차로안,승용,남,69세,상해없음,승용,여,52세,경상
2020031400100414,2020년 3월 14일 18시,토요일,경상남도 창원시 의창구 소답동,경상사고,0,0,2,0,차대차 - 추돌,안전운전불이행,건조,맑음,단일로 - 기타,승용,남,40세,상해없음,승용,남,23세,경상
2020031400100440,2020년 3월 14일 19시,토요일,경상남도 사천시 곤양면,경상사고,0,0,1,0,차대사람 - 기타,안전운전불이행,건조,맑음,단일로 - 기타,화물,남,78세,상해없음,보행자,여,65세,경상
2020031400100441,2020년 3월 14일 19시,토요일,경상남도 거제시 능포동,중상사고,0,1,0,0,차대차 - 측면충돌,안전운전불이행,건조,맑음,교차로 - 교차로부근,승용,남,55세,상해없음,이륜,남,54세,중상
2020031400100442,2020년 3월 14일 19시,토요일,경상남도 김해시 진영읍,중상사고,0,1,1,0,차대차 - 측면충돌,직진우회전진행방해,건조,맑음,교차로 - 교차로안,이륜,남,39세,경상,이륜,남,45세,중상
2020031400100468,2020년 3월 14일 20시,토요일,경상남도 창원시 진해구 용원동,경상사고,0,0,1,0,차대차 - 기타,안전운전불이행,건조,맑음,교차로 - 교차로부근,승용,남,52세,상해없음,이륜,남,50세,경상
2020031400100470,2020년 3월 14일 20시,토요일,경상남도 김해시 삼문동,중상사고,0,1,0,0,차대차 - 측면충돌,신호위반,건조,맑음,교차로 - 교차로안,승용,남,23세,상해없음,승용,남,44세,중상
2020031400100494,2020년 3월 14일 21시,토요일,경상남도 밀양시 내이동,경상사고,0,0,2,0,차대차 - 측면충돌,안전운전불이행,건조,맑음,교차로 - 교차로안,승용,여,51세,상해없음,승용,여,38세,경상
2020031400100495,2020년 3월 14일 21시,토요일,경상남도 김해시 삼정동,경상사고,0,0,7,0,차대차 - 추돌,안전운전불이행,건조,맑음,단일로 - 기타,승용,남,52세,기타불명,승용,남,46세,경상
2020031400100508,2020년 3월 14일 22시,토요일,경상남도 창원시 마산합포구 완월동,중상사고,0,1,0,0,차대차 - 추돌,안전거리미확보,건조,맑음,교차로 - 교차로안,승합,남,27세,상해없음,승용,남,49세,중상
2020031500100028,2020년 3월 15일 01시,일요일,경상남도 진주시 하대동,중상사고,0,1,0,0,차대사람 - 기타,안전운전불이행,건조,맑음,교차로 - 교차로부근,승용,남,50세,상해없음,보행자,여,47세,중상
2020031500100035,2020년 3월 15일 02시,일요일,경상남도 창원시 마산합포구 오동동,경상사고,0,0,1,0,차대사람 - 차도통행중,불법유턴,건조,맑음,교차로 - 교차로안,승용,남,64세,상해없음,보행자,여,51세,경상
2020031500100103,2020년 3월 15일 10시,일요일,경상남도 밀양시 상남면,경상사고,0,0,2,0,차대차 - 추돌,안전운전불이행,건조,맑음,단일로 - 기타,화물,남,50세,상해없음,승용,여,25세,경상
2020031500100104,2020년 3월 15일 10시,일요일,경상남도 창원시 의창구 대산면,경상사고,0,0,1,0,차대차 - 측면충돌,교차로운행방법위반,건조,맑음,교차로 - 교차로안,승용,남,70세,상해없음,승용,남,35세,경상
2020031500100135,2020년 3월 15일 12시,일요일,경상남도 고성군 고성읍,중상사고,0,1,0,0,차대차 - 정면충돌,안전운전불이행,건조,맑음,교차로 - 교차로안,승용,남,42세,기타불명,승용,여,58세,중상
2020031500100146,2020년 3월 15일 13시,일요일,경상남도 창원시 진해구 남문동,중상사고,0,1,1,0,차대차 - 측면충돌,신호위반,건조,맑음,교차로 - 교차로안,승용,남,18세,경상,승용,남,35세,중상
2020031500100147,2020년 3월 15일 13시,일요일,경상남도 사천시 좌룡동,경상사고,0,0,1,0,차대차 - 정면충돌,안전운전불이행,건조,맑음,교차로 - 교차로부근,화물,남,58세,상해없음,이륜,남,79세,경상
2020031500100163,2020년 3월 15일 14시,일요일,경상남도 창원시 진해구 죽곡동,경상사고,0,0,2,0,차대차 - 추돌,안전운전불이행,건조,맑음,교차로 - 교차로부근,승용,남,49세,상해없음,승용,남,37세,경상
2020031500100164,2020년 3월 15일 14시,일요일,경상남도 창녕군 남지읍,중상사고,0,1,0,0,차대차 - 측면충돌,안전운전불이행,건조,맑음,교차로 - 교차로안,이륜,남,44세,중상,승용,남,45세,상해없음
2020031500100165,2020년 3월 15일 14시,일요일,경상남도 남해군 이동면,중상사고,0,1,0,0,차대차 - 측면충돌,안전운전불이행,건조,맑음,교차로 - 교차로부근,승용,남,49세,상해없음,이륜,남,42세,중상
2020031500100166,2020년 3월 15일 14시,일요일,경상남도 김해시 한림면,중상사고,0,1,0,0,차대차 - 측면충돌,안전운전불이행,건조,맑음,단일로 - 기타,원동기,남,60세,중상,승용,남,36세,상해없음
2020031500100190,2020년 3월 15일 15시,일요일,경상남도 창원시 의창구 소계동,중상사고,0,1,0,0,차대차 - 측면충돌,교차로운행방법위반,건조,맑음,교차로 - 교차로안,승용,여,26세,상해없음,원동기,남,26세,중상
2020031500100225,2020년 3월 15일 17시,일요일,경상남도 창원시 진해구 태백동,경상사고,0,0,2,0,차대차 - 추돌,안전운전불이행,건조,맑음,단일로 - 기타,승용,남,30세,상해없음,승용,남,27세,경상
2020031500100226,2020년 3월 15일 17시,일요일,경상남도 김해시 무계동,중상사고,0,1,0,0,차량단독 - 기타,안전운전불이행,건조,맑음,단일로 - 기타,승합,남,64세,상해없음,,,,
2020031500100253,2020년 3월 15일 18시,일요일,경상남도 진주시 초전동,중상사고,0,1,0,0,차대차 - 측면충돌,신호위반,건조,맑음,단일로 - 기타,이륜,남,21세,상해없음,자전거,남,61세,중상
2020031500100278,2020년 3월 15일 19시,일요일,경상남도 창원시 의창구 명서동,경상사고,0,0,1,0,차대차 - 추돌,안전운전불이행,건조,맑음,교차로 - 교차로부근,승용,남,53세,상해없음,이륜,남,45세,경상
2020031500100333,2020년 3월 15일 22시,일요일,경상남도 통영시 당동,경상사고,0,0,1,0,차대차 - 추돌,신호위반,건조,맑음,교차로 - 교차로부근,승용,남,61세,기타불명,이륜,남,44세,경상
2020031500100347,2020년 3월 15일 23시,일요일,경상남도 진주시 집현면,중상사고,0,1,0,0,차대차 - 측면충돌,중앙선침범,건조,맑음,단일로 - 기타,승합,남,61세,상해없음,승용,남,42세,중상
2020031600100013,2020년 3월 16일 01시,월요일,경상남도 창원시 마산합포구 동성동,중상사고,0,1,2,0,차대차 - 기타,안전운전불이행,건조,맑음,단일로 - 기타,승용,남,58세,상해없음,이륜,남,32세,중상
2020031600100021,2020년 3월 16일 04시,월요일,경상남도 창원시 마산합포구 산호동,부상신고사고,0,0,0,1,차량단독 - 공작물충돌,안전운전불이행,건조,맑음,단일로 - 기타,승용,남,41세,부상신고,,,,
2020031600100025,2020년 3월 16일 05시,월요일,경상남도 통영시 서호동,사망사고,1,0,0,0,차대사람 - 기타,안전운전불이행,건조,맑음,교차로 - 교차로부근,승합,남,79세,상해없음,보행자,여,81세,사망
2020031600100026,2020년 3월 16일 05시,월요일,경상남도 밀양시 내이동,경상사고,0,0,1,0,차대차 - 기타,안전운전불이행,건조,맑음,단일로 - 기타,화물,남,54세,상해없음,이륜,남,57세,경상
2020031600100041,2020년 3월 16일 06시,월요일,경상남도 창원시 마산회원구 봉암동,중상사고,0,1,0,0,차대사람 - 차도통행중,안전운전불이행,건조,맑음,단일로 - 기타,화물,남,61세,상해없음,보행자,남,64세,중상
2020031600100066,2020년 3월 16일 07시,월요일,경상남도 창원시 진해구 용원동,중상사고,0,1,0,1,차대차 - 측면충돌,직진우회전진행방해,건조,맑음,교차로 - 교차로안,승용,남,51세,부상신고,승용,남,30세,중상
2020031600100095,2020년 3월 16일 08시,월요일,경상남도 양산시 상북면,경상사고,0,0,1,0,차대차 - 기타,안전운전불이행,건조,맑음,교차로 - 교차로부근,승용,여,27세,상해없음,승용,여,72세,경상
2020031600100135,2020년 3월 16일 09시,월요일,경상남도 사천시 벌리동,경상사고,0,0,1,0,차량단독 - 전도전복 - 전도,안전운전불이행,건조,맑음,교차로 - 교차로안,이륜,남,80세,경상,,,,
2020031600100136,2020년 3월 16일 09시,월요일,경상남도 밀양시 가곡동,중상사고,0,1,0,0,차대차 - 측면충돌,안전운전불이행,건조,맑음,단일로 - 기타,승용,남,65세,상해없음,이륜,남,68세,중상
2020031600100169,2020년 3월 16일 10시,월요일,경상남도 창원시 마산합포구 중앙동3가,경상사고,0,0,1,0,차량단독 - 기타,기타,건조,맑음,단일로 - 기타,승합,남,54세,상해없음,,,,
2020031600100170,2020년 3월 16일 10시,월요일,경상남도 김해시 생림면,중상사고,0,1,1,0,차대차 - 측면충돌,신호위반,건조,맑음,교차로 - 교차로안,승용,남,63세,경상,승용,남,73세,중상
2020031600100171,2020년 3월 16일 10시,월요일,경상남도 거제시 아주동,경상사고,0,0,2,0,차대차 - 측면충돌,안전운전불이행,건조,맑음,교차로 - 교차로부근,승용,여,52세,경상,화물,남,74세,경상
2020031600100205,2020년 3월 16일 11시,월요일,경상남도 고성군 고성읍,중상사고,0,1,0,0,차대차 - 추돌,중앙선침범,건조,맑음,단일로 - 기타,자전거,남,12세,중상,승용,여,68세,상해없음
2020031600100229,2020년 3월 16일 12시,월요일,경상남도 사천시 벌리동,경상사고,0,0,1,3,차대차 - 정면충돌,직진우회전진행방해,건조,맑음,교차로 - 교차로안,승용,여,18세,부상신고,승용,남,69세,경상
2020031600100230,2020년 3월 16일 12시,월요일,경상남도 김해시 전하동,경상사고,0,0,2,0,차대차 - 기타,기타,건조,맑음,교차로 - 교차로부근,화물,남,48세,상해없음,승용,남,46세,경상
2020031600100283,2020년 3월 16일 14시,월요일,경상남도 양산시 북부동,경상사고,0,0,2,0,차대차 - 측면충돌,교차로운행방법위반,건조,맑음,교차로 - 교차로안,승용,여,68세,상해없음,승용,남,61세,경상
2020031600100284,2020년 3월 16일 14시,월요일,경상남도 고성군 고성읍,중상사고,0,1,0,0,차대차 - 기타,신호위반,건조,맑음,교차로 - 교차로안,승용,남,73세,상해없음,승용,남,51세,중상
2020031600100285,2020년 3월 16일 14시,월요일,경상남도 거제시 장평동,경상사고,0,0,2,0,차대차 - 기타,안전운전불이행,건조,맑음,단일로 - 기타,승용,남,66세,기타불명,승용,여,45세,경상
2020031600100310,2020년 3월 16일 15시,월요일,경상남도 통영시 광도면,경상사고,0,0,2,0,차대차 - 측면충돌,안전운전불이행,건조,맑음,단일로 - 기타,승용,여,31세,경상,승용,남,41세,경상
2020031600100311,2020년 3월 16일 15시,월요일,경상남도 거제시 사등면,경상사고,0,0,1,0,차대차 - 측면충돌,안전거리미확보,건조,맑음,단일로 - 기타,승합,남,48세,상해없음,승용,여,45세,경상
2020031600100312,2020년 3월 16일 15시,월요일,경상남도 거제시 하청면,경상사고,0,0,1,0,차대차 - 측면충돌,중앙선침범,건조,맑음,단일로 - 기타,승용,남,48세,상해없음,승용,여,45세,경상
2020031600100340,2020년 3월 16일 16시,월요일,경상남도 사천시 동금동,중상사고,0,2,0,0,차대차 - 측면충돌,안전운전불이행,건조,맑음,교차로 - 교차로안,화물,남,47세,상해없음,승용,남,62세,중상
2020031600100341,2020년 3월 16일 16시,월요일,경상남도 사천시 노룡동,경상사고,0,0,1,0,차량단독 - 공작물충돌,안전운전불이행,건조,맑음,단일로 - 기타,승용,남,48세,경상,,,,
2020031600100342,2020년 3월 16일 16시,월요일,경상남도 밀양시 상남면,경상사고,0,0,4,0,차대차 - 측면충돌,안전운전불이행,건조,맑음,교차로 - 교차로안,승용,남,69세,경상,승용,남,52세,경상
2020031600100343,2020년 3월 16일 16시,월요일,경상남도 양산시 상북면,중상사고,0,1,0,0,차량단독 - 공작물충돌,안전운전불이행,건조,맑음,단일로 - 기타,원동기,남,49세,중상,,,,
2020031600100370,2020년 3월 16일 17시,월요일,경상남도 김해시 부원동,경상사고,0,0,2,0,차대차 - 추돌,안전운전불이행,건조,맑음,교차로 - 교차로부근,승용,남,51세,상해없음,승용,여,42세,경상
2020031600100371,2020년 3월 16일 17시,월요일,경상남도 양산시 물금읍,중상사고,0,1,0,0,차대사람 - 기타,안전운전불이행,건조,맑음,단일로 - 기타,승용,남,63세,상해없음,보행자,여,69세,중상
2020031600100372,2020년 3월 16일 17시,월요일,경상남도 김해시 진영읍,중상사고,0,2,0,0,차대차 - 측면충돌,신호위반,건조,맑음,교차로 - 교차로안,화물,남,59세,상해없음,화물,남,52세,중상
2020031600100416,2020년 3월 16일 18시,월요일,경상남도 창원시 진해구 석동,경상사고,0,0,2,0,차대차 - 추돌,안전거리미확보,건조,맑음,교차로 - 교차로부근,승용,남,42세,상해없음,승용,여,30세,경상
2020031600100417,2020년 3월 16일 18시,월요일,경상남도 남해군 남해읍,중상사고,0,1,0,0,차대차 - 측면충돌,차로위반,건조,맑음,교차로 - 교차로안,승용,남,38세,상해없음,원동기,남,21세,중상
2020031600100460,2020년 3월 16일 19시,월요일,경상남도 밀양시 부북면,경상사고,0,0,1,0,차대차 - 추돌,안전운전불이행,건조,맑음,단일로 - 기타,화물,남,72세,상해없음,농기계,남,59세,경상
2020031600100461,2020년 3월 16일 19시,월요일,경상남도 김해시 삼계동,중상사고,0,1,0,0,차대차 - 측면충돌,중앙선침범,건조,맑음,단일로 - 기타,원동기,남,35세,기타불명,원동기,남,44세,중상
2020031600100488,2020년 3월 16일 20시,월요일,경상남도 진주시 충무공동,경상사고,0,0,3,0,차대차 - 측면충돌,차로위반,건조,맑음,단일로 - 기타,승용,여,50세,상해없음,승용,남,26세,경상
2020031600100489,2020년 3월 16일 20시,월요일,경상남도 거창군 고제면,사망사고,1,0,0,0,차량단독 - 공작물충돌,안전운전불이행,건조,맑음,교차로 - 교차로안,화물,남,66세,사망,,,,
2020031600100512,2020년 3월 16일 21시,월요일,경상남도 김해시 주촌면,경상사고,0,0,1,1,차대차 - 측면충돌,안전운전불이행,건조,맑음,단일로 - 기타,승용,남,39세,부상신고,승용,남,19세,경상
2020031600100530,2020년 3월 16일 22시,월요일,경상남도 양산시 동면,경상사고,0,0,1,0,차대사람 - 기타,안전운전불이행,건조,맑음,교차로 - 교차로안,승용,남,33세,상해없음,보행자,남,65세,경상
2020031600100543,2020년 3월 16일 23시,월요일,경상남도 진주시 충무공동,중상사고,0,1,0,0,차대사람 - 횡단중,보행자보호의무위반,건조,맑음,교차로 - 교차로횡단보도내,승용,남,70세,상해없음,보행자,남,45세,중상
2020031600100544,2020년 3월 16일 23시,월요일,경상남도 사천시 향촌동,경상사고,0,0,1,1,차대차 - 측면충돌,안전거리미확보,서리/결빙,맑음,단일로 - 기타,승용,남,28세,상해없음,승용,남,48세,부상신고
2020031700100023,2020년 3월 17일 02시,화요일,경상남도 진주시 옥봉동,경상사고,0,0,1,0,차대차 - 정면충돌,중앙선침범,건조,맑음,단일로 - 기타,승용,남,22세,상해없음,승용,남,52세,경상
2020031700100038,2020년 3월 17일 05시,화요일,경상남도 김해시 동상동,중상사고,0,1,0,0,차대사람 - 횡단중,신호위반,건조,맑음,교차로 - 교차로횡단보도내,승합,남,75세,상해없음,보행자,여,75세,중상
2020031700100039,2020년 3월 17일 05시,화요일,경상남도 창원시 성산구 상남동,부상신고사고,0,0,0,1,차대사람 - 기타,안전운전불이행,건조,맑음,단일로 - 기타,승용,남,64세,상해없음,보행자,남,23세,부상신고
2020031700100052,2020년 3월 17일 06시,화요일,경상남도 창원시 의창구 팔용동,중상사고,0,1,2,0,차대차 - 기타,신호위반,건조,맑음,교차로 - 교차로안,이륜,남,18세,경상,승용,남,48세,경상
2020031700100085,2020년 3월 17일 08시,화요일,경상남도 창원시 성산구 대방동,경상사고,0,0,1,0,차대차 - 측면충돌,안전운전불이행,건조,맑음,교차로 - 교차로부근,화물,남,50세,상해없음,승용,여,45세,경상
2020031700100156,2020년 3월 17일 11시,화요일,경상남도 창원시 의창구 명서동,경상사고,0,0,1,0,차대차 - 기타,안전운전불이행,건조,맑음,단일로 - 기타,화물,남,54세,기타불명,특수,남,59세,상해없음
2020031700100172,2020년 3월 17일 12시,화요일,경상남도 진주시 평거동,경상사고,0,0,1,0,차대사람 - 기타,안전운전불이행,건조,맑음,단일로 - 기타,화물,남,50세,상해없음,보행자,여,66세,경상
2020031700100173,2020년 3월 17일 12시,화요일,경상남도 창원시 의창구 소답동,중상사고,0,1,0,0,차대차 - 기타,안전운전불이행,건조,맑음,교차로 - 교차로안,승용,남,54세,상해없음,이륜,남,33세,중상
2020031700100194,2020년 3월 17일 13시,화요일,경상남도 거제시 아주동,경상사고,0,0,1,0,차대차 - 추돌,안전거리미확보,건조,맑음,단일로 - 기타,승용,남,61세,상해없음,승용,여,28세,경상
2020031700100195,2020년 3월 17일 13시,화요일,경상남도 산청군 산청읍,중상사고,0,1,0,0,차대차 - 측면충돌,교차로운행방법위반,건조,맑음,교차로 - 교차로안,농기계,남,79세,중상,화물,남,59세,상해없음
2020031700100196,2020년 3월 17일 13시,화요일,경상남도 창원시 성산구 남산동,경상사고,0,0,1,0,차대차 - 측면충돌,안전운전불이행,건조,맑음,교차로 - 교차로안,승용,남,29세,상해없음,승용,남,54세,경상
2020031700100222,2020년 3월 17일 14시,화요일,경상남도 창원시 진해구 석동,중상사고,0,2,6,0,차대차 - 측면충돌,안전운전불이행,건조,맑음,교차로 - 교차로부근,승용,여,55세,상해없음,승용,여,54세,중상
2020031700100256,2020년 3월 17일 15시,화요일,경상남도 통영시 용남면,경상사고,0,0,1,0,차대차 - 기타,안전거리미확보,건조,맑음,단일로 - 기타,화물,남,56세,상해없음,승용,남,79세,경상
2020031700100257,2020년 3월 17일 15시,화요일,경상남도 창원시 의창구 동읍,경상사고,0,0,1,0,차대차 - 측면충돌,신호위반,건조,맑음,교차로 - 교차로안,승용,남,65세,기타불명,승용,남,43세,경상
2020031700100284,2020년 3월 17일 16시,화요일,경상남도 창원시 진해구 청안동,중상사고,0,1,0,0,차대사람 - 기타,안전운전불이행,건조,맑음,단일로 - 기타,승용,남,48세,상해없음,보행자,여,74세,중상
2020031700100319,2020년 3월 17일 17시,화요일,경상남도 통영시 북신동,경상사고,0,0,1,0,차대차 - 측면충돌,직진우회전진행방해,건조,맑음,교차로 - 교차로안,승용,남,40세,상해없음,화물,남,69세,경상
2020031700100320,2020년 3월 17일 17시,화요일,경상남도 창원시 성산구 토월동,경상사고,0,0,2,0,차대차 - 기타,안전운전불이행,건조,맑음,단일로 - 기타,화물,남,59세,상해없음,승용,여,42세,경상
2020031700100350,2020년 3월 17일 18시,화요일,경상남도 통영시 무전동,경상사고,0,0,5,0,차대차 - 추돌,직진우회전진행방해,건조,맑음,교차로 - 교차로안,승용,남,56세,상해없음,승용,남,38세,경상
2020031700100413,2020년 3월 17일 20시,화요일,경상남도 창원시 진해구 태평동,경상사고,0,0,1,0,차대차 - 측면충돌,직진우회전진행방해,건조,맑음,교차로 - 교차로안,승용,남,55세,상해없음,이륜,남,22세,경상
2020031700100414,2020년 3월 17일 20시,화요일,경상남도 함안군 칠원읍,중상사고,0,1,0,0,차대차 - 측면충돌,신호위반,건조,맑음,교차로 - 교차로안,화물,남,50세,상해없음,이륜,여,29세,중상
2020031700100433,2020년 3월 17일 21시,화요일,경상남도 양산시 남부동,경상사고,0,0,1,0,차대차 - 측면충돌,신호위반,건조,맑음,교차로 - 교차로부근,승용,남,36세,상해없음,자전거,남,60세,경상
2020031700100434,2020년 3월 17일 21시,화요일,경상남도 거제시 고현동,중상사고,0,1,0,0,차대차 - 추돌,신호위반,건조,맑음,교차로 - 교차로안,승용,남,24세,상해없음,이륜,남,37세,중상
2020031700100454,2020년 3월 17일 22시,화요일,경상남도 창원시 의창구 봉곡동,중상사고,0,1,1,0,차대차 - 기타,안전운전불이행,건조,맑음,교차로 - 교차로안,자전거,남,22세,경상,승용,여,58세,중상
2020031700100470,2020년 3월 17일 23시,화요일,경상남도 거제시 사등면,경상사고,0,0,1,0,차량단독 - 공작물충돌,안전운전불이행,건조,맑음,단일로 - 기타,승용,남,48세,상해없음,,,,
2020031700100471,2020년 3월 17일 23시,화요일,경상남도 김해시 유하동,경상사고,0,0,1,0,차대차 - 추돌,안전운전불이행,건조,맑음,단일로 - 기타,승용,남,49세,기타불명,승용,남,47세,경상
2020031800100018,2020년 3월 18일 01시,수요일,경상남도 남해군 창선면,경상사고,0,0,1,0,차량단독 - 공작물충돌,안전운전불이행,건조,맑음,단일로 - 기타,승용,남,56세,경상,,,,
2020031800100022,2020년 3월 18일 02시,수요일,경상남도 김해시 삼계동,경상사고,0,0,1,0,차대차 - 측면충돌,안전운전불이행,건조,맑음,교차로 - 교차로안,승용,여,53세,상해없음,승용,남,57세,경상
2020031800100023,2020년 3월 18일 02시,수요일,경상남도 창원시 성산구 상남동,중상사고,0,1,0,0,차대차 - 측면충돌,과속,건조,흐림,교차로 - 교차로안,승용,남,74세,상해없음,승용,남,30세,중상
2020031800100043,2020년 3월 18일 05시,수요일,경상남도 김해시 어방동,경상사고,0,0,1,0,차대차 - 측면충돌,신호위반,건조,맑음,교차로 - 교차로안,승용,남,52세,상해없음,승용,남,48세,경상
2020031800100057,2020년 3월 18일 07시,수요일,경상남도 김해시 응달동,중상사고,0,1,0,0,차대차 - 추돌,안전운전불이행,건조,맑음,단일로 - 기타,승용,남,25세,상해없음,화물,남,31세,중상