사고번호,사고일시,요일,시군구,사고내용,사망자수,중상자수,경상자수,부상신고자수,사고유형,법규위반,노면상태,기상상태,도로형태,가해운전자 차종,가해운전자 성별,가해운전자 연령,가해운전자 상해정도,피해운전자 차종,피해운전자 성별,피해운전자 연령,피해운전자 상해정도
2020032600100170,2020년 3월 26일 11시,목요일,경상남도 김해시 외동,경상사고,0,0,1,0,차대차 - 측면충돌,중앙선침범,젖음/습기,비,교차로 - 교차로부근,승용,여,55세,상해없음,승용,여,44세,경상
2020032600100200,2020년 3월 26일 12시,목요일,경상남도 진주시 호탄동,중상사고,0,2,0,0,차대차 - 측면충돌,신호위반,건조,맑음,교차로 - 교차로안,승용,남,20세,상해없음,승용,남,65세,중상
2020032600100223,2020년 3월 26일 13시,목요일,경상남도 김해시 부원동,중상사고,0,1,0,0,차대차 - 측면충돌,신호위반,젖음/습기,비,교차로 - 교차로횡단보도내,승용,남,50세,상해없음,자전거,남,77세,중상
2020032600100267,2020년 3월 26일 15시,목요일,경상남도 진주시 상대동,중상사고,0,1,0,0,차대차 - 기타,불법유턴,젖음/습기,비,단일로 - 기타,자전거,남,58세,중상,승용,남,38세,상해없음
2020032600100268,2020년 3월 26일 15시,목요일,경상남도 사천시 동금동,중상사고,0,1,0,0,차대사람 - 차도통행중,안전운전불이행,젖음/습기,비,교차로 - 교차로부근,승용,남,46세,상해없음,보행자,여,66세,중상
2020032600100294,2020년 3월 26일 16시,목요일,경상남도 창원시 진해구 남문동,경상사고,0,0,1,0,차대차 - 측면충돌,직진우회전진행방해,건조,맑음,교차로 - 교차로안,승용,여,56세,상해없음,이륜,여,64세,경상
2020032600100295,2020년 3월 26일 16시,목요일,경상남도 밀양시 산내면,중상사고,0,1,0,0,차대차 - 측면충돌,중앙선침범,건조,맑음,단일로 - 기타,승용,남,57세,상해없음,이륜,남,60세,중상
2020032600100296,2020년 3월 26일 16시,목요일,경상남도 창원시 성산구 상남동,중상사고,0,1,0,0,차대사람 - 기타,안전운전불이행,건조,맑음,교차로 - 교차로안,승용,여,37세,상해없음,보행자,여,59세,중상
2020032600100328,2020년 3월 26일 17시,목요일,경상남도 함양군 함양읍,경상사고,0,0,1,0,차대차 - 측면충돌,교차로운행방법위반,건조,맑음,교차로 - 교차로안,화물,여,66세,기타불명,승용,여,39세,경상
2020032600100329,2020년 3월 26일 17시,목요일,경상남도 함양군 안의면,중상사고,0,3,0,0,차대차 - 측면충돌,중앙선침범,건조,맑음,단일로 - 지하차도(도로)내,화물,남,70세,중상,화물,남,50세,중상
2020032600100330,2020년 3월 26일 17시,목요일,경상남도 창원시 성산구 반림동,경상사고,0,0,1,0,차대차 - 기타,안전운전불이행,젖음/습기,맑음,단일로 - 기타,승용,남,48세,상해없음,화물,남,61세,경상
2020032600100331,2020년 3월 26일 17시,목요일,경상남도 창원시 의창구 동읍,경상사고,0,0,3,0,차대차 - 정면충돌,중앙선침범,건조,맑음,단일로 - 기타,승용,남,63세,상해없음,승용,남,26세,경상
2020032600100332,2020년 3월 26일 17시,목요일,경상남도 창원시 의창구 서상동,경상사고,0,0,1,0,차대차 - 측면충돌,안전운전불이행,건조,맑음,교차로 - 교차로안,승용,남,51세,상해없음,승용,남,59세,경상
2020032600100362,2020년 3월 26일 18시,목요일,경상남도 창원시 마산합포구 남성동,경상사고,0,0,1,0,차대차 - 기타,안전운전불이행,젖음/습기,맑음,단일로 - 기타,승용,남,48세,상해없음,원동기,남,22세,경상
2020032600100363,2020년 3월 26일 18시,목요일,경상남도 창원시 진해구 경화동,경상사고,0,0,1,0,차대차 - 추돌,안전거리미확보,건조,맑음,단일로 - 교량,승용,남,50세,상해없음,승용,남,65세,상해없음
2020032600100364,2020년 3월 26일 18시,목요일,경상남도 창원시 진해구 자은동,경상사고,0,0,2,0,차대차 - 측면충돌,안전운전불이행,건조,맑음,교차로 - 교차로안,승용,여,50세,경상,승용,남,49세,경상
2020032600100365,2020년 3월 26일 18시,목요일,경상남도 통영시 당동,중상사고,0,1,1,1,차대차 - 정면충돌,중앙선침범,젖음/습기,비,교차로 - 교차로부근,승용,남,39세,부상신고,승용,남,48세,경상
2020032600100366,2020년 3월 26일 18시,목요일,경상남도 창원시 의창구 북면,중상사고,0,1,0,0,차대사람 - 길가장자리구역통행중,안전운전불이행,건조,맑음,단일로 - 기타,승용,남,52세,상해없음,보행자,남,77세,중상
2020032600100400,2020년 3월 26일 19시,목요일,경상남도 김해시 어방동,경상사고,0,0,1,0,차대차 - 기타,안전운전불이행,젖음/습기,비,단일로 - 기타,화물,남,54세,상해없음,승용,남,24세,경상
2020032600100401,2020년 3월 26일 19시,목요일,경상남도 거제시 고현동,경상사고,0,0,1,0,차대차 - 추돌,안전운전불이행,젖음/습기,비,교차로 - 교차로부근,승용,기타불명,미분류,기타불명,승용,여,40세,경상
2020032600100402,2020년 3월 26일 19시,목요일,경상남도 창원시 성산구 가음동,경상사고,0,0,1,0,차대사람 - 횡단중,보행자보호의무위반,젖음/습기,비,교차로 - 교차로안,승용,남,27세,상해없음,보행자,남,34세,경상
2020032600100403,2020년 3월 26일 19시,목요일,경상남도 창원시 의창구 명서동,경상사고,0,0,2,0,차대차 - 정면충돌,신호위반,건조,맑음,교차로 - 교차로안,승용,남,69세,상해없음,승용,남,44세,경상
2020032600100450,2020년 3월 26일 20시,목요일,경상남도 합천군 야로면,사망사고,1,0,0,0,차대사람 - 차도통행중,안전운전불이행,젖음/습기,비,기타 - 기타,화물,남,59세,상해없음,보행자,남,69세,사망
2020032600100451,2020년 3월 26일 20시,목요일,경상남도 거제시 장평동,중상사고,0,2,1,0,차대차 - 추돌,안전거리미확보,젖음/습기,비,교차로 - 교차로부근,화물,남,66세,경상,승합,남,69세,중상
2020032600100452,2020년 3월 26일 20시,목요일,경상남도 창원시 의창구 팔용동,경상사고,0,0,2,0,차대차 - 후진중충돌,안전운전불이행,건조,흐림,교차로 - 교차로안,승용,남,54세,상해없음,승용,남,26세,경상
2020032600100488,2020년 3월 26일 21시,목요일,경상남도 하동군 진교면,경상사고,0,0,1,0,차대사람 - 기타,안전운전불이행,젖음/습기,비,주차장 - 주차장,화물,남,60세,상해없음,보행자,여,60세,경상
2020032600100524,2020년 3월 26일 22시,목요일,경상남도 김해시 상동면,부상신고사고,0,0,0,1,차량단독 - 공작물충돌,안전운전불이행,젖음/습기,비,교차로 - 교차로안,승용,남,46세,상해없음,,,,
2020032600100547,2020년 3월 26일 23시,목요일,경상남도 진주시 집현면,중상사고,0,2,0,0,차대차 - 측면충돌,안전운전불이행,젖음/습기,비,단일로 - 기타,승용,남,57세,상해없음,승용,남,36세,중상
2020032600100548,2020년 3월 26일 23시,목요일,경상남도 통영시 항남동,경상사고,0,0,1,0,차대차 - 측면충돌,직진우회전진행방해,건조,맑음,교차로 - 교차로안,승용,여,55세,상해없음,이륜,남,39세,경상
2020032700100015,2020년 3월 27일 00시,금요일,경상남도 진주시 상평동,경상사고,0,0,3,0,차대차 - 추돌,안전운전불이행,젖음/습기,비,단일로 - 기타,승용,남,48세,상해없음,승용,남,27세,경상
2020032700100034,2020년 3월 27일 01시,금요일,경상남도 창원시 마산합포구 진동면,중상사고,0,1,2,0,차대차 - 추돌,과속,젖음/습기,비,단일로 - 기타,승용,남,33세,중상,승용,남,44세,경상
2020032700100045,2020년 3월 27일 02시,금요일,경상남도 양산시 덕계동,경상사고,0,0,1,0,차대차 - 추돌,안전거리미확보,건조,맑음,단일로 - 터널,승용,남,25세,상해없음,승용,남,41세,경상
2020032700100057,2020년 3월 27일 04시,금요일,경상남도 함안군 칠원읍,경상사고,0,0,2,0,차대차 - 추돌,안전운전불이행,젖음/습기,흐림,단일로 - 기타,승용,남,25세,경상,승합,여,56세,경상
2020032700100058,2020년 3월 27일 04시,금요일,경상남도 창원시 성산구 상남동,경상사고,0,0,1,0,차대차 - 기타,안전운전불이행,건조,맑음,단일로 - 기타,승용,남,32세,상해없음,승용,남,36세,경상
2020032700100064,2020년 3월 27일 05시,금요일,경상남도 창원시 진해구 용원동,중상사고,0,1,0,1,차대차 - 측면충돌,신호위반,젖음/습기,비,교차로 - 교차로안,승용,남,60세,부상신고,승합,남,58세,중상
2020032700100075,2020년 3월 27일 06시,금요일,경상남도 통영시 명정동,부상신고사고,0,0,0,1,차량단독 - 공작물충돌,안전운전불이행,건조,맑음,단일로 - 기타,화물,남,46세,부상신고,,,,
2020032700100090,2020년 3월 27일 07시,금요일,경상남도 창원시 진해구 용원동,경상사고,0,0,1,0,차대차 - 측면충돌,교차로운행방법위반,젖음/습기,비,교차로 - 교차로안,승용,여,19세,상해없음,승용,남,56세,경상
2020032700100091,2020년 3월 27일 07시,금요일,경상남도 사천시 사천읍,중상사고,0,2,1,0,차대차 - 추돌,안전운전불이행,젖음/습기,비,단일로 - 기타,승용,남,27세,중상,승용,남,65세,상해없음
2020032700100092,2020년 3월 27일 07시,금요일,경상남도 의령군 의령읍,경상사고,0,0,1,0,차대차 - 측면충돌,중앙선침범,건조,맑음,교차로 - 교차로부근,승용,여,52세,상해없음,승용,남,48세,경상
2020032700100093,2020년 3월 27일 07시,금요일,경상남도 김해시 진례면,중상사고,0,1,0,0,차대차 - 측면충돌,중앙선침범,젖음/습기,비,교차로 - 교차로부근,승용,남,62세,상해없음,승용,남,42세,중상
2020032700100110,2020년 3월 27일 08시,금요일,경상남도 창원시 마산회원구 석전동,경상사고,0,0,1,0,차대사람 - 기타,안전운전불이행,건조,맑음,단일로 - 기타,승용,남,70세,상해없음,보행자,남,50세,경상
2020032700100111,2020년 3월 27일 08시,금요일,경상남도 김해시 진영읍,경상사고,0,0,1,0,차대차 - 추돌,안전운전불이행,젖음/습기,흐림,교차로 - 교차로부근,승용,남,29세,상해없음,화물,남,37세,경상
2020032700100179,2020년 3월 27일 11시,금요일,경상남도 창원시 마산회원구 합성동,중상사고,0,1,0,0,차대사람 - 길가장자리구역통행중,안전운전불이행,건조,맑음,단일로 - 기타,승용,여,54세,상해없음,보행자,남,59세,중상
2020032700100207,2020년 3월 27일 12시,금요일,경상남도 진주시 호탄동,중상사고,0,1,0,0,차대차 - 기타,안전운전불이행,건조,맑음,단일로 - 기타,화물,남,65세,상해없음,이륜,남,36세,중상
2020032700100208,2020년 3월 27일 12시,금요일,경상남도 김해시 삼계동,중상사고,0,1,2,0,차대차 - 측면충돌,중앙선침범,건조,흐림,단일로 - 기타,승용,여,50세,경상,승용,남,47세,중상
2020032700100235,2020년 3월 27일 13시,금요일,경상남도 통영시 한산면,중상사고,0,1,0,0,차대사람 - 횡단중,안전운전불이행,건조,맑음,교차로 - 교차로부근,승용,여,51세,상해없음,보행자,여,84세,중상
2020032700100236,2020년 3월 27일 13시,금요일,경상남도 합천군 쌍백면,사망사고,1,2,0,0,차량단독 - 공작물충돌,안전운전불이행,건조,맑음,단일로 - 교량,승용,여,66세,중상,,,,
2020032700100237,2020년 3월 27일 13시,금요일,경상남도 양산시 중부동,경상사고,0,0,3,0,차대차 - 측면충돌,안전거리미확보,건조,맑음,단일로 - 기타,승용,남,77세,상해없음,승용,여,38세,경상
2020032700100238,2020년 3월 27일 13시,금요일,경상남도 거제시 양정동,경상사고,0,0,1,0,차대차 - 측면충돌,중앙선침범,건조,맑음,단일로 - 기타,승용,여,52세,상해없음,이륜,남,46세,경상
2020032700100335,2020년 3월 27일 16시,금요일,경상남도 사천시 곤명면,경상사고,0,0,1,0,차량단독 - 공작물충돌,안전운전불이행,건조,맑음,단일로 - 기타,승용,여,61세,경상,,,,
2020032700100336,2020년 3월 27일 16시,금요일,경상남도 사천시 곤명면,경상사고,0,0,1,0,차대차 - 추돌,안전운전불이행,건조,맑음,단일로 - 교량,화물,남,71세,경상,화물,남,65세,상해없음
2020032700100337,2020년 3월 27일 16시,금요일,경상남도 밀양시 가곡동,경상사고,0,0,1,0,차대사람 - 횡단중,안전운전불이행,건조,맑음,단일로 - 기타,승용,여,54세,상해없음,보행자,여,22세,경상
2020032700100378,2020년 3월 27일 17시,금요일,경상남도 사천시 용현면,경상사고,0,0,1,0,차대차 - 측면충돌,중앙선침범,건조,맑음,단일로 - 기타,승용,남,66세,상해없음,승용,남,36세,경상
2020032700100379,2020년 3월 27일 17시,금요일,경상남도 김해시 서상동,경상사고,0,0,1,0,차대사람 - 기타,안전운전불이행,건조,맑음,단일로 - 기타,승용,남,73세,상해없음,보행자,남,49세,경상
2020032700100380,2020년 3월 27일 17시,금요일,경상남도 남해군 남해읍,경상사고,0,0,1,0,차대차 - 측면충돌,안전운전불이행,건조,맑음,교차로 - 교차로안,승용,남,62세,상해없음,승용,남,32세,경상
2020032700100422,2020년 3월 27일 18시,금요일,경상남도 진주시 하대동,경상사고,0,0,1,0,차대사람 - 기타,안전운전불이행,건조,맑음,단일로 - 기타,승용,여,38세,상해없음,보행자,여,81세,경상
2020032700100423,2020년 3월 27일 18시,금요일,경상남도 통영시 광도면,경상사고,0,0,4,0,차대차 - 추돌,안전운전불이행,건조,맑음,단일로 - 기타,승용,여,52세,상해없음,승용,남,40세,경상
2020032700100424,2020년 3월 27일 18시,금요일,경상남도 통영시 광도면,경상사고,0,0,4,0,차대차 - 추돌,안전운전불이행,건조,맑음,단일로 - 기타,승용,남,28세,상해없음,승용,남,40세,경상
2020032700100472,2020년 3월 27일 19시,금요일,경상남도 창녕군 창녕읍,경상사고,0,0,4,0,차대차 - 추돌,안전운전불이행,건조,흐림,교차로 - 교차로부근,승용,남,45세,상해없음,승용,남,40세,경상
2020032700100500,2020년 3월 27일 20시,금요일,경상남도 진주시 가좌동,경상사고,0,0,2,0,차대차 - 기타,안전운전불이행,건조,맑음,단일로 - 기타,화물,남,22세,상해없음,승용,남,23세,경상
2020032700100501,2020년 3월 27일 20시,금요일,경상남도 양산시 동면,부상신고사고,0,0,0,1,차대차 - 기타,기타,건조,맑음,교차로 - 교차로안,승용,남,32세,상해없음,이륜,남,29세,부상신고
2020032700100502,2020년 3월 27일 20시,금요일,경상남도 양산시 하북면,경상사고,0,0,1,0,차대차 - 기타,안전운전불이행,젖음/습기,비,주차장 - 주차장,승용,남,37세,경상,화물,남,52세,상해없음
2020032700100503,2020년 3월 27일 20시,금요일,경상남도 양산시 남부동,경상사고,0,0,1,0,차대차 - 후진중충돌,안전운전불이행,건조,맑음,단일로 - 기타,승용,남,27세,상해없음,승용,여,40세,경상
2020032700100504,2020년 3월 27일 20시,금요일,경상남도 창원시 성산구 상남동,경상사고,0,0,2,0,차대차 - 측면충돌,신호위반,건조,맑음,교차로 - 교차로안,승용,남,68세,상해없음,승용,남,54세,경상
2020032700100505,2020년 3월 27일 20시,금요일,경상남도 창원시 성산구 중앙동,경상사고,0,0,2,0,차대차 - 측면충돌,안전운전불이행,건조,맑음,교차로 - 교차로안,승용,남,52세,상해없음,승용,남,30세,경상
2020032700100506,2020년 3월 27일 20시,금요일,경상남도 창원시 마산회원구 내서읍,중상사고,0,1,0,0,차대차 - 측면충돌,안전운전불이행,건조,맑음,교차로 - 교차로안,승용,남,52세,상해없음,이륜,남,35세,중상
2020032700100539,2020년 3월 27일 21시,금요일,경상남도 양산시 중부동,경상사고,0,0,1,0,차대차 - 기타,안전운전불이행,건조,맑음,단일로 - 기타,승용,남,64세,상해없음,화물,남,43세,경상
2020032700100568,2020년 3월 27일 22시,금요일,경상남도 창원시 진해구 여좌동,부상신고사고,0,0,0,1,차대차 - 측면충돌,직진우회전진행방해,젖음/습기,비,교차로 - 교차로안,이륜,남,21세,부상신고,승용,남,70세,상해없음
2020032700100569,2020년 3월 27일 22시,금요일,경상남도 김해시 안동,사망사고,1,0,1,0,차대차 - 기타,신호위반,젖음/습기,비,교차로 - 교차로안,이륜,남,18세,사망,승용,남,56세,경상
2020032700100570,2020년 3월 27일 22시,금요일,경상남도 창원시 성산구 가음동,부상신고사고,0,0,0,1,차대사람 - 기타,안전운전불이행,건조,맑음,기타 - 기타,기타불명,기타불명,미분류,기타불명,보행자,남,37세,부상신고
2020032700100571,2020년 3월 27일 22시,금요일,경상남도 창원시 마산회원구 구암동,경상사고,0,0,1,0,차대차 - 측면충돌,안전운전불이행,건조,맑음,교차로 - 교차로안,승용,남,44세,상해없음,승합,남,65세,경상
2020032700100593,2020년 3월 27일 23시,금요일,경상남도 통영시 광도면,경상사고,0,0,2,0,차대차 - 추돌,안전운전불이행,젖음/습기,비,교차로 - 교차로부근,승용,남,55세,상해없음,승용,남,44세,경상
2020032800100011,2020년 3월 28일 00시,토요일,경상남도 통영시 무전동,경상사고,0,0,1,0,차대차 - 추돌,안전운전불이행,젖음/습기,비,단일로 - 기타,승용,남,25세,상해없음,승용,남,61세,경상
2020032800100035,2020년 3월 28일 02시,토요일,경상남도 거제시 옥포동,경상사고,0,0,1,0,차대차 - 기타,신호위반,젖음/습기,비,교차로 - 교차로안,승용,남,47세,상해없음,승용,남,39세,경상
2020032800100047,2020년 3월 28일 03시,토요일,경상남도 창원시 진해구 이동,경상사고,0,0,1,0,차대차 - 기타,안전운전불이행,건조,맑음,단일로 - 기타,승용,남,38세,상해없음,승용,남,56세,경상
2020032800100061,2020년 3월 28일 05시,토요일,경상남도 김해시 불암동,중상사고,0,1,0,0,차대차 - 추돌,안전운전불이행,건조,맑음,교차로 - 교차로부근,승용,남,56세,상해없음,승용,남,61세,중상
2020032800100068,2020년 3월 28일 06시,토요일,경상남도 김해시 대동면,중상사고,0,1,3,0,차대차 - 추돌,안전운전불이행,건조,맑음,단일로 - 기타,승용,남,38세,상해없음,승용,남,45세,경상
2020032800100083,2020년 3월 28일 07시,토요일,경상남도 통영시 광도면,중상사고,0,1,0,0,차대차 - 추돌,안전운전불이행,건조,맑음,교차로 - 교차로부근,화물,남,64세,기타불명,승용,남,65세,중상
2020032800100102,2020년 3월 28일 08시,토요일,경상남도 창원시 진해구 태백동,중상사고,0,1,0,0,차대차 - 추돌,안전운전불이행,건조,맑음,교차로 - 교차로부근,승합,남,37세,상해없음,승용,남,47세,상해없음
2020032800100150,2020년 3월 28일 10시,토요일,경상남도 양산시 동면,중상사고,0,1,0,0,차대사람 - 기타,안전운전불이행,건조,맑음,단일로 - 기타,승용,남,37세,상해없음,보행자,남,49세,중상
2020032800100176,2020년 3월 28일 11시,토요일,경상남도 거제시 고현동,경상사고,0,0,2,1,차대차 - 측면충돌,안전운전불이행,건조,맑음,교차로 - 교차로안,승용,남,56세,상해없음,승용,남,36세,부상신고
2020032800100208,2020년 3월 28일 12시,토요일,경상남도 창원시 의창구 봉곡동,경상사고,0,0,2,0,차대차 - 측면충돌,안전운전불이행,건조,흐림,기타 - 기타,승용,기타불명,미분류,기타불명,승용,남,51세,경상
2020032800100239,2020년 3월 28일 13시,토요일,경상남도 양산시 덕계동,경상사고,0,0,1,0,차대차 - 기타,안전운전불이행,건조,맑음,교차로 - 교차로부근,승용,여,40세,상해없음,승용,여,39세,경상
2020032800100240,2020년 3월 28일 13시,토요일,경상남도 함안군 산인면,중상사고,0,1,0,0,차량단독 - 도로외이탈 - 추락,안전운전불이행,건조,맑음,단일로 - 기타,승용,남,65세,중상,,,,
2020032800100260,2020년 3월 28일 14시,토요일,경상남도 창원시 진해구 자은동,경상사고,0,0,3,0,차대차 - 측면충돌,중앙선침범,건조,맑음,단일로 - 기타,건설기계,남,49세,상해없음,승용,여,34세,경상
2020032800100261,2020년 3월 28일 14시,토요일,경상남도 창녕군 창녕읍,중상사고,0,1,0,0,차대사람 - 횡단중,안전운전불이행,건조,맑음,교차로 - 교차로안,승용,남,42세,상해없음,보행자,여,78세,중상
2020032800100262,2020년 3월 28일 14시,토요일,경상남도 창원시 의창구 도계동,중상사고,0,2,1,0,차대차 - 기타,안전운전불이행,건조,맑음,교차로 - 교차로부근,승용,여,49세,상해없음,승용,남,39세,기타불명
2020032800100296,2020년 3월 28일 15시,토요일,경상남도 진주시 판문동,중상사고,0,1,0,0,차량단독 - 공작물충돌,안전운전불이행,건조,맑음,단일로 - 기타,승용,여,63세,중상,,,,
2020032800100316,2020년 3월 28일 16시,토요일,경상남도 창원시 진해구 용원동,중상사고,0,1,0,0,차량단독 - 전도전복 - 전도,안전운전불이행,건조,맑음,기타 - 기타,자전거,여,65세,중상,,,,
2020032800100317,2020년 3월 28일 16시,토요일,경상남도 김해시 부원동,경상사고,0,0,2,0,차대차 - 기타,안전운전불이행,건조,맑음,단일로 - 기타,승용,여,57세,경상,승용,남,33세,경상
2020032800100334,2020년 3월 28일 17시,토요일,경상남도 김해시 대동면,경상사고,0,0,1,0,차대차 - 측면충돌,안전운전불이행,건조,맑음,단일로 - 기타,승용,여,51세,상해없음,승용,여,39세,경상
2020032800100377,2020년 3월 28일 18시,토요일,경상남도 창원시 의창구 반계동,경상사고,0,0,1,0,차량단독 - 공작물충돌,안전운전불이행,건조,맑음,단일로 - 기타,원동기,남,18세,경상,,,,
2020032800100378,2020년 3월 28일 18시,토요일,경상남도 김해시 대청동,경상사고,0,0,2,0,차대차 - 후진중충돌,안전운전불이행,건조,흐림,단일로 - 기타,승용,여,51세,상해없음,승용,남,32세,경상
2020032800100414,2020년 3월 28일 19시,토요일,경상남도 사천시 사천읍,부상신고사고,0,0,0,1,차대사람 - 기타,안전운전불이행,건조,맑음,단일로 - 기타,승용,여,23세,상해없음,보행자,남,58세,부상신고
2020032800100445,2020년 3월 28일 20시,토요일,경상남도 김해시 생림면,경상사고,0,0,1,0,차량단독 - 공작물충돌,안전운전불이행,건조,맑음,단일로 - 기타,승용,남,29세,경상,,,,
2020032800100446,2020년 3월 28일 20시,토요일,경상남도 함안군 가야읍,경상사고,0,0,2,0,차대차 - 측면충돌,안전운전불이행,건조,맑음,교차로 - 교차로부근,화물,남,26세,상해없음,승용,남,36세,경상
2020032800100474,2020년 3월 28일 21시,토요일,경상남도 사천시 사천읍,경상사고,0,0,2,0,차대차 - 후진중충돌,안전운전불이행,건조,맑음,교차로 - 교차로안,승용,남,36세,상해없음,승용,남,36세,경상
2020032800100510,2020년 3월 28일 23시,토요일,경상남도 거제시 아주동,중상사고,0,1,0,0,차대차 - 기타,안전거리미확보,건조,맑음,단일로 - 기타,승용,남,54세,상해없음,승용,남,26세,중상
2020032800100511,2020년 3월 28일 23시,토요일,경상남도 김해시 삼문동,중상사고,0,1,0,0,차대차 - 정면충돌,과속,건조,맑음,교차로 - 교차로부근,승용,남,54세,상해없음,승용,여,43세,중상
2020032900100013,2020년 3월 29일 00시,일요일,경상남도 진주시 신안동,경상사고,0,0,1,0,차대차 - 추돌,안전운전불이행,건조,맑음,교차로 - 교차로부근,승용,남,55세,상해없음,승용,남,28세,경상
2020032900100014,2020년 3월 29일 00시,일요일,경상남도 김해시 외동,중상사고,0,1,1,0,차대차 - 추돌,안전운전불이행,건조,맑음,교차로 - 교차로부근,승용,남,31세,상해없음,승용,남,33세,중상
2020032900100015,2020년 3월 29일 00시,일요일,경상남도 김해시 삼계동,경상사고,0,0,2,0,차대차 - 추돌,신호위반,건조,맑음,교차로 - 교차로안,이륜,남,16세,경상,승용,남,59세,경상
2020032900100016,2020년 3월 29일 00시,일요일,경상남도 김해시 안동,경상사고,0,0,1,0,차대차 - 기타,안전거리미확보,건조,맑음,단일로 - 기타,기타불명,기타불명,미분류,기타불명,승용,여,55세,경상
2020032900100071,2020년 3월 29일 06시,일요일,경상남도 거제시 장평동,경상사고,0,0,1,0,차대차 - 추돌,안전운전불이행,건조,맑음,단일로 - 기타,승용,남,24세,상해없음,승용,남,44세,경상
2020032900100075,2020년 3월 29일 07시,일요일,경상남도 사천시 서동,경상사고,0,0,1,0,차대사람 - 기타,안전운전불이행,건조,맑음,단일로 - 기타,승용,남,48세,상해없음,보행자,여,62세,경상
2020032900100076,2020년 3월 29일 07시,일요일,경상남도 창원시 의창구 팔용동,경상사고,0,0,1,0,차대차 - 측면충돌,교차로운행방법위반,건조,맑음,교차로 - 교차로안,승용,남,28세,상해없음,승용,여,47세,경상
2020032900100094,2020년 3월 29일 09시,일요일,경상남도 창원시 진해구 석동,중상사고,0,1,0,0,차대차 - 측면충돌,안전운전불이행,건조,맑음,교차로 - 교차로부근,자전거,남,58세,중상,승용,남,49세,상해없음
2020032900100095,2020년 3월 29일 09시,일요일,경상남도 창원시 진해구 경화동,경상사고,0,0,1,0,차대사람 - 차도통행중,안전운전불이행,건조,맑음,단일로 - 기타,승합,남,72세,상해없음,보행자,남,71세,경상
2020032900100107,2020년 3월 29일 10시,일요일,경상남도 사천시 벌리동,중상사고,0,1,1,0,차대차 - 측면충돌,안전운전불이행,건조,맑음,교차로 - 교차로안,이륜,남,68세,경상,승용,남,36세,중상
2020032900100128,2020년 3월 29일 11시,일요일,경상남도 밀양시 삼랑진읍,경상사고,0,0,4,0,차대차 - 측면충돌,안전운전불이행,건조,맑음,단일로 - 기타,승용,남,36세,상해없음,승용,여,40세,경상
2020032900100129,2020년 3월 29일 11시,일요일,경상남도 남해군 남해읍,중상사고,0,2,0,1,차대차 - 측면충돌,신호위반,건조,맑음,교차로 - 교차로안,화물,남,68세,부상신고,승용,여,58세,중상
2020032900100193,2020년 3월 29일 14시,일요일,경상남도 통영시 산양읍,경상사고,0,0,1,0,차대차 - 기타,안전운전불이행,건조,맑음,단일로 - 기타,승용,남,52세,상해없음,자전거,여,49세,경상
2020032900100194,2020년 3월 29일 14시,일요일,경상남도 하동군 청암면,중상사고,0,1,0,0,차대차 - 정면충돌,중앙선침범,건조,맑음,단일로 - 기타,이륜,여,49세,중상,승용,남,37세,상해없음
2020032900100195,2020년 3월 29일 14시,일요일,경상남도 김해시 한림면,경상사고,0,0,1,0,차대차 - 기타,안전운전불이행,건조,맑음,단일로 - 기타,승용,남,45세,경상,화물,남,62세,상해없음
2020032900100224,2020년 3월 29일 15시,일요일,경상남도 진주시 신안동,경상사고,0,0,3,0,차대차 - 측면충돌,안전운전불이행,건조,맑음,단일로 - 기타,승합,남,53세,상해없음,승용,여,47세,경상
2020032900100225,2020년 3월 29일 15시,일요일,경상남도 거창군 거창읍,경상사고,0,0,2,0,차대차 - 측면충돌,안전거리미확보,건조,맑음,단일로 - 기타,승용,남,31세,상해없음,화물,남,71세,상해없음
2020032900100226,2020년 3월 29일 15시,일요일,경상남도 고성군 고성읍,경상사고,0,0,1,0,차대차 - 추돌,안전운전불이행,건조,맑음,단일로 - 기타,승용,남,25세,상해없음,승합,여,58세,경상
2020032900100227,2020년 3월 29일 15시,일요일,경상남도 남해군 설천면,중상사고,0,1,0,0,차대차 - 측면충돌,안전운전불이행,건조,맑음,단일로 - 기타,자전거,남,33세,중상,승용,남,58세,상해없음
2020032900100248,2020년 3월 29일 16시,일요일,경상남도 함양군 함양읍,중상사고,0,1,0,0,차대사람 - 횡단중,과속,건조,맑음,단일로 - 기타,승용,남,34세,상해없음,보행자,여,80세,중상
2020032900100249,2020년 3월 29일 16시,일요일,경상남도 양산시 물금읍,부상신고사고,0,0,0,1,차대차 - 기타,안전운전불이행,건조,맑음,교차로 - 교차로안,이륜,남,42세,부상신고,승용,남,62세,상해없음
2020032900100250,2020년 3월 29일 16시,일요일,경상남도 창원시 의창구 사림동,경상사고,0,0,1,0,차대차 - 측면충돌,안전운전불이행,건조,맑음,교차로 - 교차로안,승용,남,60세,상해없음,이륜,남,55세,경상
2020032900100298,2020년 3월 29일 18시,일요일,경상남도 하동군 하동읍,중상사고,0,3,0,0,차대차 - 측면충돌,신호위반,건조,맑음,교차로 - 교차로안,승용,여,53세,중상,승용,남,37세,중상
2020032900100299,2020년 3월 29일 18시,일요일,경상남도 거제시 아주동,중상사고,0,1,0,0,차대차 - 측면충돌,차로위반,건조,맑음,단일로 - 기타,승용,남,53세,상해없음,이륜,남,43세,중상