사고번호,사고일시,요일,시군구,사고내용,사망자수,중상자수,경상자수,부상신고자수,사고유형,법규위반,노면상태,기상상태,도로형태,가해운전자 차종,가해운전자 성별,가해운전자 연령,가해운전자 상해정도,피해운전자 차종,피해운전자 성별,피해운전자 연령,피해운전자 상해정도
2020040200100489,2020년 4월 2일 19시,목요일,경상남도 사천시 사천읍,중상사고,0,1,2,0,차대차 - 기타,안전운전불이행,건조,맑음,단일로 - 기타,화물,남,45세,상해없음,승용,남,70세,중상
2020040200100490,2020년 4월 2일 19시,목요일,경상남도 거제시 고현동,경상사고,0,0,1,0,차량단독 - 기타,안전운전불이행,건조,맑음,교차로 - 교차로부근,승용,남,62세,상해없음,,,,
2020040200100515,2020년 4월 2일 20시,목요일,경상남도 사천시 서동,중상사고,0,1,0,0,차대사람 - 횡단중,안전운전불이행,건조,맑음,교차로 - 교차로안,승용,여,43세,상해없음,보행자,남,49세,중상
2020040200100540,2020년 4월 2일 21시,목요일,경상남도 양산시 동면,사망사고,1,0,0,0,차대사람 - 횡단중,안전운전불이행,건조,맑음,단일로 - 기타,승용,남,28세,상해없음,보행자,남,61세,사망
2020040200100559,2020년 4월 2일 22시,목요일,경상남도 김해시 진영읍,경상사고,0,0,1,0,차대차 - 추돌,과속,건조,맑음,단일로 - 기타,승용,남,25세,상해없음,승용,남,54세,경상
2020040300100004,2020년 4월 3일 00시,금요일,경상남도 김해시 안동,중상사고,0,1,0,0,차대사람 - 횡단중,안전운전불이행,건조,맑음,단일로 - 기타,승용,남,57세,기타불명,보행자,남,53세,중상
2020040300100012,2020년 4월 3일 01시,금요일,경상남도 김해시 삼계동,경상사고,0,0,1,0,차량단독 - 공작물충돌,안전운전불이행,건조,맑음,단일로 - 기타,이륜,남,29세,경상,,,,
2020040300100029,2020년 4월 3일 04시,금요일,경상남도 창원시 성산구 상남동,중상사고,0,1,0,0,차대사람 - 횡단중,안전운전불이행,건조,맑음,단일로 - 기타,승용,남,58세,상해없음,보행자,남,53세,중상
2020040300100041,2020년 4월 3일 06시,금요일,경상남도 통영시 정량동,중상사고,0,1,0,0,차대차 - 측면충돌,신호위반,건조,맑음,교차로 - 교차로안,승용,남,38세,상해없음,이륜,남,66세,중상
2020040300100042,2020년 4월 3일 06시,금요일,경상남도 통영시 서호동,중상사고,0,1,0,0,차대사람 - 차도통행중,중앙선침범,건조,맑음,단일로 - 기타,승용,여,58세,상해없음,보행자,여,62세,중상
2020040300100058,2020년 4월 3일 07시,금요일,경상남도 양산시 명동,경상사고,0,0,1,0,차대차 - 추돌,안전운전불이행,건조,맑음,교차로 - 교차로부근,승용,남,50세,상해없음,승용,여,46세,경상
2020040300100059,2020년 4월 3일 07시,금요일,경상남도 창원시 마산회원구 회성동,경상사고,0,0,2,0,차대차 - 측면충돌,안전운전불이행,건조,맑음,교차로 - 교차로부근,건설기계,남,50세,상해없음,승용,여,40세,경상
2020040300100092,2020년 4월 3일 08시,금요일,경상남도 양산시 교동,경상사고,0,0,1,0,차대차 - 측면충돌,안전운전불이행,건조,맑음,단일로 - 기타,승용,남,28세,기타불명,승용,여,37세,경상
2020040300100093,2020년 4월 3일 08시,금요일,경상남도 김해시 진영읍,경상사고,0,0,1,0,차대차 - 측면충돌,안전운전불이행,건조,맑음,단일로 - 기타,화물,남,49세,상해없음,승용,남,68세,경상
2020040300100121,2020년 4월 3일 09시,금요일,경상남도 창원시 의창구 동정동,중상사고,0,1,0,0,차대차 - 측면충돌,안전운전불이행,건조,맑음,교차로 - 교차로안,승용,남,24세,상해없음,이륜,남,76세,중상
2020040300100122,2020년 4월 3일 09시,금요일,경상남도 김해시 진례면,경상사고,0,0,1,0,차대차 - 추돌,안전거리미확보,건조,맑음,단일로 - 기타,승용,남,42세,상해없음,승용,남,53세,경상
2020040300100148,2020년 4월 3일 10시,금요일,경상남도 창원시 진해구 경화동,경상사고,0,0,1,0,차대차 - 추돌,안전운전불이행,건조,맑음,교차로 - 교차로안,승용,여,69세,상해없음,승용,여,37세,경상
2020040300100149,2020년 4월 3일 10시,금요일,경상남도 통영시 광도면,경상사고,0,0,2,1,차대차 - 추돌,안전거리미확보,건조,맑음,단일로 - 기타,승용,여,32세,부상신고,승용,여,26세,경상
2020040300100177,2020년 4월 3일 11시,금요일,경상남도 의령군 봉수면,경상사고,0,0,1,0,차대차 - 기타,교차로운행방법위반,건조,맑음,교차로 - 교차로안,화물,남,61세,상해없음,승용,여,61세,상해없음
2020040300100200,2020년 4월 3일 12시,금요일,경상남도 창원시 마산합포구 해운동,경상사고,0,0,1,0,차량단독 - 기타,안전운전불이행,건조,맑음,교차로 - 교차로부근,승용,남,65세,상해없음,,,,
2020040300100201,2020년 4월 3일 12시,금요일,경상남도 김해시 외동,중상사고,0,1,0,0,차대차 - 기타,안전운전불이행,건조,맑음,단일로 - 기타,승용,남,44세,상해없음,원동기,남,30세,중상
2020040300100202,2020년 4월 3일 12시,금요일,경상남도 창녕군 영산면,중상사고,0,1,0,0,차대차 - 측면충돌,신호위반,건조,맑음,교차로 - 교차로안,원동기,남,77세,중상,승용,남,59세,상해없음
2020040300100203,2020년 4월 3일 12시,금요일,경상남도 거제시 덕포동,경상사고,0,0,1,0,차대차 - 측면충돌,기타,건조,맑음,단일로 - 기타,승용,남,58세,상해없음,승용,남,64세,경상
2020040300100258,2020년 4월 3일 14시,금요일,경상남도 김해시 율하동,경상사고,0,0,1,0,차대차 - 후진중충돌,안전운전불이행,건조,맑음,교차로 - 교차로부근,승용,남,51세,상해없음,승용,여,31세,경상
2020040300100295,2020년 4월 3일 15시,금요일,경상남도 진주시 장재동,경상사고,0,0,1,0,차대차 - 측면충돌,안전운전불이행,건조,맑음,교차로 - 교차로안,이륜,남,31세,기타불명,화물,남,38세,경상
2020040300100296,2020년 4월 3일 15시,금요일,경상남도 창원시 진해구 경화동,경상사고,0,0,3,0,차대차 - 추돌,안전운전불이행,건조,맑음,교차로 - 교차로부근,승용,남,58세,상해없음,승용,남,57세,경상
2020040300100297,2020년 4월 3일 15시,금요일,경상남도 사천시 이홀동,중상사고,0,1,0,0,차대차 - 측면충돌,중앙선침범,건조,맑음,단일로 - 기타,승용,남,62세,상해없음,이륜,남,52세,중상
2020040300100298,2020년 4월 3일 15시,금요일,경상남도 창원시 의창구 서상동,중상사고,0,1,1,0,차대차 - 추돌,안전운전불이행,건조,기타,교차로 - 교차로부근,승용,남,41세,상해없음,승용,남,64세,중상
2020040300100331,2020년 4월 3일 16시,금요일,경상남도 통영시 미수동,중상사고,0,3,0,0,차대차 - 추돌,안전운전불이행,건조,맑음,단일로 - 교량,승용,남,31세,상해없음,승용,여,62세,중상
2020040300100332,2020년 4월 3일 16시,금요일,경상남도 김해시 관동동,경상사고,0,0,2,0,차대차 - 측면충돌,안전운전불이행,건조,맑음,단일로 - 기타,승용,여,41세,상해없음,특수,남,44세,경상
2020040300100377,2020년 4월 3일 17시,금요일,경상남도 김해시 삼정동,경상사고,0,0,2,0,차대차 - 기타,안전운전불이행,건조,맑음,단일로 - 기타,승용,여,41세,경상,승용,남,64세,경상
2020040300100378,2020년 4월 3일 17시,금요일,경상남도 양산시 북부동,경상사고,0,0,1,0,차대차 - 측면충돌,신호위반,건조,맑음,교차로 - 교차로안,원동기,남,22세,경상,승용,남,38세,상해없음
2020040300100379,2020년 4월 3일 17시,금요일,경상남도 창원시 의창구 팔용동,경상사고,0,0,2,0,차대차 - 추돌,안전운전불이행,건조,기타,단일로 - 기타,화물,남,40세,상해없음,승용,여,37세,상해없음
2020040300100425,2020년 4월 3일 18시,금요일,경상남도 양산시 북정동,중상사고,0,2,1,0,차대차 - 측면충돌,기타,건조,맑음,교차로 - 교차로안,승용,남,60세,중상,승용,남,49세,경상
2020040300100426,2020년 4월 3일 18시,금요일,경상남도 양산시 북부동,중상사고,0,1,1,0,차대차 - 추돌,안전운전불이행,건조,맑음,단일로 - 기타,승합,남,67세,상해없음,화물,남,46세,중상
2020040300100427,2020년 4월 3일 18시,금요일,경상남도 거제시 고현동,경상사고,0,0,1,0,차대사람 - 기타,보행자보호의무위반,건조,맑음,교차로 - 교차로안,승용,여,54세,상해없음,보행자,남,39세,경상
2020040300100428,2020년 4월 3일 18시,금요일,경상남도 창원시 의창구 동읍,경상사고,0,0,1,0,차대차 - 측면충돌,안전운전불이행,건조,맑음,단일로 - 기타,승용,여,54세,상해없음,승용,남,57세,경상
2020040300100474,2020년 4월 3일 19시,금요일,경상남도 창녕군 도천면,경상사고,0,0,1,0,차대사람 - 길가장자리구역통행중,안전운전불이행,건조,맑음,단일로 - 기타,승합,남,56세,상해없음,보행자,남,62세,경상
2020040300100475,2020년 4월 3일 19시,금요일,경상남도 양산시 물금읍,중상사고,0,1,0,0,차대사람 - 횡단중,신호위반,건조,맑음,교차로 - 교차로횡단보도내,원동기,남,29세,상해없음,보행자,여,59세,중상
2020040300100476,2020년 4월 3일 19시,금요일,경상남도 김해시 율하동,중상사고,0,1,0,0,차대차 - 측면충돌,신호위반,건조,맑음,교차로 - 교차로안,승용,여,39세,상해없음,이륜,남,59세,중상
2020040300100568,2020년 4월 3일 22시,금요일,경상남도 양산시 산막동,경상사고,0,0,1,0,차대차 - 측면충돌,안전운전불이행,건조,맑음,교차로 - 교차로부근,승용,여,47세,경상,화물,남,34세,기타불명
2020040300100593,2020년 4월 3일 23시,금요일,경상남도 창원시 진해구 이동,경상사고,0,0,1,0,차대차 - 정면충돌,안전운전불이행,건조,맑음,교차로 - 교차로안,이륜,남,37세,경상,승용,남,48세,상해없음
2020040400100044,2020년 4월 4일 03시,토요일,경상남도 김해시 서상동,사망사고,1,0,0,0,차대사람 - 횡단중,안전운전불이행,건조,맑음,단일로 - 기타,승용,남,51세,상해없음,보행자,남,55세,사망
2020040400100087,2020년 4월 4일 07시,토요일,경상남도 양산시 하북면,중상사고,0,1,0,0,차량단독 - 도로외이탈 - 추락,안전운전불이행,건조,맑음,단일로 - 기타,농기계,남,80세,중상,,,,
2020040400100099,2020년 4월 4일 08시,토요일,경상남도 진주시 상평동,중상사고,0,1,0,0,차대차 - 측면충돌,안전운전불이행,건조,맑음,단일로 - 기타,승용,남,67세,상해없음,승용,여,44세,중상
2020040400100100,2020년 4월 4일 08시,토요일,경상남도 통영시 도천동,경상사고,0,0,1,0,차대차 - 후진중충돌,안전운전불이행,건조,맑음,단일로 - 기타,화물,남,46세,상해없음,자전거,남,73세,경상
2020040400100101,2020년 4월 4일 08시,토요일,경상남도 거창군 가조면,중상사고,0,1,0,0,차대차 - 측면충돌,신호위반,건조,맑음,교차로 - 교차로안,승용,남,59세,상해없음,화물,남,59세,상해없음
2020040400100118,2020년 4월 4일 09시,토요일,경상남도 김해시 부원동,중상사고,0,1,0,0,차대차 - 측면충돌,안전운전불이행,건조,맑음,교차로 - 교차로안,승용,남,51세,상해없음,화물,남,39세,중상
2020040400100119,2020년 4월 4일 09시,토요일,경상남도 양산시 북부동,중상사고,0,2,0,0,차대차 - 기타,안전운전불이행,건조,맑음,단일로 - 교량,화물,남,58세,상해없음,원동기,남,78세,중상
2020040400100120,2020년 4월 4일 09시,토요일,경상남도 의령군 지정면,중상사고,0,1,0,0,차량단독 - 전도전복 - 전도,안전운전불이행,건조,맑음,단일로 - 기타,농기계,남,68세,중상,,,,
2020040400100150,2020년 4월 4일 10시,토요일,경상남도 양산시 하북면,경상사고,0,0,2,0,차대차 - 기타,안전운전불이행,건조,맑음,교차로 - 교차로부근,승용,남,72세,상해없음,승용,남,25세,경상
2020040400100151,2020년 4월 4일 10시,토요일,경상남도 양산시 평산동,부상신고사고,0,0,0,1,차대차 - 기타,안전운전불이행,건조,맑음,기타 - 기타,이륜,남,20세,부상신고,승용,여,54세,상해없음
2020040400100152,2020년 4월 4일 10시,토요일,경상남도 창원시 성산구 중앙동,중상사고,0,1,0,0,차대사람 - 길가장자리구역통행중,안전운전불이행,건조,맑음,단일로 - 기타,승용,여,45세,상해없음,보행자,남,56세,중상
2020040400100191,2020년 4월 4일 11시,토요일,경상남도 창원시 마산합포구 신월동,중상사고,0,2,2,0,차대차 - 측면충돌,안전운전불이행,건조,맑음,기타 - 기타,화물,남,52세,중상,승용,남,45세,경상
2020040400100192,2020년 4월 4일 11시,토요일,경상남도 창원시 진해구 용원동,중상사고,0,1,0,0,차대차 - 측면충돌,안전운전불이행,건조,맑음,단일로 - 기타,승용,남,47세,상해없음,승용,남,64세,중상
2020040400100193,2020년 4월 4일 11시,토요일,경상남도 창원시 마산회원구 양덕동,중상사고,0,1,0,0,차대차 - 측면충돌,안전운전불이행,건조,맑음,단일로 - 기타,승용,남,71세,상해없음,이륜,남,46세,중상
2020040400100220,2020년 4월 4일 12시,토요일,경상남도 창원시 마산합포구 우산동,중상사고,0,1,2,0,차대차 - 측면충돌,안전거리미확보,건조,맑음,단일로 - 기타,승용,여,18세,경상,승용,여,29세,경상
2020040400100221,2020년 4월 4일 12시,토요일,경상남도 창원시 진해구 경화동,경상사고,0,0,2,0,차대차 - 추돌,안전운전불이행,건조,맑음,단일로 - 기타,화물,남,40세,상해없음,승용,남,35세,경상
2020040400100222,2020년 4월 4일 12시,토요일,경상남도 거창군 거창읍,경상사고,0,0,2,0,차대차 - 측면충돌,직진우회전진행방해,건조,맑음,교차로 - 교차로안,승용,여,38세,경상,승용,남,39세,경상
2020040400100223,2020년 4월 4일 12시,토요일,경상남도 양산시 삼호동,중상사고,0,1,0,0,차대사람 - 횡단중,보행자보호의무위반,건조,맑음,교차로 - 교차로횡단보도내,승용,남,46세,상해없음,보행자,남,60세,중상
2020040400100256,2020년 4월 4일 13시,토요일,경상남도 함안군 칠서면,중상사고,0,2,0,0,차대차 - 추돌,안전운전불이행,건조,맑음,교차로 - 교차로부근,화물,남,72세,상해없음,승용,남,61세,중상
2020040400100292,2020년 4월 4일 14시,토요일,경상남도 김해시 내동,경상사고,0,0,1,0,차대차 - 정면충돌,신호위반,건조,맑음,교차로 - 교차로안,승용,남,55세,상해없음,화물,남,59세,경상
2020040400100293,2020년 4월 4일 14시,토요일,경상남도 창원시 의창구 사림동,경상사고,0,0,1,0,차대사람 - 기타,안전운전불이행,건조,맑음,단일로 - 기타,승용,남,25세,상해없음,보행자,여,51세,경상
2020040400100331,2020년 4월 4일 15시,토요일,경상남도 창원시 마산합포구 해운동,부상신고사고,0,0,0,1,차대차 - 측면충돌,불법유턴,건조,맑음,교차로 - 교차로횡단보도내,이륜,남,22세,부상신고,승용,남,61세,상해없음
2020040400100382,2020년 4월 4일 16시,토요일,경상남도 창원시 마산합포구 구산면,중상사고,0,1,0,3,차대차 - 측면충돌,중앙선침범,건조,맑음,단일로 - 기타,화물,남,57세,상해없음,승용,남,37세,부상신고
2020040400100423,2020년 4월 4일 17시,토요일,경상남도 통영시 북신동,경상사고,0,0,1,0,차대차 - 측면충돌,안전운전불이행,건조,맑음,교차로 - 교차로부근,이륜,남,20세,상해없음,승용,남,27세,경상
2020040400100424,2020년 4월 4일 17시,토요일,경상남도 창원시 의창구 대산면,중상사고,0,1,1,0,차대차 - 정면충돌,신호위반,건조,맑음,교차로 - 교차로안,승용,여,57세,상해없음,승용,여,48세,경상
2020040400100460,2020년 4월 4일 18시,토요일,경상남도 남해군 삼동면,중상사고,0,1,0,0,차대사람 - 횡단중,안전운전불이행,건조,맑음,단일로 - 기타,승용,남,52세,상해없음,보행자,여,78세,중상
2020040400100494,2020년 4월 4일 19시,토요일,경상남도 함양군 함양읍,중상사고,0,1,0,0,차대사람 - 횡단중,안전운전불이행,건조,맑음,단일로 - 기타,이륜,남,21세,상해없음,보행자,여,62세,중상
2020040400100528,2020년 4월 4일 20시,토요일,경상남도 통영시 도산면,중상사고,0,1,1,0,차대차 - 추돌,안전운전불이행,건조,맑음,교차로 - 교차로부근,승용,남,58세,상해없음,승합,남,52세,중상
2020040400100574,2020년 4월 4일 22시,토요일,경상남도 창원시 진해구 제덕동,중상사고,0,1,2,0,차대차 - 추돌,안전운전불이행,건조,맑음,교차로 - 교차로부근,승용,여,52세,상해없음,화물,남,41세,경상
2020040500100031,2020년 4월 5일 01시,일요일,경상남도 창원시 진해구 화천동,경상사고,0,0,1,0,차대차 - 측면충돌,신호위반,건조,맑음,교차로 - 교차로안,승용,남,41세,경상,승용,남,48세,상해없음
2020040500100060,2020년 4월 5일 05시,일요일,경상남도 김해시 진례면,경상사고,0,0,2,0,차대차 - 기타,안전운전불이행,건조,맑음,단일로 - 기타,승용,남,28세,상해없음,승용,남,59세,상해없음
2020040500100063,2020년 4월 5일 05시,일요일,경상남도 함안군 칠원읍,경상사고,0,0,1,0,차대차 - 기타,안전운전불이행,건조,맑음,기타 - 기타,자전거,남,54세,경상,자전거,여,61세,상해없음
2020040500100096,2020년 4월 5일 09시,일요일,경상남도 양산시 북정동,경상사고,0,0,1,0,차대차 - 측면충돌,안전운전불이행,건조,맑음,교차로 - 교차로안,승용,남,49세,상해없음,화물,남,61세,경상
2020040500100142,2020년 4월 5일 11시,일요일,경상남도 창녕군 부곡면,중상사고,0,1,0,0,차대차 - 측면충돌,안전거리미확보,건조,맑음,교차로 - 교차로부근,이륜,남,78세,중상,승용,남,48세,상해없음
2020040500100143,2020년 4월 5일 11시,일요일,경상남도 창원시 의창구 봉곡동,중상사고,0,1,0,0,차대사람 - 차도통행중,안전운전불이행,건조,맑음,교차로 - 교차로부근,승용,남,54세,상해없음,보행자,여,65세,중상
2020040500100166,2020년 4월 5일 12시,일요일,경상남도 창원시 진해구 충무동,경상사고,0,0,3,0,차대차 - 기타,안전운전불이행,건조,맑음,교차로 - 교차로부근,승용,남,64세,경상,승용,남,38세,경상
2020040500100195,2020년 4월 5일 13시,일요일,경상남도 창녕군 영산면,경상사고,0,0,1,0,차대사람 - 기타,안전운전불이행,건조,맑음,단일로 - 기타,승용,남,65세,상해없음,보행자,남,61세,경상
2020040500100263,2020년 4월 5일 15시,일요일,경상남도 창원시 의창구 봉림동,부상신고사고,0,0,0,1,차대차 - 기타,안전운전불이행,기타,기타,기타 - 기타,승용,여,27세,상해없음,승용,남,46세,기타불명
2020040500100288,2020년 4월 5일 16시,일요일,경상남도 창원시 마산합포구 진북면,중상사고,0,1,0,0,차대차 - 측면충돌,신호위반,건조,맑음,교차로 - 교차로안,승용,남,76세,상해없음,이륜,남,57세,중상
2020040500100289,2020년 4월 5일 16시,일요일,경상남도 거제시 장목면,경상사고,0,0,2,0,차대차 - 추돌,과속,건조,맑음,단일로 - 기타,승용,남,28세,상해없음,승용,여,45세,경상
2020040500100303,2020년 4월 5일 17시,일요일,경상남도 통영시 무전동,중상사고,0,1,0,0,차대차 - 측면충돌,안전운전불이행,건조,맑음,교차로 - 교차로안,승용,여,53세,상해없음,이륜,남,22세,중상
2020040500100304,2020년 4월 5일 17시,일요일,경상남도 양산시 중부동,중상사고,0,1,0,0,차대차 - 추돌,안전거리미확보,건조,맑음,단일로 - 기타,이륜,남,17세,중상,화물,남,54세,상해없음
2020040500100305,2020년 4월 5일 17시,일요일,경상남도 김해시 내덕동,중상사고,0,1,2,0,차대차 - 측면충돌,차로위반,건조,맑음,단일로 - 기타,승용,남,68세,상해없음,승용,남,41세,중상
2020040500100330,2020년 4월 5일 18시,일요일,경상남도 김해시 외동,경상사고,0,0,6,0,차대차 - 기타,과속,건조,맑음,교차로 - 교차로안,승용,남,31세,상해없음,승용,남,29세,상해없음
2020040500100350,2020년 4월 5일 19시,일요일,경상남도 창원시 마산합포구 남성동,중상사고,0,3,0,0,차대차 - 측면충돌,안전운전불이행,건조,맑음,교차로 - 교차로부근,승용,남,63세,상해없음,승용,남,57세,중상
2020040500100351,2020년 4월 5일 19시,일요일,경상남도 양산시 북정동,경상사고,0,0,1,0,차대차 - 측면충돌,안전거리미확보,건조,맑음,단일로 - 기타,승용,남,63세,상해없음,승용,남,37세,경상
2020040500100373,2020년 4월 5일 20시,일요일,경상남도 거제시 고현동,중상사고,0,1,0,0,차대차 - 측면충돌,신호위반,건조,맑음,교차로 - 교차로안,승용,남,46세,상해없음,이륜,남,38세,중상
2020040500100408,2020년 4월 5일 22시,일요일,경상남도 창원시 성산구 상남동,부상신고사고,0,0,0,1,차대차 - 기타,안전운전불이행,건조,맑음,단일로 - 기타,기타불명,기타불명,미분류,기타불명,자전거,남,53세,부상신고
2020040600100047,2020년 4월 6일 06시,월요일,경상남도 통영시 무전동,중상사고,0,1,0,0,차대차 - 기타,안전거리미확보,건조,맑음,교차로 - 교차로부근,화물,남,66세,상해없음,승용,남,61세,중상
2020040600100072,2020년 4월 6일 07시,월요일,경상남도 함양군 함양읍,경상사고,0,0,1,1,차대차 - 측면충돌,교차로운행방법위반,건조,맑음,교차로 - 교차로안,승용,여,64세,부상신고,화물,남,64세,경상
2020040600100073,2020년 4월 6일 07시,월요일,경상남도 양산시 중부동,중상사고,0,1,0,0,차대사람 - 기타,안전운전불이행,건조,맑음,단일로 - 기타,승합,남,44세,상해없음,보행자,여,75세,중상
2020040600100104,2020년 4월 6일 08시,월요일,경상남도 함안군 법수면,경상사고,0,0,1,0,차대차 - 측면충돌,신호위반,건조,맑음,교차로 - 교차로안,화물,남,52세,상해없음,승용,여,36세,경상
2020040600100134,2020년 4월 6일 09시,월요일,경상남도 밀양시 상남면,경상사고,0,0,1,0,차대차 - 추돌,안전운전불이행,건조,맑음,단일로 - 기타,승용,남,33세,상해없음,화물,남,50세,경상
2020040600100161,2020년 4월 6일 10시,월요일,경상남도 김해시 진영읍,중상사고,0,1,0,0,차대차 - 측면충돌,안전운전불이행,건조,맑음,교차로 - 교차로부근,승용,남,53세,상해없음,승용,여,58세,중상
2020040600100189,2020년 4월 6일 11시,월요일,경상남도 통영시 명정동,경상사고,0,0,1,0,차대차 - 측면충돌,안전운전불이행,건조,맑음,교차로 - 교차로안,승용,남,61세,상해없음,승용,남,42세,경상
2020040600100190,2020년 4월 6일 11시,월요일,경상남도 밀양시 삼랑진읍,중상사고,0,1,0,0,차대차 - 기타,안전운전불이행,건조,맑음,단일로 - 기타,승용,여,61세,상해없음,자전거,남,61세,중상
2020040600100224,2020년 4월 6일 12시,월요일,경상남도 남해군 서면,중상사고,0,1,0,0,차대차 - 추돌,안전운전불이행,건조,맑음,단일로 - 기타,승용,여,47세,상해없음,농기계,남,65세,중상
2020040600100265,2020년 4월 6일 13시,월요일,경상남도 거창군 거창읍,경상사고,0,0,1,0,차대차 - 측면충돌,직진우회전진행방해,건조,맑음,교차로 - 교차로안,승용,여,43세,기타불명,승용,여,51세,경상
2020040600100299,2020년 4월 6일 14시,월요일,경상남도 통영시 도산면,경상사고,0,0,1,0,차대차 - 기타,직진우회전진행방해,건조,맑음,교차로 - 교차로안,농기계,남,72세,상해없음,화물,남,41세,경상
2020040600100336,2020년 4월 6일 15시,월요일,경상남도 거창군 주상면,중상사고,0,2,0,0,차대차 - 추돌,안전운전불이행,건조,맑음,단일로 - 기타,승합,남,44세,상해없음,화물,남,62세,중상
2020040600100337,2020년 4월 6일 15시,월요일,경상남도 함안군 대산면,경상사고,0,0,1,0,차량단독 - 공작물충돌,안전운전불이행,건조,맑음,단일로 - 기타,화물,남,56세,경상,,,,
2020040600100377,2020년 4월 6일 16시,월요일,경상남도 창녕군 창녕읍,중상사고,0,1,0,0,차대차 - 기타,안전운전불이행,건조,맑음,교차로 - 교차로안,화물,남,54세,상해없음,이륜,여,61세,중상
2020040600100378,2020년 4월 6일 16시,월요일,경상남도 고성군 고성읍,경상사고,0,0,1,0,차대사람 - 횡단중,보행자보호의무위반,건조,맑음,교차로 - 교차로횡단보도내,승합,여,58세,상해없음,보행자,여,77세,경상
2020040600100413,2020년 4월 6일 17시,월요일,경상남도 창원시 진해구 석동,경상사고,0,0,1,0,차대차 - 측면충돌,신호위반,건조,맑음,교차로 - 교차로안,승합,남,57세,상해없음,승용,여,46세,경상
2020040600100414,2020년 4월 6일 17시,월요일,경상남도 창녕군 부곡면,경상사고,0,0,1,0,차대사람 - 기타,안전운전불이행,건조,맑음,교차로 - 교차로안,승용,남,27세,상해없음,보행자,여,69세,경상
2020040600100445,2020년 4월 6일 18시,월요일,경상남도 양산시 삼호동,부상신고사고,0,0,0,1,차대사람 - 기타,안전운전불이행,건조,맑음,기타 - 기타,기타불명,기타불명,미분류,기타불명,보행자,남,48세,부상신고
2020040600100446,2020년 4월 6일 18시,월요일,경상남도 거제시 아주동,중상사고,0,1,1,0,차대차 - 측면충돌,직진우회전진행방해,건조,맑음,교차로 - 교차로안,승용,남,31세,경상,이륜,남,52세,중상
2020040600100492,2020년 4월 6일 20시,월요일,경상남도 진주시 신안동,경상사고,0,0,1,0,차대사람 - 횡단중,보행자보호의무위반,건조,맑음,교차로 - 교차로안,승용,남,57세,상해없음,보행자,여,49세,경상
2020040600100493,2020년 4월 6일 20시,월요일,경상남도 김해시 진례면,경상사고,0,0,1,0,차대차 - 측면충돌,안전운전불이행,건조,맑음,교차로 - 교차로안,승용,남,27세,상해없음,원동기,남,42세,경상
2020040600100494,2020년 4월 6일 20시,월요일,경상남도 김해시 대청동,경상사고,0,0,1,0,차대차 - 측면충돌,안전운전불이행,건조,맑음,단일로 - 기타,승용,여,45세,상해없음,원동기,남,16세,경상
2020040600100536,2020년 4월 6일 22시,월요일,경상남도 진주시 명석면,경상사고,0,0,1,0,차량단독 - 공작물충돌,안전운전불이행,건조,맑음,단일로 - 기타,승용,여,32세,경상,,,,
2020040600100551,2020년 4월 6일 23시,월요일,경상남도 사천시 축동면,중상사고,0,2,0,0,차대차 - 추돌,안전운전불이행,건조,맑음,교차로 - 교차로안,화물,남,56세,상해없음,승용,남,58세,중상
2020040700100024,2020년 4월 7일 03시,화요일,경상남도 창원시 진해구 석동,경상사고,0,0,1,0,차량단독 - 기타,안전운전불이행,건조,맑음,단일로 - 기타,원동기,남,16세,상해없음,,,,
2020040700100058,2020년 4월 7일 07시,화요일,경상남도 통영시 무전동,경상사고,0,0,1,0,차대차 - 기타,직진우회전진행방해,건조,맑음,교차로 - 교차로안,승합,남,60세,상해없음,승용,남,48세,경상
2020040700100085,2020년 4월 7일 08시,화요일,경상남도 사천시 향촌동,경상사고,0,0,1,0,차대차 - 측면충돌,직진우회전진행방해,건조,맑음,교차로 - 교차로안,승용,여,62세,상해없음,승용,남,36세,경상
2020040700100086,2020년 4월 7일 08시,화요일,경상남도 함양군 함양읍,경상사고,0,0,1,0,차대차 - 후진중충돌,교차로운행방법위반,건조,맑음,교차로 - 교차로부근,승용,남,50세,상해없음,자전거,남,23세,경상
2020040700100120,2020년 4월 7일 09시,화요일,경상남도 함양군 함양읍,경상사고,0,0,1,0,차대차 - 후진중충돌,안전운전불이행,건조,맑음,단일로 - 기타,승용,남,54세,상해없음,승용,여,46세,경상
2020040700100151,2020년 4월 7일 10시,화요일,경상남도 사천시 사남면,중상사고,0,1,0,0,차대차 - 측면충돌,안전운전불이행,건조,맑음,교차로 - 교차로안,승합,남,53세,상해없음,이륜,남,59세,중상
2020040700100180,2020년 4월 7일 11시,화요일,경상남도 창원시 진해구 용원동,경상사고,0,0,1,0,차대사람 - 기타,안전운전불이행,건조,맑음,단일로 - 기타,원동기,남,60세,기타불명,보행자,남,20세,경상
2020040700100271,2020년 4월 7일 14시,화요일,경상남도 창원시 진해구 경화동,경상사고,0,0,1,0,차대차 - 추돌,안전운전불이행,건조,맑음,단일로 - 기타,승용,여,39세,상해없음,원동기,남,61세,경상
2020040700100299,2020년 4월 7일 15시,화요일,경상남도 김해시 율하동,경상사고,0,0,1,0,차대차 - 기타,신호위반,건조,맑음,교차로 - 교차로안,승용,남,78세,상해없음,자전거,남,10세,경상