사고번호,사고일시,요일,시군구,사고내용,사망자수,중상자수,경상자수,부상신고자수,사고유형,법규위반,노면상태,기상상태,도로형태,가해운전자 차종,가해운전자 성별,가해운전자 연령,가해운전자 상해정도,피해운전자 차종,피해운전자 성별,피해운전자 연령,피해운전자 상해정도
2020040700100332,2020년 4월 7일 16시,화요일,경상남도 창원시 마산합포구 신포동1가,경상사고,0,0,2,0,차대차 - 측면충돌,신호위반,건조,맑음,교차로 - 교차로안,승용,남,65세,상해없음,승용,남,48세,경상
2020040700100333,2020년 4월 7일 16시,화요일,경상남도 양산시 동면,중상사고,0,1,0,2,차대차 - 측면충돌,안전운전불이행,건조,맑음,단일로 - 기타,자전거,남,7세,부상신고,자전거,여,8세,부상신고
2020040700100360,2020년 4월 7일 17시,화요일,경상남도 밀양시 내일동,경상사고,0,0,1,0,차대차 - 추돌,안전운전불이행,건조,맑음,단일로 - 기타,승용,여,33세,상해없음,승용,여,62세,경상
2020040700100361,2020년 4월 7일 17시,화요일,경상남도 창녕군 장마면,중상사고,0,1,0,0,차량단독 - 기타,안전운전불이행,건조,맑음,단일로 - 기타,승용,여,56세,중상,,,,
2020040700100362,2020년 4월 7일 17시,화요일,경상남도 함양군 함양읍,경상사고,0,0,1,0,차대차 - 정면충돌,교차로운행방법위반,건조,맑음,교차로 - 교차로안,승용,남,79세,상해없음,승용,남,32세,경상
2020040700100363,2020년 4월 7일 17시,화요일,경상남도 함안군 칠원읍,경상사고,0,0,1,0,차대사람 - 횡단중,안전운전불이행,건조,맑음,교차로 - 교차로부근,승용,여,38세,상해없음,보행자,여,51세,경상
2020040700100364,2020년 4월 7일 17시,화요일,경상남도 창원시 의창구 동읍,중상사고,0,1,1,0,차대차 - 추돌,안전거리미확보,건조,맑음,단일로 - 기타,화물,남,54세,상해없음,승용,남,53세,중상
2020040700100413,2020년 4월 7일 18시,화요일,경상남도 김해시 진영읍,경상사고,0,0,1,0,차대차 - 측면충돌,안전운전불이행,건조,맑음,단일로 - 기타,이륜,남,36세,경상,승용,여,54세,상해없음
2020040700100452,2020년 4월 7일 19시,화요일,경상남도 진주시 금산면,경상사고,0,0,1,0,차대차 - 측면충돌,안전운전불이행,건조,맑음,주차장 - 주차장,화물,남,62세,상해없음,승용,남,31세,경상
2020040700100453,2020년 4월 7일 19시,화요일,경상남도 남해군 고현면,경상사고,0,0,2,0,차대차 - 추돌,안전운전불이행,건조,흐림,교차로 - 교차로부근,승용,남,75세,상해없음,승용,남,38세,경상
2020040700100454,2020년 4월 7일 19시,화요일,경상남도 김해시 대청동,경상사고,0,0,1,0,차대차 - 추돌,안전운전불이행,젖음/습기,흐림,단일로 - 기타,승용,남,52세,상해없음,승용,남,39세,경상
2020040700100485,2020년 4월 7일 20시,화요일,경상남도 창원시 성산구 신촌동,경상사고,0,0,1,0,차대차 - 추돌,안전운전불이행,건조,맑음,교차로 - 교차로부근,승용,남,23세,상해없음,승용,여,44세,경상
2020040700100486,2020년 4월 7일 20시,화요일,경상남도 창원시 마산회원구 석전동,중상사고,0,1,0,0,차대사람 - 횡단중,신호위반,건조,맑음,교차로 - 교차로횡단보도내,이륜,남,21세,상해없음,보행자,여,57세,중상
2020040700100510,2020년 4월 7일 21시,화요일,경상남도 창원시 마산회원구 합성동,중상사고,0,1,0,0,차대사람 - 보도통행중,보행자보호의무위반,건조,맑음,교차로 - 교차로횡단보도내,승용,남,49세,상해없음,보행자,여,46세,중상
2020040700100528,2020년 4월 7일 22시,화요일,경상남도 창원시 성산구 남산동,중상사고,0,1,0,0,차대차 - 측면충돌,신호위반,건조,맑음,교차로 - 교차로안,승용,여,31세,상해없음,승용,남,42세,중상
2020040800100008,2020년 4월 8일 00시,수요일,경상남도 김해시 대청동,경상사고,0,0,2,0,차대차 - 추돌,안전운전불이행,건조,맑음,교차로 - 교차로부근,승용,남,31세,상해없음,승용,남,50세,경상
2020040800100060,2020년 4월 8일 06시,수요일,경상남도 사천시 사남면,중상사고,0,2,2,0,차대차 - 측면충돌,안전운전불이행,건조,맑음,교차로 - 교차로안,화물,남,53세,경상,특수,남,47세,경상
2020040800100061,2020년 4월 8일 06시,수요일,경상남도 창원시 의창구 명서동,중상사고,0,1,0,0,차대사람 - 횡단중,안전운전불이행,건조,맑음,단일로 - 기타,승용,여,51세,상해없음,보행자,남,58세,중상
2020040800100079,2020년 4월 8일 07시,수요일,경상남도 진주시 칠암동,경상사고,0,0,1,0,차대차 - 측면충돌,안전운전불이행,건조,맑음,교차로 - 교차로횡단보도내,승용,남,37세,상해없음,자전거,여,72세,경상
2020040800100113,2020년 4월 8일 08시,수요일,경상남도 김해시 서상동,중상사고,0,1,0,0,차대차 - 측면충돌,신호위반,건조,맑음,교차로 - 교차로안,승용,여,31세,상해없음,이륜,남,73세,중상
2020040800100114,2020년 4월 8일 08시,수요일,경상남도 양산시 평산동,중상사고,0,1,0,0,차대차 - 기타,안전운전불이행,건조,맑음,교차로 - 교차로안,승용,여,53세,상해없음,승용,여,37세,중상
2020040800100144,2020년 4월 8일 09시,수요일,경상남도 창원시 마산회원구 구암동,경상사고,0,0,1,0,차대차 - 측면충돌,신호위반,건조,맑음,교차로 - 교차로부근,승용,남,54세,상해없음,승용,여,56세,경상
2020040800100173,2020년 4월 8일 10시,수요일,경상남도 진주시 문산읍,중상사고,0,1,0,0,차대차 - 측면충돌,안전운전불이행,건조,맑음,교차로 - 교차로안,화물,남,36세,상해없음,이륜,남,81세,중상
2020040800100174,2020년 4월 8일 10시,수요일,경상남도 밀양시 내이동,중상사고,0,1,0,0,차대사람 - 기타,기타,건조,맑음,기타 - 기타,화물,남,55세,상해없음,보행자,남,24세,중상
2020040800100175,2020년 4월 8일 10시,수요일,경상남도 거창군 마리면,중상사고,0,1,0,0,차대차 - 정면충돌,안전운전불이행,건조,맑음,단일로 - 기타,화물,남,72세,상해없음,이륜,남,75세,중상
2020040800100176,2020년 4월 8일 10시,수요일,경상남도 창녕군 남지읍,경상사고,0,0,3,0,차대차 - 측면충돌,안전운전불이행,건조,맑음,단일로 - 기타,승용,남,59세,상해없음,승용,남,60세,경상
2020040800100206,2020년 4월 8일 11시,수요일,경상남도 창원시 마산합포구 진북면,경상사고,0,0,1,0,차대차 - 기타,안전운전불이행,건조,맑음,단일로 - 교량,승용,여,52세,상해없음,승용,여,43세,경상
2020040800100232,2020년 4월 8일 12시,수요일,경상남도 거창군 마리면,사망사고,1,0,0,0,차대차 - 추돌,안전운전불이행,건조,맑음,단일로 - 터널,승합,남,54세,상해없음,원동기,남,94세,사망
2020040800100233,2020년 4월 8일 12시,수요일,경상남도 고성군 삼산면,경상사고,0,0,1,0,차대차 - 정면충돌,중앙선침범,건조,맑음,단일로 - 기타,승용,여,46세,상해없음,건설기계,남,52세,경상
2020040800100290,2020년 4월 8일 14시,수요일,경상남도 창원시 마산합포구 상남동,중상사고,0,1,0,0,차량단독 - 기타,안전운전불이행,건조,맑음,단일로 - 기타,승합,남,57세,상해없음,,,,
2020040800100325,2020년 4월 8일 15시,수요일,경상남도 양산시 하북면,경상사고,0,0,1,0,차대차 - 측면충돌,직진우회전진행방해,건조,맑음,교차로 - 교차로안,승용,여,54세,상해없음,이륜,남,22세,경상
2020040800100326,2020년 4월 8일 15시,수요일,경상남도 양산시 동면,경상사고,0,0,1,0,차대차 - 추돌,안전거리미확보,건조,맑음,교차로 - 교차로부근,이륜,남,36세,경상,승용,남,37세,상해없음
2020040800100327,2020년 4월 8일 15시,수요일,경상남도 하동군 옥종면,경상사고,0,0,1,0,차대사람 - 기타,안전운전불이행,건조,맑음,단일로 - 기타,화물,남,81세,상해없음,보행자,남,44세,경상
2020040800100328,2020년 4월 8일 15시,수요일,경상남도 창원시 의창구 봉곡동,경상사고,0,0,1,0,차대차 - 추돌,안전운전불이행,건조,맑음,교차로 - 교차로부근,화물,남,40세,상해없음,승용,남,32세,경상
2020040800100355,2020년 4월 8일 16시,수요일,경상남도 창녕군 대지면,중상사고,0,1,0,0,차대차 - 기타,안전운전불이행,건조,맑음,단일로 - 기타,이륜,여,78세,중상,이륜,남,61세,상해없음
2020040800100356,2020년 4월 8일 16시,수요일,경상남도 거제시 연초면,경상사고,0,0,1,0,차대차 - 기타,안전거리미확보,건조,맑음,단일로 - 기타,화물,남,43세,상해없음,승용,남,43세,경상
2020040800100357,2020년 4월 8일 16시,수요일,경상남도 남해군 미조면,경상사고,0,0,1,0,차대차 - 추돌,안전운전불이행,건조,맑음,단일로 - 기타,승용,여,42세,기타불명,화물,남,48세,경상
2020040800100400,2020년 4월 8일 17시,수요일,경상남도 창원시 마산합포구 진동면,경상사고,0,0,3,0,차대차 - 측면충돌,직진우회전진행방해,건조,맑음,교차로 - 교차로안,승용,여,26세,상해없음,승용,여,57세,경상
2020040800100401,2020년 4월 8일 17시,수요일,경상남도 창원시 마산합포구 진동면,경상사고,0,0,2,0,차대차 - 추돌,안전거리미확보,건조,맑음,단일로 - 터널,화물,남,42세,경상,승용,여,46세,상해없음
2020040800100402,2020년 4월 8일 17시,수요일,경상남도 양산시 물금읍,경상사고,0,0,1,0,차대사람 - 기타,안전운전불이행,건조,맑음,주차장 - 주차장,승용,여,45세,상해없음,보행자,여,35세,경상
2020040800100403,2020년 4월 8일 17시,수요일,경상남도 김해시 부곡동,중상사고,0,1,2,0,차대차 - 측면충돌,중앙선침범,건조,맑음,교차로 - 교차로부근,승용,여,66세,경상,승용,여,39세,중상
2020040800100404,2020년 4월 8일 17시,수요일,경상남도 김해시 율하동,중상사고,0,1,0,0,차대차 - 측면충돌,과속,건조,맑음,교차로 - 교차로안,이륜,남,32세,중상,승용,여,44세,상해없음
2020040800100439,2020년 4월 8일 18시,수요일,경상남도 김해시 무계동,중상사고,0,1,0,0,차대사람 - 보도통행중,보행자보호의무위반,건조,맑음,교차로 - 교차로횡단보도내,화물,남,60세,상해없음,보행자,여,79세,중상
2020040800100473,2020년 4월 8일 19시,수요일,경상남도 김해시 부원동,경상사고,0,0,1,0,차대차 - 기타,안전운전불이행,건조,맑음,교차로 - 교차로안,원동기,남,41세,경상,승용,남,28세,상해없음
2020040800100474,2020년 4월 8일 19시,수요일,경상남도 양산시 용당동,경상사고,0,0,3,0,차대차 - 측면충돌,신호위반,건조,맑음,교차로 - 교차로안,승용,여,48세,경상,승합,남,59세,경상
2020040800100497,2020년 4월 8일 20시,수요일,경상남도 창원시 진해구 자은동,경상사고,0,0,1,0,차대차 - 기타,안전운전불이행,건조,맑음,교차로 - 교차로횡단보도내,자전거,남,62세,경상,승용,여,68세,상해없음
2020040800100498,2020년 4월 8일 20시,수요일,경상남도 합천군 삼가면,부상신고사고,0,0,0,1,차대사람 - 차도통행중,안전운전불이행,건조,맑음,교차로 - 교차로안,승용,여,48세,상해없음,보행자,남,52세,부상신고
2020040800100500,2020년 4월 8일 20시,수요일,경상남도 양산시 명동,사망사고,1,0,0,0,차대차 - 기타,안전운전불이행,건조,맑음,교차로 - 교차로부근,승용,남,57세,상해없음,기타불명,여,67세,사망
2020040800100526,2020년 4월 8일 21시,수요일,경상남도 산청군 산청읍,경상사고,0,0,2,0,차대차 - 측면충돌,직진우회전진행방해,건조,맑음,교차로 - 교차로안,승용,여,54세,경상,승용,여,53세,경상
2020040800100541,2020년 4월 8일 22시,수요일,경상남도 양산시 평산동,중상사고,0,1,0,0,차대사람 - 횡단중,안전운전불이행,건조,맑음,단일로 - 기타,승용,남,23세,상해없음,보행자,남,47세,중상
2020040800100557,2020년 4월 8일 23시,수요일,경상남도 창원시 의창구 팔용동,중상사고,0,1,0,0,차대사람 - 횡단중,안전운전불이행,건조,기타,단일로 - 기타,승용,남,66세,기타불명,보행자,남,37세,중상
2020040900100044,2020년 4월 9일 05시,목요일,경상남도 통영시 정량동,경상사고,0,0,1,0,차대차 - 측면충돌,안전운전불이행,건조,맑음,교차로 - 교차로안,화물,남,48세,상해없음,승용,여,40세,경상
2020040900100103,2020년 4월 9일 08시,목요일,경상남도 창원시 마산합포구 신포동2가,부상신고사고,0,0,0,1,차대차 - 기타,안전운전불이행,건조,기타,교차로 - 교차로안,승용,남,36세,상해없음,이륜,남,28세,부상신고
2020040900100104,2020년 4월 9일 08시,목요일,경상남도 창원시 마산합포구 남성동,중상사고,0,1,0,0,차대차 - 기타,교차로운행방법위반,건조,맑음,교차로 - 교차로안,승용,남,36세,상해없음,이륜,남,28세,중상
2020040900100105,2020년 4월 9일 08시,목요일,경상남도 김해시 안동,경상사고,0,0,1,0,차대사람 - 차도통행중,안전운전불이행,건조,맑음,교차로 - 교차로안,승용,여,57세,상해없음,보행자,남,81세,경상
2020040900100106,2020년 4월 9일 08시,목요일,경상남도 산청군 신등면,중상사고,0,1,0,0,차량단독 - 공작물충돌,안전운전불이행,건조,맑음,단일로 - 기타,화물,남,66세,중상,,,,
2020040900100130,2020년 4월 9일 09시,목요일,경상남도 김해시 한림면,중상사고,0,1,0,0,차량단독 - 공작물충돌,안전운전불이행,건조,맑음,단일로 - 기타,화물,남,64세,중상,,,,
2020040900100163,2020년 4월 9일 10시,목요일,경상남도 의령군 화정면,경상사고,0,0,1,0,차대차 - 측면충돌,교차로운행방법위반,건조,맑음,교차로 - 교차로안,사륜오토바이(ATV),남,75세,경상,승합,여,33세,상해없음
2020040900100191,2020년 4월 9일 11시,목요일,경상남도 김해시 대청동,중상사고,0,1,0,0,차대차 - 측면충돌,안전운전불이행,건조,맑음,단일로 - 기타,승용,여,48세,상해없음,이륜,남,70세,중상
2020040900100221,2020년 4월 9일 12시,목요일,경상남도 창원시 진해구 청안동,경상사고,0,0,1,0,차대차 - 기타,안전운전불이행,건조,맑음,교차로 - 교차로횡단보도내,화물,남,57세,상해없음,자전거,남,9세,경상
2020040900100222,2020년 4월 9일 12시,목요일,경상남도 하동군 금남면,중상사고,0,2,0,0,차대차 - 측면충돌,교차로운행방법위반,건조,맑음,교차로 - 교차로안,승용,남,77세,중상,승용,여,59세,중상
2020040900100223,2020년 4월 9일 12시,목요일,경상남도 거제시 고현동,경상사고,0,0,1,0,차대차 - 측면충돌,교차로운행방법위반,건조,맑음,교차로 - 교차로안,승용,여,36세,상해없음,이륜,남,36세,경상
2020040900100224,2020년 4월 9일 12시,목요일,경상남도 김해시 진영읍,부상신고사고,0,0,0,1,차대차 - 측면충돌,안전운전불이행,건조,맑음,단일로 - 기타,승용,여,64세,부상신고,승용,여,27세,상해없음
2020040900100261,2020년 4월 9일 13시,목요일,경상남도 의령군 부림면,중상사고,0,1,0,0,차대차 - 측면충돌,직진우회전진행방해,건조,맑음,교차로 - 교차로안,승용,여,32세,상해없음,자전거,여,61세,중상
2020040900100262,2020년 4월 9일 13시,목요일,경상남도 창원시 성산구 중앙동,경상사고,0,0,2,0,차대차 - 측면충돌,신호위반,건조,맑음,교차로 - 교차로안,승용,여,48세,기타불명,승용,여,29세,경상
2020040900100291,2020년 4월 9일 14시,목요일,경상남도 거제시 고현동,경상사고,0,0,1,0,차대사람 - 기타,안전운전불이행,건조,맑음,주차장 - 주차장,승용,남,51세,상해없음,보행자,남,36세,경상
2020040900100335,2020년 4월 9일 15시,목요일,경상남도 사천시 동금동,경상사고,0,0,2,0,차대차 - 측면충돌,중앙선침범,건조,맑음,교차로 - 교차로부근,화물,남,52세,상해없음,승용,여,60세,경상
2020040900100336,2020년 4월 9일 15시,목요일,경상남도 창원시 의창구 팔용동,경상사고,0,0,1,0,차대차 - 추돌,안전거리미확보,건조,맑음,단일로 - 기타,화물,남,33세,상해없음,화물,남,19세,상해없음
2020040900100337,2020년 4월 9일 15시,목요일,경상남도 김해시 관동동,경상사고,0,0,1,0,차대차 - 측면충돌,안전운전불이행,건조,맑음,교차로 - 교차로안,이륜,남,24세,경상,승용,여,62세,상해없음
2020040900100378,2020년 4월 9일 16시,목요일,경상남도 남해군 삼동면,경상사고,0,0,1,0,차대차 - 측면충돌,안전운전불이행,건조,맑음,단일로 - 기타,원동기,남,41세,경상,승용,남,29세,상해없음
2020040900100420,2020년 4월 9일 17시,목요일,경상남도 창원시 마산합포구 월남동5가,중상사고,0,1,0,0,차량단독 - 기타,안전운전불이행,건조,맑음,교차로 - 교차로부근,승합,남,47세,상해없음,,,,
2020040900100421,2020년 4월 9일 17시,목요일,경상남도 합천군 합천읍,부상신고사고,0,0,0,1,차대차 - 측면충돌,차로위반,건조,맑음,단일로 - 기타,자전거,남,77세,부상신고,승용,여,51세,상해없음
2020040900100457,2020년 4월 9일 18시,목요일,경상남도 진주시 이현동,경상사고,0,0,1,0,차대차 - 측면충돌,안전운전불이행,건조,맑음,단일로 - 기타,승용,남,55세,상해없음,이륜,남,22세,경상
2020040900100458,2020년 4월 9일 18시,목요일,경상남도 통영시 무전동,경상사고,0,0,1,0,차대사람 - 차도통행중,안전운전불이행,건조,맑음,주차장 - 주차장,승용,여,21세,상해없음,보행자,남,67세,경상
2020040900100511,2020년 4월 9일 20시,목요일,경상남도 김해시 상동면,중상사고,0,1,0,0,차대차 - 기타,안전운전불이행,건조,맑음,단일로 - 기타,특수,남,51세,상해없음,화물,남,39세,중상
2020040900100524,2020년 4월 9일 20시,목요일,경상남도 김해시 외동,경상사고,0,0,1,0,차대사람 - 길가장자리구역통행중,안전운전불이행,건조,맑음,단일로 - 기타,기타불명,기타불명,미분류,기타불명,보행자,남,30세,경상
2020041000100009,2020년 4월 10일 00시,금요일,경상남도 진주시 상대동,경상사고,0,0,1,0,차대사람 - 기타,안전운전불이행,건조,맑음,교차로 - 교차로안,자전거,남,23세,경상,보행자,남,59세,상해없음
2020041000100024,2020년 4월 10일 01시,금요일,경상남도 양산시 중부동,중상사고,0,1,0,1,차대차 - 측면충돌,교차로운행방법위반,건조,맑음,교차로 - 교차로안,승용,남,60세,중상,승용,남,63세,부상신고
2020041000100030,2020년 4월 10일 02시,금요일,경상남도 창원시 성산구 성주동,경상사고,0,0,1,0,차대차 - 측면충돌,신호위반,건조,맑음,교차로 - 교차로안,승용,여,48세,기타불명,승용,남,25세,경상
2020041000100060,2020년 4월 10일 06시,금요일,경상남도 사천시 사천읍,경상사고,0,0,1,0,차대차 - 측면충돌,직진우회전진행방해,건조,맑음,교차로 - 교차로부근,이륜,여,67세,경상,승용,남,56세,상해없음
2020041000100061,2020년 4월 10일 06시,금요일,경상남도 거제시 아주동,중상사고,0,1,0,0,차대차 - 기타,중앙선침범,건조,맑음,단일로 - 기타,승용,남,60세,상해없음,이륜,남,37세,중상
2020041000100112,2020년 4월 10일 08시,금요일,경상남도 남해군 남면,중상사고,0,1,1,1,차대차 - 측면충돌,안전운전불이행,건조,맑음,단일로 - 기타,화물,남,65세,상해없음,승용,남,30세,경상
2020041000100133,2020년 4월 10일 09시,금요일,경상남도 창원시 진해구 통신동,경상사고,0,0,1,0,차대차 - 측면충돌,안전운전불이행,건조,맑음,교차로 - 교차로안,화물,남,52세,상해없음,승용,여,40세,경상
2020041000100134,2020년 4월 10일 09시,금요일,경상남도 김해시 한림면,경상사고,0,0,1,0,차대차 - 측면충돌,안전운전불이행,건조,맑음,교차로 - 교차로안,승용,남,61세,상해없음,승용,남,43세,경상
2020041000100156,2020년 4월 10일 10시,금요일,경상남도 사천시 사천읍,중상사고,0,3,1,0,차대차 - 정면충돌,신호위반,건조,맑음,교차로 - 교차로안,승합,남,81세,경상,승용,남,39세,중상
2020041000100157,2020년 4월 10일 10시,금요일,경상남도 김해시 삼정동,경상사고,0,0,2,0,차대차 - 정면충돌,신호위반,건조,맑음,교차로 - 교차로안,화물,남,31세,경상,화물,남,61세,경상
2020041000100191,2020년 4월 10일 11시,금요일,경상남도 김해시 외동,중상사고,0,1,0,0,차대차 - 측면충돌,안전운전불이행,건조,맑음,단일로 - 기타,승용,남,75세,상해없음,이륜,남,39세,중상
2020041000100192,2020년 4월 10일 11시,금요일,경상남도 양산시 북정동,중상사고,0,1,0,0,차대차 - 측면충돌,교차로운행방법위반,건조,맑음,교차로 - 교차로안,승용,여,52세,상해없음,승용,남,41세,중상
2020041000100193,2020년 4월 10일 11시,금요일,경상남도 창원시 성산구 귀산동,경상사고,0,0,1,0,차대차 - 측면충돌,안전운전불이행,건조,맑음,단일로 - 기타,승용,여,49세,상해없음,승용,남,50세,상해없음
2020041000100229,2020년 4월 10일 12시,금요일,경상남도 김해시 삼방동,경상사고,0,0,8,0,차대차 - 정면충돌,중앙선침범,건조,맑음,교차로 - 교차로안,승용,남,49세,상해없음,승합,남,36세,경상
2020041000100230,2020년 4월 10일 12시,금요일,경상남도 창원시 마산회원구 내서읍,중상사고,0,1,0,0,차대차 - 기타,안전운전불이행,건조,맑음,교차로 - 교차로부근,화물,남,35세,상해없음,승합,남,42세,중상
2020041000100231,2020년 4월 10일 12시,금요일,경상남도 김해시 진영읍,중상사고,0,3,1,0,차대차 - 측면충돌,신호위반,건조,맑음,교차로 - 교차로안,승용,여,47세,경상,승용,남,57세,중상
2020041000100300,2020년 4월 10일 14시,금요일,경상남도 양산시 중부동,경상사고,0,0,1,0,차대차 - 기타,교차로운행방법위반,건조,맑음,교차로 - 교차로횡단보도내,승용,남,69세,상해없음,이륜,남,36세,경상
2020041000100301,2020년 4월 10일 14시,금요일,경상남도 창원시 마산회원구 석전동,경상사고,0,0,1,0,차대차 - 측면충돌,안전운전불이행,건조,맑음,교차로 - 교차로부근,승용,남,45세,상해없음,화물,남,55세,경상
2020041000100341,2020년 4월 10일 15시,금요일,경상남도 김해시 구산동,경상사고,0,0,2,0,차대차 - 측면충돌,차로위반,건조,맑음,단일로 - 기타,이륜,남,63세,경상,승용,여,52세,경상
2020041000100342,2020년 4월 10일 15시,금요일,경상남도 하동군 횡천면,중상사고,0,1,0,0,차대차 - 측면충돌,안전운전불이행,건조,맑음,단일로 - 기타,승용,여,55세,상해없음,이륜,남,54세,중상
2020041000100374,2020년 4월 10일 16시,금요일,경상남도 창원시 마산회원구 구암동,중상사고,0,1,0,0,차대사람 - 횡단중,안전운전불이행,건조,흐림,교차로 - 교차로안,승용,남,36세,상해없음,보행자,여,75세,중상
2020041000100398,2020년 4월 10일 17시,금요일,경상남도 통영시 북신동,경상사고,0,0,1,1,차대사람 - 보도통행중,기타,건조,맑음,기타 - 기타,승용,여,54세,부상신고,보행자,여,44세,경상
2020041000100399,2020년 4월 10일 17시,금요일,경상남도 거제시 거제면,경상사고,0,0,1,0,차대사람 - 기타,안전운전불이행,건조,맑음,교차로 - 교차로안,승용,여,57세,상해없음,보행자,남,71세,경상
2020041000100435,2020년 4월 10일 18시,금요일,경상남도 통영시 정량동,부상신고사고,0,0,0,1,차대차 - 추돌,안전운전불이행,건조,맑음,단일로 - 기타,이륜,남,65세,부상신고,승용,여,52세,상해없음
2020041000100436,2020년 4월 10일 18시,금요일,경상남도 양산시 삼호동,중상사고,0,1,0,0,차대차 - 기타,신호위반,건조,맑음,교차로 - 교차로안,화물,남,57세,상해없음,이륜,남,18세,중상
2020041000100437,2020년 4월 10일 18시,금요일,경상남도 거제시 고현동,중상사고,0,1,0,0,차대차 - 기타,중앙선침범,건조,맑음,교차로 - 교차로부근,이륜,남,54세,상해없음,이륜,남,29세,중상
2020041000100438,2020년 4월 10일 18시,금요일,경상남도 김해시 율하동,중상사고,0,1,0,0,차대차 - 측면충돌,신호위반,건조,맑음,교차로 - 교차로안,이륜,남,30세,중상,승용,남,46세,상해없음
2020041000100459,2020년 4월 10일 19시,금요일,경상남도 김해시 상동면,중상사고,0,1,0,0,차대차 - 기타,안전운전불이행,건조,맑음,단일로 - 기타,화물,남,58세,상해없음,승용,남,58세,중상
2020041000100473,2020년 4월 10일 19시,금요일,경상남도 통영시 미수동,경상사고,0,0,1,0,차대차 - 기타,안전운전불이행,건조,맑음,단일로 - 기타,승용,남,61세,상해없음,승용,남,38세,경상
2020041000100474,2020년 4월 10일 19시,금요일,경상남도 창원시 의창구 서상동,경상사고,0,0,1,0,차대차 - 측면충돌,직진우회전진행방해,기타,기타,교차로 - 교차로부근,화물,남,62세,상해없음,승용,여,41세,경상
2020041000100536,2020년 4월 10일 21시,금요일,경상남도 통영시 용남면,경상사고,0,0,1,0,차대차 - 추돌,안전운전불이행,건조,맑음,단일로 - 기타,승용,남,60세,상해없음,승용,남,57세,경상
2020041000100538,2020년 4월 10일 21시,금요일,경상남도 김해시 풍유동,경상사고,0,0,1,1,차대차 - 기타,안전거리미확보,건조,맑음,교차로 - 교차로부근,승용,남,47세,상해없음,승용,여,53세,부상신고
2020041000100561,2020년 4월 10일 22시,금요일,경상남도 창원시 진해구 용원동,중상사고,0,2,1,0,차대차 - 추돌,안전운전불이행,건조,맑음,교차로 - 교차로부근,승용,남,39세,상해없음,승용,남,50세,중상
2020041000100562,2020년 4월 10일 22시,금요일,경상남도 거제시 문동동,중상사고,0,1,0,0,차대차 - 기타,교차로운행방법위반,건조,맑음,교차로 - 교차로안,승용,여,24세,상해없음,이륜,남,18세,중상
2020041000100583,2020년 4월 10일 23시,금요일,경상남도 창원시 의창구 동정동,경상사고,0,0,1,0,차대차 - 측면충돌,안전운전불이행,기타,기타,교차로 - 교차로부근,승용,여,49세,기타불명,승합,남,59세,경상
2020041000100584,2020년 4월 10일 23시,금요일,경상남도 함안군 가야읍,중상사고,0,1,0,1,차대차 - 추돌,안전운전불이행,건조,맑음,단일로 - 기타,승용,남,36세,상해없음,화물,남,73세,상해없음
2020041100100009,2020년 4월 11일 00시,토요일,경상남도 창원시 마산합포구 진동면,경상사고,0,0,1,0,차량단독 - 공작물충돌,안전운전불이행,건조,흐림,단일로 - 기타,승용,남,45세,경상,,,,
2020041100100083,2020년 4월 11일 07시,토요일,경상남도 양산시 북정동,경상사고,0,0,2,0,차대차 - 측면충돌,신호위반,건조,맑음,교차로 - 교차로안,승용,여,48세,상해없음,승용,여,59세,경상
2020041100100084,2020년 4월 11일 07시,토요일,경상남도 거제시 장평동,중상사고,0,1,0,0,차대차 - 기타,안전운전불이행,건조,맑음,교차로 - 교차로안,원동기,남,53세,상해없음,이륜,여,36세,중상
2020041100100118,2020년 4월 11일 09시,토요일,경상남도 남해군 창선면,경상사고,0,0,1,0,차대차 - 추돌,안전운전불이행,건조,맑음,단일로 - 기타,승용,남,73세,상해없음,승용,남,54세,상해없음
2020041100100119,2020년 4월 11일 09시,토요일,경상남도 함안군 군북면,중상사고,0,1,0,0,차량단독 - 공작물충돌,안전운전불이행,건조,맑음,단일로 - 기타,화물,남,61세,상해없음,,,,
2020041100100147,2020년 4월 11일 10시,토요일,경상남도 진주시 봉곡동,경상사고,0,0,1,0,차대사람 - 횡단중,보행자보호의무위반,건조,흐림,단일로 - 기타,승용,남,58세,상해없음,보행자,남,56세,경상
2020041100100177,2020년 4월 11일 11시,토요일,경상남도 통영시 도천동,경상사고,0,0,1,0,차대사람 - 기타,안전운전불이행,건조,맑음,단일로 - 기타,화물,남,29세,상해없음,보행자,남,68세,경상
2020041100100178,2020년 4월 11일 11시,토요일,경상남도 밀양시 하남읍,중상사고,0,1,0,0,차대차 - 측면충돌,안전운전불이행,건조,맑음,교차로 - 교차로안,승용,여,47세,상해없음,화물,남,60세,중상
2020041100100179,2020년 4월 11일 11시,토요일,경상남도 김해시 주촌면,중상사고,0,1,1,0,차대차 - 측면충돌,교차로운행방법위반,건조,맑음,교차로 - 교차로안,원동기,남,65세,중상,화물,남,58세,경상
2020041100100216,2020년 4월 11일 12시,토요일,경상남도 김해시 풍유동,경상사고,0,0,1,0,차대차 - 추돌,안전운전불이행,건조,맑음,단일로 - 기타,화물,남,55세,상해없음,승용,여,58세,경상
2020041100100244,2020년 4월 11일 13시,토요일,경상남도 통영시 정량동,중상사고,0,1,0,0,차대사람 - 기타,보행자보호의무위반,건조,맑음,단일로 - 기타,화물,남,51세,상해없음,보행자,여,61세,중상