사고번호,사고일시,요일,시군구,사고내용,사망자수,중상자수,경상자수,부상신고자수,사고유형,법규위반,노면상태,기상상태,도로형태,가해운전자 차종,가해운전자 성별,가해운전자 연령,가해운전자 상해정도,피해운전자 차종,피해운전자 성별,피해운전자 연령,피해운전자 상해정도
2020041900100344,2020년 4월 19일 20시,일요일,경상남도 사천시 선구동,경상사고,0,0,1,0,차대사람 - 횡단중,보행자보호의무위반,젖음/습기,비,교차로 - 교차로횡단보도내,승용,남,64세,상해없음,보행자,여,64세,경상
2020041900100380,2020년 4월 19일 21시,일요일,경상남도 창원시 진해구 안골동,경상사고,0,0,1,0,차대차 - 기타,안전운전불이행,젖음/습기,비,교차로 - 교차로안,승용,남,45세,상해없음,원동기,남,45세,경상
2020041900100381,2020년 4월 19일 21시,일요일,경상남도 통영시 광도면,경상사고,0,0,1,0,차대차 - 측면충돌,안전운전불이행,젖음/습기,비,단일로 - 기타,승용,남,45세,상해없음,이륜,남,36세,경상
2020041900100382,2020년 4월 19일 21시,일요일,경상남도 김해시 주촌면,경상사고,0,0,2,0,차대차 - 정면충돌,신호위반,젖음/습기,비,교차로 - 교차로안,승용,남,24세,경상,승합,남,51세,경상
2020041900100397,2020년 4월 19일 22시,일요일,경상남도 창원시 마산회원구 내서읍,경상사고,0,0,1,0,차대차 - 측면충돌,안전운전불이행,건조,맑음,단일로 - 기타,승용,남,66세,상해없음,이륜,남,21세,경상
2020041900100398,2020년 4월 19일 22시,일요일,경상남도 창원시 의창구 도계동,경상사고,0,0,2,0,차대차 - 측면충돌,신호위반,젖음/습기,비,교차로 - 교차로안,승용,남,20세,상해없음,승용,남,23세,경상
2020041900100409,2020년 4월 19일 23시,일요일,경상남도 함안군 군북면,사망사고,1,0,0,0,차대사람 - 기타,안전운전불이행,건조,맑음,단일로 - 기타,승합,남,75세,상해없음,보행자,여,35세,사망
2020042000100015,2020년 4월 20일 01시,월요일,경상남도 하동군 북천면,중상사고,0,2,1,0,차대차 - 정면충돌,중앙선침범,건조,맑음,단일로 - 기타,승용,남,30세,경상,승용,여,47세,중상
2020042000100048,2020년 4월 20일 06시,월요일,경상남도 사천시 벌리동,부상신고사고,0,0,0,1,차대차 - 추돌,안전운전불이행,건조,맑음,단일로 - 기타,이륜,여,56세,부상신고,승용,남,59세,상해없음
2020042000100049,2020년 4월 20일 06시,월요일,경상남도 산청군 신안면,중상사고,0,2,0,0,차대차 - 측면충돌,불법유턴,건조,맑음,교차로 - 교차로안,화물,남,70세,상해없음,화물,남,60세,중상
2020042000100061,2020년 4월 20일 07시,월요일,경상남도 양산시 삼호동,경상사고,0,0,1,0,차대차 - 기타,신호위반,건조,맑음,교차로 - 교차로안,승용,여,62세,상해없음,승용,여,60세,경상
2020042000100062,2020년 4월 20일 07시,월요일,경상남도 양산시 용당동,경상사고,0,0,1,0,차대차 - 추돌,안전거리미확보,건조,맑음,단일로 - 기타,화물,남,22세,상해없음,승용,여,27세,경상
2020042000100091,2020년 4월 20일 08시,월요일,경상남도 거제시 사등면,경상사고,0,0,1,0,차대차 - 측면충돌,교차로운행방법위반,건조,맑음,교차로 - 교차로안,화물,남,75세,상해없음,승용,여,49세,경상
2020042000100118,2020년 4월 20일 09시,월요일,경상남도 합천군 봉산면,경상사고,0,0,1,0,차대차 - 측면충돌,교차로운행방법위반,건조,맑음,교차로 - 교차로안,화물,남,39세,상해없음,화물,남,58세,경상
2020042000100119,2020년 4월 20일 09시,월요일,경상남도 창원시 의창구 북면,중상사고,0,1,0,0,차대차 - 추돌,안전거리미확보,건조,맑음,기타 - 기타,승용,여,47세,상해없음,승용,여,60세,중상
2020042000100145,2020년 4월 20일 10시,월요일,경상남도 통영시 용남면,중상사고,0,3,0,0,차대차 - 측면충돌,기타,건조,맑음,교차로 - 교차로부근,승용,남,50세,상해없음,승용,여,52세,중상
2020042000100146,2020년 4월 20일 10시,월요일,경상남도 의령군 부림면,중상사고,0,1,0,0,차대사람 - 기타,안전운전불이행,건조,맑음,단일로 - 기타,화물,남,59세,상해없음,보행자,여,87세,중상
2020042000100170,2020년 4월 20일 11시,월요일,경상남도 진주시 인사동,중상사고,0,1,0,0,차대차 - 측면충돌,교차로운행방법위반,건조,맑음,교차로 - 교차로안,승용,여,58세,상해없음,자전거,남,75세,중상
2020042000100171,2020년 4월 20일 11시,월요일,경상남도 합천군 합천읍,경상사고,0,0,1,0,차대사람 - 기타,안전운전불이행,건조,맑음,단일로 - 기타,승용,여,67세,상해없음,보행자,남,84세,경상
2020042000100172,2020년 4월 20일 11시,월요일,경상남도 거제시 하청면,중상사고,0,2,0,0,차대차 - 기타,교차로운행방법위반,건조,맑음,교차로 - 교차로안,승용,남,61세,상해없음,이륜,남,77세,중상
2020042000100173,2020년 4월 20일 11시,월요일,경상남도 창원시 의창구 신월동,경상사고,0,0,1,0,차대사람 - 횡단중,보행자보호의무위반,건조,맑음,교차로 - 교차로안,승용,여,42세,상해없음,보행자,남,50세,경상
2020042000100174,2020년 4월 20일 11시,월요일,경상남도 창원시 의창구 도계동,경상사고,0,0,1,0,차대차 - 측면충돌,안전운전불이행,기타,기타,기타 - 기타,승용,남,64세,상해없음,승용,남,38세,경상
2020042000100211,2020년 4월 20일 12시,월요일,경상남도 김해시 구산동,부상신고사고,0,0,0,3,차대차 - 추돌,안전운전불이행,건조,맑음,교차로 - 교차로안,특수,남,53세,상해없음,승용,여,43세,부상신고
2020042000100239,2020년 4월 20일 13시,월요일,경상남도 창원시 진해구 용원동,경상사고,0,0,1,0,차대차 - 측면충돌,중앙선침범,건조,맑음,단일로 - 기타,승용,남,63세,상해없음,승용,남,34세,경상
2020042000100240,2020년 4월 20일 13시,월요일,경상남도 밀양시 삼문동,경상사고,0,0,1,0,차대차 - 측면충돌,안전운전불이행,건조,맑음,단일로 - 기타,승용,남,62세,상해없음,승용,남,63세,경상
2020042000100241,2020년 4월 20일 13시,월요일,경상남도 밀양시 무안면,경상사고,0,0,2,0,차대차 - 측면충돌,안전운전불이행,건조,맑음,교차로 - 교차로안,승용,여,62세,경상,승합,여,32세,경상
2020042000100242,2020년 4월 20일 13시,월요일,경상남도 고성군 영오면,중상사고,0,1,0,0,차대차 - 추돌,안전운전불이행,건조,맑음,주차장 - 주차장,승용,남,88세,상해없음,승합,여,60세,중상
2020042000100277,2020년 4월 20일 14시,월요일,경상남도 통영시 당동,부상신고사고,0,0,0,3,차대차 - 추돌,안전운전불이행,건조,맑음,단일로 - 기타,승용,남,28세,상해없음,화물,남,51세,부상신고
2020042000100278,2020년 4월 20일 14시,월요일,경상남도 사천시 용강동,중상사고,0,1,2,0,차대차 - 측면충돌,신호위반,건조,맑음,교차로 - 교차로부근,승용,남,75세,상해없음,승용,남,64세,경상
2020042000100279,2020년 4월 20일 14시,월요일,경상남도 김해시 봉황동,경상사고,0,0,1,0,차대차 - 측면충돌,중앙선침범,건조,맑음,단일로 - 기타,이륜,남,26세,경상,승용,남,37세,상해없음
2020042000100280,2020년 4월 20일 14시,월요일,경상남도 양산시 교동,경상사고,0,0,1,0,차대사람 - 기타,안전운전불이행,건조,맑음,단일로 - 기타,승용,남,61세,상해없음,보행자,남,51세,경상
2020042000100281,2020년 4월 20일 14시,월요일,경상남도 창원시 성산구 남양동,중상사고,0,1,3,0,차대차 - 기타,안전운전불이행,건조,맑음,교차로 - 교차로부근,승용,남,58세,상해없음,이륜,남,21세,중상
2020042000100282,2020년 4월 20일 14시,월요일,경상남도 김해시 진례면,중상사고,0,3,2,0,차대차 - 측면충돌,신호위반,건조,맑음,교차로 - 교차로안,승용,남,77세,경상,화물,남,33세,중상
2020042000100319,2020년 4월 20일 15시,월요일,경상남도 양산시 중부동,중상사고,0,2,0,0,차대차 - 측면충돌,안전운전불이행,건조,맑음,단일로 - 기타,승용,남,75세,상해없음,승용,남,40세,중상
2020042000100348,2020년 4월 20일 16시,월요일,경상남도 창원시 마산합포구 두월동2가,경상사고,0,0,2,0,차대차 - 측면충돌,직진우회전진행방해,건조,맑음,교차로 - 교차로안,승용,남,38세,상해없음,승용,남,72세,경상
2020042000100349,2020년 4월 20일 16시,월요일,경상남도 창원시 진해구 석동,경상사고,0,0,1,0,차대차 - 측면충돌,안전운전불이행,건조,맑음,교차로 - 교차로부근,승용,남,78세,상해없음,승용,남,53세,경상
2020042000100350,2020년 4월 20일 16시,월요일,경상남도 창원시 진해구 석동,경상사고,0,0,1,0,차대사람 - 기타,안전운전불이행,건조,맑음,단일로 - 기타,자전거,남,18세,상해없음,보행자,여,62세,경상
2020042000100351,2020년 4월 20일 16시,월요일,경상남도 창녕군 남지읍,중상사고,0,1,0,0,차량단독 - 공작물충돌,안전운전불이행,건조,맑음,단일로 - 기타,이륜,남,54세,중상,,,,
2020042000100352,2020년 4월 20일 16시,월요일,경상남도 거제시 동부면,경상사고,0,0,1,0,차대차 - 기타,중앙선침범,건조,맑음,단일로 - 기타,승용,여,37세,경상,특수,남,41세,상해없음
2020042000100380,2020년 4월 20일 17시,월요일,경상남도 김해시 무계동,중상사고,0,1,0,0,차대차 - 측면충돌,직진우회전진행방해,건조,맑음,교차로 - 교차로안,승용,남,67세,상해없음,이륜,남,47세,중상
2020042000100409,2020년 4월 20일 18시,월요일,경상남도 사천시 사천읍,경상사고,0,0,3,0,차대차 - 측면충돌,신호위반,건조,맑음,교차로 - 교차로안,승용,남,43세,상해없음,승용,남,51세,상해없음
2020042000100410,2020년 4월 20일 18시,월요일,경상남도 사천시 봉남동,경상사고,0,0,1,0,차대차 - 측면충돌,중앙선침범,건조,맑음,교차로 - 교차로안,승용,여,47세,상해없음,자전거,남,64세,경상
2020042000100411,2020년 4월 20일 18시,월요일,경상남도 김해시 어방동,중상사고,0,1,0,0,차대사람 - 기타,안전운전불이행,건조,맑음,단일로 - 기타,승용,여,59세,상해없음,보행자,여,63세,중상
2020042000100412,2020년 4월 20일 18시,월요일,경상남도 김해시 율하동,경상사고,0,0,1,0,차대차 - 측면충돌,신호위반,건조,맑음,교차로 - 교차로안,승용,남,55세,상해없음,승용,여,36세,경상
2020042000100446,2020년 4월 20일 19시,월요일,경상남도 김해시 삼방동,경상사고,0,0,1,0,차대사람 - 기타,안전운전불이행,건조,맑음,단일로 - 기타,승용,남,58세,상해없음,보행자,남,46세,경상
2020042000100447,2020년 4월 20일 19시,월요일,경상남도 김해시 외동,경상사고,0,0,2,0,차대차 - 측면충돌,안전운전불이행,건조,맑음,교차로 - 교차로부근,승용,남,53세,상해없음,승용,여,33세,경상
2020042000100448,2020년 4월 20일 19시,월요일,경상남도 김해시 봉황동,경상사고,0,0,1,0,차대사람 - 횡단중,보행자보호의무위반,건조,맑음,교차로 - 교차로횡단보도내,승용,남,58세,상해없음,보행자,남,42세,경상
2020042000100499,2020년 4월 20일 21시,월요일,경상남도 창원시 의창구 동읍,경상사고,0,0,1,0,차대차 - 측면충돌,안전운전불이행,건조,맑음,교차로 - 교차로부근,승용,남,47세,상해없음,승용,여,55세,경상
2020042000100500,2020년 4월 20일 21시,월요일,경상남도 김해시 진영읍,중상사고,0,1,0,0,차대차 - 측면충돌,교차로운행방법위반,건조,맑음,교차로 - 교차로부근,승용,남,47세,상해없음,승용,남,26세,중상
2020042100100006,2020년 4월 21일 00시,화요일,경상남도 통영시 광도면,경상사고,0,0,1,0,차대차 - 정면충돌,교차로운행방법위반,건조,맑음,교차로 - 교차로안,승용,남,61세,상해없음,승용,남,36세,상해없음
2020042100100020,2020년 4월 21일 03시,화요일,경상남도 통영시 당동,경상사고,0,0,1,0,차량단독 - 기타,안전운전불이행,건조,맑음,단일로 - 기타,원동기,남,23세,상해없음,,,,
2020042100100025,2020년 4월 21일 04시,화요일,경상남도 김해시 구산동,경상사고,0,0,1,0,차대차 - 추돌,안전운전불이행,건조,맑음,교차로 - 교차로안,승용,남,28세,상해없음,이륜,남,80세,경상
2020042100100035,2020년 4월 21일 05시,화요일,경상남도 통영시 항남동,중상사고,0,1,0,0,차대차 - 정면충돌,중앙선침범,건조,맑음,교차로 - 교차로부근,승용,남,69세,상해없음,자전거,남,66세,중상
2020042100100040,2020년 4월 21일 06시,화요일,경상남도 거제시 아주동,경상사고,0,0,1,0,차대차 - 측면충돌,안전운전불이행,건조,맑음,단일로 - 기타,승용,여,38세,상해없음,자전거,남,25세,경상
2020042100100077,2020년 4월 21일 08시,화요일,경상남도 김해시 대동면,경상사고,0,0,1,0,차대차 - 기타,안전거리미확보,건조,맑음,단일로 - 기타,승용,여,69세,상해없음,승용,남,27세,경상
2020042100100094,2020년 4월 21일 08시,화요일,경상남도 진주시 칠암동,중상사고,0,1,0,0,차대사람 - 횡단중,보행자보호의무위반,건조,맑음,교차로 - 교차로횡단보도내,승용,여,35세,상해없음,보행자,여,85세,중상
2020042100100096,2020년 4월 21일 08시,화요일,경상남도 창원시 의창구 팔용동,경상사고,0,0,1,0,차대차 - 측면충돌,교차로운행방법위반,건조,맑음,교차로 - 교차로안,승용,남,45세,상해없음,승용,남,25세,경상
2020042100100097,2020년 4월 21일 08시,화요일,경상남도 김해시 진영읍,경상사고,0,0,1,0,차대차 - 측면충돌,안전운전불이행,건조,맑음,교차로 - 교차로부근,승용,여,53세,상해없음,화물,남,76세,경상
2020042100100098,2020년 4월 21일 08시,화요일,경상남도 창원시 의창구 동읍,경상사고,0,0,1,0,차대차 - 기타,안전거리미확보,건조,맑음,단일로 - 기타,기타불명,기타불명,미분류,기타불명,화물,남,37세,경상
2020042100100137,2020년 4월 21일 10시,화요일,경상남도 밀양시 산외면,중상사고,0,1,0,0,차대차 - 측면충돌,안전운전불이행,건조,맑음,단일로 - 기타,승용,남,48세,중상,화물,남,57세,상해없음
2020042100100151,2020년 4월 21일 10시,화요일,경상남도 양산시 중부동,중상사고,0,1,0,0,차대사람 - 기타,안전운전불이행,건조,맑음,단일로 - 기타,승용,여,62세,상해없음,보행자,여,70세,중상
2020042100100152,2020년 4월 21일 10시,화요일,경상남도 고성군 마암면,경상사고,0,0,1,0,차대차 - 추돌,안전거리미확보,건조,맑음,교차로 - 교차로안,건설기계,남,61세,상해없음,승용,남,33세,경상
2020042100100174,2020년 4월 21일 11시,화요일,경상남도 고성군 고성읍,경상사고,0,0,5,0,차대차 - 기타,안전운전불이행,건조,맑음,교차로 - 교차로안,승용,남,61세,상해없음,승용,남,78세,경상
2020042100100203,2020년 4월 21일 12시,화요일,경상남도 밀양시 가곡동,중상사고,0,2,0,0,차대차 - 측면충돌,안전운전불이행,건조,맑음,단일로 - 교량,승용,남,68세,상해없음,승용,남,41세,중상
2020042100100237,2020년 4월 21일 13시,화요일,경상남도 창원시 진해구 자은동,경상사고,0,0,2,0,차대차 - 측면충돌,신호위반,건조,맑음,교차로 - 교차로안,승용,여,47세,경상,승용,여,52세,경상
2020042100100238,2020년 4월 21일 13시,화요일,경상남도 창녕군 창녕읍,부상신고사고,0,0,0,1,차량단독 - 기타,안전운전불이행,건조,맑음,단일로 - 기타,승용,남,74세,부상신고,,,,
2020042100100267,2020년 4월 21일 14시,화요일,경상남도 사천시 벌리동,경상사고,0,0,1,1,차대차 - 측면충돌,직진우회전진행방해,건조,맑음,교차로 - 교차로안,승용,남,69세,상해없음,승용,여,53세,경상
2020042100100268,2020년 4월 21일 14시,화요일,경상남도 양산시 물금읍,경상사고,0,0,1,0,차대차 - 측면충돌,안전운전불이행,건조,맑음,교차로 - 교차로안,이륜,남,24세,경상,화물,남,49세,상해없음
2020042100100299,2020년 4월 21일 15시,화요일,경상남도 양산시 물금읍,부상신고사고,0,0,0,1,차대차 - 측면충돌,안전운전불이행,건조,맑음,교차로 - 교차로부근,승용,여,26세,상해없음,승용,여,34세,부상신고
2020042100100300,2020년 4월 21일 15시,화요일,경상남도 창원시 의창구 용호동,중상사고,0,1,0,0,차대사람 - 차도통행중,안전운전불이행,건조,맑음,단일로 - 기타,화물,남,41세,상해없음,보행자,여,84세,중상
2020042100100328,2020년 4월 21일 16시,화요일,경상남도 합천군 대병면,경상사고,0,0,4,0,차대차 - 추돌,안전운전불이행,건조,맑음,단일로 - 기타,화물,여,44세,상해없음,승용,여,55세,상해없음
2020042100100329,2020년 4월 21일 16시,화요일,경상남도 고성군 고성읍,중상사고,0,1,0,0,차대사람 - 기타,안전운전불이행,건조,맑음,단일로 - 기타,원동기,남,80세,상해없음,보행자,여,88세,중상
2020042100100330,2020년 4월 21일 16시,화요일,경상남도 창원시 의창구 동정동,경상사고,0,0,1,0,차대차 - 추돌,안전거리미확보,건조,맑음,단일로 - 기타,승합,남,60세,상해없음,승용,여,60세,경상
2020042100100331,2020년 4월 21일 16시,화요일,경상남도 창원시 의창구 소답동,경상사고,0,0,1,0,차대차 - 측면충돌,신호위반,건조,맑음,교차로 - 교차로안,승용,남,53세,상해없음,승용,남,49세,경상
2020042100100373,2020년 4월 21일 17시,화요일,경상남도 창원시 마산회원구 양덕동,경상사고,0,0,1,0,차대차 - 기타,신호위반,건조,맑음,교차로 - 교차로안,승용,남,58세,상해없음,승용,남,45세,경상
2020042100100374,2020년 4월 21일 17시,화요일,경상남도 창원시 의창구 동읍,중상사고,0,2,5,0,차대차 - 추돌,안전거리미확보,건조,맑음,단일로 - 기타,승용,남,29세,경상,승용,여,32세,경상
2020042100100375,2020년 4월 21일 17시,화요일,경상남도 창원시 의창구 동읍,경상사고,0,0,3,0,차대차 - 측면충돌,안전운전불이행,건조,맑음,교차로 - 교차로안,승용,여,49세,상해없음,승용,여,31세,경상
2020042100100414,2020년 4월 21일 18시,화요일,경상남도 창원시 마산합포구 자산동,경상사고,0,0,1,0,차대차 - 측면충돌,안전운전불이행,건조,맑음,단일로 - 기타,승용,남,70세,경상,승합,남,55세,상해없음
2020042100100415,2020년 4월 21일 18시,화요일,경상남도 창원시 마산회원구 양덕동,경상사고,0,0,1,0,차대사람 - 횡단중,보행자보호의무위반,건조,맑음,교차로 - 교차로횡단보도내,화물,남,56세,상해없음,보행자,여,47세,경상
2020042100100439,2020년 4월 21일 19시,화요일,경상남도 밀양시 삼문동,경상사고,0,0,1,0,차대사람 - 횡단중,안전운전불이행,건조,맑음,단일로 - 기타,원동기,남,30세,상해없음,보행자,여,59세,경상
2020042100100494,2020년 4월 21일 21시,화요일,경상남도 진주시 내동면,중상사고,0,1,0,0,차대차 - 추돌,안전운전불이행,건조,맑음,단일로 - 교량,화물,남,54세,상해없음,승용,남,38세,중상
2020042100100495,2020년 4월 21일 21시,화요일,경상남도 김해시 삼정동,경상사고,0,0,1,0,차대차 - 측면충돌,직진우회전진행방해,건조,맑음,교차로 - 교차로안,승용,남,29세,상해없음,이륜,남,19세,경상
2020042100100540,2020년 4월 21일 23시,화요일,경상남도 김해시 외동,중상사고,0,1,1,0,차대차 - 추돌,안전운전불이행,건조,맑음,교차로 - 교차로부근,승용,남,57세,상해없음,승용,남,49세,경상
2020042100100541,2020년 4월 21일 23시,화요일,경상남도 양산시 명동,경상사고,0,0,1,0,차대차 - 기타,중앙선침범,건조,맑음,단일로 - 기타,승용,남,50세,상해없음,승용,남,29세,경상
2020042200100064,2020년 4월 22일 06시,수요일,경상남도 양산시 상북면,경상사고,0,0,1,0,차대차 - 정면충돌,안전운전불이행,건조,맑음,교차로 - 교차로안,승용,남,57세,상해없음,승용,여,59세,경상
2020042200100083,2020년 4월 22일 07시,수요일,경상남도 진주시 가좌동,경상사고,0,0,1,0,차량단독 - 기타,안전운전불이행,건조,맑음,단일로 - 기타,이륜,남,15세,경상,,,,
2020042200100084,2020년 4월 22일 07시,수요일,경상남도 양산시 물금읍,경상사고,0,0,2,0,차대차 - 정면충돌,신호위반,건조,맑음,교차로 - 교차로안,승용,여,29세,경상,승용,여,60세,경상
2020042200100111,2020년 4월 22일 08시,수요일,경상남도 양산시 산막동,중상사고,0,1,0,0,차대차 - 측면충돌,안전운전불이행,건조,맑음,단일로 - 기타,화물,남,50세,상해없음,승용,남,38세,중상
2020042200100112,2020년 4월 22일 08시,수요일,경상남도 의령군 의령읍,경상사고,0,0,1,0,차대차 - 측면충돌,신호위반,건조,맑음,교차로 - 교차로안,승용,여,43세,상해없음,승용,여,53세,경상
2020042200100135,2020년 4월 22일 09시,수요일,경상남도 창원시 마산합포구 자산동,중상사고,0,1,0,0,차대사람 - 길가장자리구역통행중,안전운전불이행,건조,맑음,교차로 - 교차로안,승합,여,65세,상해없음,보행자,남,83세,중상
2020042200100147,2020년 4월 22일 10시,수요일,경상남도 밀양시 활성동,경상사고,0,0,1,0,차대차 - 측면충돌,안전거리미확보,건조,맑음,단일로 - 기타,화물,남,22세,상해없음,승용,여,59세,경상
2020042200100191,2020년 4월 22일 11시,수요일,경상남도 함안군 칠원읍,경상사고,0,0,1,0,차대차 - 측면충돌,신호위반,건조,맑음,교차로 - 교차로부근,이륜,남,61세,경상,화물,남,64세,상해없음
2020042200100192,2020년 4월 22일 11시,수요일,경상남도 의령군 정곡면,경상사고,0,0,1,0,차대차 - 측면충돌,중앙선침범,건조,맑음,교차로 - 교차로부근,승용,여,63세,상해없음,승용,남,61세,경상
2020042200100223,2020년 4월 22일 12시,수요일,경상남도 김해시 외동,경상사고,0,0,1,0,차대차 - 추돌,교차로운행방법위반,건조,맑음,교차로 - 교차로안,이륜,남,26세,경상,승용,여,48세,상해없음
2020042200100251,2020년 4월 22일 13시,수요일,경상남도 창녕군 창녕읍,경상사고,0,0,1,0,차대사람 - 횡단중,안전운전불이행,건조,맑음,단일로 - 기타,승용,남,31세,상해없음,보행자,남,61세,경상
2020042200100252,2020년 4월 22일 13시,수요일,경상남도 창원시 성산구 내동,경상사고,0,0,1,0,차대차 - 추돌,안전거리미확보,건조,맑음,단일로 - 기타,화물,남,71세,상해없음,승용,여,49세,경상
2020042200100253,2020년 4월 22일 13시,수요일,경상남도 김해시 진영읍,사망사고,1,3,1,0,차대차 - 측면충돌,중앙선침범,건조,맑음,단일로 - 기타,승용,남,81세,중상,승용,남,23세,경상
2020042200100264,2020년 4월 22일 14시,수요일,경상남도 양산시 상북면,경상사고,0,0,3,0,차대차 - 추돌,안전운전불이행,건조,맑음,단일로 - 기타,승용,남,29세,상해없음,승용,여,31세,경상
2020042200100279,2020년 4월 22일 14시,수요일,경상남도 합천군 대양면,경상사고,0,0,1,0,차대차 - 측면충돌,안전운전불이행,건조,맑음,단일로 - 기타,승용,남,63세,상해없음,승용,남,25세,경상
2020042200100308,2020년 4월 22일 15시,수요일,경상남도 창원시 진해구 수송동,중상사고,0,1,0,0,차대차 - 측면충돌,안전운전불이행,건조,맑음,교차로 - 교차로안,이륜,남,70세,중상,승용,남,53세,상해없음
2020042200100309,2020년 4월 22일 15시,수요일,경상남도 통영시 무전동,경상사고,0,0,1,0,차대차 - 측면충돌,신호위반,건조,맑음,교차로 - 교차로안,승용,남,69세,상해없음,승용,남,65세,경상
2020042200100310,2020년 4월 22일 15시,수요일,경상남도 양산시 물금읍,중상사고,0,1,0,0,차대사람 - 횡단중,안전운전불이행,건조,맑음,교차로 - 교차로안,승용,여,40세,상해없음,보행자,여,78세,중상
2020042200100311,2020년 4월 22일 15시,수요일,경상남도 거제시 옥포동,경상사고,0,0,5,0,차대차 - 측면충돌,교차로운행방법위반,건조,맑음,교차로 - 교차로안,승용,남,27세,경상,승용,여,32세,경상
2020042200100312,2020년 4월 22일 15시,수요일,경상남도 의령군 유곡면,경상사고,0,0,3,0,차대차 - 측면충돌,안전운전불이행,건조,맑음,단일로 - 기타,화물,남,63세,경상,화물,남,67세,경상
2020042200100313,2020년 4월 22일 15시,수요일,경상남도 창원시 의창구 명서동,경상사고,0,0,1,0,차대차 - 기타,차로위반,건조,맑음,단일로 - 기타,승용,여,42세,상해없음,승용,남,70세,경상
2020042200100383,2020년 4월 22일 17시,수요일,경상남도 창원시 진해구 용원동,중상사고,0,1,0,0,차대차 - 추돌,안전운전불이행,건조,맑음,교차로 - 교차로부근,승용,남,58세,상해없음,승합,남,26세,중상
2020042200100416,2020년 4월 22일 18시,수요일,경상남도 사천시 사천읍,경상사고,0,0,1,0,차량단독 - 공작물충돌,안전운전불이행,건조,맑음,단일로 - 기타,화물,남,42세,경상,,,,
2020042200100417,2020년 4월 22일 18시,수요일,경상남도 고성군 거류면,경상사고,0,0,1,0,차대차 - 측면충돌,직진우회전진행방해,건조,맑음,교차로 - 교차로안,승용,남,65세,상해없음,이륜,남,80세,경상
2020042200100418,2020년 4월 22일 18시,수요일,경상남도 거제시 덕포동,경상사고,0,0,1,0,차대차 - 기타,신호위반,건조,맑음,교차로 - 교차로안,이륜,남,44세,경상,승용,여,63세,상해없음
2020042200100464,2020년 4월 22일 20시,수요일,경상남도 양산시 물금읍,중상사고,0,1,0,0,차대차 - 측면충돌,신호위반,건조,맑음,교차로 - 교차로안,승용,남,26세,상해없음,이륜,남,34세,중상
2020042200100465,2020년 4월 22일 20시,수요일,경상남도 창원시 성산구 웅남동,경상사고,0,0,1,0,차대차 - 추돌,안전운전불이행,건조,맑음,단일로 - 기타,승용,남,38세,상해없음,승용,남,32세,경상
2020042200100466,2020년 4월 22일 20시,수요일,경상남도 창원시 성산구 상남동,경상사고,0,0,1,0,차대차 - 기타,안전운전불이행,건조,맑음,단일로 - 기타,승용,여,28세,상해없음,승용,남,53세,경상
2020042200100495,2020년 4월 22일 21시,수요일,경상남도 통영시 미수동,경상사고,0,0,1,0,차대차 - 측면충돌,안전운전불이행,건조,맑음,교차로 - 교차로부근,승용,남,36세,상해없음,승용,남,63세,상해없음
2020042200100539,2020년 4월 22일 23시,수요일,경상남도 밀양시 삼문동,부상신고사고,0,0,0,1,차대사람 - 횡단중,안전운전불이행,건조,맑음,교차로 - 교차로안,승용,여,49세,상해없음,보행자,남,50세,부상신고
2020042300100027,2020년 4월 23일 02시,목요일,경상남도 진주시 칠암동,경상사고,0,0,2,0,차대차 - 기타,안전운전불이행,건조,맑음,단일로 - 기타,승용,남,61세,상해없음,승용,남,53세,경상
2020042300100059,2020년 4월 23일 06시,목요일,경상남도 사천시 용현면,중상사고,0,1,0,0,차대차 - 측면충돌,신호위반,건조,맑음,교차로 - 교차로안,승용,여,55세,상해없음,승용,남,39세,중상
2020042300100083,2020년 4월 23일 07시,목요일,경상남도 김해시 구산동,경상사고,0,0,1,0,차대차 - 추돌,교차로운행방법위반,건조,맑음,교차로 - 교차로횡단보도내,승용,남,56세,상해없음,자전거,남,21세,경상
2020042300100084,2020년 4월 23일 07시,목요일,경상남도 거창군 거창읍,경상사고,0,0,1,0,차대차 - 측면충돌,안전운전불이행,건조,맑음,교차로 - 교차로안,화물,남,67세,상해없음,승용,여,29세,경상
2020042300100085,2020년 4월 23일 07시,목요일,경상남도 산청군 시천면,경상사고,0,0,2,0,차대차 - 측면충돌,중앙선침범,건조,맑음,단일로 - 기타,승용,남,37세,경상,화물,남,44세,경상
2020042300100108,2020년 4월 23일 08시,목요일,경상남도 김해시 외동,경상사고,0,0,2,0,차대차 - 기타,안전운전불이행,건조,맑음,교차로 - 교차로안,승용,남,55세,경상,건설기계,남,54세,경상
2020042300100109,2020년 4월 23일 08시,목요일,경상남도 창원시 의창구 대원동,경상사고,0,0,1,0,차대차 - 측면충돌,신호위반,건조,맑음,교차로 - 교차로안,승용,여,39세,상해없음,승용,여,61세,경상
2020042300100142,2020년 4월 23일 09시,목요일,경상남도 통영시 북신동,경상사고,0,0,1,0,차대차 - 추돌,안전거리미확보,건조,맑음,기타 - 기타,승용,남,64세,상해없음,승용,남,70세,경상