사고번호,사고일시,요일,시군구,사고내용,사망자수,중상자수,경상자수,부상신고자수,사고유형,법규위반,노면상태,기상상태,도로형태,가해운전자 차종,가해운전자 성별,가해운전자 연령,가해운전자 상해정도,피해운전자 차종,피해운전자 성별,피해운전자 연령,피해운전자 상해정도
2020050800100521,2020년 5월 8일 19시,금요일,경상남도 창원시 성산구 남산동,중상사고,0,1,0,0,차대차 - 추돌,안전운전불이행,건조,흐림,단일로 - 기타,승용,남,53세,기타불명,승용,남,34세,중상
2020050800100522,2020년 5월 8일 19시,금요일,경상남도 창원시 마산회원구 내서읍,중상사고,0,1,3,0,차대차 - 추돌,안전운전불이행,건조,흐림,단일로 - 기타,승용,남,61세,상해없음,승용,남,37세,경상
2020050800100707,2020년 5월 8일 22시,금요일,경상남도 창원시 마산합포구 상남동,중상사고,0,1,0,0,차대차 - 측면충돌,안전운전불이행,건조,맑음,단일로 - 기타,승용,남,22세,상해없음,이륜,남,28세,중상
2020050900100026,2020년 5월 9일 00시,토요일,경상남도 창원시 성산구 상남동,중상사고,0,1,0,0,차대사람 - 기타,안전운전불이행,건조,맑음,주차장 - 주차장,화물,남,39세,상해없음,보행자,남,49세,중상
2020050900100049,2020년 5월 9일 01시,토요일,경상남도 창원시 성산구 상남동,중상사고,0,1,0,0,차대차 - 측면충돌,신호위반,건조,맑음,교차로 - 교차로안,승용,여,55세,상해없음,승용,여,53세,중상
2020050900100050,2020년 5월 9일 01시,토요일,경상남도 창원시 마산합포구 산호동,중상사고,0,2,3,0,차대차 - 정면충돌,신호위반,건조,맑음,교차로 - 교차로안,승용,남,53세,상해없음,승용,남,57세,경상
2020050900100082,2020년 5월 9일 03시,토요일,경상남도 양산시 물금읍,중상사고,0,1,1,0,차대차 - 추돌,안전운전불이행,젖음/습기,흐림,단일로 - 기타,승용,남,38세,경상,화물,남,45세,상해없음
2020050900100083,2020년 5월 9일 03시,토요일,경상남도 창원시 의창구 봉곡동,경상사고,0,0,1,0,차대차 - 추돌,안전운전불이행,젖음/습기,비,교차로 - 교차로부근,승용,여,46세,상해없음,승용,남,61세,경상
2020050900100104,2020년 5월 9일 06시,토요일,경상남도 통영시 용남면,경상사고,0,0,1,0,차량단독 - 전도전복 - 전도,안전운전불이행,젖음/습기,비,단일로 - 기타,승용,여,54세,경상,,,,
2020050900100117,2020년 5월 9일 07시,토요일,경상남도 창원시 진해구 남문동,중상사고,0,1,1,0,차대차 - 측면충돌,신호위반,젖음/습기,비,교차로 - 교차로안,승용,남,47세,경상,화물,남,57세,중상
2020050900100133,2020년 5월 9일 08시,토요일,경상남도 사천시 사남면,중상사고,0,4,0,0,차대차 - 추돌,안전운전불이행,젖음/습기,비,교차로 - 교차로부근,승용,여,42세,상해없음,승용,남,64세,중상
2020050900100180,2020년 5월 9일 10시,토요일,경상남도 김해시 부곡동,경상사고,0,0,1,0,차대차 - 측면충돌,신호위반,젖음/습기,비,교차로 - 교차로안,건설기계,남,66세,상해없음,승용,여,45세,경상
2020050900100210,2020년 5월 9일 11시,토요일,경상남도 남해군 창선면,중상사고,0,1,2,0,차대차 - 추돌,안전운전불이행,젖음/습기,비,교차로 - 교차로안,화물,남,26세,상해없음,승용,남,62세,상해없음
2020050900100239,2020년 5월 9일 12시,토요일,경상남도 창원시 진해구 이동,경상사고,0,0,3,0,차대차 - 추돌,안전운전불이행,젖음/습기,비,단일로 - 기타,승용,남,29세,상해없음,승용,남,24세,경상
2020050900100240,2020년 5월 9일 12시,토요일,경상남도 양산시 북정동,경상사고,0,0,1,0,차대차 - 측면충돌,안전운전불이행,젖음/습기,비,교차로 - 교차로부근,승용,남,38세,경상,승용,남,60세,상해없음
2020050900100280,2020년 5월 9일 13시,토요일,경상남도 거제시 고현동,경상사고,0,0,1,0,차대차 - 기타,안전운전불이행,건조,맑음,기타 - 기타,화물,남,49세,상해없음,이륜,남,33세,경상
2020050900100315,2020년 5월 9일 14시,토요일,경상남도 창원시 마산합포구 월남동5가,부상신고사고,0,0,0,1,차대사람 - 보도통행중,안전운전불이행,건조,맑음,단일로 - 기타,기타불명,기타불명,미분류,기타불명,보행자,남,53세,부상신고
2020050900100342,2020년 5월 9일 15시,토요일,경상남도 창원시 성산구 반지동,경상사고,0,0,6,0,차대차 - 추돌,안전운전불이행,젖음/습기,비,교차로 - 교차로부근,화물,남,44세,상해없음,승용,남,28세,경상
2020050900100407,2020년 5월 9일 17시,토요일,경상남도 통영시 북신동,경상사고,0,0,1,0,차대차 - 기타,교차로운행방법위반,젖음/습기,비,교차로 - 교차로안,승용,여,60세,상해없음,이륜,남,24세,경상
2020050900100440,2020년 5월 9일 18시,토요일,경상남도 통영시 북신동,부상신고사고,0,0,0,1,차대차 - 기타,안전운전불이행,젖음/습기,비,단일로 - 기타,이륜,남,41세,부상신고,승용,여,50세,상해없음
2020050900100441,2020년 5월 9일 18시,토요일,경상남도 양산시 신기동,중상사고,0,1,0,0,차대차 - 추돌,안전거리미확보,젖음/습기,비,단일로 - 기타,화물,남,50세,상해없음,승용,남,58세,중상
2020050900100442,2020년 5월 9일 18시,토요일,경상남도 양산시 물금읍,중상사고,0,2,1,0,차대차 - 기타,신호위반,젖음/습기,비,교차로 - 교차로안,승용,여,28세,상해없음,승용,여,40세,경상
2020050900100443,2020년 5월 9일 18시,토요일,경상남도 의령군 의령읍,경상사고,0,0,1,0,차대차 - 측면충돌,신호위반,건조,맑음,교차로 - 교차로안,승용,남,58세,상해없음,화물,남,53세,경상
2020050900100478,2020년 5월 9일 19시,토요일,경상남도 통영시 동호동,중상사고,0,1,0,0,차대차 - 기타,안전거리미확보,젖음/습기,비,교차로 - 교차로부근,승용,남,65세,상해없음,이륜,남,39세,중상
2020050900100479,2020년 5월 9일 19시,토요일,경상남도 창녕군 창녕읍,부상신고사고,0,0,0,1,차량단독 - 공작물충돌,안전운전불이행,건조,맑음,단일로 - 기타,화물,남,61세,부상신고,,,,
2020050900100480,2020년 5월 9일 19시,토요일,경상남도 양산시 북정동,부상신고사고,0,0,0,1,차대차 - 기타,안전운전불이행,젖음/습기,비,교차로 - 교차로부근,기타불명,기타불명,미분류,기타불명,이륜,남,40세,부상신고
2020050900100481,2020년 5월 9일 19시,토요일,경상남도 거제시 고현동,중상사고,0,1,0,0,차대차 - 기타,안전운전불이행,젖음/습기,흐림,단일로 - 기타,이륜,남,45세,중상,승용,남,33세,상해없음
2020050900100516,2020년 5월 9일 20시,토요일,경상남도 창원시 의창구 도계동,중상사고,0,1,0,0,차대사람 - 기타,안전운전불이행,건조,맑음,단일로 - 기타,승합,남,58세,상해없음,보행자,여,58세,중상
2020050900100605,2020년 5월 9일 23시,토요일,경상남도 진주시 판문동,중상사고,0,1,0,0,차대사람 - 차도통행중,안전운전불이행,건조,맑음,교차로 - 교차로안,화물,남,35세,상해없음,보행자,남,52세,중상
2020051000100041,2020년 5월 10일 02시,일요일,경상남도 통영시 산양읍,중상사고,0,1,1,0,차량단독 - 기타,안전운전불이행,젖음/습기,맑음,단일로 - 기타,승용,남,20세,상해없음,,,,
2020051000100042,2020년 5월 10일 02시,일요일,경상남도 김해시 부원동,중상사고,0,1,2,0,차대차 - 측면충돌,신호위반,젖음/습기,흐림,교차로 - 교차로안,승용,남,68세,상해없음,승용,남,47세,중상
2020051000100043,2020년 5월 10일 02시,일요일,경상남도 김해시 외동,중상사고,0,1,0,0,차대차 - 측면충돌,신호위반,젖음/습기,흐림,교차로 - 교차로안,이륜,남,19세,중상,승용,남,63세,상해없음
2020051000100095,2020년 5월 10일 08시,일요일,경상남도 진주시 초전동,중상사고,0,1,0,0,차대차 - 추돌,안전운전불이행,건조,맑음,단일로 - 기타,승용,남,39세,상해없음,승용,남,45세,중상
2020051000100116,2020년 5월 10일 10시,일요일,경상남도 창원시 의창구 대산면,경상사고,0,0,1,0,차대차 - 측면충돌,신호위반,건조,맑음,교차로 - 교차로안,화물,남,76세,상해없음,화물,남,45세,경상
2020051000100148,2020년 5월 10일 12시,일요일,경상남도 창원시 마산합포구 월포동,중상사고,0,1,1,0,차대차 - 추돌,안전거리미확보,건조,맑음,단일로 - 기타,이륜,남,30세,중상,승합,남,37세,경상
2020051000100149,2020년 5월 10일 12시,일요일,경상남도 김해시 구산동,중상사고,0,1,0,0,차대사람 - 횡단중,보행자보호의무위반,건조,맑음,단일로 - 기타,승용,남,60세,상해없음,보행자,여,81세,중상
2020051000100179,2020년 5월 10일 13시,일요일,경상남도 창원시 진해구 이동,중상사고,0,1,0,0,차대사람 - 기타,안전운전불이행,건조,맑음,단일로 - 기타,원동기,남,21세,상해없음,보행자,여,59세,중상
2020051000100180,2020년 5월 10일 13시,일요일,경상남도 창원시 의창구 팔용동,중상사고,0,1,2,0,차대차 - 측면충돌,교차로운행방법위반,건조,맑음,교차로 - 교차로안,승용,남,32세,상해없음,승용,여,61세,경상
2020051000100199,2020년 5월 10일 14시,일요일,경상남도 통영시 무전동,중상사고,0,1,0,0,차대차 - 측면충돌,안전운전불이행,건조,맑음,교차로 - 교차로안,승용,남,62세,상해없음,승용,남,76세,중상
2020051000100308,2020년 5월 10일 18시,일요일,경상남도 통영시 당동,중상사고,0,1,0,0,차대사람 - 횡단중,안전운전불이행,건조,맑음,교차로 - 교차로안,승용,남,45세,상해없음,보행자,여,74세,중상
2020051000100309,2020년 5월 10일 18시,일요일,경상남도 창원시 의창구 북면,경상사고,0,0,1,0,차대사람 - 기타,안전운전불이행,건조,맑음,주차장 - 주차장,화물,남,54세,상해없음,보행자,여,53세,경상
2020051000100327,2020년 5월 10일 19시,일요일,경상남도 창원시 마산합포구 해운동,부상신고사고,0,0,0,1,차량단독 - 기타,안전운전불이행,건조,맑음,단일로 - 기타,이륜,남,23세,부상신고,,,,
2020051000100350,2020년 5월 10일 20시,일요일,경상남도 밀양시 무안면,중상사고,0,1,0,0,차대차 - 측면충돌,안전운전불이행,건조,맑음,단일로 - 기타,화물,남,58세,상해없음,자전거,남,63세,중상
2020051000100359,2020년 5월 10일 21시,일요일,경상남도 김해시 대동면,경상사고,0,0,1,0,차대차 - 측면충돌,안전거리미확보,건조,맑음,단일로 - 기타,화물,남,69세,상해없음,승용,여,35세,경상
2020051000100373,2020년 5월 10일 21시,일요일,경상남도 창원시 진해구 석동,경상사고,0,0,1,0,차대차 - 측면충돌,안전운전불이행,건조,맑음,교차로 - 교차로부근,원동기,남,37세,상해없음,승용,남,60세,경상
2020051000100374,2020년 5월 10일 21시,일요일,경상남도 양산시 물금읍,경상사고,0,0,4,0,차대차 - 측면충돌,기타,건조,맑음,교차로 - 교차로안,승용,여,54세,경상,승용,남,22세,경상
2020051000100388,2020년 5월 10일 22시,일요일,경상남도 창원시 마산합포구 신포동2가,경상사고,0,0,1,0,차대차 - 기타,교차로운행방법위반,건조,맑음,교차로 - 교차로안,승용,여,44세,상해없음,승용,여,48세,경상
2020051000100389,2020년 5월 10일 22시,일요일,경상남도 김해시 삼정동,경상사고,0,0,2,0,차대차 - 측면충돌,신호위반,건조,맑음,교차로 - 교차로안,이륜,남,49세,경상,승용,남,51세,경상
2020051000100390,2020년 5월 10일 22시,일요일,경상남도 함안군 칠원읍,사망사고,1,0,1,0,차대차 - 측면충돌,신호위반,건조,맑음,교차로 - 교차로안,이륜,여,46세,사망,승용,남,36세,경상
2020051100100044,2020년 5월 11일 05시,월요일,경상남도 사천시 대방동,경상사고,0,0,1,0,차대차 - 측면충돌,직진우회전진행방해,건조,맑음,교차로 - 교차로안,승용,남,59세,경상,승용,여,52세,상해없음
2020051100100086,2020년 5월 11일 07시,월요일,경상남도 거제시 장평동,중상사고,0,1,1,0,차대차 - 측면충돌,신호위반,건조,맑음,교차로 - 교차로안,이륜,남,22세,경상,승용,남,32세,중상
2020051100100162,2020년 5월 11일 09시,월요일,경상남도 거제시 고현동,경상사고,0,0,1,0,차대사람 - 횡단중,보행자보호의무위반,건조,맑음,교차로 - 교차로횡단보도내,화물,남,42세,상해없음,보행자,여,73세,경상
2020051100100163,2020년 5월 11일 09시,월요일,경상남도 거제시 고현동,경상사고,0,0,1,0,차대사람 - 횡단중,안전운전불이행,건조,맑음,단일로 - 기타,승용,여,51세,상해없음,보행자,남,66세,경상
2020051100100203,2020년 5월 11일 10시,월요일,경상남도 창원시 마산합포구 남성동,경상사고,0,0,1,0,차대사람 - 횡단중,보행자보호의무위반,건조,맑음,교차로 - 교차로횡단보도내,승용,여,51세,상해없음,보행자,남,63세,경상
2020051100100204,2020년 5월 11일 10시,월요일,경상남도 진주시 강남동,중상사고,0,1,0,0,차대사람 - 횡단중,보행자보호의무위반,건조,맑음,교차로 - 교차로횡단보도내,승용,여,50세,상해없음,보행자,여,57세,중상
2020051100100205,2020년 5월 11일 10시,월요일,경상남도 창원시 진해구 석동,중상사고,0,1,0,0,차대차 - 정면충돌,중앙선침범,건조,맑음,교차로 - 교차로부근,승용,남,67세,기타불명,화물,남,46세,중상
2020051100100206,2020년 5월 11일 10시,월요일,경상남도 김해시 대동면,경상사고,0,0,1,0,차대차 - 기타,안전운전불이행,건조,맑음,단일로 - 기타,승용,남,49세,상해없음,자전거,남,60세,경상
2020051100100207,2020년 5월 11일 10시,월요일,경상남도 창원시 의창구 봉곡동,중상사고,0,1,0,0,차대사람 - 기타,안전운전불이행,건조,맑음,단일로 - 기타,승용,여,59세,상해없음,보행자,여,79세,중상
2020051100100254,2020년 5월 11일 11시,월요일,경상남도 남해군 상주면,중상사고,0,1,0,0,차대차 - 측면충돌,안전운전불이행,건조,맑음,단일로 - 기타,승용,여,50세,상해없음,원동기,여,56세,중상
2020051100100320,2020년 5월 11일 13시,월요일,경상남도 사천시 동금동,경상사고,0,0,1,0,차대차 - 기타,안전운전불이행,건조,맑음,단일로 - 기타,화물,남,70세,경상,승용,여,60세,기타불명
2020051100100321,2020년 5월 11일 13시,월요일,경상남도 김해시 대성동,경상사고,0,0,1,0,차대차 - 기타,안전운전불이행,건조,맑음,교차로 - 교차로안,자전거,남,68세,경상,승용,여,57세,상해없음
2020051100100322,2020년 5월 11일 13시,월요일,경상남도 거창군 거창읍,중상사고,0,1,0,0,차대차 - 측면충돌,기타,건조,맑음,교차로 - 교차로안,승용,남,59세,상해없음,승용,여,48세,중상
2020051100100323,2020년 5월 11일 13시,월요일,경상남도 창원시 성산구 사파동,경상사고,0,0,1,0,차대차 - 후진중충돌,안전운전불이행,건조,맑음,교차로 - 교차로안,승용,남,42세,상해없음,화물,남,34세,경상
2020051100100324,2020년 5월 11일 13시,월요일,경상남도 김해시 진영읍,경상사고,0,0,1,0,차대사람 - 길가장자리구역통행중,안전운전불이행,건조,맑음,교차로 - 교차로안,승용,남,42세,상해없음,보행자,남,68세,경상
2020051100100364,2020년 5월 11일 14시,월요일,경상남도 창원시 마산합포구 남성동,중상사고,0,1,0,0,차대사람 - 횡단중,보행자보호의무위반,건조,맑음,교차로 - 교차로횡단보도내,화물,남,63세,상해없음,보행자,여,69세,중상
2020051100100365,2020년 5월 11일 14시,월요일,경상남도 합천군 청덕면,부상신고사고,0,0,0,1,차량단독 - 공작물충돌,안전운전불이행,건조,맑음,기타 - 기타,승용,여,51세,부상신고,,,,
2020051100100366,2020년 5월 11일 14시,월요일,경상남도 양산시 평산동,중상사고,0,2,1,0,차대차 - 측면충돌,신호위반,건조,맑음,교차로 - 교차로안,승용,여,72세,경상,승용,남,72세,중상
2020051100100367,2020년 5월 11일 14시,월요일,경상남도 창원시 의창구 동읍,경상사고,0,0,1,0,차대사람 - 기타,안전운전불이행,건조,맑음,교차로 - 교차로부근,승용,여,55세,상해없음,보행자,여,43세,경상
2020051100100413,2020년 5월 11일 15시,월요일,경상남도 사천시 벌리동,중상사고,0,1,2,1,차대차 - 측면충돌,안전거리미확보,건조,맑음,단일로 - 기타,승용,남,68세,경상,승합,남,39세,중상
2020051100100414,2020년 5월 11일 15시,월요일,경상남도 함양군 함양읍,경상사고,0,0,1,0,차대차 - 측면충돌,신호위반,건조,맑음,교차로 - 교차로안,승용,남,71세,상해없음,승용,여,62세,경상
2020051100100455,2020년 5월 11일 16시,월요일,경상남도 김해시 외동,중상사고,0,1,0,0,차대사람 - 기타,중앙선침범,건조,맑음,단일로 - 기타,원동기,남,23세,상해없음,보행자,남,22세,중상
2020051100100456,2020년 5월 11일 16시,월요일,경상남도 양산시 북부동,경상사고,0,0,1,0,차대차 - 측면충돌,신호위반,건조,맑음,교차로 - 교차로안,자전거,남,63세,경상,승용,남,31세,상해없음
2020051100100489,2020년 5월 11일 17시,월요일,경상남도 사천시 곤명면,중상사고,0,2,0,0,차량단독 - 공작물충돌,안전운전불이행,건조,맑음,단일로 - 기타,승용,남,75세,중상,,,,
2020051100100524,2020년 5월 11일 18시,월요일,경상남도 양산시 유산동,경상사고,0,0,1,0,차대차 - 측면충돌,신호위반,건조,맑음,교차로 - 교차로안,승용,남,60세,상해없음,승용,남,48세,경상
2020051100100589,2020년 5월 11일 20시,월요일,경상남도 거제시 고현동,경상사고,0,0,1,0,차대사람 - 횡단중,안전운전불이행,건조,맑음,교차로 - 교차로안,승용,남,22세,상해없음,보행자,남,20세,경상
2020051100100618,2020년 5월 11일 21시,월요일,경상남도 진주시 초전동,중상사고,0,1,0,0,차대사람 - 횡단중,신호위반,건조,맑음,교차로 - 교차로안,승용,남,52세,상해없음,보행자,남,72세,중상
2020051100100619,2020년 5월 11일 21시,월요일,경상남도 진주시 인사동,중상사고,0,1,0,0,차대차 - 기타,안전운전불이행,건조,맑음,교차로 - 교차로안,화물,남,37세,상해없음,승용,남,55세,중상
2020051100100620,2020년 5월 11일 21시,월요일,경상남도 사천시 용강동,부상신고사고,0,0,0,1,차대차 - 기타,안전운전불이행,건조,맑음,교차로 - 교차로부근,승용,남,43세,상해없음,승용,여,37세,부상신고
2020051100100621,2020년 5월 11일 21시,월요일,경상남도 거제시 문동동,경상사고,0,0,1,0,차대차 - 기타,안전운전불이행,건조,맑음,교차로 - 교차로안,승용,남,67세,상해없음,이륜,남,38세,경상
2020051100100675,2020년 5월 11일 23시,월요일,경상남도 진주시 봉곡동,중상사고,0,1,0,0,차대사람 - 횡단중,보행자보호의무위반,건조,맑음,교차로 - 교차로안,기타불명,남,35세,상해없음,보행자,남,54세,중상
2020051200100015,2020년 5월 12일 00시,화요일,경상남도 김해시 전하동,경상사고,0,0,1,0,차량단독 - 기타,안전운전불이행,건조,맑음,교차로 - 교차로안,승용,남,52세,경상,,,,
2020051200100016,2020년 5월 12일 00시,화요일,경상남도 합천군 대양면,중상사고,0,1,0,0,차량단독 - 공작물충돌,과속,건조,맑음,단일로 - 기타,승용,남,19세,상해없음,,,,
2020051200100017,2020년 5월 12일 00시,화요일,경상남도 김해시 전하동,사망사고,1,0,0,0,차량단독 - 공작물충돌,안전운전불이행,건조,맑음,교차로 - 교차로부근,승용,남,52세,사망,,,,
2020051200100040,2020년 5월 12일 03시,화요일,경상남도 김해시 대성동,중상사고,0,1,3,0,차대차 - 추돌,신호위반,건조,맑음,교차로 - 교차로안,승용,여,60세,상해없음,승용,여,51세,중상
2020051200100047,2020년 5월 12일 04시,화요일,경상남도 창녕군 부곡면,사망사고,1,0,0,0,차대차 - 추돌,안전운전불이행,건조,맑음,단일로 - 기타,승용,남,20세,상해없음,농기계,남,57세,사망
2020051200100069,2020년 5월 12일 06시,화요일,경상남도 함안군 산인면,경상사고,0,0,1,0,차대차 - 측면충돌,안전운전불이행,건조,맑음,교차로 - 교차로부근,승용,남,65세,상해없음,승용,여,55세,경상
2020051200100094,2020년 5월 12일 07시,화요일,경상남도 고성군 고성읍,경상사고,0,0,1,0,차대차 - 기타,직진우회전진행방해,건조,맑음,교차로 - 교차로안,승용,여,35세,상해없음,승용,남,47세,경상
2020051200100112,2020년 5월 12일 08시,화요일,경상남도 양산시 상북면,부상신고사고,0,0,0,1,차대차 - 측면충돌,안전거리미확보,건조,맑음,단일로 - 기타,화물,남,56세,부상신고,승용,남,55세,상해없음
2020051200100137,2020년 5월 12일 08시,화요일,경상남도 양산시 물금읍,경상사고,0,0,1,0,차대차 - 측면충돌,교차로운행방법위반,건조,맑음,교차로 - 교차로안,승용,여,30세,상해없음,승용,남,35세,경상
2020051200100138,2020년 5월 12일 08시,화요일,경상남도 남해군 남해읍,중상사고,0,2,0,0,차대차 - 측면충돌,교차로운행방법위반,건조,맑음,교차로 - 교차로부근,승용,여,51세,상해없음,승용,남,30세,중상
2020051200100194,2020년 5월 12일 10시,화요일,경상남도 함안군 군북면,경상사고,0,0,1,0,차대차 - 측면충돌,안전운전불이행,건조,맑음,단일로 - 기타,이륜,남,63세,경상,승용,여,39세,상해없음
2020051200100195,2020년 5월 12일 10시,화요일,경상남도 김해시 주촌면,경상사고,0,0,3,0,차대차 - 측면충돌,중앙선침범,건조,맑음,단일로 - 기타,승용,남,70세,경상,승용,여,41세,경상
2020051200100228,2020년 5월 12일 11시,화요일,경상남도 김해시 외동,중상사고,0,1,1,0,차대차 - 추돌,신호위반,건조,맑음,단일로 - 기타,승용,남,61세,상해없음,승용,남,76세,중상
2020051200100254,2020년 5월 12일 12시,화요일,경상남도 김해시 삼정동,중상사고,0,1,0,0,차대차 - 추돌,교차로운행방법위반,건조,맑음,교차로 - 교차로안,승용,남,54세,상해없음,이륜,남,19세,중상
2020051200100255,2020년 5월 12일 12시,화요일,경상남도 남해군 설천면,사망사고,1,0,0,0,차량단독 - 공작물충돌,안전운전불이행,건조,맑음,교차로 - 교차로안,승용,여,60세,사망,,,,
2020051200100281,2020년 5월 12일 13시,화요일,경상남도 양산시 명동,중상사고,0,1,0,0,차대차 - 측면충돌,안전거리미확보,건조,맑음,교차로 - 교차로부근,승용,남,32세,상해없음,화물,남,54세,상해없음
2020051200100310,2020년 5월 12일 14시,화요일,경상남도 창원시 진해구 여좌동,중상사고,0,1,0,0,차량단독 - 기타,안전운전불이행,건조,맑음,단일로 - 기타,승합,남,56세,상해없음,,,,
2020051200100343,2020년 5월 12일 15시,화요일,경상남도 창원시 진해구 석동,경상사고,0,0,1,0,차대차 - 측면충돌,안전운전불이행,건조,맑음,단일로 - 기타,화물,남,50세,상해없음,승용,남,46세,경상
2020051200100344,2020년 5월 12일 15시,화요일,경상남도 사천시 벌리동,중상사고,0,1,0,0,차대차 - 측면충돌,안전운전불이행,건조,맑음,교차로 - 교차로안,승용,남,48세,상해없음,이륜,남,66세,중상
2020051200100376,2020년 5월 12일 16시,화요일,경상남도 창원시 마산합포구 우산동,중상사고,0,1,0,0,차대차 - 측면충돌,교차로운행방법위반,건조,맑음,교차로 - 교차로안,승용,남,50세,상해없음,승용,여,54세,상해없음
2020051200100377,2020년 5월 12일 16시,화요일,경상남도 김해시 대청동,경상사고,0,0,4,0,차대차 - 측면충돌,안전운전불이행,건조,맑음,교차로 - 교차로안,승용,여,29세,경상,승용,여,61세,경상
2020051200100423,2020년 5월 12일 17시,화요일,경상남도 김해시 어방동,중상사고,0,1,0,0,차대사람 - 차도통행중,안전운전불이행,건조,맑음,단일로 - 기타,승용,여,46세,상해없음,보행자,남,48세,중상
2020051200100424,2020년 5월 12일 17시,화요일,경상남도 김해시 외동,경상사고,0,0,1,0,차대차 - 추돌,안전운전불이행,건조,맑음,교차로 - 교차로안,이륜,여,42세,경상,승용,남,56세,상해없음
2020051200100425,2020년 5월 12일 17시,화요일,경상남도 김해시 삼계동,중상사고,0,2,1,0,차대차 - 추돌,안전운전불이행,건조,맑음,교차로 - 교차로안,승용,남,66세,경상,승용,여,52세,중상
2020051200100426,2020년 5월 12일 17시,화요일,경상남도 고성군 하이면,중상사고,0,1,0,0,차대차 - 추돌,기타,건조,맑음,교차로 - 교차로안,이륜,남,38세,중상,화물,여,59세,상해없음
2020051200100427,2020년 5월 12일 17시,화요일,경상남도 창원시 의창구 북면,경상사고,0,0,2,0,차대차 - 측면충돌,중앙선침범,건조,맑음,단일로 - 기타,승용,남,41세,경상,승용,남,67세,경상
2020051200100428,2020년 5월 12일 17시,화요일,경상남도 김해시 주촌면,경상사고,0,0,1,0,차대차 - 추돌,중앙선침범,건조,맑음,단일로 - 기타,이륜,남,40세,경상,승용,남,22세,상해없음
2020051200100429,2020년 5월 12일 17시,화요일,경상남도 김해시 흥동,경상사고,0,0,2,0,차대차 - 측면충돌,안전운전불이행,건조,맑음,교차로 - 교차로안,승용,여,45세,경상,화물,남,29세,경상
2020051200100511,2020년 5월 12일 19시,화요일,경상남도 통영시 인평동,부상신고사고,0,0,0,1,차대차 - 정면충돌,기타,건조,맑음,교차로 - 교차로안,이륜,남,49세,부상신고,승용,남,24세,상해없음
2020051200100536,2020년 5월 12일 20시,화요일,경상남도 진주시 집현면,중상사고,0,1,0,0,차대차 - 기타,안전운전불이행,건조,맑음,단일로 - 기타,승용,남,53세,상해없음,승용,여,48세,중상
2020051200100537,2020년 5월 12일 20시,화요일,경상남도 통영시 광도면,경상사고,0,0,1,0,차대차 - 정면충돌,중앙선침범,건조,맑음,단일로 - 기타,승용,남,48세,기타불명,이륜,남,17세,경상
2020051200100538,2020년 5월 12일 20시,화요일,경상남도 거창군 가조면,중상사고,0,1,1,0,차량단독 - 전도전복 - 전도,안전운전불이행,건조,맑음,기타 - 기타,이륜,남,49세,경상,,,,
2020051200100576,2020년 5월 12일 22시,화요일,경상남도 양산시 물금읍,중상사고,0,1,0,0,차대차 - 기타,안전운전불이행,건조,맑음,교차로 - 교차로안,승용,여,24세,상해없음,개인형이동수단(PM),남,37세,중상
2020051200100596,2020년 5월 12일 23시,화요일,경상남도 사천시 벌리동,경상사고,0,0,1,0,차대차 - 측면충돌,안전운전불이행,건조,맑음,교차로 - 교차로부근,승용,여,51세,상해없음,승용,남,54세,경상
2020051300100073,2020년 5월 13일 06시,수요일,경상남도 고성군 하일면,경상사고,0,0,5,0,차대차 - 정면충돌,중앙선침범,건조,맑음,단일로 - 기타,화물,남,54세,상해없음,화물,남,54세,경상
2020051300100097,2020년 5월 13일 07시,수요일,경상남도 김해시 외동,중상사고,0,1,0,0,차대사람 - 기타,기타,건조,맑음,교차로 - 교차로부근,승합,남,56세,상해없음,보행자,여,26세,중상
2020051300100098,2020년 5월 13일 07시,수요일,경상남도 함안군 칠서면,경상사고,0,0,1,0,차량단독 - 전도전복 - 전도,안전운전불이행,건조,맑음,교차로 - 교차로부근,이륜,남,23세,경상,,,,
2020051300100159,2020년 5월 13일 09시,수요일,경상남도 창원시 마산합포구 오동동,경상사고,0,0,1,0,차대차 - 측면충돌,안전운전불이행,건조,맑음,교차로 - 교차로안,이륜,남,75세,경상,승용,여,60세,상해없음
2020051300100160,2020년 5월 13일 09시,수요일,경상남도 거제시 사등면,경상사고,0,0,1,0,차대차 - 측면충돌,기타,건조,맑음,단일로 - 기타,화물,남,59세,상해없음,승용,여,34세,경상
2020051300100231,2020년 5월 13일 11시,수요일,경상남도 통영시 북신동,경상사고,0,0,2,0,차대차 - 추돌,안전운전불이행,건조,맑음,단일로 - 기타,승용,여,49세,상해없음,이륜,남,69세,경상
2020051300100264,2020년 5월 13일 12시,수요일,경상남도 합천군 합천읍,중상사고,0,1,0,0,차대사람 - 횡단중,안전운전불이행,건조,맑음,교차로 - 교차로안,승용,남,70세,상해없음,보행자,여,76세,중상
2020051300100265,2020년 5월 13일 12시,수요일,경상남도 남해군 삼동면,경상사고,0,0,1,0,차대차 - 측면충돌,안전운전불이행,건조,맑음,교차로 - 교차로안,승용,남,57세,상해없음,승용,남,59세,경상