사고번호,사고일시,요일,시군구,사고내용,사망자수,중상자수,경상자수,부상신고자수,사고유형,법규위반,노면상태,기상상태,도로형태,가해운전자 차종,가해운전자 성별,가해운전자 연령,가해운전자 상해정도,피해운전자 차종,피해운전자 성별,피해운전자 연령,피해운전자 상해정도
2020051300100332,2020년 5월 13일 14시,수요일,경상남도 양산시 물금읍,경상사고,0,0,1,0,차대차 - 추돌,안전운전불이행,건조,맑음,교차로 - 교차로부근,승용,남,27세,상해없음,원동기,남,47세,경상
2020051300100333,2020년 5월 13일 14시,수요일,경상남도 고성군 마암면,경상사고,0,0,1,0,차량단독 - 전도전복 - 전도,안전운전불이행,건조,맑음,교차로 - 교차로안,이륜,남,77세,경상,,,,
2020051300100334,2020년 5월 13일 14시,수요일,경상남도 창원시 의창구 소답동,경상사고,0,0,1,0,차대사람 - 기타,안전운전불이행,건조,맑음,교차로 - 교차로안,승용,여,27세,상해없음,보행자,남,45세,경상
2020051300100372,2020년 5월 13일 15시,수요일,경상남도 사천시 벌리동,경상사고,0,0,1,0,차대사람 - 기타,안전운전불이행,건조,맑음,단일로 - 기타,승용,남,49세,상해없음,보행자,남,27세,경상
2020051300100373,2020년 5월 13일 15시,수요일,경상남도 창녕군 창녕읍,경상사고,0,0,1,0,차대차 - 측면충돌,안전운전불이행,건조,맑음,교차로 - 교차로안,이륜,남,84세,상해없음,승용,여,63세,경상
2020051300100374,2020년 5월 13일 15시,수요일,경상남도 양산시 삼호동,중상사고,0,1,0,0,차대차 - 추돌,안전운전불이행,건조,맑음,교차로 - 교차로안,승용,여,58세,상해없음,이륜,여,56세,중상
2020051300100375,2020년 5월 13일 15시,수요일,경상남도 양산시 북부동,경상사고,0,0,1,0,차대사람 - 횡단중,보행자보호의무위반,건조,맑음,교차로 - 교차로횡단보도내,승용,남,39세,상해없음,보행자,남,80세,경상
2020051300100417,2020년 5월 13일 16시,수요일,경상남도 창원시 진해구 이동,경상사고,0,0,2,0,차대차 - 측면충돌,직진우회전진행방해,건조,맑음,교차로 - 교차로안,이륜,여,21세,경상,승용,여,59세,경상
2020051300100418,2020년 5월 13일 16시,수요일,경상남도 창녕군 창녕읍,중상사고,0,1,0,0,차대차 - 측면충돌,직진우회전진행방해,건조,맑음,교차로 - 교차로부근,원동기,남,76세,중상,화물,남,55세,상해없음
2020051300100419,2020년 5월 13일 16시,수요일,경상남도 양산시 물금읍,경상사고,0,0,1,0,차대차 - 후진중충돌,안전운전불이행,건조,맑음,주차장 - 주차장,승용,남,64세,상해없음,승용,남,37세,경상
2020051300100466,2020년 5월 13일 17시,수요일,경상남도 창원시 진해구 석동,경상사고,0,0,1,0,차대차 - 측면충돌,안전운전불이행,건조,맑음,단일로 - 기타,승용,남,65세,상해없음,승용,남,22세,경상
2020051300100467,2020년 5월 13일 17시,수요일,경상남도 사천시 사남면,중상사고,0,1,0,0,차대차 - 정면충돌,안전운전불이행,건조,맑음,단일로 - 기타,승용,남,30세,상해없음,이륜,남,24세,중상
2020051300100559,2020년 5월 13일 19시,수요일,경상남도 통영시 도천동,경상사고,0,0,1,0,차대차 - 기타,안전운전불이행,건조,맑음,단일로 - 기타,승용,남,60세,상해없음,승용,여,53세,경상
2020051300100560,2020년 5월 13일 19시,수요일,경상남도 양산시 평산동,경상사고,0,0,2,0,차대차 - 추돌,안전운전불이행,건조,맑음,단일로 - 기타,화물,남,55세,상해없음,승용,남,37세,경상
2020051300100561,2020년 5월 13일 19시,수요일,경상남도 창원시 의창구 소답동,경상사고,0,0,2,0,차대차 - 후진중충돌,안전운전불이행,건조,맑음,교차로 - 교차로안,화물,남,53세,상해없음,승용,남,44세,경상
2020051300100612,2020년 5월 13일 21시,수요일,경상남도 창원시 마산합포구 월영동,중상사고,0,1,0,0,차량단독 - 전도전복 - 전도,안전운전불이행,건조,맑음,단일로 - 기타,이륜,남,16세,중상,,,,
2020051300100613,2020년 5월 13일 21시,수요일,경상남도 창원시 의창구 명서동,경상사고,0,0,1,0,차대차 - 측면충돌,안전운전불이행,건조,맑음,교차로 - 교차로횡단보도내,자전거,여,51세,경상,승용,남,70세,상해없음
2020051300100630,2020년 5월 13일 22시,수요일,경상남도 창원시 성산구 반지동,중상사고,0,2,0,0,차대차 - 측면충돌,안전운전불이행,건조,맑음,교차로 - 교차로안,승용,남,39세,상해없음,승용,남,30세,중상
2020051300100647,2020년 5월 13일 23시,수요일,경상남도 김해시 삼계동,경상사고,0,0,2,1,차대차 - 기타,안전운전불이행,건조,맑음,교차로 - 교차로안,승용,여,47세,부상신고,승용,남,49세,경상
2020051400100041,2020년 5월 14일 05시,목요일,경상남도 거창군 거창읍,경상사고,0,0,1,0,차대사람 - 횡단중,안전운전불이행,건조,맑음,단일로 - 기타,승용,여,55세,상해없음,보행자,여,59세,경상
2020051400100065,2020년 5월 14일 07시,목요일,경상남도 함안군 가야읍,경상사고,0,0,1,0,차대사람 - 횡단중,안전운전불이행,건조,맑음,단일로 - 기타,승용,남,46세,상해없음,보행자,여,82세,경상
2020051400100066,2020년 5월 14일 07시,목요일,경상남도 김해시 진영읍,경상사고,0,0,1,0,차대차 - 측면충돌,신호위반,건조,맑음,교차로 - 교차로부근,승용,남,57세,상해없음,승용,여,45세,경상
2020051400100129,2020년 5월 14일 09시,목요일,경상남도 창원시 마산회원구 석전동,중상사고,0,1,0,0,차량단독 - 기타,안전운전불이행,건조,맑음,단일로 - 기타,승합,남,47세,상해없음,,,,
2020051400100162,2020년 5월 14일 10시,목요일,경상남도 창원시 마산합포구 남성동,경상사고,0,0,1,0,차대차 - 정면충돌,안전운전불이행,건조,맑음,교차로 - 교차로안,이륜,남,50세,상해없음,이륜,여,57세,경상
2020051400100163,2020년 5월 14일 10시,목요일,경상남도 양산시 삼호동,부상신고사고,0,0,0,1,차대사람 - 기타,안전운전불이행,건조,맑음,주차장 - 주차장,승용,남,36세,상해없음,보행자,남,56세,부상신고
2020051400100164,2020년 5월 14일 10시,목요일,경상남도 창원시 의창구 동읍,경상사고,0,0,1,0,차대차 - 기타,안전운전불이행,건조,맑음,교차로 - 교차로안,승용,남,68세,상해없음,자전거,남,62세,경상
2020051400100200,2020년 5월 14일 11시,목요일,경상남도 창원시 마산합포구 남성동,경상사고,0,0,1,0,차대차 - 측면충돌,안전운전불이행,건조,맑음,단일로 - 기타,화물,남,59세,상해없음,승용,남,26세,경상
2020051400100201,2020년 5월 14일 11시,목요일,경상남도 창원시 진해구 석동,중상사고,0,1,0,0,차대차 - 측면충돌,안전운전불이행,건조,맑음,단일로 - 기타,자전거,남,81세,중상,승용,여,50세,상해없음
2020051400100202,2020년 5월 14일 11시,목요일,경상남도 김해시 구산동,중상사고,0,1,0,0,차대차 - 측면충돌,중앙선침범,건조,맑음,단일로 - 기타,승용,여,41세,상해없음,이륜,남,33세,중상
2020051400100203,2020년 5월 14일 11시,목요일,경상남도 남해군 창선면,경상사고,0,0,1,0,차대차 - 추돌,안전운전불이행,건조,맑음,단일로 - 기타,승용,남,42세,상해없음,승용,여,67세,경상
2020051400100204,2020년 5월 14일 11시,목요일,경상남도 김해시 한림면,경상사고,0,0,1,0,차대차 - 기타,안전거리미확보,건조,맑음,단일로 - 기타,화물,남,72세,상해없음,승용,여,53세,경상
2020051400100235,2020년 5월 14일 12시,목요일,경상남도 창원시 진해구 자은동,경상사고,0,0,1,0,차대차 - 기타,안전운전불이행,건조,맑음,교차로 - 교차로부근,특수,남,63세,상해없음,승용,여,33세,경상
2020051400100236,2020년 5월 14일 12시,목요일,경상남도 양산시 북정동,경상사고,0,0,2,0,차대차 - 기타,신호위반,건조,맑음,교차로 - 교차로안,승용,남,62세,상해없음,승용,여,26세,경상
2020051400100237,2020년 5월 14일 12시,목요일,경상남도 창원시 성산구 남지동,경상사고,0,0,1,0,차대차 - 기타,안전운전불이행,건조,맑음,단일로 - 교량,화물,남,64세,상해없음,승용,남,30세,경상
2020051400100271,2020년 5월 14일 13시,목요일,경상남도 김해시 외동,중상사고,0,1,0,0,차대차 - 측면충돌,안전운전불이행,건조,맑음,교차로 - 교차로안,자전거,남,59세,중상,승용,남,41세,상해없음
2020051400100272,2020년 5월 14일 13시,목요일,경상남도 양산시 남부동,경상사고,0,0,1,0,차대차 - 측면충돌,안전운전불이행,건조,맑음,단일로 - 기타,승용,여,62세,상해없음,화물,남,48세,경상
2020051400100273,2020년 5월 14일 13시,목요일,경상남도 산청군 산청읍,부상신고사고,0,0,0,2,차대차 - 측면충돌,중앙선침범,건조,맑음,단일로 - 기타,이륜,남,60세,부상신고,화물,남,53세,상해없음
2020051400100274,2020년 5월 14일 13시,목요일,경상남도 창원시 의창구 용호동,중상사고,0,1,0,0,차대차 - 측면충돌,안전운전불이행,건조,맑음,교차로 - 교차로부근,이륜,남,34세,상해없음,자전거,여,30세,중상
2020051400100349,2020년 5월 14일 15시,목요일,경상남도 양산시 북정동,경상사고,0,0,1,0,차대차 - 기타,신호위반,건조,맑음,교차로 - 교차로안,화물,남,59세,기타불명,승용,남,75세,경상
2020051400100380,2020년 5월 14일 16시,목요일,경상남도 합천군 가야면,경상사고,0,0,1,0,차대사람 - 차도통행중,안전운전불이행,건조,맑음,단일로 - 기타,화물,남,63세,상해없음,보행자,여,66세,경상
2020051400100421,2020년 5월 14일 17시,목요일,경상남도 밀양시 교동,경상사고,0,0,1,0,차대사람 - 횡단중,안전운전불이행,건조,맑음,단일로 - 기타,승용,여,58세,상해없음,보행자,남,13세,경상
2020051400100422,2020년 5월 14일 17시,목요일,경상남도 김해시 무계동,중상사고,0,1,0,0,차대사람 - 기타,안전운전불이행,건조,맑음,교차로 - 교차로부근,승합,남,62세,상해없음,보행자,여,65세,중상
2020051400100512,2020년 5월 14일 19시,목요일,경상남도 김해시 내덕동,경상사고,0,0,1,0,차대차 - 추돌,안전거리미확보,건조,맑음,교차로 - 교차로부근,승용,남,75세,상해없음,승용,남,32세,경상
2020051400100547,2020년 5월 14일 20시,목요일,경상남도 김해시 구산동,경상사고,0,0,1,0,차대사람 - 횡단중,보행자보호의무위반,건조,맑음,교차로 - 교차로횡단보도내,승용,남,71세,상해없음,보행자,남,59세,경상
2020051400100548,2020년 5월 14일 20시,목요일,경상남도 김해시 진영읍,부상신고사고,0,0,0,1,차량단독 - 전도전복 - 전도,안전운전불이행,젖음/습기,흐림,단일로 - 기타,이륜,남,55세,부상신고,,,,
2020051400100573,2020년 5월 14일 21시,목요일,경상남도 창녕군 창녕읍,중상사고,0,1,1,0,차대차 - 후진중충돌,안전운전불이행,건조,맑음,교차로 - 교차로부근,승용,남,61세,상해없음,승용,남,38세,경상
2020051400100607,2020년 5월 14일 22시,목요일,경상남도 창원시 의창구 소답동,경상사고,0,0,1,0,차대사람 - 횡단중,안전운전불이행,건조,맑음,교차로 - 교차로횡단보도내,승용,남,56세,상해없음,보행자,여,24세,경상
2020051500100024,2020년 5월 15일 01시,금요일,경상남도 김해시 흥동,중상사고,0,3,0,0,차대차 - 정면충돌,중앙선침범,건조,맑음,단일로 - 기타,승용,남,24세,중상,승용,남,54세,중상
2020051500100066,2020년 5월 15일 06시,금요일,경상남도 거창군 거창읍,중상사고,0,1,0,0,차대차 - 측면충돌,신호위반,젖음/습기,비,교차로 - 교차로안,승용,남,29세,상해없음,승용,여,65세,중상
2020051500100085,2020년 5월 15일 07시,금요일,경상남도 거제시 연초면,경상사고,0,0,1,0,차대차 - 정면충돌,중앙선침범,젖음/습기,비,단일로 - 기타,승용,남,36세,경상,승용,남,58세,상해없음
2020051500100121,2020년 5월 15일 08시,금요일,경상남도 양산시 상북면,경상사고,0,0,1,0,차대차 - 측면충돌,교차로운행방법위반,건조,흐림,교차로 - 교차로안,승용,여,64세,상해없음,승용,남,27세,경상
2020051500100177,2020년 5월 15일 10시,금요일,경상남도 합천군 합천읍,중상사고,0,2,0,0,차량단독 - 공작물충돌,안전운전불이행,젖음/습기,비,단일로 - 기타,화물,남,77세,상해없음,,,,
2020051500100178,2020년 5월 15일 10시,금요일,경상남도 거제시 양정동,중상사고,0,1,0,0,차대차 - 측면충돌,교차로운행방법위반,건조,맑음,교차로 - 교차로안,승용,여,53세,상해없음,이륜,남,36세,중상
2020051500100199,2020년 5월 15일 11시,금요일,경상남도 김해시 신문동,경상사고,0,0,2,0,차대차 - 측면충돌,안전운전불이행,젖음/습기,비,교차로 - 교차로안,승용,여,61세,상해없음,승용,남,51세,경상
2020051500100228,2020년 5월 15일 12시,금요일,경상남도 거제시 장평동,중상사고,0,1,1,0,차대차 - 측면충돌,신호위반,젖음/습기,비,교차로 - 교차로안,승용,남,45세,상해없음,승용,여,61세,상해없음
2020051500100295,2020년 5월 15일 14시,금요일,경상남도 창원시 의창구 중동,중상사고,0,1,0,0,차대차 - 측면충돌,교차로운행방법위반,젖음/습기,흐림,교차로 - 교차로안,승용,여,58세,상해없음,승용,남,41세,중상
2020051500100339,2020년 5월 15일 15시,금요일,경상남도 창원시 진해구 이동,경상사고,0,0,1,0,차대차 - 기타,직진우회전진행방해,건조,맑음,교차로 - 교차로안,승용,남,54세,상해없음,승용,여,33세,경상
2020051500100382,2020년 5월 15일 16시,금요일,경상남도 창원시 성산구 상남동,부상신고사고,0,0,0,1,차대사람 - 차도통행중,안전운전불이행,건조,맑음,교차로 - 교차로안,승용,남,55세,상해없음,보행자,남,64세,부상신고
2020051500100429,2020년 5월 15일 17시,금요일,경상남도 사천시 선구동,경상사고,0,0,1,0,차대차 - 추돌,안전운전불이행,건조,맑음,단일로 - 기타,승용,남,64세,상해없음,이륜,여,45세,경상
2020051500100430,2020년 5월 15일 17시,금요일,경상남도 거제시 고현동,경상사고,0,0,1,0,차대차 - 기타,교차로운행방법위반,젖음/습기,비,교차로 - 교차로부근,승용,여,52세,상해없음,이륜,남,29세,경상
2020051500100431,2020년 5월 15일 17시,금요일,경상남도 남해군 창선면,부상신고사고,0,0,0,1,차대차 - 기타,중앙선침범,건조,맑음,단일로 - 기타,승용,남,47세,상해없음,승용,남,34세,부상신고
2020051500100432,2020년 5월 15일 17시,금요일,경상남도 함안군 가야읍,경상사고,0,0,1,0,차대차 - 기타,안전운전불이행,건조,맑음,교차로 - 교차로안,승용,남,68세,상해없음,승용,남,59세,경상
2020051500100433,2020년 5월 15일 17시,금요일,경상남도 창원시 성산구 웅남동,경상사고,0,0,1,0,차대차 - 측면충돌,안전운전불이행,건조,맑음,단일로 - 기타,승용,여,27세,상해없음,승용,여,27세,경상
2020051500100467,2020년 5월 15일 18시,금요일,경상남도 창원시 진해구 자은동,경상사고,0,0,3,0,차대차 - 측면충돌,차로위반,건조,맑음,교차로 - 교차로안,승용,남,52세,상해없음,승용,여,33세,경상
2020051500100468,2020년 5월 15일 18시,금요일,경상남도 거제시 아주동,경상사고,0,0,1,0,차대차 - 측면충돌,신호위반,건조,맑음,교차로 - 교차로안,승용,여,62세,상해없음,이륜,남,28세,경상
2020051500100554,2020년 5월 15일 20시,금요일,경상남도 창원시 진해구 이동,경상사고,0,0,1,0,차대차 - 측면충돌,직진우회전진행방해,건조,맑음,교차로 - 교차로횡단보도내,승용,남,51세,상해없음,원동기,남,21세,경상
2020051500100555,2020년 5월 15일 20시,금요일,경상남도 양산시 물금읍,경상사고,0,0,1,0,차대차 - 측면충돌,안전운전불이행,건조,맑음,단일로 - 기타,승용,여,55세,상해없음,원동기,남,27세,경상
2020051500100556,2020년 5월 15일 20시,금요일,경상남도 거제시 수월동,경상사고,0,0,1,0,차대사람 - 횡단중,보행자보호의무위반,건조,맑음,교차로 - 교차로부근,승용,남,38세,상해없음,보행자,여,52세,경상
2020051500100557,2020년 5월 15일 20시,금요일,경상남도 창원시 성산구 남양동,중상사고,0,1,0,0,차대사람 - 횡단중,보행자보호의무위반,건조,맑음,교차로 - 교차로횡단보도내,자전거,남,14세,상해없음,보행자,여,62세,중상
2020051500100645,2020년 5월 15일 22시,금요일,경상남도 창원시 마산합포구 자산동,경상사고,0,0,4,0,차대차 - 추돌,안전운전불이행,젖음/습기,비,교차로 - 교차로부근,승용,남,57세,상해없음,화물,남,44세,경상
2020051500100675,2020년 5월 15일 23시,금요일,경상남도 양산시 동면,경상사고,0,0,1,0,차대차 - 측면충돌,중앙선침범,건조,맑음,단일로 - 기타,원동기,남,52세,상해없음,원동기,남,27세,경상
2020051500100676,2020년 5월 15일 23시,금요일,경상남도 창원시 마산회원구 구암동,경상사고,0,0,2,0,차대차 - 추돌,안전운전불이행,건조,맑음,교차로 - 교차로부근,승용,남,45세,상해없음,승용,남,37세,경상
2020051500100677,2020년 5월 15일 23시,금요일,경상남도 김해시 한림면,경상사고,0,0,2,0,차대차 - 추돌,안전운전불이행,건조,맑음,단일로 - 기타,승용,남,28세,상해없음,승용,남,32세,상해없음
2020051600100042,2020년 5월 16일 01시,토요일,경상남도 창원시 성산구 성주동,경상사고,0,0,5,0,차대차 - 정면충돌,안전운전불이행,젖음/습기,비,교차로 - 교차로안,승용,여,46세,상해없음,승용,남,24세,경상
2020051600100051,2020년 5월 16일 02시,토요일,경상남도 김해시 불암동,경상사고,0,0,1,0,차대차 - 측면충돌,차로위반,건조,맑음,단일로 - 기타,승용,남,78세,상해없음,승용,남,45세,경상
2020051600100052,2020년 5월 16일 02시,토요일,경상남도 산청군 신안면,중상사고,0,2,1,0,차대차 - 추돌,안전운전불이행,젖음/습기,맑음,단일로 - 기타,화물,남,56세,경상,화물,남,58세,중상
2020051600100053,2020년 5월 16일 02시,토요일,경상남도 창원시 마산회원구 석전동,중상사고,0,1,0,0,차대사람 - 횡단중,신호위반,젖음/습기,비,교차로 - 교차로횡단보도내,이륜,남,58세,상해없음,보행자,남,41세,중상
2020051600100083,2020년 5월 16일 06시,토요일,경상남도 김해시 부원동,중상사고,0,1,0,0,차대사람 - 기타,안전운전불이행,건조,맑음,단일로 - 기타,승용,여,71세,상해없음,보행자,여,65세,중상
2020051600100096,2020년 5월 16일 07시,토요일,경상남도 창녕군 남지읍,중상사고,0,1,0,0,차대차 - 측면충돌,직진우회전진행방해,건조,맑음,교차로 - 교차로안,이륜,남,77세,중상,승용,여,37세,상해없음
2020051600100097,2020년 5월 16일 07시,토요일,경상남도 양산시 동면,중상사고,0,1,0,0,차대차 - 측면충돌,안전운전불이행,건조,맑음,교차로 - 교차로안,화물,남,36세,상해없음,자전거,남,72세,중상
2020051600100098,2020년 5월 16일 07시,토요일,경상남도 거제시 사등면,경상사고,0,0,2,0,차대차 - 측면충돌,중앙선침범,건조,흐림,기타 - 기타,승용,여,38세,상해없음,승용,남,53세,경상
2020051600100111,2020년 5월 16일 08시,토요일,경상남도 통영시 서호동,중상사고,0,1,0,0,차대차 - 기타,중앙선침범,젖음/습기,흐림,단일로 - 기타,승용,남,64세,상해없음,이륜,남,47세,중상
2020051600100112,2020년 5월 16일 08시,토요일,경상남도 거제시 장평동,경상사고,0,0,1,0,차대차 - 기타,안전운전불이행,건조,맑음,교차로 - 교차로부근,이륜,남,49세,경상,승용,남,48세,상해없음
2020051600100113,2020년 5월 16일 08시,토요일,경상남도 창원시 의창구 동읍,사망사고,1,0,0,0,차량단독 - 전도전복 - 전도,안전운전불이행,건조,맑음,단일로 - 기타,자전거,남,43세,사망,,,,
2020051600100129,2020년 5월 16일 09시,토요일,경상남도 창원시 진해구 풍호동,경상사고,0,0,1,0,차대차 - 기타,직진우회전진행방해,건조,맑음,교차로 - 교차로안,승용,여,54세,상해없음,승용,여,50세,상해없음
2020051600100130,2020년 5월 16일 09시,토요일,경상남도 창원시 진해구 자은동,경상사고,0,0,1,0,차대차 - 측면충돌,안전운전불이행,건조,맑음,단일로 - 기타,승용,남,61세,상해없음,승용,남,37세,경상
2020051600100153,2020년 5월 16일 10시,토요일,경상남도 통영시 산양읍,사망사고,1,0,0,0,차대차 - 정면충돌,중앙선침범,건조,맑음,기타 - 기타,자전거,여,46세,사망,승용,여,53세,상해없음
2020051600100154,2020년 5월 16일 10시,토요일,경상남도 사천시 동금동,경상사고,0,0,2,0,차대차 - 측면충돌,직진우회전진행방해,건조,맑음,교차로 - 교차로안,승용,남,78세,경상,건설기계,남,57세,경상
2020051600100155,2020년 5월 16일 10시,토요일,경상남도 거제시 연초면,경상사고,0,0,2,0,차대차 - 기타,중앙선침범,건조,맑음,단일로 - 기타,승용,남,51세,상해없음,승합,남,46세,경상
2020051600100191,2020년 5월 16일 11시,토요일,경상남도 밀양시 삼문동,경상사고,0,0,1,0,차대차 - 측면충돌,안전운전불이행,건조,맑음,단일로 - 기타,특수,남,52세,상해없음,승용,남,28세,경상
2020051600100257,2020년 5월 16일 13시,토요일,경상남도 창원시 성산구 상남동,중상사고,0,1,0,0,차대차 - 측면충돌,안전운전불이행,건조,맑음,교차로 - 교차로안,승용,여,43세,상해없음,이륜,남,33세,중상
2020051600100258,2020년 5월 16일 13시,토요일,경상남도 김해시 진영읍,경상사고,0,0,2,0,차대차 - 후진중충돌,안전운전불이행,건조,맑음,기타 - 기타,승용,남,47세,상해없음,승용,남,31세,경상
2020051600100286,2020년 5월 16일 14시,토요일,경상남도 진주시 대안동,경상사고,0,0,1,0,차대사람 - 기타,안전운전불이행,건조,맑음,단일로 - 기타,승용,남,55세,상해없음,보행자,여,81세,경상
2020051600100287,2020년 5월 16일 14시,토요일,경상남도 창원시 의창구 팔용동,경상사고,0,0,1,0,차대차 - 측면충돌,신호위반,건조,맑음,교차로 - 교차로안,승용,남,57세,상해없음,승용,남,61세,경상
2020051600100288,2020년 5월 16일 14시,토요일,경상남도 김해시 진영읍,경상사고,0,0,2,0,차대차 - 측면충돌,안전운전불이행,건조,맑음,교차로 - 교차로안,승용,남,50세,상해없음,승용,남,27세,경상
2020051600100319,2020년 5월 16일 15시,토요일,경상남도 창원시 마산합포구 가포동,경상사고,0,0,1,0,차대차 - 추돌,안전거리미확보,건조,맑음,단일로 - 기타,원동기,남,38세,상해없음,승용,남,46세,경상
2020051600100320,2020년 5월 16일 15시,토요일,경상남도 창녕군 대지면,중상사고,0,2,2,0,차대차 - 기타,직진우회전진행방해,건조,맑음,교차로 - 교차로안,화물,남,77세,중상,승용,남,68세,중상
2020051600100350,2020년 5월 16일 16시,토요일,경상남도 양산시 중부동,부상신고사고,0,0,0,1,차대사람 - 횡단중,안전운전불이행,건조,맑음,단일로 - 기타,승용,여,59세,상해없음,보행자,남,69세,부상신고
2020051600100351,2020년 5월 16일 16시,토요일,경상남도 하동군 금남면,중상사고,0,1,1,0,차대차 - 측면충돌,안전운전불이행,건조,맑음,기타 - 기타,승용,남,59세,상해없음,승용,여,48세,중상
2020051600100352,2020년 5월 16일 16시,토요일,경상남도 산청군 신안면,경상사고,0,0,1,0,차대차 - 측면충돌,안전운전불이행,건조,맑음,교차로 - 교차로안,승용,여,37세,상해없음,자전거,남,8세,경상
2020051600100353,2020년 5월 16일 16시,토요일,경상남도 산청군 금서면,부상신고사고,0,0,0,1,차량단독 - 공작물충돌,안전운전불이행,건조,맑음,단일로 - 기타,승용,남,29세,부상신고,,,,
2020051600100411,2020년 5월 16일 18시,토요일,경상남도 창원시 마산합포구 해운동,경상사고,0,0,1,0,차대차 - 측면충돌,안전운전불이행,건조,맑음,교차로 - 교차로부근,화물,남,49세,상해없음,이륜,남,22세,경상
2020051600100412,2020년 5월 16일 18시,토요일,경상남도 진주시 가좌동,중상사고,0,1,1,0,차대차 - 기타,안전운전불이행,건조,맑음,교차로 - 교차로안,승용,남,26세,상해없음,승용,여,50세,경상
2020051600100413,2020년 5월 16일 18시,토요일,경상남도 진주시 금산면,중상사고,0,1,0,0,차대차 - 기타,중앙선침범,건조,맑음,단일로 - 기타,승용,남,22세,상해없음,승용,여,53세,중상
2020051600100414,2020년 5월 16일 18시,토요일,경상남도 통영시 도천동,경상사고,0,0,3,0,차대차 - 측면충돌,안전운전불이행,건조,맑음,교차로 - 교차로안,승용,남,71세,상해없음,승용,남,55세,경상
2020051600100415,2020년 5월 16일 18시,토요일,경상남도 통영시 서호동,중상사고,0,2,0,0,차대차 - 추돌,안전운전불이행,건조,맑음,교차로 - 교차로부근,승용,남,40세,상해없음,승용,남,65세,중상
2020051600100416,2020년 5월 16일 18시,토요일,경상남도 김해시 어방동,중상사고,0,1,0,0,차대차 - 기타,중앙선침범,건조,맑음,단일로 - 기타,승용,여,63세,상해없음,이륜,남,35세,중상
2020051600100417,2020년 5월 16일 18시,토요일,경상남도 양산시 원동면,부상신고사고,0,0,0,1,차대차 - 기타,안전운전불이행,건조,맑음,교차로 - 교차로안,승용,남,60세,부상신고,승용,남,27세,상해없음
2020051600100418,2020년 5월 16일 18시,토요일,경상남도 김해시 한림면,경상사고,0,0,1,0,차대차 - 측면충돌,안전운전불이행,건조,맑음,단일로 - 기타,승용,여,53세,경상,이륜,남,68세,상해없음
2020051600100442,2020년 5월 16일 19시,토요일,경상남도 창원시 진해구 경화동,경상사고,0,0,1,0,차대차 - 측면충돌,교차로운행방법위반,건조,맑음,교차로 - 교차로안,승용,여,49세,상해없음,이륜,남,33세,경상
2020051600100443,2020년 5월 16일 19시,토요일,경상남도 거제시 고현동,경상사고,0,0,2,0,차대차 - 추돌,안전운전불이행,건조,맑음,단일로 - 기타,승용,남,45세,상해없음,승용,남,62세,상해없음
2020051600100521,2020년 5월 16일 22시,토요일,경상남도 진주시 이현동,경상사고,0,0,2,0,차대차 - 기타,교차로운행방법위반,건조,맑음,교차로 - 교차로안,승용,여,28세,경상,승용,여,63세,경상
2020051700100041,2020년 5월 17일 02시,일요일,경상남도 김해시 부원동,중상사고,0,1,0,0,차대사람 - 기타,안전운전불이행,건조,맑음,교차로 - 교차로부근,승용,남,47세,상해없음,보행자,남,52세,중상
2020051700100059,2020년 5월 17일 04시,일요일,경상남도 창원시 마산회원구 내서읍,경상사고,0,0,1,0,차대차 - 측면충돌,신호위반,건조,맑음,교차로 - 교차로안,승용,남,56세,상해없음,승용,남,61세,경상
2020051700100068,2020년 5월 17일 06시,일요일,경상남도 창원시 마산합포구 월영동,중상사고,0,2,0,0,차대차 - 추돌,안전거리미확보,젖음/습기,안개,단일로 - 기타,승용,남,28세,상해없음,승용,남,53세,중상
2020051700100079,2020년 5월 17일 07시,일요일,경상남도 창녕군 도천면,경상사고,0,0,2,0,차대차 - 기타,안전운전불이행,건조,맑음,교차로 - 교차로부근,승용,여,55세,경상,승용,여,63세,경상
2020051700100090,2020년 5월 17일 08시,일요일,경상남도 김해시 부원동,경상사고,0,0,3,0,차대차 - 측면충돌,안전운전불이행,건조,맑음,교차로 - 교차로안,승용,여,36세,상해없음,승용,남,45세,경상
2020051700100091,2020년 5월 17일 08시,일요일,경상남도 김해시 진영읍,경상사고,0,0,1,0,차대차 - 측면충돌,안전운전불이행,건조,맑음,단일로 - 기타,화물,남,37세,상해없음,승용,남,53세,경상
2020051700100102,2020년 5월 17일 09시,일요일,경상남도 밀양시 상동면,경상사고,0,0,1,0,차대사람 - 횡단중,안전운전불이행,건조,맑음,단일로 - 기타,승용,남,67세,상해없음,보행자,남,5세,경상
2020051700100147,2020년 5월 17일 11시,일요일,경상남도 고성군 회화면,경상사고,0,0,1,0,차대차 - 기타,안전운전불이행,건조,맑음,단일로 - 기타,이륜,남,58세,상해없음,자전거,남,39세,경상
2020051700100178,2020년 5월 17일 12시,일요일,경상남도 함양군 백전면,중상사고,0,1,0,0,차대차 - 측면충돌,안전운전불이행,건조,맑음,교차로 - 교차로안,이륜,남,49세,중상,농기계,남,53세,상해없음
2020051700100260,2020년 5월 17일 15시,일요일,경상남도 창원시 의창구 명서동,경상사고,0,0,1,0,차대사람 - 횡단중,안전운전불이행,건조,맑음,단일로 - 기타,이륜,남,29세,기타불명,보행자,여,77세,경상