사고번호,사고일시,요일,시군구,사고내용,사망자수,중상자수,경상자수,부상신고자수,사고유형,법규위반,노면상태,기상상태,도로형태,가해운전자 차종,가해운전자 성별,가해운전자 연령,가해운전자 상해정도,피해운전자 차종,피해운전자 성별,피해운전자 연령,피해운전자 상해정도
2020051700100286,2020년 5월 17일 16시,일요일,경상남도 진주시 충무공동,중상사고,0,1,0,0,차대차 - 측면충돌,신호위반,건조,맑음,교차로 - 교차로안,승용,남,47세,상해없음,이륜,남,27세,중상
2020051700100287,2020년 5월 17일 16시,일요일,경상남도 양산시 신기동,경상사고,0,0,1,0,차대사람 - 횡단중,보행자보호의무위반,건조,맑음,단일로 - 기타,승용,남,37세,상해없음,보행자,남,1세,경상
2020051700100288,2020년 5월 17일 16시,일요일,경상남도 함안군 대산면,중상사고,0,1,0,0,차대사람 - 기타,안전운전불이행,건조,맑음,단일로 - 기타,승용,남,38세,상해없음,보행자,여,86세,중상
2020051700100325,2020년 5월 17일 17시,일요일,경상남도 진주시 상대동,중상사고,0,1,0,0,차대차 - 기타,안전운전불이행,건조,맑음,단일로 - 기타,승용,여,55세,상해없음,자전거,남,69세,중상
2020051700100326,2020년 5월 17일 17시,일요일,경상남도 의령군 의령읍,경상사고,0,0,2,0,차대차 - 기타,안전운전불이행,건조,맑음,단일로 - 기타,이륜,남,31세,경상,화물,남,62세,경상
2020051700100356,2020년 5월 17일 18시,일요일,경상남도 김해시 진영읍,경상사고,0,0,1,0,차대차 - 측면충돌,교차로운행방법위반,건조,맑음,교차로 - 교차로안,승용,여,52세,상해없음,승용,남,73세,경상
2020051700100376,2020년 5월 17일 19시,일요일,경상남도 창원시 성산구 남산동,경상사고,0,0,2,0,차대차 - 추돌,안전운전불이행,건조,맑음,단일로 - 기타,승합,남,49세,상해없음,승용,여,66세,경상
2020051700100406,2020년 5월 17일 20시,일요일,경상남도 통영시 북신동,중상사고,0,1,0,0,차대사람 - 횡단중,보행자보호의무위반,건조,맑음,교차로 - 교차로횡단보도내,승용,여,54세,상해없음,보행자,남,68세,중상
2020051700100407,2020년 5월 17일 20시,일요일,경상남도 통영시 무전동,경상사고,0,0,2,0,차대차 - 측면충돌,교차로운행방법위반,건조,맑음,교차로 - 교차로부근,승용,여,24세,상해없음,승용,여,55세,경상
2020051700100408,2020년 5월 17일 20시,일요일,경상남도 양산시 물금읍,경상사고,0,0,2,0,차대차 - 기타,안전운전불이행,건조,맑음,교차로 - 교차로부근,승용,여,52세,상해없음,승용,남,43세,경상
2020051700100409,2020년 5월 17일 20시,일요일,경상남도 하동군 하동읍,중상사고,0,1,3,0,차대차 - 측면충돌,안전운전불이행,건조,맑음,교차로 - 교차로안,승용,남,64세,상해없음,승용,남,54세,경상
2020051700100410,2020년 5월 17일 20시,일요일,경상남도 창원시 의창구 동정동,경상사고,0,0,1,0,차대차 - 측면충돌,교차로운행방법위반,건조,기타,교차로 - 교차로부근,승용,남,49세,상해없음,승용,여,27세,경상
2020051700100411,2020년 5월 17일 20시,일요일,경상남도 김해시 한림면,경상사고,0,0,1,0,차대차 - 측면충돌,안전운전불이행,건조,맑음,단일로 - 기타,승용,여,59세,상해없음,자전거,남,46세,경상
2020051700100412,2020년 5월 17일 20시,일요일,경상남도 김해시 한림면,중상사고,0,1,0,0,차대사람 - 길가장자리구역통행중,안전운전불이행,건조,맑음,단일로 - 기타,승용,여,25세,상해없음,보행자,여,59세,중상
2020051700100442,2020년 5월 17일 21시,일요일,경상남도 양산시 물금읍,경상사고,0,0,3,0,차대차 - 측면충돌,신호위반,건조,맑음,교차로 - 교차로안,승용,남,26세,상해없음,승용,여,30세,경상
2020051700100443,2020년 5월 17일 21시,일요일,경상남도 김해시 진영읍,경상사고,0,0,1,0,차대차 - 측면충돌,신호위반,건조,맑음,교차로 - 교차로안,승용,남,54세,상해없음,승용,남,67세,경상
2020051700100465,2020년 5월 17일 22시,일요일,경상남도 창원시 진해구 이동,경상사고,0,0,1,0,차대차 - 기타,안전운전불이행,건조,맑음,교차로 - 교차로부근,승용,남,62세,상해없음,승용,남,28세,경상
2020051700100475,2020년 5월 17일 23시,일요일,경상남도 사천시 곤양면,경상사고,0,0,1,0,차대차 - 정면충돌,안전운전불이행,건조,맑음,단일로 - 기타,승용,남,28세,경상,화물,여,51세,기타불명
2020051800100013,2020년 5월 18일 01시,월요일,경상남도 진주시 문산읍,중상사고,0,1,0,0,차량단독 - 공작물충돌,안전운전불이행,건조,맑음,단일로 - 기타,화물,남,41세,중상,,,,
2020051800100014,2020년 5월 18일 01시,월요일,경상남도 사천시 사남면,사망사고,1,0,0,0,차대사람 - 차도통행중,과속,건조,맑음,교차로 - 교차로부근,승용,여,19세,상해없음,보행자,남,28세,사망
2020051800100042,2020년 5월 18일 05시,월요일,경상남도 창원시 의창구 서상동,경상사고,0,0,1,0,차대차 - 기타,안전운전불이행,건조,맑음,교차로 - 교차로부근,승용,남,63세,상해없음,화물,남,57세,경상
2020051800100052,2020년 5월 18일 06시,월요일,경상남도 창원시 진해구 석동,경상사고,0,0,1,0,차대차 - 측면충돌,차로위반,건조,맑음,교차로 - 교차로부근,화물,남,59세,상해없음,승용,남,63세,경상
2020051800100053,2020년 5월 18일 06시,월요일,경상남도 함안군 칠원읍,경상사고,0,0,1,0,차대차 - 측면충돌,신호위반,건조,맑음,교차로 - 교차로안,화물,남,67세,상해없음,화물,남,66세,경상
2020051800100065,2020년 5월 18일 07시,월요일,경상남도 김해시 주촌면,경상사고,0,0,2,0,차대차 - 측면충돌,안전운전불이행,건조,맑음,교차로 - 교차로부근,승용,남,55세,상해없음,승용,남,59세,경상
2020051800100118,2020년 5월 18일 09시,월요일,경상남도 거제시 장평동,중상사고,0,1,0,0,차대사람 - 횡단중,보행자보호의무위반,건조,맑음,단일로 - 기타,화물,남,40세,상해없음,보행자,여,55세,중상
2020051800100147,2020년 5월 18일 10시,월요일,경상남도 창녕군 유어면,중상사고,0,1,1,0,차대차 - 추돌,신호위반,건조,흐림,교차로 - 교차로안,화물,남,70세,중상,건설기계,남,56세,경상
2020051800100148,2020년 5월 18일 10시,월요일,경상남도 창원시 마산회원구 내서읍,중상사고,0,2,2,0,차대사람 - 기타,안전운전불이행,건조,흐림,교차로 - 교차로부근,승용,여,38세,상해없음,보행자,여,77세,중상
2020051800100149,2020년 5월 18일 10시,월요일,경상남도 창원시 의창구 서상동,경상사고,0,0,1,0,차대사람 - 차도통행중,안전운전불이행,건조,흐림,교차로 - 교차로안,화물,남,56세,상해없음,보행자,여,42세,경상
2020051800100150,2020년 5월 18일 10시,월요일,경상남도 창원시 의창구 대산면,경상사고,0,0,1,0,차대사람 - 기타,안전운전불이행,건조,맑음,단일로 - 기타,승용,여,30세,상해없음,보행자,여,50세,경상
2020051800100181,2020년 5월 18일 11시,월요일,경상남도 창원시 진해구 풍호동,경상사고,0,0,1,0,차대차 - 추돌,안전운전불이행,건조,맑음,교차로 - 교차로부근,승용,여,74세,기타불명,승용,여,49세,경상
2020051800100182,2020년 5월 18일 11시,월요일,경상남도 창원시 진해구 용원동,경상사고,0,0,1,0,차대차 - 기타,안전운전불이행,젖음/습기,비,교차로 - 교차로부근,승용,남,32세,경상,특수,남,55세,상해없음
2020051800100183,2020년 5월 18일 11시,월요일,경상남도 김해시 삼계동,경상사고,0,0,4,0,차대차 - 측면충돌,안전운전불이행,젖음/습기,흐림,교차로 - 교차로부근,승용,남,37세,상해없음,화물,남,62세,경상
2020051800100184,2020년 5월 18일 11시,월요일,경상남도 김해시 어방동,경상사고,0,0,3,0,차대차 - 측면충돌,안전운전불이행,젖음/습기,비,단일로 - 기타,승용,여,59세,경상,화물,남,51세,경상
2020051800100185,2020년 5월 18일 11시,월요일,경상남도 거제시 일운면,경상사고,0,0,1,0,차대차 - 기타,안전운전불이행,젖음/습기,비,교차로 - 교차로안,승합,남,57세,상해없음,이륜,남,42세,경상
2020051800100221,2020년 5월 18일 12시,월요일,경상남도 양산시 삼호동,경상사고,0,0,1,0,차대차 - 측면충돌,안전운전불이행,젖음/습기,비,단일로 - 기타,승용,남,61세,상해없음,이륜,남,56세,경상
2020051800100264,2020년 5월 18일 13시,월요일,경상남도 함안군 법수면,중상사고,0,1,0,0,차대차 - 측면충돌,직진우회전진행방해,건조,맑음,교차로 - 교차로안,특수,남,64세,상해없음,승용,남,81세,상해없음
2020051800100305,2020년 5월 18일 14시,월요일,경상남도 김해시 외동,경상사고,0,0,1,0,차대사람 - 차도통행중,안전운전불이행,건조,맑음,단일로 - 기타,승용,남,26세,상해없음,보행자,여,58세,경상
2020051800100306,2020년 5월 18일 14시,월요일,경상남도 양산시 덕계동,중상사고,0,1,0,0,차대차 - 기타,안전운전불이행,젖음/습기,비,단일로 - 기타,원동기,남,30세,중상,승용,남,72세,상해없음
2020051800100307,2020년 5월 18일 14시,월요일,경상남도 창원시 의창구 소답동,경상사고,0,0,2,0,차대차 - 측면충돌,교차로운행방법위반,건조,맑음,교차로 - 교차로안,승용,남,79세,상해없음,승용,여,47세,경상
2020051800100342,2020년 5월 18일 15시,월요일,경상남도 창원시 마산합포구 진동면,경상사고,0,0,1,0,차량단독 - 기타,안전운전불이행,건조,맑음,단일로 - 기타,승용,남,72세,경상,,,,
2020051800100343,2020년 5월 18일 15시,월요일,경상남도 통영시 정량동,경상사고,0,0,1,0,차대차 - 기타,직진우회전진행방해,건조,맑음,교차로 - 교차로안,승용,남,70세,상해없음,승용,남,45세,상해없음
2020051800100344,2020년 5월 18일 15시,월요일,경상남도 김해시 구산동,경상사고,0,0,1,0,차대차 - 기타,안전운전불이행,건조,흐림,교차로 - 교차로안,승용,남,73세,상해없음,이륜,남,41세,경상
2020051800100444,2020년 5월 18일 17시,월요일,경상남도 거창군 거창읍,경상사고,0,0,1,0,차대차 - 측면충돌,안전운전불이행,건조,맑음,교차로 - 교차로안,승용,여,45세,상해없음,승용,여,51세,상해없음
2020051800100489,2020년 5월 18일 18시,월요일,경상남도 통영시 광도면,경상사고,0,0,1,0,차대차 - 기타,안전운전불이행,젖음/습기,흐림,교차로 - 교차로안,승용,남,49세,상해없음,원동기,남,38세,경상
2020051800100490,2020년 5월 18일 18시,월요일,경상남도 양산시 북정동,경상사고,0,0,1,0,차대차 - 측면충돌,신호위반,건조,흐림,교차로 - 교차로안,승용,남,28세,상해없음,승용,여,42세,경상
2020051800100491,2020년 5월 18일 18시,월요일,경상남도 창원시 의창구 팔용동,경상사고,0,0,1,0,차대차 - 추돌,안전거리미확보,건조,맑음,단일로 - 기타,승용,남,61세,기타불명,승용,남,28세,경상
2020051800100567,2020년 5월 18일 20시,월요일,경상남도 진주시 상대동,경상사고,0,0,1,0,차대차 - 추돌,안전운전불이행,젖음/습기,비,단일로 - 기타,화물,남,56세,상해없음,이륜,남,50세,경상
2020051800100568,2020년 5월 18일 20시,월요일,경상남도 진주시 상대동,경상사고,0,0,1,0,차대차 - 추돌,안전운전불이행,젖음/습기,비,단일로 - 기타,화물,남,56세,상해없음,이륜,남,50세,경상
2020051800100601,2020년 5월 18일 21시,월요일,경상남도 진주시 하대동,중상사고,0,2,0,0,차대사람 - 횡단중,신호위반,젖음/습기,비,단일로 - 기타,승용,남,33세,상해없음,보행자,남,48세,중상
2020051800100602,2020년 5월 18일 21시,월요일,경상남도 거제시 거제면,경상사고,0,0,1,0,차대차 - 추돌,안전운전불이행,건조,맑음,단일로 - 기타,승용,남,28세,상해없음,승용,남,49세,경상
2020051800100627,2020년 5월 18일 22시,월요일,경상남도 사천시 곤양면,경상사고,0,0,1,0,차대사람 - 길가장자리구역통행중,중앙선침범,젖음/습기,비,단일로 - 기타,승용,남,54세,상해없음,보행자,남,53세,경상
2020051800100628,2020년 5월 18일 22시,월요일,경상남도 창녕군 남지읍,경상사고,0,0,1,0,차대사람 - 기타,안전운전불이행,젖음/습기,비,교차로 - 교차로안,승용,남,28세,상해없음,보행자,남,64세,경상
2020051800100640,2020년 5월 18일 23시,월요일,경상남도 창원시 의창구 봉곡동,경상사고,0,0,1,0,차대차 - 기타,안전운전불이행,건조,맑음,교차로 - 교차로안,기타불명,기타불명,미분류,기타불명,자전거,남,61세,경상
2020051900100034,2020년 5월 19일 03시,화요일,경상남도 창원시 진해구 경화동,경상사고,0,0,1,0,차대차 - 추돌,안전운전불이행,젖음/습기,비,교차로 - 교차로부근,승용,남,31세,상해없음,승용,남,56세,경상
2020051900100050,2020년 5월 19일 06시,화요일,경상남도 통영시 무전동,중상사고,0,1,0,0,차대차 - 측면충돌,직진우회전진행방해,건조,맑음,교차로 - 교차로안,화물,남,69세,상해없음,화물,남,71세,중상
2020051900100062,2020년 5월 19일 07시,화요일,경상남도 사천시 선구동,경상사고,0,0,1,0,차대사람 - 기타,안전운전불이행,건조,맑음,교차로 - 교차로부근,이륜,남,59세,상해없음,보행자,남,57세,경상
2020051900100063,2020년 5월 19일 07시,화요일,경상남도 함양군 함양읍,경상사고,0,0,1,0,차량단독 - 도로외이탈 - 추락,안전운전불이행,젖음/습기,흐림,단일로 - 기타,화물,남,57세,경상,,,,
2020051900100096,2020년 5월 19일 08시,화요일,경상남도 양산시 상북면,경상사고,0,0,1,0,차대차 - 측면충돌,안전운전불이행,건조,맑음,단일로 - 기타,승용,남,57세,상해없음,승용,여,36세,경상
2020051900100097,2020년 5월 19일 08시,화요일,경상남도 김해시 대청동,중상사고,0,1,0,0,차대차 - 추돌,안전운전불이행,건조,맑음,단일로 - 기타,승용,남,37세,상해없음,승용,남,53세,중상
2020051900100122,2020년 5월 19일 09시,화요일,경상남도 거제시 양정동,경상사고,0,0,1,0,차대사람 - 횡단중,안전운전불이행,건조,맑음,기타 - 기타,승용,여,61세,상해없음,보행자,여,12세,경상
2020051900100123,2020년 5월 19일 09시,화요일,경상남도 산청군 삼장면,중상사고,0,1,0,0,차대사람 - 차도통행중,안전운전불이행,건조,맑음,단일로 - 기타,화물,남,81세,상해없음,보행자,여,79세,중상
2020051900100207,2020년 5월 19일 12시,화요일,경상남도 사천시 대방동,경상사고,0,0,1,0,차량단독 - 공작물충돌,안전운전불이행,건조,맑음,단일로 - 기타,승용,여,70세,경상,,,,
2020051900100208,2020년 5월 19일 12시,화요일,경상남도 고성군 회화면,경상사고,0,0,1,0,차대차 - 기타,신호위반,건조,맑음,교차로 - 교차로안,승합,남,51세,상해없음,화물,남,58세,경상
2020051900100209,2020년 5월 19일 12시,화요일,경상남도 거제시 연초면,경상사고,0,0,1,0,차대차 - 기타,중앙선침범,건조,맑음,단일로 - 기타,화물,남,52세,상해없음,승용,남,22세,경상
2020051900100210,2020년 5월 19일 12시,화요일,경상남도 거제시 연초면,경상사고,0,0,2,0,차대차 - 측면충돌,안전운전불이행,건조,맑음,교차로 - 교차로부근,승용,남,68세,상해없음,승용,여,29세,경상
2020051900100211,2020년 5월 19일 12시,화요일,경상남도 창원시 의창구 팔용동,중상사고,0,1,0,0,차대사람 - 기타,안전운전불이행,기타,흐림,교차로 - 교차로안,건설기계,남,65세,상해없음,보행자,여,75세,중상
2020051900100212,2020년 5월 19일 12시,화요일,경상남도 김해시 풍유동,경상사고,0,0,2,0,차대차 - 추돌,안전운전불이행,건조,맑음,단일로 - 기타,승용,여,53세,상해없음,승용,남,37세,경상
2020051900100242,2020년 5월 19일 13시,화요일,경상남도 거제시 고현동,부상신고사고,0,0,0,1,차대차 - 측면충돌,안전운전불이행,건조,맑음,단일로 - 기타,자전거,남,59세,부상신고,승용,남,30세,상해없음
2020051900100243,2020년 5월 19일 13시,화요일,경상남도 창원시 의창구 팔용동,중상사고,0,1,2,0,차대차 - 추돌,안전거리미확보,기타,기타,교차로 - 교차로부근,승용,남,46세,상해없음,승용,남,60세,경상
2020051900100266,2020년 5월 19일 14시,화요일,경상남도 밀양시 상남면,경상사고,0,0,1,0,차대사람 - 길가장자리구역통행중,안전운전불이행,건조,맑음,교차로 - 교차로안,건설기계,남,57세,상해없음,보행자,남,11세,경상
2020051900100267,2020년 5월 19일 14시,화요일,경상남도 고성군 마암면,경상사고,0,0,2,0,차량단독 - 기타,안전운전불이행,건조,맑음,단일로 - 기타,승용,여,29세,상해없음,,,,
2020051900100309,2020년 5월 19일 15시,화요일,경상남도 고성군 대가면,중상사고,0,1,0,0,차대차 - 기타,안전운전불이행,건조,맑음,주차장 - 주차장,승용,남,67세,상해없음,승용,남,38세,상해없음
2020051900100344,2020년 5월 19일 16시,화요일,경상남도 사천시 축동면,경상사고,0,0,2,0,차대차 - 기타,안전거리미확보,건조,맑음,단일로 - 기타,건설기계,남,58세,상해없음,승용,여,24세,경상
2020051900100395,2020년 5월 19일 17시,화요일,경상남도 함양군 안의면,중상사고,0,1,0,0,차대차 - 측면충돌,교차로운행방법위반,건조,맑음,교차로 - 교차로안,이륜,여,70세,중상,승용,남,30세,상해없음
2020051900100428,2020년 5월 19일 18시,화요일,경상남도 양산시 물금읍,경상사고,0,0,1,0,차량단독 - 기타,기타,건조,맑음,단일로 - 기타,승합,남,53세,상해없음,,,,
2020051900100429,2020년 5월 19일 18시,화요일,경상남도 거제시 아주동,중상사고,0,1,2,0,차대차 - 추돌,안전거리미확보,건조,맑음,단일로 - 터널,승용,남,42세,상해없음,승용,여,25세,경상
2020051900100430,2020년 5월 19일 18시,화요일,경상남도 산청군 신등면,중상사고,0,1,0,0,차대차 - 정면충돌,교차로운행방법위반,건조,맑음,교차로 - 교차로안,승용,남,47세,상해없음,자전거,여,82세,중상
2020051900100458,2020년 5월 19일 19시,화요일,경상남도 양산시 명동,중상사고,0,1,0,0,차대사람 - 기타,과속,건조,맑음,단일로 - 기타,원동기,여,26세,기타불명,보행자,남,64세,중상
2020051900100490,2020년 5월 19일 20시,화요일,경상남도 진주시 정촌면,중상사고,0,1,4,0,차대차 - 측면충돌,직진우회전진행방해,건조,맑음,교차로 - 교차로안,승용,여,58세,경상,승용,남,40세,중상
2020051900100518,2020년 5월 19일 21시,화요일,경상남도 양산시 물금읍,중상사고,0,1,0,0,차대차 - 측면충돌,안전운전불이행,건조,맑음,교차로 - 교차로안,승용,남,52세,상해없음,이륜,남,25세,중상
2020051900100519,2020년 5월 19일 21시,화요일,경상남도 창원시 의창구 서상동,중상사고,0,1,0,0,차대차 - 기타,안전운전불이행,기타,기타,기타 - 기타,승용,남,76세,상해없음,자전거,남,16세,중상
2020051900100549,2020년 5월 19일 22시,화요일,경상남도 창원시 마산합포구 완월동,부상신고사고,0,0,0,1,차량단독 - 기타,안전운전불이행,건조,흐림,단일로 - 기타,승합,남,40세,상해없음,,,,
2020051900100550,2020년 5월 19일 22시,화요일,경상남도 거제시 두모동,경상사고,0,0,2,0,차대차 - 추돌,안전운전불이행,건조,맑음,교차로 - 교차로안,승용,남,44세,상해없음,승용,여,28세,경상
2020052000100033,2020년 5월 20일 02시,수요일,경상남도 거제시 동부면,경상사고,0,0,1,0,차량단독 - 기타,안전운전불이행,건조,맑음,단일로 - 기타,승용,남,23세,경상,,,,
2020052000100034,2020년 5월 20일 02시,수요일,경상남도 김해시 대청동,경상사고,0,0,2,0,차대차 - 정면충돌,교차로운행방법위반,건조,맑음,교차로 - 교차로안,승합,남,28세,상해없음,승용,남,64세,경상
2020052000100068,2020년 5월 20일 06시,수요일,경상남도 사천시 향촌동,중상사고,0,1,0,0,차대차 - 추돌,안전운전불이행,건조,맑음,단일로 - 기타,승용,남,39세,상해없음,승용,여,61세,중상
2020052000100069,2020년 5월 20일 06시,수요일,경상남도 산청군 산청읍,중상사고,0,1,0,0,차대차 - 측면충돌,교차로운행방법위반,건조,맑음,교차로 - 교차로안,이륜,남,69세,중상,승용,남,52세,상해없음
2020052000100070,2020년 5월 20일 06시,수요일,경상남도 창원시 의창구 반계동,사망사고,1,0,0,0,차량단독 - 전도전복 - 전도,안전운전불이행,기타,기타,교차로 - 교차로부근,이륜,남,44세,사망,,,,
2020052000100158,2020년 5월 20일 09시,수요일,경상남도 밀양시 내이동,경상사고,0,0,1,0,차대차 - 측면충돌,신호위반,건조,맑음,교차로 - 교차로안,화물,남,67세,상해없음,승용,남,49세,경상
2020052000100159,2020년 5월 20일 09시,수요일,경상남도 거제시 연초면,사망사고,1,0,0,0,차대차 - 기타,신호위반,건조,맑음,교차로 - 교차로안,이륜,남,60세,사망,화물,남,59세,상해없음
2020052000100160,2020년 5월 20일 09시,수요일,경상남도 함안군 군북면,사망사고,1,0,0,0,차대차 - 추돌,안전운전불이행,건조,맑음,단일로 - 기타,승용,여,51세,상해없음,승용,여,44세,사망
2020052000100187,2020년 5월 20일 10시,수요일,경상남도 김해시 부원동,중상사고,0,1,0,0,차대사람 - 차도통행중,안전운전불이행,건조,맑음,교차로 - 교차로부근,승용,여,51세,상해없음,보행자,남,64세,중상
2020052000100188,2020년 5월 20일 10시,수요일,경상남도 김해시 삼정동,경상사고,0,0,1,0,차대차 - 후진중충돌,안전운전불이행,건조,맑음,단일로 - 기타,승용,여,32세,상해없음,승용,남,42세,경상
2020052000100189,2020년 5월 20일 10시,수요일,경상남도 양산시 유산동,경상사고,0,0,1,0,차대차 - 측면충돌,중앙선침범,건조,맑음,단일로 - 터널,승용,남,71세,경상,특수,남,51세,상해없음
2020052000100190,2020년 5월 20일 10시,수요일,경상남도 의령군 의령읍,중상사고,0,1,0,0,차대사람 - 기타,안전운전불이행,건조,맑음,단일로 - 기타,화물,남,55세,상해없음,보행자,여,81세,중상
2020052000100191,2020년 5월 20일 10시,수요일,경상남도 김해시 한림면,중상사고,0,1,0,0,차대차 - 측면충돌,신호위반,건조,맑음,교차로 - 교차로안,화물,남,63세,상해없음,화물,남,31세,중상
2020052000100237,2020년 5월 20일 11시,수요일,경상남도 남해군 고현면,경상사고,0,0,1,1,차대차 - 측면충돌,안전운전불이행,건조,맑음,교차로 - 교차로안,이륜,남,23세,부상신고,화물,여,56세,경상
2020052000100283,2020년 5월 20일 12시,수요일,경상남도 함안군 가야읍,중상사고,0,1,0,0,차대사람 - 횡단중,안전운전불이행,건조,맑음,교차로 - 교차로안,승용,여,41세,상해없음,보행자,여,66세,중상
2020052000100284,2020년 5월 20일 12시,수요일,경상남도 김해시 진례면,경상사고,0,0,1,0,차대차 - 측면충돌,안전운전불이행,건조,맑음,교차로 - 교차로부근,승용,남,68세,상해없음,화물,남,52세,경상
2020052000100285,2020년 5월 20일 12시,수요일,경상남도 김해시 장유동,부상신고사고,0,0,0,1,차대사람 - 기타,안전운전불이행,건조,맑음,단일로 - 기타,자전거,남,61세,부상신고,보행자,남,46세,상해없음
2020052000100319,2020년 5월 20일 13시,수요일,경상남도 거제시 고현동,중상사고,0,1,0,0,차대사람 - 횡단중,보행자보호의무위반,건조,맑음,단일로 - 기타,승용,여,51세,상해없음,보행자,남,18세,중상
2020052000100443,2020년 5월 20일 16시,수요일,경상남도 김해시 진례면,중상사고,0,1,0,0,차대차 - 측면충돌,안전운전불이행,건조,맑음,단일로 - 기타,화물,남,54세,상해없음,이륜,남,56세,중상
2020052000100444,2020년 5월 20일 16시,수요일,경상남도 함양군 수동면,경상사고,0,0,1,0,차대차 - 기타,신호위반,건조,맑음,단일로 - 교량,화물,남,54세,상해없음,승용,여,30세,경상
2020052000100491,2020년 5월 20일 17시,수요일,경상남도 사천시 용현면,경상사고,0,0,1,2,차대차 - 추돌,안전운전불이행,건조,맑음,단일로 - 기타,화물,남,66세,상해없음,승용,여,58세,부상신고
2020052000100492,2020년 5월 20일 17시,수요일,경상남도 김해시 삼계동,중상사고,0,3,0,0,차대차 - 추돌,안전운전불이행,건조,맑음,교차로 - 교차로안,승용,남,77세,상해없음,승용,여,36세,중상
2020052000100493,2020년 5월 20일 17시,수요일,경상남도 양산시 삼호동,경상사고,0,0,1,0,차대차 - 측면충돌,교차로운행방법위반,건조,맑음,교차로 - 교차로안,승용,여,56세,상해없음,원동기,남,23세,경상
2020052000100494,2020년 5월 20일 17시,수요일,경상남도 창원시 성산구 웅남동,경상사고,0,0,1,0,차대차 - 기타,신호위반,건조,맑음,교차로 - 교차로안,승용,여,59세,상해없음,화물,남,33세,경상
2020052000100549,2020년 5월 20일 18시,수요일,경상남도 통영시 광도면,부상신고사고,0,0,0,1,차대차 - 기타,안전운전불이행,건조,맑음,교차로 - 교차로안,자전거,남,8세,부상신고,승용,남,33세,상해없음
2020052000100550,2020년 5월 20일 18시,수요일,경상남도 양산시 동면,경상사고,0,0,1,0,차대차 - 추돌,안전운전불이행,건조,맑음,단일로 - 기타,화물,여,68세,상해없음,화물,남,53세,경상
2020052000100582,2020년 5월 20일 19시,수요일,경상남도 진주시 금산면,중상사고,0,1,1,0,차대차 - 정면충돌,중앙선침범,건조,맑음,단일로 - 기타,이륜,남,57세,상해없음,승용,여,49세,경상
2020052000100583,2020년 5월 20일 19시,수요일,경상남도 창원시 진해구 풍호동,경상사고,0,0,1,0,차대차 - 기타,교차로운행방법위반,건조,맑음,교차로 - 교차로안,승용,여,45세,상해없음,승용,남,59세,경상
2020052000100636,2020년 5월 20일 21시,수요일,경상남도 사천시 사천읍,경상사고,0,0,1,0,차대차 - 기타,안전운전불이행,건조,맑음,교차로 - 교차로안,승용,남,43세,상해없음,승용,남,42세,경상
2020052000100637,2020년 5월 20일 21시,수요일,경상남도 양산시 신기동,경상사고,0,0,1,0,차대차 - 기타,안전거리미확보,건조,맑음,단일로 - 기타,승용,여,43세,상해없음,화물,남,52세,경상
2020052100100019,2020년 5월 21일 03시,목요일,경상남도 거제시 일운면,중상사고,0,3,1,0,차대차 - 측면충돌,과속,건조,맑음,교차로 - 교차로안,승용,남,55세,경상,승용,여,59세,중상
2020052100100026,2020년 5월 21일 04시,목요일,경상남도 밀양시 삼문동,중상사고,0,1,0,0,차대차 - 추돌,안전운전불이행,건조,맑음,단일로 - 기타,승용,남,19세,중상,화물,남,56세,기타불명
2020052100100068,2020년 5월 21일 07시,목요일,경상남도 남해군 남해읍,중상사고,0,1,1,0,차대차 - 측면충돌,안전운전불이행,건조,맑음,교차로 - 교차로안,화물,남,69세,경상,승용,여,63세,중상
2020052100100069,2020년 5월 21일 07시,목요일,경상남도 김해시 무계동,경상사고,0,0,1,0,차대차 - 측면충돌,안전운전불이행,건조,흐림,교차로 - 교차로부근,화물,남,45세,상해없음,승용,남,36세,경상
2020052100100110,2020년 5월 21일 08시,목요일,경상남도 양산시 물금읍,경상사고,0,0,1,0,차대차 - 추돌,안전운전불이행,건조,맑음,단일로 - 기타,승용,여,41세,상해없음,승용,남,57세,경상
2020052100100145,2020년 5월 21일 09시,목요일,경상남도 창원시 성산구 남산동,경상사고,0,0,1,0,차대차 - 추돌,안전운전불이행,건조,맑음,교차로 - 교차로안,화물,남,50세,상해없음,승용,남,47세,경상
2020052100100172,2020년 5월 21일 10시,목요일,경상남도 김해시 삼계동,중상사고,0,1,1,0,차대차 - 기타,신호위반,건조,흐림,교차로 - 교차로안,원동기,남,23세,중상,승용,여,54세,경상
2020052100100173,2020년 5월 21일 10시,목요일,경상남도 김해시 내동,중상사고,0,1,1,0,차대차 - 기타,신호위반,건조,맑음,교차로 - 교차로안,이륜,남,64세,경상,승용,여,45세,중상
2020052100100174,2020년 5월 21일 10시,목요일,경상남도 합천군 율곡면,중상사고,0,1,0,0,차대차 - 측면충돌,안전운전불이행,건조,맑음,교차로 - 교차로안,특수,남,35세,상해없음,승용,여,45세,중상
2020052100100213,2020년 5월 21일 11시,목요일,경상남도 진주시 금산면,중상사고,0,1,0,0,차대차 - 측면충돌,안전운전불이행,건조,맑음,교차로 - 교차로안,이륜,여,62세,중상,화물,남,68세,상해없음