사고번호,사고일시,요일,시군구,사고내용,사망자수,중상자수,경상자수,부상신고자수,사고유형,법규위반,노면상태,기상상태,도로형태,가해운전자 차종,가해운전자 성별,가해운전자 연령,가해운전자 상해정도,피해운전자 차종,피해운전자 성별,피해운전자 연령,피해운전자 상해정도
2020052400100159,2020년 5월 24일 11시,일요일,경상남도 김해시 외동,중상사고,0,1,0,0,차대차 - 측면충돌,중앙선침범,건조,맑음,단일로 - 기타,이륜,남,26세,중상,승용,남,26세,상해없음
2020052400100160,2020년 5월 24일 11시,일요일,경상남도 거창군 거창읍,중상사고,0,1,0,0,차대차 - 추돌,신호위반,건조,맑음,교차로 - 교차로안,승용,남,38세,상해없음,승용,남,85세,중상
2020052400100161,2020년 5월 24일 11시,일요일,경상남도 함양군 서하면,중상사고,0,1,0,0,차대사람 - 차도통행중,안전운전불이행,건조,맑음,단일로 - 기타,승용,여,56세,상해없음,보행자,여,68세,중상
2020052400100183,2020년 5월 24일 12시,일요일,경상남도 밀양시 삼랑진읍,중상사고,0,1,0,0,차대차 - 측면충돌,중앙선침범,건조,맑음,기타 - 기타,승용,남,84세,상해없음,자전거,남,33세,중상
2020052400100184,2020년 5월 24일 12시,일요일,경상남도 의령군 의령읍,중상사고,0,1,1,0,차대차 - 측면충돌,안전운전불이행,건조,맑음,교차로 - 교차로안,승용,남,50세,상해없음,이륜,남,77세,경상
2020052400100185,2020년 5월 24일 12시,일요일,경상남도 창원시 의창구 대산면,경상사고,0,0,1,0,차대차 - 측면충돌,안전운전불이행,건조,맑음,단일로 - 기타,승용,남,50세,상해없음,자전거,여,57세,경상
2020052400100211,2020년 5월 24일 13시,일요일,경상남도 통영시 중앙동,경상사고,0,0,1,0,차대차 - 측면충돌,안전운전불이행,건조,맑음,교차로 - 교차로부근,이륜,남,77세,상해없음,자전거,남,56세,경상
2020052400100212,2020년 5월 24일 13시,일요일,경상남도 밀양시 내이동,경상사고,0,0,4,0,차대차 - 측면충돌,신호위반,건조,맑음,교차로 - 교차로안,승용,여,46세,경상,화물,남,59세,경상
2020052400100213,2020년 5월 24일 13시,일요일,경상남도 창녕군 고암면,경상사고,0,0,1,0,차대차 - 기타,안전운전불이행,건조,맑음,단일로 - 기타,이륜,남,51세,경상,승용,여,46세,상해없음
2020052400100214,2020년 5월 24일 13시,일요일,경상남도 김해시 진영읍,중상사고,0,3,1,0,차대차 - 측면충돌,안전운전불이행,건조,맑음,교차로 - 교차로안,승용,남,51세,경상,승용,여,30세,중상
2020052400100274,2020년 5월 24일 15시,일요일,경상남도 창원시 마산합포구 중앙동1가,경상사고,0,0,1,0,차대차 - 측면충돌,안전거리미확보,건조,맑음,단일로 - 기타,승용,남,19세,상해없음,승용,남,56세,상해없음
2020052400100299,2020년 5월 24일 16시,일요일,경상남도 김해시 관동동,중상사고,0,4,0,0,차대차 - 측면충돌,안전운전불이행,건조,맑음,교차로 - 교차로안,승용,남,52세,상해없음,승용,남,38세,중상
2020052400100329,2020년 5월 24일 17시,일요일,경상남도 진주시 내동면,중상사고,0,1,0,0,차대차 - 추돌,안전운전불이행,건조,맑음,단일로 - 기타,승용,남,30세,상해없음,자전거,여,48세,중상
2020052400100330,2020년 5월 24일 17시,일요일,경상남도 사천시 벌리동,경상사고,0,0,2,0,차대차 - 측면충돌,안전운전불이행,건조,맑음,교차로 - 교차로안,이륜,여,41세,경상,승용,남,42세,상해없음
2020052400100331,2020년 5월 24일 17시,일요일,경상남도 창원시 의창구 북면,경상사고,0,0,1,0,차대사람 - 횡단중,보행자보호의무위반,건조,맑음,교차로 - 교차로횡단보도내,승용,여,55세,상해없음,보행자,남,9세,경상
2020052400100365,2020년 5월 24일 18시,일요일,경상남도 김해시 안동,중상사고,0,1,0,0,차대사람 - 횡단중,신호위반,건조,맑음,교차로 - 교차로횡단보도내,이륜,남,28세,상해없음,보행자,여,67세,중상
2020052400100366,2020년 5월 24일 18시,일요일,경상남도 합천군 용주면,중상사고,0,1,0,0,차량단독 - 전도전복 - 전도,안전운전불이행,건조,맑음,단일로 - 기타,이륜,남,79세,중상,,,,
2020052400100389,2020년 5월 24일 19시,일요일,경상남도 창원시 의창구 북면,경상사고,0,0,1,0,차대차 - 정면충돌,안전운전불이행,건조,맑음,단일로 - 기타,화물,남,66세,상해없음,승용,남,58세,경상
2020052400100445,2020년 5월 24일 21시,일요일,경상남도 양산시 명동,부상신고사고,0,0,0,1,차량단독 - 공작물충돌,안전운전불이행,건조,맑음,단일로 - 기타,이륜,남,42세,부상신고,,,,
2020052400100460,2020년 5월 24일 22시,일요일,경상남도 사천시 사남면,부상신고사고,0,0,0,1,차대사람 - 기타,안전운전불이행,건조,맑음,교차로 - 교차로안,승용,여,49세,상해없음,보행자,여,41세,부상신고
2020052400100461,2020년 5월 24일 22시,일요일,경상남도 함안군 칠원읍,경상사고,0,0,1,0,차량단독 - 기타,안전운전불이행,건조,맑음,단일로 - 기타,이륜,남,36세,경상,,,,
2020052400100474,2020년 5월 24일 23시,일요일,경상남도 김해시 진영읍,경상사고,0,0,1,0,차량단독 - 공작물충돌,안전운전불이행,건조,맑음,교차로 - 교차로부근,승용,남,26세,경상,,,,
2020052500100023,2020년 5월 25일 03시,월요일,경상남도 창원시 마산합포구 두월동3가,부상신고사고,0,0,0,1,차대사람 - 기타,안전운전불이행,건조,맑음,교차로 - 교차로부근,승용,남,23세,상해없음,보행자,여,52세,부상신고
2020052500100024,2020년 5월 25일 03시,월요일,경상남도 진주시 망경동,중상사고,0,1,0,0,차대차 - 측면충돌,신호위반,건조,맑음,교차로 - 교차로안,이륜,남,16세,중상,승용,남,72세,상해없음
2020052500100062,2020년 5월 25일 07시,월요일,경상남도 밀양시 삼문동,경상사고,0,0,1,0,차대차 - 추돌,안전운전불이행,건조,맑음,단일로 - 교량,승용,남,21세,상해없음,승용,여,63세,경상
2020052500100063,2020년 5월 25일 07시,월요일,경상남도 밀양시 부북면,중상사고,0,1,1,0,차대차 - 측면충돌,신호위반,건조,흐림,교차로 - 교차로안,승용,남,23세,경상,승용,남,21세,중상
2020052500100064,2020년 5월 25일 07시,월요일,경상남도 김해시 관동동,중상사고,0,2,0,0,차대차 - 기타,안전운전불이행,건조,맑음,단일로 - 기타,승용,남,54세,상해없음,승합,남,59세,상해없음
2020052500100136,2020년 5월 25일 09시,월요일,경상남도 거제시 옥포동,중상사고,0,1,0,0,차대사람 - 횡단중,보행자보호의무위반,건조,맑음,교차로 - 교차로부근,승용,남,41세,상해없음,보행자,여,67세,중상
2020052500100201,2020년 5월 25일 11시,월요일,경상남도 창원시 마산합포구 진북면,경상사고,0,0,2,0,차대차 - 기타,안전운전불이행,건조,맑음,교차로 - 교차로안,승합,남,48세,상해없음,승용,남,54세,상해없음
2020052500100234,2020년 5월 25일 12시,월요일,경상남도 남해군 남해읍,중상사고,0,1,0,0,차대차 - 측면충돌,안전운전불이행,건조,맑음,단일로 - 기타,원동기,남,78세,중상,화물,남,69세,상해없음
2020052500100235,2020년 5월 25일 12시,월요일,경상남도 창원시 마산회원구 석전동,경상사고,0,0,1,0,차대차 - 기타,신호위반,건조,맑음,교차로 - 교차로안,승합,남,63세,상해없음,이륜,남,25세,경상
2020052500100269,2020년 5월 25일 13시,월요일,경상남도 창녕군 남지읍,중상사고,0,1,0,0,차대차 - 측면충돌,직진우회전진행방해,건조,맑음,교차로 - 교차로안,승용,남,49세,상해없음,원동기,여,33세,중상
2020052500100270,2020년 5월 25일 13시,월요일,경상남도 함안군 대산면,중상사고,0,1,0,0,차대차 - 기타,안전운전불이행,건조,맑음,단일로 - 기타,화물,남,66세,상해없음,이륜,남,66세,중상
2020052500100304,2020년 5월 25일 14시,월요일,경상남도 김해시 내동,경상사고,0,0,1,0,차대차 - 측면충돌,안전운전불이행,건조,맑음,단일로 - 기타,이륜,남,54세,상해없음,자전거,여,64세,경상
2020052500100305,2020년 5월 25일 14시,월요일,경상남도 김해시 삼계동,중상사고,0,1,0,0,차대차 - 측면충돌,중앙선침범,건조,맑음,교차로 - 교차로부근,승용,남,76세,상해없음,승용,여,34세,중상
2020052500100306,2020년 5월 25일 14시,월요일,경상남도 창녕군 길곡면,중상사고,0,1,0,0,차대차 - 측면충돌,안전운전불이행,건조,맑음,단일로 - 기타,원동기,남,69세,중상,화물,남,72세,상해없음
2020052500100340,2020년 5월 25일 15시,월요일,경상남도 창원시 마산합포구 상남동,경상사고,0,0,1,0,차대사람 - 기타,안전운전불이행,건조,맑음,단일로 - 기타,승합,남,51세,상해없음,보행자,남,51세,경상
2020052500100341,2020년 5월 25일 15시,월요일,경상남도 김해시 진영읍,경상사고,0,0,1,0,차대차 - 정면충돌,교차로운행방법위반,건조,맑음,교차로 - 교차로안,승용,남,34세,상해없음,이륜,남,19세,경상
2020052500100381,2020년 5월 25일 16시,월요일,경상남도 진주시 평안동,중상사고,0,1,0,0,차대사람 - 차도통행중,안전운전불이행,건조,맑음,단일로 - 기타,화물,남,57세,상해없음,보행자,남,60세,중상
2020052500100382,2020년 5월 25일 16시,월요일,경상남도 김해시 무계동,중상사고,0,1,2,0,차대차 - 측면충돌,차로위반,건조,맑음,단일로 - 기타,승용,남,54세,상해없음,승용,남,58세,경상
2020052500100460,2020년 5월 25일 18시,월요일,경상남도 창원시 마산합포구 현동,경상사고,0,0,1,0,차대차 - 추돌,안전거리미확보,건조,맑음,단일로 - 기타,승용,남,61세,상해없음,승용,남,62세,경상
2020052500100461,2020년 5월 25일 18시,월요일,경상남도 통영시 북신동,경상사고,0,0,1,0,차대차 - 기타,안전운전불이행,건조,맑음,교차로 - 교차로안,이륜,남,74세,경상,승용,남,44세,상해없음
2020052500100462,2020년 5월 25일 18시,월요일,경상남도 거제시 사등면,중상사고,0,1,0,0,차량단독 - 공작물충돌,안전운전불이행,건조,맑음,단일로 - 기타,승용,여,54세,상해없음,,,,
2020052500100501,2020년 5월 25일 19시,월요일,경상남도 고성군 고성읍,중상사고,0,1,0,0,차대차 - 측면충돌,안전거리미확보,건조,맑음,단일로 - 기타,승합,남,63세,상해없음,이륜,남,56세,중상
2020052500100527,2020년 5월 25일 20시,월요일,경상남도 사천시 용강동,경상사고,0,0,3,0,차대차 - 측면충돌,안전운전불이행,건조,맑음,교차로 - 교차로안,승용,여,27세,경상,승용,남,45세,경상
2020052500100528,2020년 5월 25일 20시,월요일,경상남도 창녕군 도천면,중상사고,0,1,2,0,차대차 - 추돌,안전운전불이행,건조,맑음,교차로 - 교차로부근,화물,남,57세,중상,화물,남,58세,상해없음
2020052500100556,2020년 5월 25일 21시,월요일,경상남도 사천시 노룡동,경상사고,0,0,2,0,차대차 - 측면충돌,안전운전불이행,건조,맑음,단일로 - 기타,화물,남,58세,상해없음,승용,여,55세,경상
2020052500100580,2020년 5월 25일 22시,월요일,경상남도 김해시 내동,경상사고,0,0,1,0,차대차 - 정면충돌,안전운전불이행,건조,맑음,교차로 - 교차로안,승용,여,57세,상해없음,자전거,여,54세,경상
2020052500100599,2020년 5월 25일 23시,월요일,경상남도 밀양시 삼문동,경상사고,0,0,1,0,차대차 - 측면충돌,안전운전불이행,건조,흐림,교차로 - 교차로안,승용,남,27세,상해없음,자전거,여,59세,경상
2020052600100014,2020년 5월 26일 00시,화요일,경상남도 창원시 성산구 상남동,경상사고,0,0,1,0,차대차 - 측면충돌,안전운전불이행,건조,맑음,교차로 - 교차로부근,승용,남,37세,상해없음,승용,남,53세,경상
2020052600100047,2020년 5월 26일 05시,화요일,경상남도 밀양시 하남읍,중상사고,0,1,0,0,차대차 - 측면충돌,안전운전불이행,건조,맑음,교차로 - 교차로안,승용,남,41세,상해없음,이륜,남,52세,중상
2020052600100084,2020년 5월 26일 07시,화요일,경상남도 의령군 정곡면,경상사고,0,0,1,0,차대차 - 정면충돌,안전운전불이행,건조,맑음,교차로 - 교차로안,승용,여,30세,상해없음,승용,여,32세,경상
2020052600100113,2020년 5월 26일 08시,화요일,경상남도 창원시 진해구 두동,경상사고,0,0,2,0,차대차 - 추돌,안전거리미확보,건조,맑음,단일로 - 기타,승용,여,29세,경상,승용,여,47세,경상
2020052600100114,2020년 5월 26일 08시,화요일,경상남도 창원시 진해구 죽곡동,경상사고,0,0,2,0,차대차 - 기타,안전거리미확보,건조,맑음,단일로 - 기타,승용,여,44세,경상,승용,여,48세,경상
2020052600100115,2020년 5월 26일 08시,화요일,경상남도 사천시 죽림동,경상사고,0,0,2,0,차대차 - 추돌,안전운전불이행,건조,맑음,단일로 - 기타,화물,남,32세,상해없음,승용,여,47세,경상
2020052600100116,2020년 5월 26일 08시,화요일,경상남도 창원시 마산회원구 봉암동,경상사고,0,0,1,0,차대차 - 측면충돌,안전운전불이행,건조,흐림,교차로 - 교차로부근,승용,여,35세,상해없음,승용,남,19세,경상
2020052600100145,2020년 5월 26일 09시,화요일,경상남도 양산시 상북면,중상사고,0,1,0,0,차대사람 - 기타,안전운전불이행,건조,맑음,단일로 - 기타,이륜,남,73세,상해없음,보행자,여,85세,중상
2020052600100146,2020년 5월 26일 09시,화요일,경상남도 창원시 마산회원구 봉암동,경상사고,0,0,1,0,차대차 - 추돌,안전운전불이행,건조,맑음,교차로 - 교차로부근,승용,여,57세,상해없음,승용,여,54세,경상
2020052600100169,2020년 5월 26일 10시,화요일,경상남도 고성군 고성읍,중상사고,0,1,1,0,차대차 - 기타,직진우회전진행방해,건조,맑음,교차로 - 교차로안,승용,남,64세,중상,승용,여,62세,경상
2020052600100170,2020년 5월 26일 10시,화요일,경상남도 창원시 의창구 신월동,경상사고,0,0,1,0,차대사람 - 차도통행중,안전운전불이행,건조,맑음,교차로 - 교차로부근,승용,남,41세,상해없음,보행자,여,48세,경상
2020052600100207,2020년 5월 26일 11시,화요일,경상남도 진주시 이반성면,중상사고,0,2,0,0,차량단독 - 기타,안전운전불이행,건조,맑음,교차로 - 교차로안,이륜,남,88세,중상,,,,
2020052600100208,2020년 5월 26일 11시,화요일,경상남도 통영시 항남동,경상사고,0,0,1,0,차대차 - 측면충돌,신호위반,건조,맑음,교차로 - 교차로부근,화물,남,59세,상해없음,승합,남,59세,경상
2020052600100209,2020년 5월 26일 11시,화요일,경상남도 합천군 덕곡면,경상사고,0,0,1,0,차량단독 - 도로외이탈 - 추락,안전운전불이행,건조,맑음,기타 - 기타,승용,여,49세,경상,,,,
2020052600100210,2020년 5월 26일 11시,화요일,경상남도 양산시 소주동,중상사고,0,1,0,0,차대차 - 측면충돌,교차로운행방법위반,건조,맑음,교차로 - 교차로안,화물,남,66세,상해없음,자전거,남,78세,중상
2020052600100299,2020년 5월 26일 14시,화요일,경상남도 김해시 대동면,경상사고,0,0,1,0,차대차 - 기타,안전운전불이행,건조,맑음,단일로 - 기타,화물,남,61세,상해없음,화물,남,45세,경상
2020052600100317,2020년 5월 26일 14시,화요일,경상남도 창원시 의창구 북면,경상사고,0,0,1,0,차대사람 - 기타,안전운전불이행,건조,맑음,단일로 - 기타,승용,남,76세,상해없음,보행자,남,58세,경상
2020052600100354,2020년 5월 26일 15시,화요일,경상남도 창원시 진해구 풍호동,경상사고,0,0,1,0,차대사람 - 길가장자리구역통행중,안전운전불이행,건조,맑음,단일로 - 기타,승용,여,36세,기타불명,보행자,여,67세,경상
2020052600100355,2020년 5월 26일 15시,화요일,경상남도 창녕군 창녕읍,중상사고,0,2,0,0,차대차 - 측면충돌,안전운전불이행,건조,맑음,교차로 - 교차로안,승용,남,62세,상해없음,승용,남,31세,중상
2020052600100387,2020년 5월 26일 16시,화요일,경상남도 창원시 마산합포구 동성동,경상사고,0,0,1,0,차대차 - 기타,교차로운행방법위반,건조,맑음,교차로 - 교차로횡단보도내,이륜,남,64세,상해없음,화물,남,62세,상해없음
2020052600100388,2020년 5월 26일 16시,화요일,경상남도 거제시 연초면,경상사고,0,0,1,0,차대사람 - 기타,중앙선침범,건조,맑음,교차로 - 교차로부근,승용,남,32세,상해없음,보행자,여,8세,경상
2020052600100423,2020년 5월 26일 17시,화요일,경상남도 창원시 마산합포구 가포동,경상사고,0,0,2,0,차대차 - 측면충돌,안전운전불이행,건조,맑음,단일로 - 기타,승용,여,35세,상해없음,승용,남,62세,경상
2020052600100424,2020년 5월 26일 17시,화요일,경상남도 창원시 마산합포구 우산동,경상사고,0,0,1,1,차대차 - 추돌,안전거리미확보,건조,맑음,단일로 - 기타,승용,여,60세,상해없음,승용,남,34세,부상신고
2020052600100425,2020년 5월 26일 17시,화요일,경상남도 사천시 벌리동,경상사고,0,0,1,0,차대사람 - 횡단중,안전운전불이행,건조,맑음,교차로 - 교차로안,승용,남,66세,상해없음,보행자,여,44세,경상
2020052600100426,2020년 5월 26일 17시,화요일,경상남도 거창군 거창읍,경상사고,0,0,1,0,차대차 - 추돌,안전거리미확보,건조,맑음,교차로 - 교차로안,건설기계,남,58세,상해없음,승용,남,64세,경상
2020052600100427,2020년 5월 26일 17시,화요일,경상남도 창원시 의창구 봉곡동,경상사고,0,0,1,0,차대차 - 측면충돌,안전거리미확보,건조,맑음,교차로 - 교차로부근,승합,여,54세,상해없음,화물,남,22세,경상
2020052600100458,2020년 5월 26일 18시,화요일,경상남도 창원시 진해구 이동,경상사고,0,0,1,0,차대차 - 측면충돌,안전운전불이행,건조,맑음,단일로 - 기타,승용,여,26세,상해없음,이륜,남,25세,경상
2020052600100459,2020년 5월 26일 18시,화요일,경상남도 사천시 사천읍,경상사고,0,0,1,0,차대차 - 기타,보행자보호의무위반,건조,맑음,단일로 - 기타,승용,남,24세,상해없음,자전거,남,9세,경상
2020052600100461,2020년 5월 26일 18시,화요일,경상남도 창원시 의창구 봉곡동,경상사고,0,0,1,0,차대차 - 측면충돌,안전운전불이행,건조,맑음,교차로 - 교차로부근,승용,여,54세,상해없음,개인형이동수단(PM),남,25세,경상
2020052600100484,2020년 5월 26일 19시,화요일,경상남도 김해시 주촌면,중상사고,0,1,0,0,차대차 - 측면충돌,안전거리미확보,건조,맑음,단일로 - 기타,화물,남,68세,상해없음,승용,여,27세,중상
2020052600100495,2020년 5월 26일 19시,화요일,경상남도 통영시 광도면,경상사고,0,0,2,0,차대차 - 측면충돌,직진우회전진행방해,건조,맑음,교차로 - 교차로안,승용,남,57세,상해없음,승용,남,48세,경상
2020052600100496,2020년 5월 26일 19시,화요일,경상남도 고성군 고성읍,경상사고,0,0,1,0,차대차 - 기타,직진우회전진행방해,건조,맑음,교차로 - 교차로안,승용,여,60세,상해없음,화물,여,63세,경상
2020052600100523,2020년 5월 26일 20시,화요일,경상남도 창원시 마산회원구 두척동,경상사고,0,0,2,0,차대차 - 추돌,안전운전불이행,건조,맑음,단일로 - 기타,승용,남,61세,상해없음,화물,남,41세,경상
2020052700100062,2020년 5월 27일 07시,수요일,경상남도 김해시 대동면,경상사고,0,0,1,0,차대차 - 측면충돌,안전거리미확보,건조,맑음,단일로 - 기타,승용,여,44세,상해없음,승용,여,50세,경상
2020052700100082,2020년 5월 27일 07시,수요일,경상남도 진주시 신안동,중상사고,0,1,0,0,차대차 - 추돌,안전운전불이행,건조,맑음,단일로 - 기타,승용,남,24세,상해없음,승용,여,64세,중상
2020052700100112,2020년 5월 27일 08시,수요일,경상남도 진주시 초전동,중상사고,0,1,0,0,차대사람 - 기타,보행자보호의무위반,건조,맑음,단일로 - 기타,승용,여,37세,상해없음,보행자,남,78세,중상
2020052700100113,2020년 5월 27일 08시,수요일,경상남도 사천시 사천읍,경상사고,0,0,1,0,차대차 - 추돌,안전운전불이행,건조,맑음,교차로 - 교차로부근,승용,남,75세,상해없음,승용,남,56세,경상
2020052700100145,2020년 5월 27일 09시,수요일,경상남도 창원시 진해구 자은동,경상사고,0,0,1,0,차대차 - 정면충돌,안전운전불이행,건조,맑음,교차로 - 교차로부근,승용,여,27세,상해없음,승용,여,24세,경상
2020052700100146,2020년 5월 27일 09시,수요일,경상남도 사천시 사남면,경상사고,0,0,1,0,차대차 - 정면충돌,직진우회전진행방해,건조,맑음,교차로 - 교차로안,화물,남,67세,상해없음,승용,여,55세,경상
2020052700100147,2020년 5월 27일 09시,수요일,경상남도 김해시 대동면,중상사고,0,1,0,0,차대차 - 기타,안전운전불이행,건조,맑음,단일로 - 기타,화물,남,43세,상해없음,자전거,여,65세,중상
2020052700100148,2020년 5월 27일 09시,수요일,경상남도 고성군 거류면,중상사고,0,1,0,0,차대사람 - 차도통행중,안전운전불이행,건조,맑음,단일로 - 기타,화물,남,54세,상해없음,보행자,여,70세,중상
2020052700100149,2020년 5월 27일 09시,수요일,경상남도 창원시 마산회원구 회성동,경상사고,0,0,1,0,차대차 - 측면충돌,안전운전불이행,건조,맑음,단일로 - 기타,승용,여,33세,상해없음,승용,여,38세,경상
2020052700100184,2020년 5월 27일 10시,수요일,경상남도 김해시 삼방동,경상사고,0,0,1,0,차대차 - 기타,차로위반,건조,맑음,단일로 - 기타,승용,남,58세,상해없음,승용,남,56세,상해없음
2020052700100216,2020년 5월 27일 11시,수요일,경상남도 창원시 진해구 대흥동,중상사고,0,1,0,0,차대차 - 측면충돌,안전운전불이행,건조,맑음,교차로 - 교차로안,승용,여,51세,상해없음,승용,남,57세,중상
2020052700100217,2020년 5월 27일 11시,수요일,경상남도 함안군 칠서면,중상사고,0,1,0,0,차대차 - 측면충돌,신호위반,건조,맑음,교차로 - 교차로안,화물,남,45세,상해없음,화물,남,56세,중상
2020052700100218,2020년 5월 27일 11시,수요일,경상남도 김해시 한림면,중상사고,0,1,0,0,차대차 - 추돌,안전운전불이행,건조,맑음,단일로 - 터널,화물,남,57세,중상,화물,남,58세,상해없음
2020052700100255,2020년 5월 27일 12시,수요일,경상남도 진주시 대안동,중상사고,0,1,0,0,차대차 - 추돌,안전운전불이행,건조,맑음,교차로 - 교차로안,승용,남,63세,상해없음,승용,여,40세,중상
2020052700100256,2020년 5월 27일 12시,수요일,경상남도 창녕군 남지읍,경상사고,0,0,1,0,차대사람 - 기타,안전운전불이행,건조,맑음,교차로 - 교차로부근,화물,여,49세,상해없음,보행자,남,62세,경상
2020052700100257,2020년 5월 27일 12시,수요일,경상남도 고성군 삼산면,경상사고,0,0,1,0,차대차 - 정면충돌,중앙선침범,건조,맑음,단일로 - 기타,이륜,남,40세,상해없음,화물,남,64세,경상
2020052700100295,2020년 5월 27일 13시,수요일,경상남도 김해시 구산동,경상사고,0,0,1,0,차대차 - 기타,교차로운행방법위반,건조,맑음,교차로 - 교차로안,승용,남,21세,상해없음,이륜,남,41세,경상
2020052700100296,2020년 5월 27일 13시,수요일,경상남도 고성군 고성읍,경상사고,0,0,1,0,차대차 - 기타,중앙선침범,건조,맑음,단일로 - 기타,승용,여,44세,상해없음,이륜,남,41세,경상
2020052700100333,2020년 5월 27일 14시,수요일,경상남도 통영시 북신동,경상사고,0,0,1,0,차대사람 - 보도통행중,기타,건조,맑음,단일로 - 기타,이륜,남,71세,상해없음,보행자,남,8세,경상
2020052700100372,2020년 5월 27일 15시,수요일,경상남도 거제시 아주동,중상사고,0,1,1,0,차대차 - 측면충돌,안전거리미확보,건조,맑음,단일로 - 기타,승용,여,37세,경상,승용,남,52세,중상
2020052700100418,2020년 5월 27일 16시,수요일,경상남도 양산시 평산동,경상사고,0,0,1,0,차대사람 - 기타,안전운전불이행,건조,맑음,교차로 - 교차로안,승용,남,78세,상해없음,보행자,남,61세,경상
2020052700100484,2020년 5월 27일 17시,수요일,경상남도 창원시 진해구 태평동,중상사고,0,1,1,0,차대차 - 측면충돌,안전운전불이행,건조,맑음,교차로 - 교차로안,이륜,남,22세,중상,승용,여,66세,경상
2020052700100485,2020년 5월 27일 17시,수요일,경상남도 사천시 용현면,경상사고,0,0,1,2,차대차 - 정면충돌,기타,건조,맑음,단일로 - 기타,승용,여,50세,부상신고,승용,남,67세,경상
2020052700100486,2020년 5월 27일 17시,수요일,경상남도 함양군 병곡면,경상사고,0,0,1,0,차대차 - 측면충돌,교차로운행방법위반,건조,맑음,교차로 - 교차로안,화물,남,57세,상해없음,승용,남,43세,경상
2020052700100488,2020년 5월 27일 17시,수요일,경상남도 창원시 의창구 명서동,경상사고,0,0,1,0,차대차 - 정면충돌,신호위반,건조,맑음,교차로 - 교차로안,승용,남,32세,상해없음,승용,남,58세,경상
2020052700100489,2020년 5월 27일 17시,수요일,경상남도 창원시 의창구 도계동,경상사고,0,0,1,3,차대차 - 추돌,안전운전불이행,건조,맑음,단일로 - 기타,화물,남,36세,상해없음,승용,여,38세,경상
2020052700100490,2020년 5월 27일 17시,수요일,경상남도 창원시 의창구 중동,경상사고,0,0,2,0,차대차 - 기타,교차로운행방법위반,건조,맑음,교차로 - 교차로안,승용,남,33세,상해없음,승용,남,30세,경상
2020052700100491,2020년 5월 27일 17시,수요일,경상남도 김해시 부곡동,경상사고,0,0,2,0,차대차 - 추돌,안전운전불이행,건조,맑음,교차로 - 교차로안,승용,남,23세,상해없음,승용,여,41세,경상
2020052700100536,2020년 5월 27일 18시,수요일,경상남도 통영시 무전동,경상사고,0,0,1,0,차대차 - 측면충돌,안전운전불이행,건조,맑음,교차로 - 교차로부근,승용,남,60세,상해없음,승용,남,24세,경상
2020052700100583,2020년 5월 27일 19시,수요일,경상남도 창원시 마산합포구 산호동,경상사고,0,0,1,0,차대차 - 추돌,안전운전불이행,건조,맑음,교차로 - 교차로부근,승용,남,53세,상해없음,승용,여,67세,경상
2020052700100608,2020년 5월 27일 20시,수요일,경상남도 진주시 충무공동,중상사고,0,1,0,0,차대차 - 측면충돌,신호위반,건조,맑음,교차로 - 교차로안,화물,남,47세,상해없음,승용,남,65세,중상
2020052700100609,2020년 5월 27일 20시,수요일,경상남도 김해시 생림면,경상사고,0,0,2,0,차대차 - 추돌,신호위반,건조,맑음,교차로 - 교차로안,승용,남,54세,상해없음,승용,남,54세,경상
2020052700100674,2020년 5월 27일 22시,수요일,경상남도 창원시 성산구 상남동,중상사고,0,1,1,0,차대사람 - 횡단중,보행자보호의무위반,건조,맑음,교차로 - 교차로안,화물,남,36세,상해없음,보행자,남,36세,중상
2020052700100675,2020년 5월 27일 22시,수요일,경상남도 창원시 마산회원구 봉암동,중상사고,0,1,1,0,차대차 - 정면충돌,안전운전불이행,건조,맑음,교차로 - 교차로안,승용,남,47세,상해없음,승용,남,59세,중상
2020052700100676,2020년 5월 27일 22시,수요일,경상남도 창원시 마산회원구 석전동,경상사고,0,0,1,0,차대사람 - 횡단중,보행자보호의무위반,건조,맑음,교차로 - 교차로횡단보도내,승용,여,22세,상해없음,보행자,남,37세,경상
2020052700100701,2020년 5월 27일 23시,수요일,경상남도 고성군 회화면,중상사고,0,1,0,0,차대차 - 측면충돌,중앙선침범,건조,맑음,교차로 - 교차로부근,승용,여,45세,상해없음,승용,여,48세,중상
2020052800100026,2020년 5월 28일 02시,목요일,경상남도 통영시 도남동,경상사고,0,0,1,0,차대사람 - 기타,안전운전불이행,건조,맑음,기타 - 기타,승용,남,40세,상해없음,보행자,여,73세,경상
2020052800100121,2020년 5월 28일 08시,목요일,경상남도 의령군 정곡면,중상사고,0,1,0,0,차대차 - 측면충돌,안전운전불이행,건조,맑음,단일로 - 기타,이륜,남,80세,중상,승용,여,31세,상해없음
2020052800100154,2020년 5월 28일 09시,목요일,경상남도 창원시 진해구 여좌동,경상사고,0,0,1,1,차대차 - 측면충돌,안전운전불이행,건조,맑음,단일로 - 기타,승용,남,65세,상해없음,승용,남,45세,부상신고
2020052800100155,2020년 5월 28일 09시,목요일,경상남도 사천시 향촌동,중상사고,0,1,0,0,차대차 - 측면충돌,안전운전불이행,건조,맑음,단일로 - 기타,사륜오토바이(ATV),남,76세,상해없음,화물,남,48세,상해없음
2020052800100156,2020년 5월 28일 09시,목요일,경상남도 김해시 구산동,경상사고,0,0,4,0,차대차 - 추돌,안전운전불이행,건조,맑음,단일로 - 기타,화물,남,54세,상해없음,승용,여,35세,경상