사고번호,사고일시,요일,시군구,사고내용,사망자수,중상자수,경상자수,부상신고자수,사고유형,법규위반,노면상태,기상상태,도로형태,가해운전자 차종,가해운전자 성별,가해운전자 연령,가해운전자 상해정도,피해운전자 차종,피해운전자 성별,피해운전자 연령,피해운전자 상해정도
2020061300100427,2020년 6월 13일 16시,토요일,경상남도 고성군 고성읍,부상신고사고,0,0,0,1,차대차 - 측면충돌,기타,건조,맑음,교차로 - 교차로안,이륜,남,18세,상해없음,승용,남,36세,부상신고
2020061300100467,2020년 6월 13일 17시,토요일,경상남도 진주시 평거동,경상사고,0,0,1,0,차대사람 - 횡단중,안전운전불이행,젖음/습기,비,교차로 - 교차로안,승용,남,40세,상해없음,보행자,여,23세,경상
2020061300100468,2020년 6월 13일 17시,토요일,경상남도 통영시 미수동,부상신고사고,0,0,0,1,차대차 - 추돌,안전운전불이행,젖음/습기,흐림,교차로 - 교차로부근,승용,남,46세,부상신고,승용,여,52세,상해없음
2020061300100469,2020년 6월 13일 17시,토요일,경상남도 사천시 축동면,중상사고,0,3,0,0,차량단독 - 기타,안전운전불이행,건조,맑음,단일로 - 기타,승용,남,25세,상해없음,,,,
2020061300100470,2020년 6월 13일 17시,토요일,경상남도 거제시 연초면,경상사고,0,0,1,0,차대차 - 추돌,안전거리미확보,젖음/습기,비,교차로 - 교차로부근,승합,남,36세,상해없음,승용,여,70세,경상
2020061300100506,2020년 6월 13일 18시,토요일,경상남도 창원시 진해구 용원동,경상사고,0,0,1,0,차대사람 - 횡단중,보행자보호의무위반,젖음/습기,비,교차로 - 교차로횡단보도내,승용,남,49세,상해없음,보행자,여,8세,경상
2020061300100507,2020년 6월 13일 18시,토요일,경상남도 창원시 진해구 자은동,경상사고,0,0,1,0,차대사람 - 기타,보행자보호의무위반,건조,맑음,교차로 - 교차로안,승용,여,49세,상해없음,보행자,여,65세,경상
2020061300100508,2020년 6월 13일 18시,토요일,경상남도 김해시 삼정동,경상사고,0,0,1,0,차대차 - 추돌,안전운전불이행,젖음/습기,흐림,단일로 - 기타,승용,남,61세,상해없음,이륜,남,26세,경상
2020061300100509,2020년 6월 13일 18시,토요일,경상남도 양산시 북부동,경상사고,0,0,1,0,차대차 - 측면충돌,안전거리미확보,건조,맑음,단일로 - 기타,승용,여,24세,상해없음,원동기,남,38세,경상
2020061300100510,2020년 6월 13일 18시,토요일,경상남도 창원시 성산구 상남동,경상사고,0,0,2,0,차대차 - 측면충돌,안전운전불이행,젖음/습기,맑음,교차로 - 교차로안,승용,남,57세,상해없음,승용,남,30세,경상
2020061300100536,2020년 6월 13일 19시,토요일,경상남도 진주시 호탄동,중상사고,0,1,0,0,차대차 - 측면충돌,안전운전불이행,젖음/습기,비,교차로 - 교차로안,승용,남,57세,상해없음,원동기,남,19세,중상
2020061300100537,2020년 6월 13일 19시,토요일,경상남도 밀양시 삼문동,경상사고,0,0,1,0,차대사람 - 길가장자리구역통행중,안전운전불이행,건조,맑음,교차로 - 교차로부근,승용,남,51세,상해없음,보행자,남,51세,경상
2020061300100579,2020년 6월 13일 20시,토요일,경상남도 양산시 평산동,사망사고,1,0,1,0,차대차 - 기타,안전운전불이행,건조,맑음,교차로 - 교차로부근,이륜,남,59세,사망,승용,여,37세,경상
2020061300100580,2020년 6월 13일 20시,토요일,경상남도 양산시 중부동,경상사고,0,0,1,0,차대차 - 기타,안전운전불이행,건조,맑음,교차로 - 교차로부근,승용,여,26세,상해없음,승용,남,27세,경상
2020061300100581,2020년 6월 13일 20시,토요일,경상남도 거제시 고현동,중상사고,0,1,0,0,차대사람 - 기타,교차로운행방법위반,건조,맑음,교차로 - 교차로안,승용,남,38세,상해없음,보행자,여,15세,중상
2020061300100612,2020년 6월 13일 21시,토요일,경상남도 통영시 광도면,경상사고,0,0,1,0,차대차 - 기타,안전운전불이행,젖음/습기,흐림,단일로 - 기타,승용,남,36세,기타불명,이륜,남,23세,경상
2020061300100646,2020년 6월 13일 22시,토요일,경상남도 김해시 부원동,중상사고,0,1,0,0,차대차 - 측면충돌,직진우회전진행방해,젖음/습기,흐림,교차로 - 교차로안,승용,남,32세,상해없음,승용,남,49세,중상
2020061300100668,2020년 6월 13일 23시,토요일,경상남도 사천시 동금동,경상사고,0,0,1,0,차대차 - 기타,안전운전불이행,건조,맑음,교차로 - 교차로부근,승용,남,35세,상해없음,자전거,남,72세,경상
2020061300100669,2020년 6월 13일 23시,토요일,경상남도 김해시 삼계동,중상사고,0,1,0,0,차대차 - 측면충돌,안전운전불이행,젖음/습기,비,단일로 - 기타,승용,여,48세,상해없음,이륜,남,23세,중상
2020061400100019,2020년 6월 14일 00시,일요일,경상남도 창원시 마산합포구 오동동,중상사고,0,1,0,0,차대사람 - 기타,안전운전불이행,젖음/습기,비,교차로 - 교차로안,승합,남,40세,상해없음,보행자,남,60세,중상
2020061400100020,2020년 6월 14일 00시,일요일,경상남도 양산시 북정동,경상사고,0,0,1,0,차대사람 - 횡단중,보행자보호의무위반,젖음/습기,비,교차로 - 교차로횡단보도내,승용,남,59세,상해없음,보행자,여,61세,경상
2020061400100033,2020년 6월 14일 01시,일요일,경상남도 함안군 가야읍,사망사고,1,2,1,0,차대차 - 정면충돌,기타,젖음/습기,비,단일로 - 기타,승용,여,39세,중상,승용,남,65세,중상
2020061400100052,2020년 6월 14일 02시,일요일,경상남도 진주시 평거동,중상사고,0,1,0,0,차대차 - 후진중충돌,안전운전불이행,젖음/습기,비,단일로 - 기타,승용,남,23세,상해없음,승용,남,54세,중상
2020061400100053,2020년 6월 14일 02시,일요일,경상남도 창원시 의창구 서상동,경상사고,0,0,2,0,차대차 - 측면충돌,신호위반,젖음/습기,비,교차로 - 교차로안,승용,남,54세,상해없음,승용,남,56세,경상
2020061400100070,2020년 6월 14일 04시,일요일,경상남도 창원시 마산합포구 월남동4가,중상사고,0,1,0,0,차대사람 - 횡단중,안전운전불이행,젖음/습기,비,단일로 - 기타,이륜,남,27세,상해없음,보행자,남,77세,중상
2020061400100133,2020년 6월 14일 10시,일요일,경상남도 밀양시 단장면,경상사고,0,0,1,0,차대차 - 추돌,기타,젖음/습기,비,단일로 - 교량,승용,여,57세,상해없음,화물,남,68세,경상
2020061400100181,2020년 6월 14일 12시,일요일,경상남도 김해시 외동,중상사고,0,1,0,0,차대차 - 측면충돌,직진우회전진행방해,젖음/습기,흐림,교차로 - 교차로안,승용,남,30세,상해없음,이륜,남,29세,중상
2020061400100182,2020년 6월 14일 12시,일요일,경상남도 김해시 진영읍,중상사고,0,1,0,0,차대차 - 기타,안전운전불이행,젖음/습기,흐림,단일로 - 기타,승용,남,66세,상해없음,원동기,남,43세,중상
2020061400100209,2020년 6월 14일 13시,일요일,경상남도 진주시 평안동,중상사고,0,1,0,0,차대차 - 측면충돌,신호위반,건조,맑음,교차로 - 교차로안,승용,남,80세,상해없음,이륜,남,78세,중상
2020061400100248,2020년 6월 14일 14시,일요일,경상남도 김해시 어방동,경상사고,0,0,1,0,차대차 - 측면충돌,안전운전불이행,건조,맑음,교차로 - 교차로안,승용,남,35세,상해없음,자전거,남,70세,경상
2020061400100249,2020년 6월 14일 14시,일요일,경상남도 창원시 성산구 사파동,사망사고,1,0,1,0,차대차 - 측면충돌,신호위반,건조,맑음,교차로 - 교차로안,승용,남,51세,상해없음,승용,여,45세,경상
2020061400100294,2020년 6월 14일 15시,일요일,경상남도 김해시 풍유동,경상사고,0,0,3,0,차대차 - 추돌,안전운전불이행,건조,맑음,교차로 - 교차로부근,승용,남,66세,상해없음,승용,남,38세,경상
2020061400100321,2020년 6월 14일 16시,일요일,경상남도 사천시 사천읍,중상사고,0,1,0,0,차대차 - 정면충돌,안전운전불이행,건조,맑음,교차로 - 교차로부근,승용,여,41세,상해없음,이륜,남,73세,중상
2020061400100322,2020년 6월 14일 16시,일요일,경상남도 창원시 마산회원구 양덕동,경상사고,0,0,2,0,차대차 - 측면충돌,안전운전불이행,건조,맑음,교차로 - 교차로부근,이륜,남,20세,경상,승용,남,66세,경상
2020061400100351,2020년 6월 14일 17시,일요일,경상남도 김해시 대동면,경상사고,0,0,1,0,차대차 - 측면충돌,중앙선침범,건조,맑음,단일로 - 기타,승용,남,67세,상해없음,승용,여,46세,경상
2020061400100352,2020년 6월 14일 17시,일요일,경상남도 고성군 동해면,중상사고,0,1,1,0,차대차 - 정면충돌,중앙선침범,건조,맑음,단일로 - 기타,이륜,남,60세,중상,승용,남,49세,경상
2020061400100376,2020년 6월 14일 18시,일요일,경상남도 창녕군 계성면,중상사고,0,1,0,0,차대차 - 정면충돌,중앙선침범,건조,맑음,단일로 - 기타,이륜,남,24세,중상,화물,남,59세,상해없음
2020061400100416,2020년 6월 14일 19시,일요일,경상남도 밀양시 하남읍,중상사고,0,1,0,0,차대차 - 측면충돌,안전운전불이행,건조,맑음,단일로 - 기타,이륜,남,68세,중상,승용,남,49세,상해없음
2020061400100417,2020년 6월 14일 19시,일요일,경상남도 거제시 고현동,경상사고,0,0,1,0,차대차 - 측면충돌,안전운전불이행,건조,맑음,단일로 - 기타,승용,남,45세,상해없음,승용,남,24세,경상
2020061400100418,2020년 6월 14일 19시,일요일,경상남도 창원시 의창구 북면,경상사고,0,0,1,0,차대차 - 정면충돌,중앙선침범,건조,맑음,단일로 - 기타,화물,남,60세,상해없음,승용,여,55세,경상
2020061400100499,2020년 6월 14일 22시,일요일,경상남도 창원시 마산합포구 오동동,중상사고,0,1,0,0,차대차 - 측면충돌,안전거리미확보,건조,맑음,교차로 - 교차로안,승용,남,41세,상해없음,이륜,남,19세,중상
2020061500100017,2020년 6월 15일 02시,월요일,경상남도 김해시 대청동,사망사고,1,0,0,0,차량단독 - 기타,안전운전불이행,건조,맑음,단일로 - 기타,원동기,남,30세,사망,,,,
2020061500100042,2020년 6월 15일 05시,월요일,경상남도 사천시 동금동,중상사고,0,1,0,0,차대사람 - 횡단중,안전운전불이행,건조,맑음,단일로 - 기타,승용,남,49세,상해없음,보행자,남,68세,중상
2020061500100043,2020년 6월 15일 05시,월요일,경상남도 양산시 물금읍,경상사고,0,0,1,0,차대사람 - 횡단중,보행자보호의무위반,건조,맑음,교차로 - 교차로횡단보도내,승용,남,54세,상해없음,보행자,남,50세,경상
2020061500100054,2020년 6월 15일 06시,월요일,경상남도 창원시 의창구 대산면,중상사고,0,1,0,0,차대차 - 측면충돌,안전운전불이행,건조,맑음,단일로 - 기타,화물,남,62세,상해없음,자전거,여,75세,중상
2020061500100074,2020년 6월 15일 07시,월요일,경상남도 사천시 사천읍,중상사고,0,1,1,0,차대차 - 측면충돌,안전운전불이행,건조,맑음,단일로 - 기타,건설기계,남,47세,상해없음,승용,여,61세,중상
2020061500100114,2020년 6월 15일 08시,월요일,경상남도 창원시 진해구 장천동,경상사고,0,0,1,0,차대차 - 추돌,안전거리미확보,건조,맑음,단일로 - 기타,승용,남,32세,상해없음,승용,여,33세,상해없음
2020061500100115,2020년 6월 15일 08시,월요일,경상남도 사천시 사남면,경상사고,0,0,1,0,차대차 - 측면충돌,안전운전불이행,건조,맑음,단일로 - 기타,승용,여,47세,상해없음,자전거,남,14세,경상
2020061500100116,2020년 6월 15일 08시,월요일,경상남도 밀양시 하남읍,중상사고,0,1,1,0,차대차 - 추돌,안전운전불이행,건조,맑음,단일로 - 기타,화물,남,22세,상해없음,승용,남,66세,경상
2020061500100117,2020년 6월 15일 08시,월요일,경상남도 밀양시 삼랑진읍,중상사고,0,1,0,0,차대차 - 측면충돌,안전운전불이행,건조,맑음,교차로 - 교차로안,화물,남,53세,상해없음,승합,남,55세,기타불명
2020061500100161,2020년 6월 15일 09시,월요일,경상남도 창원시 마산합포구 해운동,중상사고,0,1,0,0,차대차 - 기타,신호위반,건조,맑음,단일로 - 기타,승용,남,65세,상해없음,자전거,남,70세,중상
2020061500100162,2020년 6월 15일 09시,월요일,경상남도 김해시 내동,중상사고,0,1,0,0,차대차 - 측면충돌,신호위반,건조,맑음,교차로 - 교차로안,승용,남,25세,상해없음,이륜,남,63세,중상
2020061500100163,2020년 6월 15일 09시,월요일,경상남도 거제시 장목면,경상사고,0,0,1,0,차대차 - 측면충돌,교차로운행방법위반,건조,맑음,교차로 - 교차로안,승용,여,42세,기타불명,화물,남,51세,경상
2020061500100201,2020년 6월 15일 10시,월요일,경상남도 진주시 금곡면,중상사고,0,1,0,0,차대사람 - 횡단중,보행자보호의무위반,건조,맑음,교차로 - 교차로횡단보도내,화물,남,66세,기타불명,보행자,남,85세,중상
2020061500100235,2020년 6월 15일 11시,월요일,경상남도 창원시 마산합포구 월영동,경상사고,0,0,1,0,차대사람 - 횡단중,안전운전불이행,건조,맑음,교차로 - 교차로부근,승용,남,62세,상해없음,보행자,남,23세,경상
2020061500100236,2020년 6월 15일 11시,월요일,경상남도 창원시 진해구 자은동,경상사고,0,0,2,0,차대차 - 기타,안전운전불이행,건조,맑음,단일로 - 기타,승용,여,59세,상해없음,화물,남,56세,경상
2020061500100237,2020년 6월 15일 11시,월요일,경상남도 창원시 마산회원구 양덕동,중상사고,0,1,0,0,차대사람 - 길가장자리구역통행중,안전운전불이행,건조,맑음,단일로 - 기타,승용,남,62세,기타불명,보행자,여,19세,중상
2020061500100238,2020년 6월 15일 11시,월요일,경상남도 김해시 화목동,경상사고,0,0,1,0,차대차 - 측면충돌,안전운전불이행,건조,맑음,교차로 - 교차로안,승용,남,29세,상해없음,화물,남,65세,경상
2020061500100271,2020년 6월 15일 12시,월요일,경상남도 창원시 마산합포구 덕동동,경상사고,0,0,1,0,차량단독 - 공작물충돌,안전운전불이행,건조,맑음,단일로 - 기타,승용,남,82세,경상,,,,
2020061500100272,2020년 6월 15일 12시,월요일,경상남도 밀양시 산내면,중상사고,0,1,0,0,차대사람 - 보도통행중,안전운전불이행,건조,맑음,단일로 - 기타,건설기계,남,47세,상해없음,보행자,남,87세,중상
2020061500100273,2020년 6월 15일 12시,월요일,경상남도 창원시 성산구 상남동,경상사고,0,0,1,0,차대차 - 측면충돌,안전운전불이행,건조,맑음,교차로 - 교차로안,승용,남,63세,상해없음,승용,여,47세,경상
2020061500100306,2020년 6월 15일 13시,월요일,경상남도 김해시 외동,경상사고,0,0,1,0,차대차 - 추돌,안전운전불이행,건조,맑음,단일로 - 기타,승용,남,59세,상해없음,승용,남,62세,경상
2020061500100307,2020년 6월 15일 13시,월요일,경상남도 창원시 마산합포구 산호동,경상사고,0,0,1,0,차대차 - 측면충돌,안전운전불이행,건조,맑음,교차로 - 교차로부근,승용,여,75세,상해없음,승용,여,51세,경상
2020061500100308,2020년 6월 15일 13시,월요일,경상남도 창원시 마산합포구 산호동,중상사고,0,1,0,0,차대차 - 측면충돌,안전운전불이행,건조,맑음,교차로 - 교차로안,승합,남,45세,상해없음,원동기,남,42세,중상
2020061500100348,2020년 6월 15일 14시,월요일,경상남도 진주시 중안동,경상사고,0,0,1,0,차대차 - 기타,안전운전불이행,건조,맑음,교차로 - 교차로안,화물,여,68세,상해없음,자전거,남,59세,경상
2020061500100396,2020년 6월 15일 15시,월요일,경상남도 남해군 미조면,중상사고,0,1,0,0,차대차 - 측면충돌,안전운전불이행,건조,맑음,교차로 - 교차로안,승용,남,71세,상해없음,화물,남,68세,중상
2020061500100437,2020년 6월 15일 16시,월요일,경상남도 통영시 북신동,경상사고,0,0,1,0,차대사람 - 횡단중,보행자보호의무위반,건조,맑음,교차로 - 교차로횡단보도내,승용,여,54세,상해없음,보행자,여,16세,경상
2020061500100438,2020년 6월 15일 16시,월요일,경상남도 김해시 내동,중상사고,0,1,0,0,차대차 - 추돌,안전운전불이행,건조,맑음,교차로 - 교차로부근,특수,남,48세,상해없음,화물,남,46세,중상
2020061500100440,2020년 6월 15일 16시,월요일,경상남도 김해시 내동,경상사고,0,0,2,2,차대차 - 추돌,안전운전불이행,건조,맑음,교차로 - 교차로부근,승용,남,19세,상해없음,승용,여,32세,경상
2020061500100441,2020년 6월 15일 16시,월요일,경상남도 창원시 성산구 사파동,경상사고,0,0,1,0,차대차 - 측면충돌,안전운전불이행,건조,맑음,교차로 - 교차로안,승용,남,58세,상해없음,화물,남,53세,경상
2020061500100500,2020년 6월 15일 17시,월요일,경상남도 창원시 진해구 평안동,경상사고,0,0,1,0,차대사람 - 횡단중,보행자보호의무위반,건조,맑음,교차로 - 교차로횡단보도내,승용,남,64세,상해없음,보행자,남,54세,경상
2020061500100501,2020년 6월 15일 17시,월요일,경상남도 창녕군 남지읍,중상사고,0,1,0,0,차대차 - 기타,안전운전불이행,건조,맑음,단일로 - 기타,승용,여,55세,상해없음,자전거,남,77세,중상
2020061500100502,2020년 6월 15일 17시,월요일,경상남도 양산시 동면,부상신고사고,0,0,0,1,차대차 - 추돌,안전운전불이행,건조,맑음,단일로 - 기타,이륜,남,16세,부상신고,승용,남,20세,상해없음
2020061500100503,2020년 6월 15일 17시,월요일,경상남도 양산시 삼호동,경상사고,0,0,1,0,차대차 - 측면충돌,중앙선침범,건조,맑음,단일로 - 기타,승용,남,31세,상해없음,이륜,남,51세,경상
2020061500100504,2020년 6월 15일 17시,월요일,경상남도 양산시 삼호동,경상사고,0,0,1,2,차대차 - 정면충돌,신호위반,건조,맑음,교차로 - 교차로안,승용,남,70세,기타불명,승용,여,36세,부상신고
2020061500100505,2020년 6월 15일 17시,월요일,경상남도 거제시 장평동,중상사고,0,1,0,0,차대차 - 측면충돌,교차로운행방법위반,건조,맑음,교차로 - 교차로안,승용,남,65세,상해없음,자전거,남,38세,중상
2020061500100563,2020년 6월 15일 18시,월요일,경상남도 사천시 동금동,중상사고,0,1,0,0,차대사람 - 횡단중,신호위반,건조,맑음,교차로 - 교차로안,승용,남,49세,상해없음,보행자,여,55세,중상
2020061500100564,2020년 6월 15일 18시,월요일,경상남도 양산시 물금읍,부상신고사고,0,0,0,1,차대차 - 기타,직진우회전진행방해,건조,맑음,교차로 - 교차로안,승용,여,34세,상해없음,자전거,남,45세,부상신고
2020061500100565,2020년 6월 15일 18시,월요일,경상남도 양산시 신기동,경상사고,0,0,1,0,차대차 - 측면충돌,안전거리미확보,건조,맑음,단일로 - 기타,이륜,남,72세,경상,승용,남,27세,상해없음
2020061500100566,2020년 6월 15일 18시,월요일,경상남도 남해군 남해읍,부상신고사고,0,0,0,1,차대차 - 측면충돌,안전운전불이행,건조,맑음,교차로 - 교차로안,자전거,남,12세,부상신고,승용,남,46세,상해없음
2020061500100567,2020년 6월 15일 18시,월요일,경상남도 남해군 창선면,중상사고,0,1,0,0,차대차 - 정면충돌,중앙선침범,건조,맑음,단일로 - 기타,승용,여,49세,상해없음,화물,남,39세,중상
2020061500100632,2020년 6월 15일 20시,월요일,경상남도 김해시 어방동,경상사고,0,0,1,0,차대차 - 측면충돌,안전거리미확보,건조,맑음,단일로 - 기타,승용,남,49세,상해없음,승용,여,34세,경상
2020061500100633,2020년 6월 15일 20시,월요일,경상남도 창원시 성산구 대방동,중상사고,0,1,0,0,차대사람 - 차도통행중,안전운전불이행,건조,흐림,교차로 - 교차로안,승용,남,60세,상해없음,보행자,여,65세,중상
2020061500100655,2020년 6월 15일 21시,월요일,경상남도 사천시 정동면,경상사고,0,0,1,0,차대차 - 측면충돌,안전운전불이행,건조,맑음,교차로 - 교차로안,승용,남,67세,상해없음,원동기,남,25세,경상
2020061500100656,2020년 6월 15일 21시,월요일,경상남도 양산시 물금읍,경상사고,0,0,1,0,차대차 - 추돌,안전운전불이행,건조,맑음,단일로 - 기타,승용,남,60세,상해없음,이륜,남,36세,경상
2020061500100657,2020년 6월 15일 21시,월요일,경상남도 양산시 소주동,경상사고,0,0,2,1,차대차 - 측면충돌,교차로운행방법위반,건조,맑음,교차로 - 교차로안,승용,여,49세,상해없음,승용,남,54세,부상신고
2020061500100678,2020년 6월 15일 22시,월요일,경상남도 김해시 어방동,중상사고,0,1,0,0,차대차 - 추돌,교차로운행방법위반,건조,맑음,교차로 - 교차로안,승용,남,60세,상해없음,이륜,남,33세,중상
2020061500100679,2020년 6월 15일 22시,월요일,경상남도 김해시 진영읍,경상사고,0,0,1,0,차대차 - 추돌,안전운전불이행,건조,맑음,단일로 - 기타,승용,여,45세,상해없음,승용,남,33세,경상
2020061500100680,2020년 6월 15일 22시,월요일,경상남도 김해시 진영읍,중상사고,0,1,0,0,차대사람 - 차도통행중,중앙선침범,건조,맑음,단일로 - 기타,승용,남,32세,상해없음,보행자,남,46세,중상
2020061500100697,2020년 6월 15일 23시,월요일,경상남도 진주시 호탄동,경상사고,0,0,1,0,차대차 - 기타,기타,건조,맑음,교차로 - 교차로안,이륜,남,19세,경상,승용,남,54세,상해없음
2020061600100031,2020년 6월 16일 04시,화요일,경상남도 사천시 정동면,중상사고,0,1,0,0,차대사람 - 횡단중,안전운전불이행,건조,맑음,교차로 - 교차로안,승용,여,41세,상해없음,보행자,여,89세,중상
2020061600100079,2020년 6월 16일 07시,화요일,경상남도 의령군 용덕면,경상사고,0,0,1,0,차대차 - 추돌,안전운전불이행,건조,맑음,단일로 - 기타,화물,남,49세,경상,승용,남,48세,기타불명
2020061600100080,2020년 6월 16일 07시,화요일,경상남도 창원시 마산회원구 양덕동,중상사고,0,1,0,0,차대차 - 측면충돌,안전운전불이행,건조,맑음,단일로 - 기타,승용,여,39세,상해없음,이륜,남,69세,중상
2020061600100119,2020년 6월 16일 08시,화요일,경상남도 김해시 삼방동,경상사고,0,0,1,0,차대차 - 추돌,안전운전불이행,건조,맑음,교차로 - 교차로부근,이륜,남,17세,경상,승용,여,34세,상해없음
2020061600100120,2020년 6월 16일 08시,화요일,경상남도 고성군 거류면,중상사고,0,2,0,0,차량단독 - 공작물충돌,안전운전불이행,건조,맑음,교차로 - 교차로안,승용,여,56세,상해없음,,,,
2020061600100121,2020년 6월 16일 08시,화요일,경상남도 거제시 장목면,경상사고,0,0,1,0,차대차 - 측면충돌,안전거리미확보,건조,맑음,단일로 - 기타,승용,여,55세,상해없음,승용,여,25세,경상
2020061600100122,2020년 6월 16일 08시,화요일,경상남도 김해시 진례면,경상사고,0,0,1,0,차대차 - 측면충돌,중앙선침범,건조,맑음,교차로 - 교차로부근,승용,남,26세,상해없음,승용,남,21세,경상
2020061600100157,2020년 6월 16일 09시,화요일,경상남도 창원시 진해구 용원동,중상사고,0,1,0,0,차대차 - 측면충돌,안전운전불이행,건조,맑음,단일로 - 기타,승용,남,23세,상해없음,이륜,여,55세,중상
2020061600100158,2020년 6월 16일 09시,화요일,경상남도 김해시 삼방동,경상사고,0,0,2,0,차대차 - 기타,교차로운행방법위반,건조,맑음,교차로 - 교차로안,승용,남,61세,상해없음,승용,남,58세,경상
2020061600100159,2020년 6월 16일 09시,화요일,경상남도 하동군 횡천면,중상사고,0,1,0,0,차대차 - 측면충돌,안전운전불이행,건조,맑음,교차로 - 교차로안,이륜,남,84세,중상,농기계,남,74세,상해없음
2020061600100160,2020년 6월 16일 09시,화요일,경상남도 김해시 외동,중상사고,0,1,0,0,차대차 - 기타,안전운전불이행,건조,맑음,교차로 - 교차로안,화물,남,63세,상해없음,자전거,여,82세,중상
2020061600100192,2020년 6월 16일 10시,화요일,경상남도 김해시 삼계동,중상사고,0,1,0,0,차대차 - 기타,안전운전불이행,건조,맑음,단일로 - 기타,승용,남,27세,상해없음,자전거,남,58세,중상
2020061600100193,2020년 6월 16일 10시,화요일,경상남도 합천군 삼가면,중상사고,0,1,0,0,차량단독 - 기타,안전운전불이행,건조,맑음,단일로 - 기타,자전거,남,82세,중상,,,,
2020061600100194,2020년 6월 16일 10시,화요일,경상남도 함안군 칠서면,중상사고,0,1,0,0,차대차 - 측면충돌,신호위반,건조,맑음,교차로 - 교차로안,승용,남,37세,상해없음,승용,여,54세,중상
2020061600100195,2020년 6월 16일 10시,화요일,경상남도 창원시 마산회원구 내서읍,중상사고,0,1,0,0,차대사람 - 횡단중,보행자보호의무위반,건조,맑음,교차로 - 교차로횡단보도내,승합,남,57세,상해없음,보행자,여,77세,중상
2020061600100260,2020년 6월 16일 12시,화요일,경상남도 통영시 중앙동,중상사고,0,1,0,0,차대사람 - 기타,안전운전불이행,건조,맑음,단일로 - 기타,승합,남,62세,상해없음,보행자,여,52세,중상
2020061600100261,2020년 6월 16일 12시,화요일,경상남도 남해군 이동면,중상사고,0,3,0,0,차대차 - 추돌,과속,건조,맑음,교차로 - 교차로부근,승용,남,67세,중상,승용,남,40세,중상
2020061600100298,2020년 6월 16일 13시,화요일,경상남도 창원시 진해구 경화동,경상사고,0,0,2,0,차대차 - 측면충돌,교차로운행방법위반,건조,맑음,교차로 - 교차로안,승용,여,36세,경상,승용,여,30세,경상
2020061600100299,2020년 6월 16일 13시,화요일,경상남도 통영시 산양읍,중상사고,0,1,0,0,차대차 - 측면충돌,중앙선침범,건조,맑음,단일로 - 기타,승합,남,56세,상해없음,이륜,남,87세,중상
2020061600100300,2020년 6월 16일 13시,화요일,경상남도 창원시 성산구 성주동,중상사고,0,1,0,0,차대차 - 측면충돌,안전운전불이행,건조,맑음,단일로 - 기타,승용,남,62세,상해없음,승용,남,33세,중상
2020061600100331,2020년 6월 16일 14시,화요일,경상남도 통영시 항남동,경상사고,0,0,1,0,차대차 - 측면충돌,중앙선침범,건조,맑음,교차로 - 교차로부근,승용,남,37세,상해없음,이륜,남,60세,경상
2020061600100332,2020년 6월 16일 14시,화요일,경상남도 사천시 서금동,경상사고,0,0,1,0,차대차 - 측면충돌,안전운전불이행,건조,맑음,교차로 - 교차로안,승용,남,65세,경상,승용,남,56세,상해없음
2020061600100333,2020년 6월 16일 14시,화요일,경상남도 김해시 외동,경상사고,0,0,1,0,차대차 - 기타,안전운전불이행,건조,맑음,교차로 - 교차로횡단보도내,승용,여,26세,상해없음,자전거,남,61세,경상
2020061600100334,2020년 6월 16일 14시,화요일,경상남도 김해시 내동,중상사고,0,1,0,0,차대사람 - 기타,안전운전불이행,젖음/습기,비,교차로 - 교차로안,화물,남,55세,상해없음,보행자,여,71세,중상
2020061600100335,2020년 6월 16일 14시,화요일,경상남도 김해시 대동면,경상사고,0,0,1,0,차대차 - 기타,교차로운행방법위반,건조,맑음,교차로 - 교차로안,승용,남,65세,상해없음,승용,여,55세,경상
2020061600100426,2020년 6월 16일 16시,화요일,경상남도 밀양시 내일동,부상신고사고,0,0,0,1,차대차 - 측면충돌,안전운전불이행,건조,맑음,단일로 - 기타,승용,여,64세,상해없음,승용,남,71세,부상신고
2020061600100427,2020년 6월 16일 16시,화요일,경상남도 남해군 고현면,부상신고사고,0,0,0,1,차대차 - 측면충돌,교차로운행방법위반,건조,맑음,교차로 - 교차로안,승용,남,80세,상해없음,승용,남,41세,부상신고
2020061600100472,2020년 6월 16일 17시,화요일,경상남도 밀양시 삼문동,중상사고,0,1,0,0,차대차 - 측면충돌,신호위반,건조,맑음,교차로 - 교차로부근,승용,여,36세,상해없음,자전거,남,11세,중상
2020061600100473,2020년 6월 16일 17시,화요일,경상남도 거창군 거창읍,경상사고,0,0,1,0,차대차 - 기타,안전운전불이행,건조,맑음,교차로 - 교차로안,자전거,남,18세,경상,승용,여,40세,상해없음
2020061600100520,2020년 6월 16일 18시,화요일,경상남도 창원시 마산합포구 해운동,경상사고,0,0,2,1,차대차 - 측면충돌,안전운전불이행,건조,맑음,교차로 - 교차로부근,승용,남,45세,경상,승용,여,54세,경상
2020061600100521,2020년 6월 16일 18시,화요일,경상남도 양산시 중부동,경상사고,0,0,2,0,차대차 - 추돌,안전운전불이행,건조,맑음,교차로 - 교차로부근,화물,남,52세,상해없음,승용,남,40세,경상