사고번호,사고일시,요일,시군구,사고내용,사망자수,중상자수,경상자수,부상신고자수,사고유형,법규위반,노면상태,기상상태,도로형태,가해운전자 차종,가해운전자 성별,가해운전자 연령,가해운전자 상해정도,피해운전자 차종,피해운전자 성별,피해운전자 연령,피해운전자 상해정도
2020061600100522,2020년 6월 16일 18시,화요일,경상남도 고성군 마암면,경상사고,0,0,2,0,차대차 - 기타,직진우회전진행방해,건조,맑음,교차로 - 교차로안,승용,여,30세,상해없음,승용,여,40세,경상
2020061600100561,2020년 6월 16일 19시,화요일,경상남도 창녕군 부곡면,중상사고,0,4,1,0,차대차 - 기타,안전거리미확보,건조,맑음,교차로 - 교차로부근,승용,남,55세,경상,승용,여,35세,중상
2020061600100601,2020년 6월 16일 20시,화요일,경상남도 창원시 진해구 석동,부상신고사고,0,0,0,1,차대차 - 측면충돌,안전운전불이행,건조,맑음,단일로 - 기타,기타불명,기타불명,미분류,기타불명,승용,여,40세,부상신고
2020061600100602,2020년 6월 16일 20시,화요일,경상남도 김해시 진영읍,중상사고,0,1,0,0,차대차 - 측면충돌,신호위반,건조,맑음,교차로 - 교차로안,승용,남,25세,상해없음,승용,남,67세,중상
2020061600100629,2020년 6월 16일 21시,화요일,경상남도 창원시 마산합포구 월영동,경상사고,0,0,1,3,차대차 - 측면충돌,안전운전불이행,건조,맑음,교차로 - 교차로부근,승용,여,37세,상해없음,승용,남,40세,경상
2020061600100630,2020년 6월 16일 21시,화요일,경상남도 진주시 진성면,경상사고,0,0,1,0,차대차 - 추돌,안전운전불이행,건조,맑음,단일로 - 기타,승용,남,57세,상해없음,승용,여,40세,경상
2020061600100643,2020년 6월 16일 22시,화요일,경상남도 김해시 대동면,경상사고,0,0,1,0,차대차 - 추돌,안전운전불이행,건조,맑음,단일로 - 기타,승용,남,33세,상해없음,승용,여,34세,경상
2020061600100661,2020년 6월 16일 23시,화요일,경상남도 양산시 물금읍,중상사고,0,3,0,0,차대차 - 측면충돌,신호위반,건조,맑음,교차로 - 교차로안,승용,여,26세,상해없음,승용,남,29세,중상
2020061700100022,2020년 6월 17일 02시,수요일,경상남도 거창군 거창읍,중상사고,0,1,0,0,차대사람 - 차도통행중,안전운전불이행,건조,맑음,교차로 - 교차로안,승용,남,42세,상해없음,보행자,남,21세,중상
2020061700100034,2020년 6월 17일 04시,수요일,경상남도 김해시 대청동,중상사고,0,2,0,0,차대차 - 추돌,안전운전불이행,건조,맑음,단일로 - 기타,승용,남,51세,상해없음,화물,남,64세,상해없음
2020061700100056,2020년 6월 17일 06시,수요일,경상남도 통영시 도천동,경상사고,0,0,1,0,차대사람 - 횡단중,신호위반,건조,맑음,교차로 - 교차로횡단보도내,승합,남,64세,상해없음,보행자,여,72세,경상
2020061700100057,2020년 6월 17일 06시,수요일,경상남도 고성군 하이면,경상사고,0,0,2,0,차대차 - 측면충돌,안전운전불이행,건조,맑음,단일로 - 기타,승합,남,63세,상해없음,화물,남,63세,기타불명
2020061700100058,2020년 6월 17일 06시,수요일,경상남도 창원시 의창구 봉곡동,경상사고,0,0,1,0,차대차 - 측면충돌,안전운전불이행,건조,맑음,단일로 - 기타,승합,남,53세,상해없음,승용,남,31세,경상
2020061700100076,2020년 6월 17일 07시,수요일,경상남도 진주시 정촌면,경상사고,0,0,1,0,차대차 - 기타,차로위반,건조,맑음,단일로 - 기타,승용,여,57세,상해없음,승용,남,31세,경상
2020061700100077,2020년 6월 17일 07시,수요일,경상남도 하동군 금남면,경상사고,0,0,2,0,차대차 - 측면충돌,교차로운행방법위반,건조,맑음,교차로 - 교차로안,승용,여,31세,경상,승용,여,32세,경상
2020061700100131,2020년 6월 17일 08시,수요일,경상남도 밀양시 하남읍,경상사고,0,0,1,0,차대사람 - 길가장자리구역통행중,안전운전불이행,건조,맑음,교차로 - 교차로부근,승용,여,42세,상해없음,보행자,여,17세,경상
2020061700100132,2020년 6월 17일 08시,수요일,경상남도 김해시 외동,중상사고,0,1,1,0,차대차 - 기타,안전운전불이행,건조,맑음,교차로 - 교차로횡단보도내,승용,여,32세,경상,승용,남,37세,상해없음
2020061700100133,2020년 6월 17일 08시,수요일,경상남도 의령군 의령읍,경상사고,0,0,2,0,차대차 - 측면충돌,교차로운행방법위반,건조,맑음,교차로 - 교차로부근,승용,남,56세,상해없음,승용,남,66세,경상
2020061700100159,2020년 6월 17일 09시,수요일,경상남도 거창군 거창읍,중상사고,0,1,0,0,차대차 - 추돌,안전거리미확보,건조,맑음,기타 - 기타,승용,여,49세,상해없음,승용,남,80세,중상
2020061700100160,2020년 6월 17일 09시,수요일,경상남도 김해시 대청동,중상사고,0,1,1,1,차대차 - 측면충돌,안전운전불이행,건조,맑음,단일로 - 기타,승용,여,49세,부상신고,화물,남,44세,경상
2020061700100184,2020년 6월 17일 10시,수요일,경상남도 양산시 어곡동,중상사고,0,1,2,1,차대차 - 추돌,안전운전불이행,건조,맑음,단일로 - 기타,화물,남,54세,경상,승합,남,65세,중상
2020061700100185,2020년 6월 17일 10시,수요일,경상남도 김해시 풍유동,중상사고,0,1,0,0,차대차 - 측면충돌,안전운전불이행,건조,맑음,교차로 - 교차로안,승용,남,24세,상해없음,이륜,남,67세,중상
2020061700100215,2020년 6월 17일 11시,수요일,경상남도 의령군 유곡면,중상사고,0,1,0,0,차대차 - 측면충돌,안전운전불이행,건조,맑음,단일로 - 기타,화물,남,60세,상해없음,자전거,여,75세,중상
2020061700100256,2020년 6월 17일 12시,수요일,경상남도 김해시 진례면,중상사고,0,1,1,0,차대차 - 측면충돌,안전운전불이행,건조,맑음,교차로 - 교차로안,승용,남,52세,상해없음,승용,여,58세,중상
2020061700100288,2020년 6월 17일 13시,수요일,경상남도 양산시 명동,경상사고,0,0,1,0,차대사람 - 횡단중,안전운전불이행,건조,맑음,교차로 - 교차로부근,화물,남,47세,상해없음,보행자,여,72세,경상
2020061700100331,2020년 6월 17일 14시,수요일,경상남도 통영시 광도면,경상사고,0,0,1,0,차대차 - 측면충돌,신호위반,건조,맑음,단일로 - 기타,승용,남,71세,상해없음,이륜,남,31세,경상
2020061700100332,2020년 6월 17일 14시,수요일,경상남도 산청군 생초면,경상사고,0,0,1,0,차대사람 - 길가장자리구역통행중,안전운전불이행,건조,맑음,교차로 - 교차로부근,승용,남,69세,상해없음,보행자,여,89세,경상
2020061700100333,2020년 6월 17일 14시,수요일,경상남도 김해시 진영읍,중상사고,0,1,0,0,차대차 - 측면충돌,안전운전불이행,건조,맑음,교차로 - 교차로부근,화물,남,62세,상해없음,승용,남,57세,중상
2020061700100370,2020년 6월 17일 15시,수요일,경상남도 밀양시 하남읍,중상사고,0,1,0,0,차대사람 - 길가장자리구역통행중,안전운전불이행,건조,맑음,단일로 - 기타,화물,남,77세,상해없음,보행자,남,78세,중상
2020061700100391,2020년 6월 17일 16시,수요일,경상남도 창원시 마산합포구 신포동1가,경상사고,0,0,1,0,차대사람 - 횡단중,안전운전불이행,건조,흐림,교차로 - 교차로안,승용,남,24세,상해없음,보행자,남,17세,경상
2020061700100392,2020년 6월 17일 16시,수요일,경상남도 통영시 정량동,경상사고,0,0,2,0,차대차 - 측면충돌,직진우회전진행방해,건조,맑음,교차로 - 교차로안,승합,남,39세,상해없음,승용,남,41세,경상
2020061700100393,2020년 6월 17일 16시,수요일,경상남도 창원시 마산회원구 석전동,경상사고,0,0,1,0,차대사람 - 횡단중,보행자보호의무위반,건조,맑음,교차로 - 교차로횡단보도내,승용,남,43세,상해없음,보행자,여,68세,경상
2020061700100433,2020년 6월 17일 17시,수요일,경상남도 창녕군 남지읍,중상사고,0,1,1,0,차대차 - 기타,안전운전불이행,건조,맑음,교차로 - 교차로안,농기계,남,62세,경상,화물,여,78세,중상
2020061700100434,2020년 6월 17일 17시,수요일,경상남도 함양군 지곡면,중상사고,0,1,0,0,차대차 - 정면충돌,신호위반,건조,맑음,교차로 - 교차로안,승용,여,46세,상해없음,승용,여,55세,중상
2020061700100435,2020년 6월 17일 17시,수요일,경상남도 창원시 마산회원구 양덕동,경상사고,0,0,1,0,차대차 - 정면충돌,안전운전불이행,건조,맑음,교차로 - 교차로안,승용,남,23세,상해없음,승용,여,37세,경상
2020061700100478,2020년 6월 17일 18시,수요일,경상남도 창원시 진해구 용원동,부상신고사고,0,0,0,1,차대사람 - 횡단중,보행자보호의무위반,건조,맑음,교차로 - 교차로횡단보도내,승용,남,29세,상해없음,보행자,남,41세,부상신고
2020061700100479,2020년 6월 17일 18시,수요일,경상남도 창원시 진해구 용원동,경상사고,0,0,1,0,차대차 - 측면충돌,안전운전불이행,건조,맑음,교차로 - 교차로안,이륜,남,34세,경상,승용,남,54세,상해없음
2020061700100480,2020년 6월 17일 18시,수요일,경상남도 함양군 수동면,경상사고,0,0,2,0,차대차 - 정면충돌,중앙선침범,건조,맑음,단일로 - 기타,승용,여,29세,경상,승합,남,44세,경상
2020061700100481,2020년 6월 17일 18시,수요일,경상남도 양산시 물금읍,경상사고,0,0,1,0,차대차 - 측면충돌,안전운전불이행,건조,맑음,교차로 - 교차로부근,승용,남,61세,상해없음,승용,남,32세,경상
2020061700100518,2020년 6월 17일 19시,수요일,경상남도 통영시 북신동,경상사고,0,0,1,0,차대차 - 측면충돌,신호위반,건조,맑음,교차로 - 교차로안,승용,여,41세,상해없음,이륜,남,38세,경상
2020061700100519,2020년 6월 17일 19시,수요일,경상남도 통영시 태평동,중상사고,0,1,0,0,차대사람 - 횡단중,안전운전불이행,건조,맑음,교차로 - 교차로부근,이륜,남,38세,상해없음,보행자,남,73세,중상
2020061700100550,2020년 6월 17일 20시,수요일,경상남도 거제시 고현동,경상사고,0,0,1,0,차대차 - 기타,직진우회전진행방해,건조,맑음,교차로 - 교차로안,자전거,남,43세,경상,승용,남,31세,상해없음
2020061700100575,2020년 6월 17일 21시,수요일,경상남도 김해시 내동,중상사고,0,1,2,0,차대차 - 측면충돌,신호위반,건조,맑음,교차로 - 교차로안,승용,남,22세,상해없음,승용,여,38세,중상
2020061700100576,2020년 6월 17일 21시,수요일,경상남도 창원시 성산구 상남동,중상사고,0,1,0,0,차대사람 - 기타,안전운전불이행,건조,맑음,교차로 - 교차로부근,승합,남,48세,상해없음,보행자,남,32세,중상
2020061700100577,2020년 6월 17일 21시,수요일,경상남도 창원시 의창구 동읍,중상사고,0,1,0,0,차대차 - 추돌,안전운전불이행,기타,기타,교차로 - 교차로부근,승용,남,52세,상해없음,승용,여,33세,중상
2020061700100610,2020년 6월 17일 22시,수요일,경상남도 창원시 마산합포구 중성동,경상사고,0,0,1,0,차대사람 - 횡단중,보행자보호의무위반,젖음/습기,비,단일로 - 기타,이륜,남,23세,상해없음,보행자,여,63세,경상
2020061700100611,2020년 6월 17일 22시,수요일,경상남도 통영시 광도면,경상사고,0,0,1,0,차대차 - 측면충돌,직진우회전진행방해,건조,맑음,교차로 - 교차로안,승용,여,26세,상해없음,승용,남,53세,경상
2020061700100637,2020년 6월 17일 23시,수요일,경상남도 창원시 마산합포구 해운동,중상사고,0,1,0,0,차대사람 - 기타,안전운전불이행,젖음/습기,비,단일로 - 기타,승용,남,35세,상해없음,보행자,남,21세,중상
2020061700100638,2020년 6월 17일 23시,수요일,경상남도 김해시 부곡동,경상사고,0,0,1,0,차대차 - 측면충돌,신호위반,젖음/습기,비,교차로 - 교차로안,승용,남,40세,상해없음,화물,남,40세,경상
2020061800100007,2020년 6월 18일 00시,목요일,경상남도 진주시 충무공동,중상사고,0,1,0,0,차대사람 - 횡단중,보행자보호의무위반,젖음/습기,비,단일로 - 기타,승합,남,47세,상해없음,보행자,남,43세,중상
2020061800100008,2020년 6월 18일 00시,목요일,경상남도 통영시 용남면,중상사고,0,1,0,0,차량단독 - 공작물충돌,안전운전불이행,건조,맑음,교차로 - 교차로안,승용,남,39세,상해없음,,,,
2020061800100021,2020년 6월 18일 01시,목요일,경상남도 진주시 초전동,경상사고,0,0,1,0,차대차 - 기타,신호위반,젖음/습기,맑음,교차로 - 교차로부근,승용,남,51세,상해없음,화물,남,60세,경상
2020061800100022,2020년 6월 18일 01시,목요일,경상남도 김해시 어방동,경상사고,0,0,2,0,차대사람 - 차도통행중,안전운전불이행,젖음/습기,비,단일로 - 기타,승용,남,60세,경상,보행자,남,57세,경상
2020061800100056,2020년 6월 18일 04시,목요일,경상남도 창원시 성산구 상남동,중상사고,0,1,0,0,차대사람 - 횡단중,보행자보호의무위반,젖음/습기,비,교차로 - 교차로횡단보도내,승용,남,21세,상해없음,보행자,여,35세,중상
2020061800100081,2020년 6월 18일 06시,목요일,경상남도 진주시 장대동,중상사고,0,2,0,0,차대사람 - 횡단중,보행자보호의무위반,젖음/습기,비,단일로 - 기타,화물,남,69세,상해없음,보행자,남,77세,중상
2020061800100082,2020년 6월 18일 06시,목요일,경상남도 거제시 사등면,경상사고,0,0,1,0,차대차 - 기타,안전운전불이행,젖음/습기,비,단일로 - 기타,승용,여,55세,상해없음,이륜,남,47세,경상
2020061800100103,2020년 6월 18일 07시,목요일,경상남도 사천시 벌리동,경상사고,0,0,1,0,차대사람 - 횡단중,보행자보호의무위반,젖음/습기,비,교차로 - 교차로횡단보도내,승용,여,55세,상해없음,보행자,여,61세,경상
2020061800100104,2020년 6월 18일 07시,목요일,경상남도 창원시 의창구 소계동,경상사고,0,0,1,0,차대차 - 기타,안전운전불이행,젖음/습기,비,단일로 - 기타,승용,남,57세,상해없음,승용,남,29세,경상
2020061800100145,2020년 6월 18일 08시,목요일,경상남도 사천시 정동면,경상사고,0,0,2,0,차대차 - 측면충돌,신호위반,젖음/습기,비,교차로 - 교차로안,승용,여,50세,경상,승용,여,58세,경상
2020061800100146,2020년 6월 18일 08시,목요일,경상남도 김해시 삼방동,중상사고,0,1,0,0,차대차 - 기타,안전운전불이행,젖음/습기,비,교차로 - 교차로안,승용,남,51세,상해없음,승용,남,52세,중상
2020061800100147,2020년 6월 18일 08시,목요일,경상남도 김해시 응달동,경상사고,0,0,1,0,차량단독 - 공작물충돌,안전운전불이행,젖음/습기,비,단일로 - 기타,승용,여,27세,경상,,,,
2020061800100187,2020년 6월 18일 09시,목요일,경상남도 진주시 상대동,중상사고,0,1,2,0,차대차 - 측면충돌,직진우회전진행방해,젖음/습기,비,교차로 - 교차로안,승용,여,47세,경상,승용,남,54세,중상
2020061800100188,2020년 6월 18일 09시,목요일,경상남도 거제시 상동동,경상사고,0,0,1,0,차대차 - 추돌,안전운전불이행,건조,맑음,교차로 - 교차로안,승용,남,55세,상해없음,승용,여,34세,경상
2020061800100216,2020년 6월 18일 10시,목요일,경상남도 산청군 신안면,경상사고,0,0,1,0,차량단독 - 공작물충돌,안전운전불이행,젖음/습기,비,단일로 - 기타,화물,남,53세,경상,,,,
2020061800100254,2020년 6월 18일 11시,목요일,경상남도 양산시 신기동,경상사고,0,0,1,0,차량단독 - 기타,안전운전불이행,젖음/습기,비,단일로 - 기타,승용,남,38세,경상,,,,
2020061800100255,2020년 6월 18일 11시,목요일,경상남도 하동군 옥종면,경상사고,0,0,1,0,차대차 - 추돌,안전운전불이행,젖음/습기,비,단일로 - 기타,화물,남,44세,상해없음,승용,남,38세,경상
2020061800100256,2020년 6월 18일 11시,목요일,경상남도 거제시 상동동,중상사고,0,1,0,0,차량단독 - 기타,안전운전불이행,젖음/습기,비,단일로 - 기타,화물,남,43세,중상,,,,
2020061800100257,2020년 6월 18일 11시,목요일,경상남도 김해시 진영읍,경상사고,0,0,2,0,차대차 - 측면충돌,안전운전불이행,젖음/습기,비,단일로 - 기타,승용,여,52세,경상,화물,남,49세,경상
2020061800100289,2020년 6월 18일 12시,목요일,경상남도 거창군 거창읍,중상사고,0,4,1,0,차대차 - 측면충돌,신호위반,젖음/습기,비,교차로 - 교차로안,승용,여,50세,경상,승용,여,67세,중상
2020061800100321,2020년 6월 18일 13시,목요일,경상남도 사천시 벌리동,경상사고,0,0,1,0,차대차 - 측면충돌,안전운전불이행,젖음/습기,비,교차로 - 교차로안,화물,남,59세,상해없음,승용,남,38세,경상
2020061800100322,2020년 6월 18일 13시,목요일,경상남도 산청군 생비량면,경상사고,0,0,2,0,차대차 - 추돌,안전거리미확보,젖음/습기,비,단일로 - 기타,화물,남,69세,상해없음,승용,여,37세,경상
2020061800100323,2020년 6월 18일 13시,목요일,경상남도 사천시 곤양면,중상사고,0,1,0,0,차대차 - 추돌,안전운전불이행,젖음/습기,비,단일로 - 기타,승용,남,28세,상해없음,승용,남,67세,중상
2020061800100349,2020년 6월 18일 14시,목요일,경상남도 창원시 진해구 덕산동,중상사고,0,1,0,0,차대사람 - 기타,안전운전불이행,젖음/습기,비,단일로 - 기타,승합,남,59세,상해없음,보행자,여,79세,중상
2020061800100350,2020년 6월 18일 14시,목요일,경상남도 창원시 의창구 북면,경상사고,0,0,1,0,차대차 - 측면충돌,교차로운행방법위반,건조,맑음,교차로 - 교차로안,화물,여,51세,상해없음,승용,여,55세,경상
2020061800100379,2020년 6월 18일 15시,목요일,경상남도 진주시 정촌면,중상사고,0,1,0,0,차량단독 - 기타,안전운전불이행,건조,맑음,단일로 - 기타,승합,남,51세,상해없음,,,,
2020061800100380,2020년 6월 18일 15시,목요일,경상남도 창원시 진해구 자은동,경상사고,0,0,1,0,차대차 - 기타,안전운전불이행,젖음/습기,비,단일로 - 기타,승용,남,68세,상해없음,원동기,남,36세,경상
2020061800100381,2020년 6월 18일 15시,목요일,경상남도 김해시 삼정동,경상사고,0,0,1,0,차대차 - 기타,안전거리미확보,젖음/습기,비,단일로 - 기타,승용,남,62세,상해없음,이륜,남,25세,경상
2020061800100408,2020년 6월 18일 16시,목요일,경상남도 밀양시 산외면,사망사고,1,0,0,0,차량단독 - 공작물충돌,안전운전불이행,젖음/습기,비,단일로 - 기타,원동기,남,43세,사망,,,,
2020061800100409,2020년 6월 18일 16시,목요일,경상남도 창원시 의창구 대산면,경상사고,0,0,3,0,차대차 - 추돌,안전운전불이행,젖음/습기,흐림,단일로 - 기타,승용,여,57세,상해없음,화물,남,34세,경상
2020061800100420,2020년 6월 18일 17시,목요일,경상남도 김해시 대동면,중상사고,0,1,0,0,차대차 - 정면충돌,중앙선침범,젖음/습기,비,단일로 - 기타,특수,남,32세,상해없음,승용,여,35세,중상
2020061800100438,2020년 6월 18일 17시,목요일,경상남도 통영시 광도면,경상사고,0,0,6,0,차대차 - 측면충돌,신호위반,젖음/습기,비,교차로 - 교차로안,승용,남,72세,상해없음,승용,남,72세,상해없음
2020061800100439,2020년 6월 18일 17시,목요일,경상남도 창원시 마산회원구 석전동,경상사고,0,0,1,0,차대사람 - 횡단중,신호위반,젖음/습기,비,교차로 - 교차로횡단보도내,승용,남,64세,기타불명,보행자,남,37세,경상
2020061800100440,2020년 6월 18일 17시,목요일,경상남도 김해시 대청동,경상사고,0,0,1,0,차량단독 - 공작물충돌,안전운전불이행,젖음/습기,비,교차로 - 교차로부근,승용,여,30세,경상,,,,
2020061800100441,2020년 6월 18일 17시,목요일,경상남도 진주시 문산읍,경상사고,0,0,4,0,차대차 - 측면충돌,안전운전불이행,젖음/습기,비,단일로 - 기타,승용,여,20세,상해없음,화물,남,56세,경상
2020061800100476,2020년 6월 18일 18시,목요일,경상남도 김해시 강동,경상사고,0,0,1,0,차대차 - 측면충돌,안전운전불이행,젖음/습기,비,기타 - 기타,승용,남,61세,상해없음,승용,여,27세,경상
2020061800100477,2020년 6월 18일 18시,목요일,경상남도 거창군 웅양면,경상사고,0,0,1,0,차대사람 - 횡단중,안전운전불이행,건조,맑음,단일로 - 기타,승용,남,57세,상해없음,보행자,여,10세,경상
2020061800100478,2020년 6월 18일 18시,목요일,경상남도 창원시 성산구 상남동,경상사고,0,0,2,0,차대차 - 측면충돌,안전운전불이행,젖음/습기,비,교차로 - 교차로부근,승용,남,20세,상해없음,승용,여,24세,경상
2020061800100513,2020년 6월 18일 19시,목요일,경상남도 창원시 마산합포구 두월동1가,중상사고,0,1,0,0,차대차 - 측면충돌,교차로운행방법위반,젖음/습기,비,교차로 - 교차로안,원동기,남,39세,중상,승용,여,38세,상해없음
2020061800100514,2020년 6월 18일 19시,목요일,경상남도 통영시 광도면,경상사고,0,0,1,0,차대차 - 기타,교차로운행방법위반,젖음/습기,비,교차로 - 교차로안,화물,남,56세,상해없음,승용,남,49세,경상
2020061800100515,2020년 6월 18일 19시,목요일,경상남도 창원시 성산구 상남동,경상사고,0,0,1,0,차대차 - 측면충돌,안전운전불이행,젖음/습기,비,교차로 - 교차로안,승용,남,60세,상해없음,승용,남,35세,경상
2020061800100547,2020년 6월 18일 20시,목요일,경상남도 창원시 마산회원구 회원동,경상사고,0,0,1,0,차대차 - 추돌,안전운전불이행,젖음/습기,비,교차로 - 교차로부근,승용,남,49세,상해없음,승용,남,29세,경상
2020061800100586,2020년 6월 18일 21시,목요일,경상남도 진주시 문산읍,경상사고,0,0,1,1,차대차 - 정면충돌,안전운전불이행,젖음/습기,비,교차로 - 교차로안,승용,남,64세,부상신고,승용,남,52세,경상
2020061800100587,2020년 6월 18일 21시,목요일,경상남도 창원시 진해구 용원동,경상사고,0,0,1,0,차대차 - 측면충돌,안전운전불이행,젖음/습기,비,교차로 - 교차로안,승용,남,60세,상해없음,원동기,남,17세,경상
2020061800100588,2020년 6월 18일 21시,목요일,경상남도 양산시 남부동,경상사고,0,0,1,0,차대차 - 기타,안전거리미확보,젖음/습기,맑음,단일로 - 기타,승용,남,24세,상해없음,이륜,남,23세,경상
2020061800100589,2020년 6월 18일 21시,목요일,경상남도 거제시 사등면,중상사고,0,1,0,0,차대사람 - 차도통행중,안전운전불이행,젖음/습기,흐림,단일로 - 기타,승용,여,50세,상해없음,보행자,남,48세,중상
2020061800100590,2020년 6월 18일 21시,목요일,경상남도 함안군 칠서면,중상사고,0,1,0,0,차대차 - 측면충돌,안전운전불이행,건조,맑음,단일로 - 기타,승용,남,40세,상해없음,승용,남,36세,상해없음
2020061800100613,2020년 6월 18일 22시,목요일,경상남도 창원시 마산합포구 상남동,경상사고,0,0,4,0,차대차 - 측면충돌,신호위반,건조,맑음,교차로 - 교차로안,승용,여,45세,상해없음,승용,남,54세,경상
2020061800100614,2020년 6월 18일 22시,목요일,경상남도 김해시 삼계동,경상사고,0,0,1,0,차대차 - 측면충돌,안전운전불이행,젖음/습기,비,교차로 - 교차로횡단보도내,승용,남,61세,상해없음,자전거,여,51세,경상
2020061800100615,2020년 6월 18일 22시,목요일,경상남도 창원시 마산합포구 산호동,경상사고,0,0,1,0,차대차 - 정면충돌,중앙선침범,젖음/습기,비,교차로 - 교차로부근,승용,남,57세,상해없음,승용,남,54세,상해없음
2020061800100634,2020년 6월 18일 23시,목요일,경상남도 진주시 내동면,중상사고,0,3,0,0,차대차 - 정면충돌,중앙선침범,건조,맑음,단일로 - 기타,승용,남,44세,중상,승용,남,54세,중상
2020061900100020,2020년 6월 19일 01시,금요일,경상남도 진주시 칠암동,경상사고,0,0,1,0,차대사람 - 횡단중,안전운전불이행,젖음/습기,비,교차로 - 교차로부근,승용,남,51세,상해없음,보행자,남,23세,경상
2020061900100046,2020년 6월 19일 05시,금요일,경상남도 통영시 항남동,중상사고,0,1,0,0,차대차 - 기타,교차로운행방법위반,젖음/습기,비,교차로 - 교차로안,이륜,여,58세,중상,승용,남,68세,상해없음
2020061900100047,2020년 6월 19일 05시,금요일,경상남도 밀양시 하남읍,경상사고,0,0,1,0,차대차 - 추돌,안전거리미확보,건조,맑음,단일로 - 기타,화물,남,60세,상해없음,승용,남,47세,경상
2020061900100064,2020년 6월 19일 06시,금요일,경상남도 김해시 진영읍,중상사고,0,1,0,0,차대차 - 추돌,안전운전불이행,젖음/습기,흐림,단일로 - 기타,승용,남,40세,상해없음,화물,남,66세,중상
2020061900100091,2020년 6월 19일 07시,금요일,경상남도 진주시 신안동,경상사고,0,0,1,0,차대사람 - 횡단중,보행자보호의무위반,젖음/습기,비,교차로 - 교차로횡단보도내,기타불명,기타불명,미분류,기타불명,보행자,여,81세,경상
2020061900100126,2020년 6월 19일 08시,금요일,경상남도 창원시 마산합포구 월영동,중상사고,0,1,0,0,차대차 - 측면충돌,안전거리미확보,젖음/습기,흐림,단일로 - 기타,승용,남,43세,상해없음,승용,남,31세,중상
2020061900100127,2020년 6월 19일 08시,금요일,경상남도 진주시 평거동,중상사고,0,1,0,0,차대차 - 측면충돌,교차로운행방법위반,건조,맑음,교차로 - 교차로안,승용,여,40세,상해없음,승용,여,36세,중상
2020061900100128,2020년 6월 19일 08시,금요일,경상남도 창원시 진해구 석동,중상사고,0,1,0,0,차대차 - 측면충돌,신호위반,젖음/습기,흐림,교차로 - 교차로안,승용,남,26세,상해없음,이륜,남,39세,중상
2020061900100129,2020년 6월 19일 08시,금요일,경상남도 합천군 용주면,중상사고,0,1,0,0,차대차 - 측면충돌,안전운전불이행,건조,맑음,교차로 - 교차로안,농기계,남,81세,중상,화물,남,63세,상해없음
2020061900100130,2020년 6월 19일 08시,금요일,경상남도 양산시 소주동,경상사고,0,0,1,0,차대차 - 측면충돌,교차로운행방법위반,젖음/습기,비,교차로 - 교차로안,자전거,여,24세,경상,화물,남,53세,상해없음
2020061900100131,2020년 6월 19일 08시,금요일,경상남도 산청군 시천면,경상사고,0,0,1,0,차대사람 - 기타,안전운전불이행,건조,맑음,기타 - 기타,승용,남,40세,상해없음,보행자,남,84세,경상
2020061900100155,2020년 6월 19일 09시,금요일,경상남도 사천시 좌룡동,중상사고,0,1,0,0,차대사람 - 횡단중,신호위반,건조,맑음,교차로 - 교차로안,승용,여,64세,상해없음,보행자,남,46세,중상
2020061900100156,2020년 6월 19일 09시,금요일,경상남도 밀양시 삼랑진읍,중상사고,0,1,0,0,차대사람 - 횡단중,안전운전불이행,건조,맑음,단일로 - 기타,승용,여,26세,상해없음,보행자,여,77세,중상
2020061900100194,2020년 6월 19일 10시,금요일,경상남도 창원시 마산합포구 중앙동2가,경상사고,0,0,1,0,차대차 - 기타,안전운전불이행,건조,맑음,단일로 - 기타,승용,여,64세,상해없음,이륜,남,45세,경상
2020061900100195,2020년 6월 19일 10시,금요일,경상남도 거제시 연초면,중상사고,0,1,1,0,차대차 - 추돌,안전거리미확보,건조,맑음,단일로 - 기타,승용,여,52세,경상,화물,남,40세,중상
2020061900100236,2020년 6월 19일 11시,금요일,경상남도 함양군 함양읍,부상신고사고,0,0,0,1,차대차 - 측면충돌,안전운전불이행,건조,맑음,단일로 - 기타,승용,남,63세,부상신고,화물,남,45세,기타불명
2020061900100237,2020년 6월 19일 11시,금요일,경상남도 김해시 풍유동,중상사고,0,1,0,0,차대차 - 측면충돌,안전운전불이행,건조,맑음,교차로 - 교차로안,승용,남,72세,상해없음,승용,여,56세,중상
2020061900100281,2020년 6월 19일 12시,금요일,경상남도 사천시 동동,중상사고,0,1,1,1,차대차 - 정면충돌,직진우회전진행방해,건조,맑음,교차로 - 교차로안,승용,남,64세,경상,승용,여,64세,중상
2020061900100282,2020년 6월 19일 12시,금요일,경상남도 김해시 진영읍,경상사고,0,0,1,0,차대사람 - 기타,안전운전불이행,건조,맑음,교차로 - 교차로안,승용,여,29세,상해없음,보행자,남,68세,경상
2020061900100283,2020년 6월 19일 12시,금요일,경상남도 김해시 부곡동,경상사고,0,0,1,0,차대차 - 측면충돌,안전운전불이행,건조,맑음,교차로 - 교차로안,이륜,남,49세,경상,화물,남,44세,상해없음
2020061900100318,2020년 6월 19일 13시,금요일,경상남도 창원시 마산합포구 진북면,경상사고,0,0,1,0,차대사람 - 기타,교차로운행방법위반,건조,맑음,교차로 - 교차로안,승용,여,51세,상해없음,보행자,남,69세,경상