사고번호,사고일시,요일,시군구,사고내용,사망자수,중상자수,경상자수,부상신고자수,사고유형,법규위반,노면상태,기상상태,도로형태,가해운전자 차종,가해운전자 성별,가해운전자 연령,가해운전자 상해정도,피해운전자 차종,피해운전자 성별,피해운전자 연령,피해운전자 상해정도
2020062200100591,2020년 6월 22일 18시,월요일,경상남도 김해시 화목동,경상사고,0,0,2,0,차대차 - 측면충돌,안전거리미확보,건조,맑음,단일로 - 기타,승용,남,38세,상해없음,화물,남,61세,경상
2020062200100632,2020년 6월 22일 19시,월요일,경상남도 진주시 가좌동,중상사고,0,1,0,0,차대차 - 측면충돌,안전운전불이행,건조,맑음,교차로 - 교차로안,승용,여,43세,상해없음,이륜,남,22세,중상
2020062200100633,2020년 6월 22일 19시,월요일,경상남도 창녕군 남지읍,중상사고,0,2,1,0,차대차 - 측면충돌,직진우회전진행방해,건조,맑음,교차로 - 교차로안,승용,여,27세,경상,화물,남,69세,중상
2020062200100634,2020년 6월 22일 19시,월요일,경상남도 고성군 고성읍,경상사고,0,0,1,0,차대차 - 측면충돌,안전운전불이행,건조,맑음,교차로 - 교차로안,화물,남,55세,상해없음,자전거,남,10세,경상
2020062200100635,2020년 6월 22일 19시,월요일,경상남도 거제시 장평동,경상사고,0,0,1,0,차대차 - 기타,안전운전불이행,건조,맑음,단일로 - 기타,자전거,남,25세,경상,승용,남,41세,상해없음
2020062200100636,2020년 6월 22일 19시,월요일,경상남도 김해시 부곡동,중상사고,0,1,0,0,차대사람 - 길가장자리구역통행중,안전운전불이행,건조,맑음,단일로 - 기타,승용,여,40세,상해없음,보행자,남,62세,중상
2020062200100661,2020년 6월 22일 20시,월요일,경상남도 하동군 화개면,중상사고,0,1,0,0,차대사람 - 기타,안전운전불이행,건조,맑음,단일로 - 기타,승용,여,53세,상해없음,보행자,여,67세,중상
2020062200100662,2020년 6월 22일 20시,월요일,경상남도 창원시 의창구 대산면,경상사고,0,0,2,0,차대차 - 추돌,안전운전불이행,건조,맑음,교차로 - 교차로안,화물,남,53세,상해없음,화물,여,58세,경상
2020062200100693,2020년 6월 22일 21시,월요일,경상남도 김해시 부원동,경상사고,0,0,1,0,차대사람 - 기타,안전운전불이행,건조,맑음,단일로 - 기타,승합,남,35세,상해없음,보행자,남,49세,경상
2020062200100694,2020년 6월 22일 21시,월요일,경상남도 거제시 고현동,경상사고,0,0,1,0,차대차 - 기타,안전운전불이행,건조,맑음,단일로 - 기타,이륜,남,47세,경상,승용,여,50세,상해없음
2020062200100735,2020년 6월 22일 23시,월요일,경상남도 창녕군 대합면,경상사고,0,0,2,0,차대차 - 측면충돌,안전거리미확보,건조,맑음,단일로 - 기타,화물,남,58세,상해없음,승용,여,25세,경상
2020062200100736,2020년 6월 22일 23시,월요일,경상남도 양산시 상북면,중상사고,0,1,0,0,차대차 - 측면충돌,신호위반,건조,맑음,교차로 - 교차로안,승용,여,61세,상해없음,승용,여,33세,중상
2020062300100020,2020년 6월 23일 01시,화요일,경상남도 김해시 관동동,중상사고,0,1,0,0,차량단독 - 공작물충돌,안전운전불이행,건조,맑음,교차로 - 교차로부근,승용,남,72세,중상,,,,
2020062300100046,2020년 6월 23일 05시,화요일,경상남도 밀양시 하남읍,중상사고,0,1,0,0,차대차 - 기타,안전운전불이행,건조,맑음,교차로 - 교차로부근,화물,남,61세,중상,화물,남,47세,기타불명
2020062300100057,2020년 6월 23일 06시,화요일,경상남도 진주시 상대동,중상사고,0,1,0,0,차대사람 - 횡단중,보행자보호의무위반,건조,맑음,단일로 - 기타,승용,여,62세,상해없음,보행자,여,78세,중상
2020062300100088,2020년 6월 23일 07시,화요일,경상남도 밀양시 하남읍,경상사고,0,0,1,0,차대차 - 측면충돌,안전운전불이행,건조,맑음,교차로 - 교차로부근,화물,남,54세,상해없음,화물,남,71세,경상
2020062300100089,2020년 6월 23일 07시,화요일,경상남도 김해시 어방동,경상사고,0,0,1,0,차대차 - 측면충돌,안전운전불이행,건조,맑음,단일로 - 기타,승용,남,29세,상해없음,자전거,남,38세,경상
2020062300100090,2020년 6월 23일 07시,화요일,경상남도 양산시 중부동,중상사고,0,1,0,0,차대차 - 측면충돌,안전운전불이행,건조,맑음,교차로 - 교차로부근,승용,여,42세,상해없음,자전거,여,67세,중상
2020062300100091,2020년 6월 23일 07시,화요일,경상남도 김해시 흥동,경상사고,0,0,1,0,차대차 - 측면충돌,안전운전불이행,건조,맑음,단일로 - 기타,승용,여,38세,상해없음,이륜,남,62세,경상
2020062300100092,2020년 6월 23일 07시,화요일,경상남도 창원시 마산회원구 회성동,경상사고,0,0,1,0,차대차 - 추돌,안전거리미확보,건조,맑음,단일로 - 기타,승용,남,32세,상해없음,화물,남,38세,경상
2020062300100136,2020년 6월 23일 08시,화요일,경상남도 밀양시 내이동,경상사고,0,0,1,2,차대차 - 측면충돌,신호위반,건조,맑음,교차로 - 교차로안,승용,여,42세,상해없음,승용,남,65세,경상
2020062300100137,2020년 6월 23일 08시,화요일,경상남도 합천군 가야면,경상사고,0,0,2,0,차대사람 - 차도통행중,안전운전불이행,건조,맑음,단일로 - 기타,원동기,남,21세,경상,보행자,여,8세,경상
2020062300100138,2020년 6월 23일 08시,화요일,경상남도 합천군 쌍백면,중상사고,0,1,0,0,차대차 - 측면충돌,안전운전불이행,건조,맑음,단일로 - 기타,자전거,남,20세,중상,승용,남,49세,기타불명
2020062300100184,2020년 6월 23일 09시,화요일,경상남도 창원시 진해구 장천동,경상사고,0,0,2,0,차대차 - 추돌,안전운전불이행,건조,맑음,단일로 - 기타,승용,남,67세,상해없음,승용,남,43세,경상
2020062300100222,2020년 6월 23일 10시,화요일,경상남도 창원시 마산합포구 진전면,중상사고,0,1,1,0,차대차 - 기타,안전운전불이행,건조,맑음,단일로 - 기타,화물,남,63세,경상,승용,여,59세,상해없음
2020062300100223,2020년 6월 23일 10시,화요일,경상남도 통영시 무전동,경상사고,0,0,1,0,차대차 - 측면충돌,안전운전불이행,건조,맑음,교차로 - 교차로부근,승용,남,69세,상해없음,승용,남,59세,경상
2020062300100247,2020년 6월 23일 11시,화요일,경상남도 김해시 장유동,경상사고,0,0,2,0,차대차 - 기타,안전운전불이행,건조,맑음,주차장 - 주차장,화물,남,62세,상해없음,승용,남,39세,경상
2020062300100270,2020년 6월 23일 11시,화요일,경상남도 거제시 사등면,경상사고,0,0,3,0,차대차 - 추돌,안전거리미확보,건조,맑음,단일로 - 기타,승용,남,61세,상해없음,화물,남,61세,경상
2020062300100271,2020년 6월 23일 11시,화요일,경상남도 산청군 단성면,경상사고,0,0,3,2,차대차 - 측면충돌,중앙선침범,건조,맑음,단일로 - 기타,화물,남,60세,상해없음,승용,여,35세,경상
2020062300100272,2020년 6월 23일 11시,화요일,경상남도 김해시 관동동,중상사고,0,1,1,0,차대차 - 측면충돌,안전운전불이행,건조,맑음,교차로 - 교차로안,승용,여,68세,경상,화물,남,60세,중상
2020062300100293,2020년 6월 23일 12시,화요일,경상남도 김해시 불암동,경상사고,0,0,1,0,차대차 - 추돌,안전운전불이행,건조,맑음,단일로 - 터널,승용,남,23세,상해없음,승용,남,28세,경상
2020062300100305,2020년 6월 23일 12시,화요일,경상남도 합천군 삼가면,중상사고,0,2,0,0,차량단독 - 도로외이탈 - 기타,안전운전불이행,건조,맑음,단일로 - 기타,화물,남,80세,중상,,,,
2020062300100306,2020년 6월 23일 12시,화요일,경상남도 양산시 덕계동,중상사고,0,4,0,0,차량단독 - 기타,안전운전불이행,건조,맑음,주차장 - 주차장,승합,남,76세,중상,,,,
2020062300100307,2020년 6월 23일 12시,화요일,경상남도 창원시 마산회원구 합성동,경상사고,0,0,3,0,차대차 - 측면충돌,신호위반,건조,맑음,교차로 - 교차로안,승용,남,74세,상해없음,승용,남,58세,경상
2020062300100325,2020년 6월 23일 13시,화요일,경상남도 양산시 중부동,중상사고,0,1,0,0,차대차 - 기타,중앙선침범,건조,맑음,단일로 - 기타,승용,남,30세,상해없음,원동기,남,49세,중상
2020062300100357,2020년 6월 23일 14시,화요일,경상남도 창녕군 창녕읍,경상사고,0,0,3,0,차대차 - 측면충돌,안전운전불이행,건조,맑음,교차로 - 교차로안,승용,여,53세,경상,승용,남,32세,경상
2020062300100358,2020년 6월 23일 14시,화요일,경상남도 거제시 아주동,중상사고,0,1,0,0,차대차 - 기타,중앙선침범,건조,맑음,교차로 - 교차로부근,승용,남,52세,상해없음,승용,남,41세,중상
2020062300100392,2020년 6월 23일 15시,화요일,경상남도 김해시 봉황동,중상사고,0,1,0,0,차대사람 - 기타,중앙선침범,건조,맑음,교차로 - 교차로부근,승용,여,46세,상해없음,보행자,남,4세,중상
2020062300100394,2020년 6월 23일 15시,화요일,경상남도 하동군 화개면,중상사고,0,3,1,0,차대차 - 정면충돌,중앙선침범,건조,맑음,단일로 - 기타,화물,남,65세,경상,승용,여,61세,중상
2020062300100428,2020년 6월 23일 16시,화요일,경상남도 창원시 진해구 대흥동,경상사고,0,0,4,0,차대차 - 측면충돌,직진우회전진행방해,건조,맑음,교차로 - 교차로안,승용,여,33세,상해없음,화물,남,57세,경상
2020062300100429,2020년 6월 23일 16시,화요일,경상남도 하동군 고전면,경상사고,0,0,1,0,차대차 - 기타,안전거리미확보,건조,맑음,단일로 - 기타,승용,남,68세,상해없음,승용,여,36세,경상
2020062300100430,2020년 6월 23일 16시,화요일,경상남도 거제시 문동동,경상사고,0,0,1,0,차대사람 - 기타,안전운전불이행,건조,맑음,단일로 - 기타,화물,남,31세,상해없음,보행자,여,11세,경상
2020062300100477,2020년 6월 23일 17시,화요일,경상남도 진주시 금산면,사망사고,1,0,0,0,차대차 - 측면충돌,안전거리미확보,건조,맑음,단일로 - 기타,승합,남,58세,상해없음,원동기,남,69세,사망
2020062300100478,2020년 6월 23일 17시,화요일,경상남도 김해시 외동,중상사고,0,1,0,0,차대차 - 측면충돌,안전운전불이행,건조,맑음,단일로 - 기타,승용,여,40세,상해없음,원동기,남,57세,중상
2020062300100530,2020년 6월 23일 18시,화요일,경상남도 창녕군 창녕읍,중상사고,0,1,0,0,차대차 - 측면충돌,안전운전불이행,건조,맑음,교차로 - 교차로안,승용,남,63세,상해없음,승용,여,61세,중상
2020062300100531,2020년 6월 23일 18시,화요일,경상남도 창녕군 유어면,중상사고,0,1,0,0,차대차 - 기타,안전운전불이행,건조,맑음,단일로 - 기타,승합,남,55세,상해없음,이륜,남,78세,중상
2020062300100570,2020년 6월 23일 19시,화요일,경상남도 창원시 마산합포구 서성동,경상사고,0,0,1,0,차대차 - 기타,신호위반,건조,맑음,교차로 - 교차로안,승용,여,25세,상해없음,승합,남,49세,상해없음
2020062300100571,2020년 6월 23일 19시,화요일,경상남도 양산시 물금읍,중상사고,0,1,0,0,차대차 - 기타,신호위반,건조,맑음,교차로 - 교차로안,승용,남,40세,상해없음,원동기,남,40세,중상
2020062300100610,2020년 6월 23일 20시,화요일,경상남도 양산시 물금읍,경상사고,0,0,3,0,차대차 - 기타,신호위반,건조,맑음,교차로 - 교차로안,승용,여,57세,기타불명,승합,남,48세,상해없음
2020062300100611,2020년 6월 23일 20시,화요일,경상남도 거제시 아주동,경상사고,0,0,2,0,차대차 - 추돌,안전운전불이행,건조,맑음,교차로 - 교차로부근,승용,여,46세,상해없음,승용,여,38세,경상
2020062300100647,2020년 6월 23일 21시,화요일,경상남도 밀양시 산외면,경상사고,0,0,1,0,차대차 - 측면충돌,안전운전불이행,건조,흐림,교차로 - 교차로안,승용,남,63세,상해없음,승용,남,42세,경상
2020062400100007,2020년 6월 24일 00시,수요일,경상남도 김해시 삼계동,부상신고사고,0,0,0,1,차대사람 - 횡단중,안전운전불이행,건조,맑음,단일로 - 기타,승용,남,50세,상해없음,보행자,남,35세,부상신고
2020062400100049,2020년 6월 24일 05시,수요일,경상남도 하동군 화개면,중상사고,0,1,0,0,차대차 - 추돌,기타,건조,맑음,교차로 - 교차로안,화물,남,64세,상해없음,기타불명,남,81세,중상
2020062400100080,2020년 6월 24일 07시,수요일,경상남도 김해시 어방동,중상사고,0,1,0,0,차대차 - 측면충돌,안전운전불이행,건조,맑음,교차로 - 교차로안,승용,남,22세,상해없음,승용,여,51세,중상
2020062400100081,2020년 6월 24일 07시,수요일,경상남도 창원시 의창구 동읍,경상사고,0,0,1,0,차대차 - 추돌,안전운전불이행,기타,흐림,교차로 - 교차로부근,승용,남,41세,기타불명,승용,남,39세,경상
2020062400100119,2020년 6월 24일 08시,수요일,경상남도 창녕군 계성면,중상사고,0,1,0,0,차대차 - 측면충돌,신호위반,건조,맑음,교차로 - 교차로안,승용,여,52세,상해없음,이륜,남,79세,중상
2020062400100121,2020년 6월 24일 08시,수요일,경상남도 함안군 가야읍,중상사고,0,3,0,0,차대차 - 기타,신호위반,건조,맑음,교차로 - 교차로안,화물,남,63세,상해없음,승용,여,37세,중상
2020062400100122,2020년 6월 24일 08시,수요일,경상남도 창원시 마산회원구 양덕동,중상사고,0,1,2,0,차대차 - 기타,중앙선침범,건조,맑음,단일로 - 기타,승용,남,63세,상해없음,승용,여,70세,중상
2020062400100123,2020년 6월 24일 08시,수요일,경상남도 김해시 율하동,경상사고,0,0,1,0,차대차 - 추돌,안전운전불이행,건조,맑음,단일로 - 기타,승용,남,21세,상해없음,승용,남,47세,경상
2020062400100155,2020년 6월 24일 09시,수요일,경상남도 창원시 진해구 경화동,경상사고,0,0,1,0,차대차 - 측면충돌,안전운전불이행,건조,맑음,교차로 - 교차로안,이륜,남,78세,경상,승용,여,56세,상해없음
2020062400100240,2020년 6월 24일 12시,수요일,경상남도 양산시 물금읍,경상사고,0,0,1,0,차대차 - 측면충돌,안전운전불이행,건조,맑음,단일로 - 기타,승용,남,34세,상해없음,자전거,남,27세,경상
2020062400100241,2020년 6월 24일 12시,수요일,경상남도 양산시 물금읍,경상사고,0,0,1,0,차대차 - 기타,안전거리미확보,건조,맑음,단일로 - 기타,승용,남,63세,상해없음,승용,남,50세,경상
2020062400100242,2020년 6월 24일 12시,수요일,경상남도 창원시 의창구 북면,중상사고,0,1,0,0,차대사람 - 횡단중,안전운전불이행,건조,맑음,단일로 - 기타,승용,여,30세,상해없음,보행자,여,35세,중상
2020062400100243,2020년 6월 24일 12시,수요일,경상남도 김해시 화목동,경상사고,0,0,1,0,차대차 - 측면충돌,안전운전불이행,건조,맑음,교차로 - 교차로부근,원동기,여,63세,경상,승용,남,80세,상해없음
2020062400100266,2020년 6월 24일 13시,수요일,경상남도 거제시 능포동,중상사고,0,1,0,0,차대사람 - 보도통행중,보행자보호의무위반,건조,맑음,교차로 - 교차로안,화물,남,68세,상해없음,보행자,여,65세,중상
2020062400100267,2020년 6월 24일 13시,수요일,경상남도 창원시 성산구 신촌동,중상사고,0,1,0,0,차대차 - 측면충돌,교차로운행방법위반,건조,맑음,교차로 - 교차로안,화물,남,63세,상해없음,화물,남,39세,중상
2020062400100268,2020년 6월 24일 13시,수요일,경상남도 창원시 의창구 명서동,경상사고,0,0,1,0,차대차 - 측면충돌,안전운전불이행,건조,맑음,교차로 - 교차로안,승용,남,61세,상해없음,승용,여,33세,경상
2020062400100309,2020년 6월 24일 14시,수요일,경상남도 진주시 칠암동,경상사고,0,0,1,0,차대사람 - 횡단중,안전운전불이행,젖음/습기,비,교차로 - 교차로안,승용,여,58세,상해없음,보행자,여,66세,경상
2020062400100310,2020년 6월 24일 14시,수요일,경상남도 김해시 봉황동,중상사고,0,1,2,0,차대차 - 추돌,안전운전불이행,건조,흐림,교차로 - 교차로부근,승용,여,59세,상해없음,승용,여,52세,중상
2020062400100311,2020년 6월 24일 14시,수요일,경상남도 의령군 부림면,중상사고,0,2,0,0,차대차 - 측면충돌,중앙선침범,젖음/습기,비,단일로 - 기타,화물,남,73세,중상,화물,남,27세,중상
2020062400100356,2020년 6월 24일 15시,수요일,경상남도 거창군 거창읍,경상사고,0,0,2,0,차대차 - 기타,신호위반,젖음/습기,비,교차로 - 교차로안,자전거,남,89세,경상,승용,남,58세,경상
2020062400100392,2020년 6월 24일 16시,수요일,경상남도 사천시 용현면,경상사고,0,0,1,0,차대차 - 측면충돌,신호위반,젖음/습기,비,교차로 - 교차로안,승합,남,55세,상해없음,승용,남,64세,경상
2020062400100393,2020년 6월 24일 16시,수요일,경상남도 사천시 서포면,중상사고,0,1,0,0,차량단독 - 공작물충돌,안전운전불이행,젖음/습기,비,단일로 - 기타,화물,남,59세,중상,,,,
2020062400100433,2020년 6월 24일 17시,수요일,경상남도 고성군 하이면,경상사고,0,0,2,0,차대차 - 측면충돌,신호위반,건조,맑음,교차로 - 교차로안,승용,남,39세,상해없음,화물,남,27세,경상
2020062400100434,2020년 6월 24일 17시,수요일,경상남도 산청군 단성면,중상사고,0,1,0,0,차대차 - 측면충돌,안전운전불이행,젖음/습기,비,단일로 - 기타,화물,남,52세,상해없음,승용,남,50세,중상
2020062400100480,2020년 6월 24일 18시,수요일,경상남도 양산시 삼호동,중상사고,0,1,0,0,차대차 - 측면충돌,중앙선침범,젖음/습기,비,단일로 - 기타,자전거,남,43세,중상,승용,여,22세,상해없음
2020062400100481,2020년 6월 24일 18시,수요일,경상남도 김해시 전하동,중상사고,0,2,0,0,차대차 - 측면충돌,안전운전불이행,젖음/습기,비,교차로 - 교차로안,원동기,남,32세,중상,승용,남,58세,중상
2020062400100531,2020년 6월 24일 19시,수요일,경상남도 밀양시 삼문동,경상사고,0,0,2,0,차대차 - 추돌,안전운전불이행,건조,맑음,단일로 - 기타,승용,남,45세,상해없음,승용,남,27세,경상
2020062400100532,2020년 6월 24일 19시,수요일,경상남도 밀양시 삼문동,중상사고,0,2,2,0,차대차 - 추돌,안전운전불이행,건조,맑음,단일로 - 기타,승용,남,68세,상해없음,승용,남,55세,중상
2020062400100533,2020년 6월 24일 19시,수요일,경상남도 함안군 가야읍,경상사고,0,0,1,0,차대사람 - 횡단중,보행자보호의무위반,젖음/습기,비,교차로 - 교차로횡단보도내,승합,남,58세,상해없음,보행자,여,54세,경상
2020062400100534,2020년 6월 24일 19시,수요일,경상남도 김해시 대청동,경상사고,0,0,1,2,차대차 - 추돌,안전거리미확보,젖음/습기,비,단일로 - 터널,승용,남,32세,경상,승용,남,51세,부상신고
2020062400100535,2020년 6월 24일 19시,수요일,경상남도 김해시 대청동,경상사고,0,0,4,0,차대차 - 추돌,안전거리미확보,젖음/습기,비,단일로 - 터널,화물,남,55세,경상,승용,남,54세,경상
2020062400100536,2020년 6월 24일 19시,수요일,경상남도 김해시 대청동,중상사고,0,1,4,0,차대차 - 추돌,안전운전불이행,젖음/습기,비,단일로 - 기타,승용,남,25세,경상,승용,여,36세,경상
2020062400100573,2020년 6월 24일 20시,수요일,경상남도 창원시 마산합포구 해운동,경상사고,0,0,2,0,차대차 - 측면충돌,안전운전불이행,젖음/습기,비,교차로 - 교차로안,승용,남,70세,상해없음,이륜,남,52세,경상
2020062400100574,2020년 6월 24일 20시,수요일,경상남도 사천시 사천읍,경상사고,0,0,1,0,차대차 - 측면충돌,직진우회전진행방해,젖음/습기,비,교차로 - 교차로안,승용,남,60세,경상,승용,남,36세,상해없음
2020062400100575,2020년 6월 24일 20시,수요일,경상남도 거제시 장목면,경상사고,0,0,1,0,차량단독 - 공작물충돌,안전운전불이행,젖음/습기,비,단일로 - 기타,승용,남,47세,경상,,,,
2020062400100576,2020년 6월 24일 20시,수요일,경상남도 창원시 의창구 도계동,중상사고,0,1,0,0,차대차 - 측면충돌,안전운전불이행,젖음/습기,비,교차로 - 교차로부근,승용,남,69세,상해없음,승합,남,50세,중상
2020062400100577,2020년 6월 24일 20시,수요일,경상남도 김해시 율하동,중상사고,0,1,0,0,차대차 - 정면충돌,신호위반,젖음/습기,비,교차로 - 교차로안,승합,남,72세,상해없음,승용,남,33세,중상
2020062400100611,2020년 6월 24일 21시,수요일,경상남도 통영시 용남면,경상사고,0,0,2,0,차대차 - 기타,안전운전불이행,젖음/습기,비,단일로 - 기타,승용,남,67세,상해없음,승용,남,46세,경상
2020062400100612,2020년 6월 24일 21시,수요일,경상남도 김해시 상동면,중상사고,0,1,1,0,차대차 - 추돌,신호위반,젖음/습기,비,교차로 - 교차로안,화물,남,47세,상해없음,승용,남,58세,중상
2020062400100613,2020년 6월 24일 21시,수요일,경상남도 창녕군 계성면,경상사고,0,0,1,0,차대차 - 기타,안전운전불이행,젖음/습기,비,교차로 - 교차로부근,승용,남,50세,상해없음,승용,남,53세,경상
2020062400100614,2020년 6월 24일 21시,수요일,경상남도 창원시 마산회원구 봉암동,경상사고,0,0,3,0,차대차 - 기타,중앙선침범,젖음/습기,비,교차로 - 교차로부근,승용,남,35세,상해없음,승용,남,59세,경상
2020062400100661,2020년 6월 24일 22시,수요일,경상남도 밀양시 삼문동,중상사고,0,1,0,0,차대차 - 측면충돌,안전운전불이행,젖음/습기,비,교차로 - 교차로안,승용,여,26세,상해없음,승용,남,42세,중상
2020062400100662,2020년 6월 24일 22시,수요일,경상남도 창원시 성산구 상남동,경상사고,0,0,2,0,차대사람 - 기타,안전운전불이행,젖음/습기,비,단일로 - 기타,이륜,남,33세,경상,보행자,남,65세,경상
2020062500100027,2020년 6월 25일 00시,목요일,경상남도 진주시 신안동,중상사고,0,1,0,0,차대차 - 측면충돌,직진우회전진행방해,젖음/습기,비,교차로 - 교차로안,승용,남,32세,상해없음,이륜,남,45세,중상
2020062500100028,2020년 6월 25일 00시,목요일,경상남도 김해시 삼계동,중상사고,0,1,1,0,차대차 - 추돌,중앙선침범,젖음/습기,비,단일로 - 기타,승용,남,44세,상해없음,승용,남,58세,경상
2020062500100029,2020년 6월 25일 00시,목요일,경상남도 창원시 의창구 북면,경상사고,0,0,2,0,차대차 - 기타,안전거리미확보,젖음/습기,비,기타 - 기타,승용,남,34세,상해없음,승용,남,43세,경상
2020062500100072,2020년 6월 25일 04시,목요일,경상남도 김해시 삼방동,중상사고,0,1,0,0,차대사람 - 횡단중,보행자보호의무위반,젖음/습기,비,교차로 - 교차로횡단보도내,승합,남,61세,상해없음,보행자,남,78세,중상
2020062500100106,2020년 6월 25일 07시,목요일,경상남도 창녕군 계성면,중상사고,0,1,0,0,차대차 - 측면충돌,중앙선침범,건조,맑음,교차로 - 교차로안,승용,여,47세,상해없음,승용,여,36세,중상
2020062500100145,2020년 6월 25일 08시,목요일,경상남도 함양군 함양읍,중상사고,0,1,0,0,차대사람 - 횡단중,안전운전불이행,건조,맑음,단일로 - 지하차도(도로)내,승용,여,37세,상해없음,보행자,남,66세,중상
2020062500100146,2020년 6월 25일 08시,목요일,경상남도 양산시 용당동,경상사고,0,0,2,0,차대차 - 측면충돌,안전운전불이행,건조,맑음,단일로 - 기타,승용,여,27세,상해없음,승용,여,62세,경상
2020062500100147,2020년 6월 25일 08시,목요일,경상남도 창원시 의창구 북면,경상사고,0,0,1,0,차대차 - 측면충돌,신호위반,젖음/습기,비,교차로 - 교차로안,승용,여,49세,상해없음,승용,남,27세,경상
2020062500100167,2020년 6월 25일 09시,목요일,경상남도 함안군 군북면,중상사고,0,1,0,0,차대차 - 기타,교차로운행방법위반,건조,맑음,교차로 - 교차로부근,승용,남,57세,상해없음,이륜,남,55세,중상
2020062500100231,2020년 6월 25일 11시,목요일,경상남도 사천시 사천읍,중상사고,0,1,1,0,차대차 - 측면충돌,교차로운행방법위반,건조,흐림,교차로 - 교차로안,화물,남,65세,경상,승용,여,18세,중상
2020062500100232,2020년 6월 25일 11시,목요일,경상남도 김해시 부곡동,중상사고,0,1,0,0,차대차 - 측면충돌,안전운전불이행,건조,맑음,교차로 - 교차로안,승용,여,54세,상해없음,승용,여,44세,중상
2020062500100256,2020년 6월 25일 12시,목요일,경상남도 사천시 용현면,경상사고,0,0,1,1,차대차 - 추돌,안전운전불이행,젖음/습기,비,교차로 - 교차로부근,승용,여,55세,상해없음,승용,여,39세,부상신고
2020062500100257,2020년 6월 25일 12시,목요일,경상남도 의령군 가례면,중상사고,0,1,0,0,차대차 - 기타,안전운전불이행,건조,맑음,교차로 - 교차로안,화물,남,48세,상해없음,자전거,남,67세,중상
2020062500100258,2020년 6월 25일 12시,목요일,경상남도 김해시 진영읍,경상사고,0,0,1,0,차대차 - 기타,안전운전불이행,젖음/습기,비,단일로 - 기타,이륜,여,73세,경상,승용,여,48세,상해없음
2020062500100283,2020년 6월 25일 13시,목요일,경상남도 김해시 어방동,경상사고,0,0,1,0,차대차 - 측면충돌,교차로운행방법위반,젖음/습기,비,교차로 - 교차로안,화물,남,67세,상해없음,승용,남,29세,경상
2020062500100284,2020년 6월 25일 13시,목요일,경상남도 양산시 중부동,부상신고사고,0,0,0,1,차대차 - 기타,직진우회전진행방해,젖음/습기,비,교차로 - 교차로안,이륜,남,28세,부상신고,승용,남,35세,상해없음
2020062500100350,2020년 6월 25일 15시,목요일,경상남도 사천시 축동면,경상사고,0,0,1,0,차대차 - 측면충돌,직진우회전진행방해,젖음/습기,비,교차로 - 교차로안,화물,남,46세,상해없음,화물,남,63세,경상
2020062500100351,2020년 6월 25일 15시,목요일,경상남도 밀양시 가곡동,중상사고,0,1,0,0,차대차 - 측면충돌,교차로운행방법위반,건조,맑음,교차로 - 교차로안,승용,남,76세,상해없음,자전거,여,50세,중상
2020062500100352,2020년 6월 25일 15시,목요일,경상남도 창원시 성산구 중앙동,부상신고사고,0,0,0,1,차대사람 - 차도통행중,안전운전불이행,젖음/습기,비,교차로 - 교차로부근,화물,남,71세,상해없음,보행자,남,46세,부상신고
2020062500100381,2020년 6월 25일 16시,목요일,경상남도 양산시 상북면,부상신고사고,0,0,0,1,차량단독 - 기타,안전운전불이행,건조,맑음,단일로 - 기타,승용,남,58세,부상신고,,,,
2020062500100415,2020년 6월 25일 17시,목요일,경상남도 김해시 상동면,경상사고,0,0,2,0,차대차 - 정면충돌,중앙선침범,젖음/습기,비,단일로 - 기타,승용,남,70세,경상,화물,남,57세,경상
2020062500100416,2020년 6월 25일 17시,목요일,경상남도 양산시 상북면,중상사고,0,1,0,0,차대차 - 추돌,안전운전불이행,건조,맑음,단일로 - 기타,승용,여,37세,상해없음,화물,남,54세,중상
2020062500100417,2020년 6월 25일 17시,목요일,경상남도 거제시 수월동,경상사고,0,0,1,0,차대차 - 추돌,안전거리미확보,기타,비,교차로 - 교차로부근,화물,남,64세,상해없음,승용,여,50세,경상
2020062500100481,2020년 6월 25일 19시,목요일,경상남도 양산시 중부동,경상사고,0,0,2,0,차대차 - 측면충돌,안전거리미확보,건조,맑음,단일로 - 기타,승용,남,59세,상해없음,승용,남,35세,경상
2020062500100482,2020년 6월 25일 19시,목요일,경상남도 창원시 성산구 사파동,중상사고,0,1,0,0,차대차 - 측면충돌,신호위반,젖음/습기,비,교차로 - 교차로안,승용,남,37세,상해없음,승용,남,29세,중상
2020062500100512,2020년 6월 25일 20시,목요일,경상남도 진주시 평거동,경상사고,0,0,1,0,차대사람 - 횡단중,보행자보호의무위반,젖음/습기,비,교차로 - 교차로횡단보도내,승용,남,54세,상해없음,보행자,여,71세,경상
2020062500100513,2020년 6월 25일 20시,목요일,경상남도 고성군 회화면,중상사고,0,2,2,0,차대차 - 추돌,안전운전불이행,젖음/습기,비,교차로 - 교차로부근,화물,남,64세,상해없음,승용,남,34세,중상
2020062500100514,2020년 6월 25일 20시,목요일,경상남도 창원시 의창구 동읍,경상사고,0,0,2,0,차대차 - 정면충돌,중앙선침범,젖음/습기,흐림,단일로 - 기타,승용,남,65세,상해없음,승용,여,27세,경상