사고번호,사고일시,요일,시군구,사고내용,사망자수,중상자수,경상자수,부상신고자수,사고유형,법규위반,노면상태,기상상태,도로형태,가해운전자 차종,가해운전자 성별,가해운전자 연령,가해운전자 상해정도,피해운전자 차종,피해운전자 성별,피해운전자 연령,피해운전자 상해정도
2020071400100155,2020년 7월 14일 09시,화요일,경상남도 김해시 삼문동,경상사고,0,0,3,0,차대차 - 측면충돌,안전운전불이행,젖음/습기,비,단일로 - 기타,승용,남,45세,상해없음,승용,여,25세,경상
2020071400100173,2020년 7월 14일 09시,화요일,경상남도 함안군 가야읍,경상사고,0,0,1,0,차대차 - 기타,안전운전불이행,젖음/습기,비,교차로 - 교차로안,승용,남,60세,상해없음,승용,여,58세,경상
2020071400100174,2020년 7월 14일 09시,화요일,경상남도 김해시 무계동,중상사고,0,1,0,0,차대차 - 측면충돌,안전운전불이행,젖음/습기,비,단일로 - 기타,승용,남,56세,상해없음,승용,남,64세,중상
2020071400100200,2020년 7월 14일 10시,화요일,경상남도 양산시 중부동,경상사고,0,0,1,0,차대사람 - 기타,보행자보호의무위반,건조,맑음,교차로 - 교차로안,승용,여,42세,상해없음,보행자,남,64세,경상
2020071400100201,2020년 7월 14일 10시,화요일,경상남도 양산시 북부동,경상사고,0,0,1,0,차대차 - 측면충돌,안전운전불이행,건조,맑음,단일로 - 기타,승용,남,74세,상해없음,자전거,남,23세,경상
2020071400100235,2020년 7월 14일 11시,화요일,경상남도 창원시 진해구 창선동,경상사고,0,0,1,0,차대차 - 기타,안전운전불이행,건조,맑음,교차로 - 교차로부근,화물,남,38세,상해없음,승용,여,36세,경상
2020071400100263,2020년 7월 14일 12시,화요일,경상남도 김해시 불암동,중상사고,0,2,1,0,차대차 - 기타,안전운전불이행,건조,맑음,교차로 - 교차로안,승용,남,38세,상해없음,승용,여,35세,경상
2020071400100264,2020년 7월 14일 12시,화요일,경상남도 김해시 외동,경상사고,0,0,1,0,차대차 - 기타,안전운전불이행,건조,맑음,교차로 - 교차로안,원동기,남,56세,경상,승용,남,55세,상해없음
2020071400100265,2020년 7월 14일 12시,화요일,경상남도 거제시 옥포동,경상사고,0,0,1,0,차대차 - 추돌,안전운전불이행,건조,맑음,교차로 - 교차로부근,승용,남,35세,상해없음,승용,여,46세,경상
2020071400100295,2020년 7월 14일 13시,화요일,경상남도 통영시 명정동,경상사고,0,0,1,0,차량단독 - 도로외이탈 - 추락,안전운전불이행,젖음/습기,비,단일로 - 기타,승용,남,68세,상해없음,,,,
2020071400100296,2020년 7월 14일 13시,화요일,경상남도 창녕군 창녕읍,부상신고사고,0,0,0,1,차대차 - 측면충돌,안전운전불이행,건조,맑음,단일로 - 기타,이륜,남,63세,부상신고,승용,여,50세,상해없음
2020071400100373,2020년 7월 14일 15시,화요일,경상남도 양산시 교동,사망사고,1,0,0,0,차대차 - 정면충돌,안전운전불이행,건조,맑음,단일로 - 기타,승용,남,40세,상해없음,자전거,남,69세,사망
2020071400100374,2020년 7월 14일 15시,화요일,경상남도 거제시 연초면,중상사고,0,1,0,0,차량단독 - 공작물충돌,안전운전불이행,건조,맑음,단일로 - 기타,승용,남,18세,상해없음,,,,
2020071400100409,2020년 7월 14일 16시,화요일,경상남도 거창군 거창읍,경상사고,0,0,1,0,차대차 - 기타,안전운전불이행,젖음/습기,비,교차로 - 교차로안,이륜,남,23세,경상,승용,여,50세,상해없음
2020071400100410,2020년 7월 14일 16시,화요일,경상남도 양산시 남부동,중상사고,0,1,0,1,차대차 - 추돌,과속,건조,맑음,교차로 - 교차로안,승용,여,36세,부상신고,승용,남,43세,중상
2020071400100411,2020년 7월 14일 16시,화요일,경상남도 창원시 마산회원구 회원동,경상사고,0,0,2,0,차대차 - 측면충돌,안전운전불이행,건조,흐림,단일로 - 기타,승용,여,58세,상해없음,승용,여,60세,경상
2020071400100446,2020년 7월 14일 17시,화요일,경상남도 사천시 동금동,경상사고,0,0,1,0,차대차 - 측면충돌,신호위반,젖음/습기,비,교차로 - 교차로안,승용,남,66세,상해없음,승용,남,79세,경상
2020071400100447,2020년 7월 14일 17시,화요일,경상남도 밀양시 상남면,경상사고,0,0,1,0,차대차 - 측면충돌,안전운전불이행,젖음/습기,비,단일로 - 기타,승용,남,27세,상해없음,승용,여,34세,경상
2020071400100448,2020년 7월 14일 17시,화요일,경상남도 양산시 물금읍,중상사고,0,1,0,0,차대차 - 측면충돌,교차로운행방법위반,건조,맑음,교차로 - 교차로안,승용,남,34세,상해없음,원동기,남,18세,중상
2020071400100524,2020년 7월 14일 19시,화요일,경상남도 사천시 동금동,중상사고,0,1,0,2,차대차 - 측면충돌,안전거리미확보,건조,맑음,교차로 - 교차로부근,승용,여,28세,부상신고,승용,여,37세,중상
2020071400100553,2020년 7월 14일 20시,화요일,경상남도 양산시 호계동,부상신고사고,0,0,0,1,차대사람 - 기타,안전운전불이행,건조,맑음,교차로 - 교차로안,승용,남,54세,상해없음,보행자,남,60세,부상신고
2020071400100580,2020년 7월 14일 21시,화요일,경상남도 양산시 중부동,중상사고,0,1,1,0,차대사람 - 기타,안전운전불이행,건조,흐림,단일로 - 기타,승용,여,52세,상해없음,보행자,여,36세,중상
2020071500100022,2020년 7월 15일 01시,수요일,경상남도 김해시 구산동,중상사고,0,1,0,0,차대차 - 추돌,안전운전불이행,젖음/습기,흐림,단일로 - 기타,승용,남,48세,상해없음,승용,여,43세,중상
2020071500100029,2020년 7월 15일 02시,수요일,경상남도 진주시 상봉동,중상사고,0,1,0,0,차대사람 - 차도통행중,중앙선침범,젖음/습기,비,교차로 - 교차로안,승용,여,33세,상해없음,보행자,남,65세,중상
2020071500100049,2020년 7월 15일 05시,수요일,경상남도 함안군 가야읍,중상사고,0,1,0,0,차대사람 - 기타,안전운전불이행,젖음/습기,비,단일로 - 기타,승용,여,58세,상해없음,보행자,여,85세,중상
2020071500100066,2020년 7월 15일 06시,수요일,경상남도 진주시 상대동,중상사고,0,1,0,0,차대차 - 기타,교차로운행방법위반,젖음/습기,비,교차로 - 교차로안,화물,남,51세,상해없음,자전거,남,67세,중상
2020071500100108,2020년 7월 15일 08시,수요일,경상남도 양산시 교동,경상사고,0,0,1,0,차대차 - 기타,중앙선침범,건조,맑음,교차로 - 교차로안,자전거,여,57세,경상,승용,여,51세,상해없음
2020071500100109,2020년 7월 15일 08시,수요일,경상남도 창원시 성산구 신촌동,경상사고,0,0,1,0,차대사람 - 횡단중,신호위반,젖음/습기,비,교차로 - 교차로횡단보도내,승용,여,63세,상해없음,보행자,남,23세,경상
2020071500100142,2020년 7월 15일 09시,수요일,경상남도 양산시 물금읍,중상사고,0,1,0,0,차대사람 - 기타,기타,건조,맑음,교차로 - 교차로부근,화물,남,53세,상해없음,보행자,남,77세,중상
2020071500100174,2020년 7월 15일 10시,수요일,경상남도 창녕군 남지읍,중상사고,0,1,1,0,차대차 - 기타,중앙선침범,젖음/습기,비,단일로 - 기타,화물,여,46세,상해없음,승용,여,48세,중상
2020071500100208,2020년 7월 15일 11시,수요일,경상남도 거제시 연초면,중상사고,0,1,0,0,차대사람 - 기타,보행자보호의무위반,건조,맑음,교차로 - 교차로횡단보도내,승용,남,52세,상해없음,보행자,남,64세,중상
2020071500100238,2020년 7월 15일 12시,수요일,경상남도 통영시 북신동,부상신고사고,0,0,0,1,차대차 - 기타,안전운전불이행,젖음/습기,비,단일로 - 기타,이륜,남,34세,부상신고,승용,남,55세,상해없음
2020071500100239,2020년 7월 15일 12시,수요일,경상남도 창원시 의창구 두대동,중상사고,0,1,0,0,차대차 - 측면충돌,안전운전불이행,건조,맑음,단일로 - 기타,승용,여,35세,상해없음,자전거,남,56세,중상
2020071500100271,2020년 7월 15일 13시,수요일,경상남도 창원시 진해구 자은동,중상사고,0,1,0,0,차대차 - 측면충돌,중앙선침범,젖음/습기,비,교차로 - 교차로부근,승용,여,28세,상해없음,화물,남,44세,중상
2020071500100272,2020년 7월 15일 13시,수요일,경상남도 거제시 장평동,경상사고,0,0,1,0,차대차 - 기타,신호위반,건조,맑음,단일로 - 기타,승용,여,55세,상해없음,기타불명,남,50세,경상
2020071500100273,2020년 7월 15일 13시,수요일,경상남도 김해시 부곡동,경상사고,0,0,1,0,차대차 - 측면충돌,안전운전불이행,젖음/습기,비,교차로 - 교차로안,승용,남,54세,상해없음,이륜,남,38세,경상
2020071500100338,2020년 7월 15일 15시,수요일,경상남도 양산시 물금읍,경상사고,0,0,1,0,차대차 - 측면충돌,신호위반,건조,맑음,교차로 - 교차로부근,승용,남,66세,상해없음,승용,여,64세,경상
2020071500100383,2020년 7월 15일 16시,수요일,경상남도 통영시 산양읍,경상사고,0,0,1,0,차대차 - 측면충돌,중앙선침범,건조,맑음,단일로 - 기타,화물,남,68세,상해없음,승용,여,56세,경상
2020071500100384,2020년 7월 15일 16시,수요일,경상남도 밀양시 산내면,중상사고,0,1,0,0,차대차 - 측면충돌,교차로운행방법위반,젖음/습기,흐림,교차로 - 교차로부근,화물,남,54세,상해없음,원동기,남,52세,중상
2020071500100422,2020년 7월 15일 17시,수요일,경상남도 고성군 회화면,중상사고,0,1,1,0,차대차 - 추돌,안전운전불이행,젖음/습기,비,단일로 - 기타,화물,남,53세,상해없음,승용,남,34세,중상
2020071500100423,2020년 7월 15일 17시,수요일,경상남도 창원시 의창구 봉곡동,경상사고,0,0,1,0,차대차 - 측면충돌,안전거리미확보,건조,맑음,단일로 - 기타,승합,남,50세,상해없음,승용,여,33세,경상
2020071500100479,2020년 7월 15일 18시,수요일,경상남도 사천시 사남면,경상사고,0,0,1,0,차대차 - 측면충돌,안전운전불이행,젖음/습기,흐림,교차로 - 교차로안,자전거,남,12세,경상,승용,남,31세,상해없음
2020071500100480,2020년 7월 15일 18시,수요일,경상남도 창원시 의창구 팔용동,경상사고,0,0,1,0,차대사람 - 횡단중,보행자보호의무위반,건조,흐림,교차로 - 교차로횡단보도내,승용,남,55세,상해없음,보행자,여,9세,경상
2020071500100481,2020년 7월 15일 18시,수요일,경상남도 김해시 진영읍,경상사고,0,0,1,0,차대차 - 기타,신호위반,건조,맑음,교차로 - 교차로안,승용,남,65세,상해없음,승용,남,40세,경상
2020071500100521,2020년 7월 15일 19시,수요일,경상남도 진주시 신안동,경상사고,0,0,1,0,차대차 - 측면충돌,신호위반,건조,맑음,교차로 - 교차로안,승용,여,58세,기타불명,승용,남,38세,경상
2020071500100522,2020년 7월 15일 19시,수요일,경상남도 거제시 아주동,경상사고,0,0,1,0,차대차 - 측면충돌,교차로운행방법위반,건조,맑음,교차로 - 교차로안,이륜,남,48세,상해없음,자전거,남,47세,경상
2020071600100004,2020년 7월 16일 00시,목요일,경상남도 밀양시 상남면,경상사고,0,0,1,0,차대차 - 추돌,안전운전불이행,젖음/습기,맑음,단일로 - 기타,화물,남,35세,상해없음,화물,남,62세,경상
2020071600100033,2020년 7월 16일 02시,목요일,경상남도 김해시 외동,중상사고,0,1,0,0,차대사람 - 횡단중,과속,건조,맑음,교차로 - 교차로안,승용,남,20세,상해없음,보행자,남,22세,중상
2020071600100064,2020년 7월 16일 06시,목요일,경상남도 고성군 하이면,경상사고,0,0,1,0,차대사람 - 차도통행중,안전운전불이행,건조,맑음,단일로 - 기타,승용,남,53세,상해없음,보행자,남,40세,경상
2020071600100083,2020년 7월 16일 07시,목요일,경상남도 창원시 진해구 이동,경상사고,0,0,1,0,차량단독 - 공작물충돌,안전운전불이행,건조,맑음,교차로 - 교차로부근,승용,여,43세,경상,,,,
2020071600100101,2020년 7월 16일 08시,목요일,경상남도 김해시 대동면,중상사고,0,1,0,0,차대차 - 추돌,안전운전불이행,건조,맑음,단일로 - 기타,화물,남,52세,상해없음,특수,남,52세,상해없음
2020071600100118,2020년 7월 16일 08시,목요일,경상남도 창원시 의창구 용호동,경상사고,0,0,1,0,차대사람 - 기타,보행자보호의무위반,건조,맑음,교차로 - 교차로횡단보도내,승용,남,58세,상해없음,보행자,여,59세,경상
2020071600100119,2020년 7월 16일 08시,목요일,경상남도 김해시 풍유동,경상사고,0,0,1,0,차대차 - 측면충돌,안전운전불이행,건조,맑음,단일로 - 기타,승용,여,28세,상해없음,화물,남,45세,경상
2020071600100144,2020년 7월 16일 09시,목요일,경상남도 김해시 외동,경상사고,0,0,1,0,차대차 - 측면충돌,안전거리미확보,건조,맑음,교차로 - 교차로부근,승용,여,27세,경상,건설기계,남,54세,상해없음
2020071600100145,2020년 7월 16일 09시,목요일,경상남도 남해군 남해읍,중상사고,0,1,0,0,차대차 - 측면충돌,안전운전불이행,건조,맑음,교차로 - 교차로안,승용,여,43세,상해없음,이륜,남,44세,중상
2020071600100190,2020년 7월 16일 10시,목요일,경상남도 거제시 옥포동,중상사고,0,1,0,0,차대차 - 기타,안전운전불이행,건조,맑음,교차로 - 교차로부근,승용,여,33세,상해없음,이륜,남,63세,중상
2020071600100191,2020년 7월 16일 10시,목요일,경상남도 창원시 의창구 북면,경상사고,0,0,1,0,차대차 - 측면충돌,교차로운행방법위반,건조,맑음,교차로 - 교차로안,승용,남,23세,상해없음,승용,여,63세,경상
2020071600100231,2020년 7월 16일 11시,목요일,경상남도 사천시 사천읍,경상사고,0,0,3,0,차대차 - 측면충돌,직진우회전진행방해,건조,맑음,교차로 - 교차로안,화물,남,70세,상해없음,승용,남,31세,경상
2020071600100258,2020년 7월 16일 12시,목요일,경상남도 진주시 봉곡동,중상사고,0,1,0,0,차대사람 - 기타,보행자보호의무위반,건조,맑음,단일로 - 기타,화물,남,50세,상해없음,보행자,여,74세,중상
2020071600100259,2020년 7월 16일 12시,목요일,경상남도 합천군 초계면,경상사고,0,0,1,0,차대차 - 후진중충돌,안전운전불이행,건조,맑음,단일로 - 기타,승용,남,50세,상해없음,승용,여,64세,경상
2020071600100296,2020년 7월 16일 13시,목요일,경상남도 통영시 무전동,경상사고,0,0,1,0,차대차 - 추돌,신호위반,건조,맑음,교차로 - 교차로부근,화물,남,51세,상해없음,이륜,남,28세,경상
2020071600100297,2020년 7월 16일 13시,목요일,경상남도 통영시 용남면,경상사고,0,0,1,1,차대차 - 정면충돌,안전운전불이행,건조,맑음,단일로 - 기타,이륜,남,22세,부상신고,승용,남,38세,경상
2020071600100298,2020년 7월 16일 13시,목요일,경상남도 거창군 가조면,중상사고,0,1,0,0,차대차 - 측면충돌,안전운전불이행,건조,맑음,단일로 - 기타,승용,여,47세,상해없음,화물,남,66세,중상
2020071600100299,2020년 7월 16일 13시,목요일,경상남도 함안군 군북면,경상사고,0,0,1,0,차대차 - 기타,안전운전불이행,건조,맑음,단일로 - 기타,이륜,남,84세,경상,승용,여,50세,상해없음
2020071600100316,2020년 7월 16일 14시,목요일,경상남도 밀양시 상남면,중상사고,0,1,1,0,차대차 - 추돌,안전거리미확보,건조,맑음,단일로 - 기타,승용,남,40세,상해없음,승용,남,26세,경상
2020071600100332,2020년 7월 16일 14시,목요일,경상남도 하동군 고전면,경상사고,0,0,1,0,차대차 - 측면충돌,안전운전불이행,건조,맑음,교차로 - 교차로안,승용,남,72세,상해없음,승용,남,65세,상해없음
2020071600100369,2020년 7월 16일 15시,목요일,경상남도 진주시 충무공동,경상사고,0,0,1,0,차대사람 - 보도통행중,기타,건조,맑음,교차로 - 교차로안,이륜,남,24세,상해없음,보행자,남,9세,경상
2020071600100415,2020년 7월 16일 16시,목요일,경상남도 거창군 거창읍,중상사고,0,1,0,0,차대사람 - 차도통행중,안전운전불이행,건조,맑음,교차로 - 교차로안,승용,여,42세,상해없음,보행자,남,72세,중상
2020071600100466,2020년 7월 16일 17시,목요일,경상남도 밀양시 부북면,중상사고,0,1,0,0,차대차 - 측면충돌,안전운전불이행,건조,맑음,단일로 - 기타,화물,남,53세,상해없음,이륜,남,70세,중상
2020071600100519,2020년 7월 16일 18시,목요일,경상남도 진주시 옥봉동,경상사고,0,0,1,0,차대차 - 측면충돌,신호위반,건조,맑음,단일로 - 기타,화물,남,46세,상해없음,승용,여,29세,경상
2020071600100520,2020년 7월 16일 18시,목요일,경상남도 창원시 진해구 경화동,경상사고,0,0,1,0,차대차 - 기타,안전운전불이행,건조,맑음,단일로 - 기타,승용,남,41세,경상,건설기계,남,65세,상해없음
2020071600100521,2020년 7월 16일 18시,목요일,경상남도 창녕군 이방면,중상사고,0,1,2,0,차대차 - 측면충돌,기타,건조,맑음,교차로 - 교차로안,승용,남,34세,상해없음,승용,남,25세,경상
2020071600100522,2020년 7월 16일 18시,목요일,경상남도 거제시 고현동,경상사고,0,0,1,0,차대차 - 기타,안전거리미확보,건조,맑음,교차로 - 교차로안,이륜,남,39세,경상,승용,남,54세,상해없음
2020071600100551,2020년 7월 16일 19시,목요일,경상남도 함안군 산인면,경상사고,0,0,1,0,차대차 - 추돌,안전운전불이행,건조,맑음,단일로 - 기타,승용,여,31세,상해없음,승용,남,45세,경상
2020071600100582,2020년 7월 16일 20시,목요일,경상남도 김해시 외동,경상사고,0,0,1,0,차대차 - 측면충돌,신호위반,건조,맑음,교차로 - 교차로안,이륜,남,27세,상해없음,이륜,남,47세,경상
2020071600100605,2020년 7월 16일 21시,목요일,경상남도 창원시 마산합포구 오동동,중상사고,0,1,0,0,차대사람 - 길가장자리구역통행중,안전운전불이행,건조,맑음,교차로 - 교차로안,승용,남,26세,상해없음,보행자,남,60세,중상
2020071600100606,2020년 7월 16일 21시,목요일,경상남도 통영시 도산면,중상사고,0,2,0,1,차대차 - 추돌,안전운전불이행,건조,기타,교차로 - 교차로안,화물,남,65세,부상신고,승용,남,40세,중상
2020071600100639,2020년 7월 16일 22시,목요일,경상남도 창원시 마산합포구 신포동2가,경상사고,0,0,7,0,차대차 - 측면충돌,신호위반,건조,맑음,교차로 - 교차로안,승용,남,58세,상해없음,승합,남,23세,경상
2020071600100640,2020년 7월 16일 22시,목요일,경상남도 사천시 사천읍,경상사고,0,0,1,0,차량단독 - 공작물충돌,안전운전불이행,건조,맑음,교차로 - 교차로안,이륜,남,18세,경상,,,,
2020071700100044,2020년 7월 17일 05시,금요일,경상남도 밀양시 내이동,경상사고,0,0,1,2,차대차 - 측면충돌,안전운전불이행,건조,맑음,단일로 - 기타,승용,남,41세,부상신고,승용,남,39세,상해없음
2020071700100058,2020년 7월 17일 06시,금요일,경상남도 거창군 거창읍,경상사고,0,0,1,0,차대차 - 측면충돌,안전운전불이행,건조,맑음,단일로 - 기타,승용,남,74세,상해없음,승용,여,63세,경상
2020071700100108,2020년 7월 17일 08시,금요일,경상남도 김해시 어방동,경상사고,0,0,2,0,차대차 - 측면충돌,교차로운행방법위반,건조,맑음,교차로 - 교차로안,승용,남,30세,경상,승용,여,23세,경상
2020071700100143,2020년 7월 17일 09시,금요일,경상남도 밀양시 상남면,경상사고,0,0,1,0,차대차 - 측면충돌,안전운전불이행,건조,맑음,단일로 - 기타,화물,남,45세,상해없음,이륜,남,61세,경상
2020071700100167,2020년 7월 17일 10시,금요일,경상남도 창원시 마산합포구 진전면,경상사고,0,0,2,0,차대차 - 측면충돌,신호위반,건조,맑음,교차로 - 교차로안,승용,남,74세,경상,승용,여,39세,경상
2020071700100168,2020년 7월 17일 10시,금요일,경상남도 김해시 서상동,중상사고,0,1,0,0,차대사람 - 횡단중,보행자보호의무위반,건조,맑음,교차로 - 교차로안,화물,남,33세,상해없음,보행자,여,82세,중상
2020071700100196,2020년 7월 17일 11시,금요일,경상남도 진주시 봉곡동,중상사고,0,1,0,0,차대차 - 추돌,안전운전불이행,건조,맑음,단일로 - 기타,승용,여,65세,상해없음,승용,여,38세,중상
2020071700100197,2020년 7월 17일 11시,금요일,경상남도 함양군 함양읍,경상사고,0,0,1,0,차대차 - 측면충돌,안전운전불이행,건조,맑음,단일로 - 기타,이륜,여,71세,경상,승용,남,60세,상해없음
2020071700100234,2020년 7월 17일 12시,금요일,경상남도 진주시 상평동,중상사고,0,1,0,0,차대차 - 측면충돌,안전운전불이행,건조,맑음,단일로 - 기타,화물,남,55세,상해없음,이륜,남,63세,중상
2020071700100235,2020년 7월 17일 12시,금요일,경상남도 창원시 성산구 가음동,중상사고,0,1,0,0,차대차 - 측면충돌,안전운전불이행,건조,맑음,교차로 - 교차로부근,승용,남,63세,상해없음,이륜,남,22세,중상
2020071700100236,2020년 7월 17일 12시,금요일,경상남도 창원시 의창구 팔용동,경상사고,0,0,2,0,차대차 - 측면충돌,신호위반,건조,맑음,교차로 - 교차로안,승합,남,30세,상해없음,승용,여,40세,경상
2020071700100275,2020년 7월 17일 13시,금요일,경상남도 진주시 가좌동,경상사고,0,0,2,0,차대차 - 추돌,안전운전불이행,건조,맑음,단일로 - 기타,승용,남,57세,상해없음,이륜,남,16세,경상
2020071700100276,2020년 7월 17일 13시,금요일,경상남도 함양군 안의면,부상신고사고,0,0,0,2,차대차 - 측면충돌,차로위반,건조,맑음,교차로 - 교차로안,승용,남,51세,부상신고,승용,남,49세,부상신고
2020071700100277,2020년 7월 17일 13시,금요일,경상남도 남해군 설천면,경상사고,0,0,1,0,차량단독 - 도로외이탈 - 추락,안전운전불이행,건조,맑음,단일로 - 기타,화물,남,70세,경상,,,,
2020071700100317,2020년 7월 17일 14시,금요일,경상남도 산청군 신안면,경상사고,0,0,1,0,차대차 - 측면충돌,중앙선침범,건조,맑음,단일로 - 기타,승용,여,66세,상해없음,특수,남,33세,경상
2020071700100354,2020년 7월 17일 15시,금요일,경상남도 김해시 신문동,부상신고사고,0,0,0,1,차대차 - 측면충돌,안전운전불이행,건조,맑음,단일로 - 기타,이륜,남,38세,부상신고,화물,남,54세,상해없음
2020071700100407,2020년 7월 17일 16시,금요일,경상남도 사천시 죽림동,경상사고,0,0,1,0,차대차 - 추돌,안전운전불이행,건조,맑음,교차로 - 교차로안,승용,남,22세,상해없음,승용,여,45세,경상
2020071700100408,2020년 7월 17일 16시,금요일,경상남도 의령군 의령읍,경상사고,0,0,3,0,차대차 - 측면충돌,직진우회전진행방해,건조,맑음,교차로 - 교차로안,승용,여,58세,경상,승용,남,44세,경상
2020071700100460,2020년 7월 17일 17시,금요일,경상남도 창원시 마산합포구 중앙동3가,중상사고,0,1,4,0,차대차 - 추돌,안전운전불이행,건조,맑음,교차로 - 교차로부근,화물,남,50세,상해없음,화물,남,45세,경상
2020071700100461,2020년 7월 17일 17시,금요일,경상남도 창원시 진해구 태평동,경상사고,0,0,1,0,차대사람 - 횡단중,보행자보호의무위반,건조,맑음,단일로 - 기타,이륜,남,42세,기타불명,보행자,남,12세,경상
2020071700100462,2020년 7월 17일 17시,금요일,경상남도 사천시 곤명면,경상사고,0,0,3,0,차대차 - 추돌,안전운전불이행,건조,맑음,교차로 - 교차로안,화물,남,60세,상해없음,승용,남,54세,경상
2020071700100463,2020년 7월 17일 17시,금요일,경상남도 거제시 고현동,경상사고,0,0,1,0,차대차 - 기타,신호위반,건조,맑음,교차로 - 교차로안,승용,여,63세,상해없음,승용,남,63세,경상
2020071700100464,2020년 7월 17일 17시,금요일,경상남도 남해군 상주면,중상사고,0,1,0,0,차량단독 - 기타,안전운전불이행,건조,맑음,단일로 - 기타,승합,남,58세,상해없음,,,,
2020071700100565,2020년 7월 17일 19시,금요일,경상남도 진주시 주약동,경상사고,0,0,1,0,차대차 - 추돌,안전운전불이행,건조,맑음,단일로 - 기타,이륜,남,26세,경상,승용,남,36세,상해없음
2020071700100566,2020년 7월 17일 19시,금요일,경상남도 창원시 진해구 석동,경상사고,0,0,3,0,차대차 - 추돌,안전운전불이행,건조,맑음,교차로 - 교차로부근,승용,남,47세,상해없음,승용,여,41세,경상
2020071700100567,2020년 7월 17일 19시,금요일,경상남도 창원시 진해구 석동,경상사고,0,0,1,0,차대사람 - 기타,안전운전불이행,건조,맑음,교차로 - 교차로부근,승용,남,32세,상해없음,보행자,남,52세,경상
2020071700100568,2020년 7월 17일 19시,금요일,경상남도 양산시 물금읍,경상사고,0,0,1,0,차대차 - 측면충돌,안전운전불이행,건조,흐림,교차로 - 교차로안,승용,남,56세,상해없음,승용,여,66세,경상
2020071700100569,2020년 7월 17일 19시,금요일,경상남도 김해시 대청동,경상사고,0,0,1,0,차대차 - 측면충돌,안전운전불이행,건조,맑음,교차로 - 교차로부근,승용,여,41세,상해없음,승용,남,37세,경상
2020071700100613,2020년 7월 17일 20시,금요일,경상남도 사천시 좌룡동,경상사고,0,0,4,0,차대차 - 추돌,안전운전불이행,건조,맑음,교차로 - 교차로부근,화물,남,59세,상해없음,승용,남,45세,경상
2020071700100614,2020년 7월 17일 20시,금요일,경상남도 창녕군 창녕읍,중상사고,0,1,1,0,차대차 - 기타,안전운전불이행,건조,맑음,교차로 - 교차로부근,승용,남,24세,상해없음,승용,여,51세,중상
2020071700100615,2020년 7월 17일 20시,금요일,경상남도 창원시 마산회원구 합성동,중상사고,0,1,0,0,차대차 - 추돌,안전운전불이행,건조,맑음,교차로 - 교차로부근,승합,남,20세,상해없음,승용,남,36세,중상
2020071700100652,2020년 7월 17일 21시,금요일,경상남도 진주시 평거동,경상사고,0,0,2,0,차대차 - 추돌,안전운전불이행,건조,맑음,단일로 - 기타,승용,남,55세,경상,승용,남,39세,경상
2020071700100682,2020년 7월 17일 22시,금요일,경상남도 김해시 삼계동,중상사고,0,1,0,0,차대차 - 측면충돌,안전운전불이행,건조,맑음,교차로 - 교차로부근,화물,남,28세,상해없음,원동기,남,46세,중상
2020071700100705,2020년 7월 17일 23시,금요일,경상남도 김해시 율하동,중상사고,0,1,0,0,차대차 - 측면충돌,안전운전불이행,건조,맑음,교차로 - 교차로부근,승용,남,35세,상해없음,원동기,남,22세,중상
2020071800100038,2020년 7월 18일 02시,토요일,경상남도 김해시 부원동,중상사고,0,1,0,0,차대사람 - 횡단중,안전운전불이행,건조,맑음,단일로 - 기타,승용,남,46세,상해없음,보행자,남,54세,중상
2020071800100039,2020년 7월 18일 02시,토요일,경상남도 거창군 거창읍,중상사고,0,1,0,0,차대차 - 측면충돌,안전운전불이행,건조,맑음,단일로 - 기타,원동기,남,16세,상해없음,승용,남,37세,기타불명
2020071800100040,2020년 7월 18일 02시,토요일,경상남도 창원시 성산구 상남동,경상사고,0,0,1,0,차대차 - 측면충돌,안전운전불이행,건조,맑음,단일로 - 지하차도(도로)내,이륜,남,24세,상해없음,승용,남,24세,경상
2020071800100110,2020년 7월 18일 08시,토요일,경상남도 창원시 마산합포구 월남동2가,중상사고,0,1,0,0,차대차 - 측면충돌,신호위반,건조,맑음,교차로 - 교차로안,자전거,여,57세,중상,승용,남,61세,상해없음
2020071800100111,2020년 7월 18일 08시,토요일,경상남도 밀양시 무안면,중상사고,0,1,0,0,차대사람 - 길가장자리구역통행중,안전운전불이행,건조,맑음,단일로 - 기타,승용,남,78세,상해없음,보행자,여,81세,중상
2020071800100160,2020년 7월 18일 10시,토요일,경상남도 창원시 진해구 석동,중상사고,0,1,0,0,차대차 - 측면충돌,신호위반,건조,맑음,교차로 - 교차로안,승용,남,78세,상해없음,원동기,남,40세,중상
2020071800100161,2020년 7월 18일 10시,토요일,경상남도 창원시 진해구 이동,경상사고,0,0,4,0,차대차 - 측면충돌,교차로운행방법위반,건조,맑음,교차로 - 교차로안,승용,남,49세,경상,화물,남,59세,경상
2020071800100216,2020년 7월 18일 12시,토요일,경상남도 김해시 대동면,경상사고,0,0,8,0,차대차 - 추돌,안전거리미확보,건조,맑음,단일로 - 기타,승용,남,58세,경상,승용,남,36세,경상
2020071800100277,2020년 7월 18일 13시,토요일,경상남도 창녕군 고암면,중상사고,0,3,4,0,차대차 - 기타,중앙선침범,건조,맑음,교차로 - 교차로부근,승용,남,58세,상해없음,승용,남,42세,경상