사고번호,사고일시,요일,시군구,사고내용,사망자수,중상자수,경상자수,부상신고자수,사고유형,법규위반,노면상태,기상상태,도로형태,가해운전자 차종,가해운전자 성별,가해운전자 연령,가해운전자 상해정도,피해운전자 차종,피해운전자 성별,피해운전자 연령,피해운전자 상해정도
2020072200100381,2020년 7월 22일 15시,수요일,경상남도 통영시 북신동,부상신고사고,0,0,0,1,차대차 - 측면충돌,안전운전불이행,건조,맑음,단일로 - 기타,승용,여,39세,부상신고,승용,남,24세,상해없음
2020072200100382,2020년 7월 22일 15시,수요일,경상남도 창원시 의창구 북면,중상사고,0,2,2,0,차대차 - 정면충돌,중앙선침범,젖음/습기,비,단일로 - 기타,화물,남,66세,상해없음,승용,남,39세,중상
2020072200100406,2020년 7월 22일 16시,수요일,경상남도 창원시 마산회원구 양덕동,중상사고,0,1,1,0,차대차 - 정면충돌,중앙선침범,젖음/습기,비,단일로 - 기타,승용,남,59세,상해없음,승용,여,62세,경상
2020072200100449,2020년 7월 22일 17시,수요일,경상남도 남해군 서면,중상사고,0,1,1,0,차대차 - 정면충돌,중앙선침범,젖음/습기,흐림,단일로 - 기타,화물,남,56세,경상,승합,남,51세,중상
2020072200100500,2020년 7월 22일 18시,수요일,경상남도 창원시 진해구 대죽동,경상사고,0,0,1,0,차대차 - 기타,안전운전불이행,건조,흐림,단일로 - 기타,승용,여,63세,상해없음,이륜,남,34세,경상
2020072200100526,2020년 7월 22일 19시,수요일,경상남도 김해시 주촌면,중상사고,0,1,0,0,차대차 - 기타,안전운전불이행,젖음/습기,비,단일로 - 기타,승용,남,53세,상해없음,승용,남,59세,중상
2020072200100541,2020년 7월 22일 19시,수요일,경상남도 통영시 미수동,중상사고,0,1,0,0,차대차 - 정면충돌,직진우회전진행방해,건조,맑음,교차로 - 교차로안,승용,남,66세,상해없음,이륜,남,23세,중상
2020072200100542,2020년 7월 22일 19시,수요일,경상남도 창원시 마산회원구 회원동,중상사고,0,1,2,0,차대차 - 정면충돌,중앙선침범,젖음/습기,비,교차로 - 교차로부근,승용,남,23세,상해없음,승용,남,46세,중상
2020072200100575,2020년 7월 22일 20시,수요일,경상남도 거제시 고현동,부상신고사고,0,0,0,1,차대차 - 측면충돌,교차로운행방법위반,건조,맑음,교차로 - 교차로안,이륜,여,53세,부상신고,승용,남,41세,상해없음
2020072200100610,2020년 7월 22일 21시,수요일,경상남도 진주시 가좌동,경상사고,0,0,1,0,차대차 - 추돌,안전운전불이행,건조,흐림,교차로 - 교차로부근,이륜,남,21세,상해없음,승용,여,36세,경상
2020072200100637,2020년 7월 22일 22시,수요일,경상남도 거제시 사등면,경상사고,0,0,2,0,차대차 - 기타,안전운전불이행,건조,맑음,단일로 - 기타,승용,여,59세,상해없음,승용,남,32세,경상
2020072300100010,2020년 7월 23일 00시,목요일,경상남도 진주시 평거동,중상사고,0,1,0,0,차대사람 - 기타,안전운전불이행,건조,맑음,교차로 - 교차로안,승용,남,35세,상해없음,보행자,여,27세,중상
2020072300100011,2020년 7월 23일 00시,목요일,경상남도 사천시 사등동,중상사고,0,1,0,0,차대사람 - 기타,안전운전불이행,건조,맑음,단일로 - 기타,승용,남,39세,상해없음,보행자,남,46세,중상
2020072300100026,2020년 7월 23일 01시,목요일,경상남도 김해시 율하동,경상사고,0,0,1,0,차대사람 - 차도통행중,안전운전불이행,건조,맑음,교차로 - 교차로부근,승용,남,32세,상해없음,보행자,남,50세,경상
2020072300100027,2020년 7월 23일 01시,목요일,경상남도 김해시 부곡동,중상사고,0,1,2,0,차대차 - 측면충돌,차로위반,건조,맑음,단일로 - 기타,승용,남,70세,상해없음,승합,남,47세,경상
2020072300100067,2020년 7월 23일 06시,목요일,경상남도 김해시 부곡동,중상사고,0,1,0,0,차대차 - 측면충돌,신호위반,젖음/습기,비,교차로 - 교차로안,이륜,남,28세,중상,승용,남,41세,상해없음
2020072300100084,2020년 7월 23일 07시,목요일,경상남도 김해시 지내동,경상사고,0,0,2,0,차대차 - 측면충돌,안전운전불이행,젖음/습기,비,단일로 - 기타,승용,남,31세,경상,승용,남,33세,경상
2020072300100085,2020년 7월 23일 07시,목요일,경상남도 함안군 가야읍,경상사고,0,0,1,0,차대차 - 측면충돌,중앙선침범,젖음/습기,비,교차로 - 교차로부근,승용,남,61세,상해없음,승용,남,32세,경상
2020072300100118,2020년 7월 23일 08시,목요일,경상남도 김해시 상동면,경상사고,0,0,1,0,차대차 - 측면충돌,안전운전불이행,젖음/습기,비,단일로 - 기타,승용,남,30세,상해없음,화물,남,41세,경상
2020072300100119,2020년 7월 23일 08시,목요일,경상남도 창녕군 창녕읍,중상사고,0,2,0,0,차대차 - 기타,불법유턴,젖음/습기,비,교차로 - 교차로안,승용,남,73세,상해없음,승용,남,81세,중상
2020072300100120,2020년 7월 23일 08시,목요일,경상남도 창원시 성산구 남산동,중상사고,0,1,0,0,차대차 - 측면충돌,신호위반,젖음/습기,비,교차로 - 교차로안,승용,여,50세,상해없음,승용,여,40세,중상
2020072300100121,2020년 7월 23일 08시,목요일,경상남도 창원시 의창구 소계동,경상사고,0,0,1,0,차대차 - 측면충돌,교차로운행방법위반,젖음/습기,비,교차로 - 교차로안,화물,남,58세,상해없음,승용,남,42세,경상
2020072300100144,2020년 7월 23일 09시,목요일,경상남도 양산시 신기동,경상사고,0,0,3,0,차대차 - 측면충돌,교차로운행방법위반,젖음/습기,비,교차로 - 교차로안,승용,여,42세,상해없음,승용,여,33세,경상
2020072300100175,2020년 7월 23일 10시,목요일,경상남도 창원시 의창구 명곡동,경상사고,0,0,3,0,차대차 - 추돌,안전운전불이행,젖음/습기,비,단일로 - 기타,화물,남,28세,상해없음,승용,남,46세,경상
2020072300100226,2020년 7월 23일 12시,목요일,경상남도 양산시 명동,중상사고,0,2,1,0,차대차 - 추돌,안전거리미확보,젖음/습기,비,교차로 - 교차로부근,승합,남,70세,상해없음,승용,남,41세,경상
2020072300100256,2020년 7월 23일 13시,목요일,경상남도 통영시 동호동,경상사고,0,0,1,0,차대차 - 기타,교차로운행방법위반,젖음/습기,맑음,교차로 - 교차로안,화물,남,26세,상해없음,이륜,남,79세,경상
2020072300100257,2020년 7월 23일 13시,목요일,경상남도 김해시 대동면,중상사고,0,1,0,0,차대사람 - 기타,안전운전불이행,건조,맑음,단일로 - 기타,승용,남,41세,상해없음,보행자,여,92세,중상
2020072300100258,2020년 7월 23일 13시,목요일,경상남도 함양군 마천면,중상사고,0,1,0,0,차량단독 - 공작물충돌,안전운전불이행,젖음/습기,맑음,단일로 - 기타,승용,남,62세,중상,,,,
2020072300100259,2020년 7월 23일 13시,목요일,경상남도 양산시 소주동,부상신고사고,0,0,0,1,차대차 - 기타,교차로운행방법위반,건조,맑음,교차로 - 교차로안,화물,남,26세,부상신고,특수,남,48세,상해없음
2020072300100322,2020년 7월 23일 15시,목요일,경상남도 합천군 삼가면,중상사고,0,1,0,0,차대차 - 정면충돌,중앙선침범,젖음/습기,비,기타 - 기타,화물,남,57세,상해없음,승용,여,59세,중상
2020072300100353,2020년 7월 23일 16시,목요일,경상남도 창원시 진해구 석동,경상사고,0,0,1,0,차대사람 - 차도통행중,안전운전불이행,젖음/습기,비,교차로 - 교차로부근,승용,여,58세,상해없음,보행자,남,59세,경상
2020072300100354,2020년 7월 23일 16시,목요일,경상남도 밀양시 삼문동,경상사고,0,0,1,0,차대사람 - 보도통행중,신호위반,건조,맑음,단일로 - 기타,승용,여,49세,상해없음,보행자,여,41세,경상
2020072300100402,2020년 7월 23일 17시,목요일,경상남도 김해시 삼방동,경상사고,0,0,1,0,차대차 - 측면충돌,신호위반,젖음/습기,비,교차로 - 교차로안,승용,여,39세,상해없음,승용,여,55세,경상
2020072300100447,2020년 7월 23일 18시,목요일,경상남도 양산시 동면,경상사고,0,0,1,0,차대차 - 추돌,안전거리미확보,젖음/습기,비,단일로 - 기타,승용,남,30세,상해없음,승용,여,38세,경상
2020072300100494,2020년 7월 23일 19시,목요일,경상남도 창원시 진해구 남문동,중상사고,0,2,1,0,차대차 - 정면충돌,신호위반,젖음/습기,비,교차로 - 교차로안,승합,남,46세,상해없음,승합,남,49세,상해없음
2020072300100495,2020년 7월 23일 19시,목요일,경상남도 거제시 아주동,중상사고,0,1,1,0,차대차 - 추돌,안전운전불이행,젖음/습기,비,교차로 - 교차로부근,승용,남,30세,상해없음,승용,여,29세,경상
2020072300100496,2020년 7월 23일 19시,목요일,경상남도 남해군 남해읍,경상사고,0,0,4,0,차대차 - 추돌,안전운전불이행,젖음/습기,비,교차로 - 교차로부근,화물,남,51세,상해없음,승용,여,39세,경상
2020072300100497,2020년 7월 23일 19시,목요일,경상남도 창원시 성산구 상남동,중상사고,0,1,0,0,차대사람 - 기타,안전운전불이행,건조,맑음,단일로 - 기타,이륜,남,41세,상해없음,보행자,여,19세,중상
2020072300100498,2020년 7월 23일 19시,목요일,경상남도 김해시 관동동,중상사고,0,1,0,0,차대사람 - 횡단중,안전운전불이행,젖음/습기,비,교차로 - 교차로안,사륜오토바이(ATV),남,33세,상해없음,보행자,남,60세,중상
2020072300100553,2020년 7월 23일 20시,목요일,경상남도 양산시 평산동,중상사고,0,1,0,0,차대사람 - 횡단중,안전운전불이행,젖음/습기,비,교차로 - 교차로안,승용,남,63세,상해없음,보행자,여,21세,중상
2020072300100554,2020년 7월 23일 20시,목요일,경상남도 양산시 동면,경상사고,0,0,1,0,차대차 - 측면충돌,안전운전불이행,젖음/습기,비,교차로 - 교차로부근,승용,남,55세,상해없음,승용,남,33세,경상
2020072300100555,2020년 7월 23일 20시,목요일,경상남도 함안군 칠서면,경상사고,0,0,1,0,차대차 - 추돌,안전운전불이행,건조,맑음,교차로 - 교차로부근,승용,남,48세,상해없음,승합,남,48세,경상
2020072300100604,2020년 7월 23일 21시,목요일,경상남도 김해시 어방동,중상사고,0,1,0,0,차대차 - 기타,중앙선침범,젖음/습기,비,교차로 - 교차로부근,승용,여,37세,상해없음,이륜,남,34세,중상
2020072300100605,2020년 7월 23일 21시,목요일,경상남도 합천군 덕곡면,경상사고,0,0,2,0,차량단독 - 도로외이탈 - 추락,안전운전불이행,젖음/습기,비,단일로 - 기타,화물,여,66세,경상,,,,
2020072300100606,2020년 7월 23일 21시,목요일,경상남도 김해시 흥동,중상사고,0,1,0,0,차량단독 - 공작물충돌,안전운전불이행,젖음/습기,비,단일로 - 기타,승용,남,24세,중상,,,,
2020072300100607,2020년 7월 23일 21시,목요일,경상남도 진주시 명석면,경상사고,0,0,1,3,차대차 - 추돌,안전운전불이행,젖음/습기,비,단일로 - 기타,승합,남,51세,상해없음,승합,남,48세,상해없음
2020072300100654,2020년 7월 23일 22시,목요일,경상남도 산청군 생비량면,경상사고,0,0,2,0,차대차 - 정면충돌,안전운전불이행,젖음/습기,비,단일로 - 기타,화물,남,78세,상해없음,승용,남,55세,경상
2020072300100655,2020년 7월 23일 22시,목요일,경상남도 창원시 의창구 북면,경상사고,0,0,1,0,차대차 - 측면충돌,안전운전불이행,젖음/습기,비,단일로 - 기타,승용,남,49세,상해없음,승용,여,27세,경상
2020072300100696,2020년 7월 23일 23시,목요일,경상남도 창원시 성산구 상남동,경상사고,0,0,1,0,차대차 - 측면충돌,직진우회전진행방해,젖음/습기,비,교차로 - 교차로부근,승용,남,48세,상해없음,승용,남,67세,경상
2020072400100011,2020년 7월 24일 00시,금요일,경상남도 김해시 봉황동,중상사고,0,1,0,0,차대차 - 추돌,안전운전불이행,건조,맑음,교차로 - 교차로부근,승용,여,48세,상해없음,승용,여,28세,중상
2020072400100012,2020년 7월 24일 00시,금요일,경상남도 양산시 물금읍,중상사고,0,1,0,0,차대차 - 기타,안전운전불이행,젖음/습기,비,교차로 - 교차로부근,승용,남,52세,기타불명,승용,남,49세,중상
2020072400100013,2020년 7월 24일 00시,금요일,경상남도 창원시 의창구 봉곡동,경상사고,0,0,3,0,차대차 - 추돌,안전운전불이행,젖음/습기,비,교차로 - 교차로안,승용,남,32세,상해없음,승용,남,55세,경상
2020072400100014,2020년 7월 24일 00시,금요일,경상남도 김해시 주촌면,중상사고,0,1,0,0,차대차 - 측면충돌,신호위반,젖음/습기,흐림,교차로 - 교차로안,승용,남,54세,상해없음,승용,남,55세,중상
2020072400100035,2020년 7월 24일 01시,금요일,경상남도 합천군 합천읍,중상사고,0,1,0,0,차대차 - 측면충돌,교차로운행방법위반,젖음/습기,흐림,교차로 - 교차로안,승용,여,42세,상해없음,승용,남,76세,중상
2020072400100052,2020년 7월 24일 04시,금요일,경상남도 진주시 내동면,사망사고,1,0,0,0,차량단독 - 공작물충돌,안전운전불이행,젖음/습기,흐림,단일로 - 기타,승용,여,25세,사망,,,,
2020072400100053,2020년 7월 24일 04시,금요일,경상남도 사천시 용강동,중상사고,0,1,0,0,차대사람 - 횡단중,안전운전불이행,젖음/습기,흐림,교차로 - 교차로안,승용,여,62세,상해없음,보행자,남,78세,중상
2020072400100054,2020년 7월 24일 04시,금요일,경상남도 창원시 의창구 북면,중상사고,0,1,0,0,차대차 - 추돌,안전운전불이행,젖음/습기,흐림,단일로 - 기타,승용,여,37세,기타불명,화물,남,55세,중상
2020072400100065,2020년 7월 24일 06시,금요일,경상남도 양산시 소주동,경상사고,0,0,1,0,차대차 - 기타,교차로운행방법위반,건조,맑음,교차로 - 교차로부근,개인형이동수단(PM),여,61세,경상,화물,남,71세,상해없음
2020072400100078,2020년 7월 24일 07시,금요일,경상남도 진주시 상평동,경상사고,0,0,1,0,차대차 - 측면충돌,신호위반,건조,흐림,교차로 - 교차로안,승용,여,32세,상해없음,승용,남,30세,경상
2020072400100097,2020년 7월 24일 08시,금요일,경상남도 양산시 북부동,경상사고,0,0,4,0,차대차 - 기타,교차로운행방법위반,건조,맑음,교차로 - 교차로안,승용,여,36세,경상,승용,남,65세,경상
2020072400100098,2020년 7월 24일 08시,금요일,경상남도 김해시 진영읍,경상사고,0,0,1,0,차대차 - 측면충돌,신호위반,건조,흐림,교차로 - 교차로안,승용,여,40세,상해없음,승용,여,36세,경상
2020072400100130,2020년 7월 24일 09시,금요일,경상남도 창원시 진해구 남양동,중상사고,0,1,0,0,차량단독 - 공작물충돌,안전운전불이행,젖음/습기,비,단일로 - 기타,승용,여,48세,중상,,,,
2020072400100157,2020년 7월 24일 10시,금요일,경상남도 김해시 진례면,중상사고,0,1,1,0,차대차 - 측면충돌,교차로운행방법위반,젖음/습기,흐림,교차로 - 교차로안,승용,여,50세,중상,승용,남,61세,경상
2020072400100248,2020년 7월 24일 13시,금요일,경상남도 창원시 진해구 용원동,경상사고,0,0,1,0,차대차 - 기타,안전운전불이행,건조,맑음,단일로 - 기타,승용,여,56세,상해없음,승용,여,50세,경상
2020072400100249,2020년 7월 24일 13시,금요일,경상남도 양산시 삼호동,중상사고,0,1,0,0,차대차 - 측면충돌,안전거리미확보,건조,맑음,단일로 - 기타,승용,여,38세,상해없음,승용,남,26세,중상
2020072400100274,2020년 7월 24일 14시,금요일,경상남도 함양군 안의면,중상사고,0,1,0,0,차량단독 - 전도전복 - 전도,안전운전불이행,건조,맑음,단일로 - 지하차도(도로)내,사륜오토바이(ATV),여,71세,중상,,,,
2020072400100308,2020년 7월 24일 15시,금요일,경상남도 통영시 북신동,경상사고,0,0,1,0,차대사람 - 횡단중,안전운전불이행,기타,흐림,교차로 - 교차로부근,승용,남,82세,상해없음,보행자,남,57세,경상
2020072400100309,2020년 7월 24일 15시,금요일,경상남도 통영시 중앙동,경상사고,0,0,1,0,차대차 - 기타,안전거리미확보,건조,맑음,교차로 - 교차로부근,승용,남,46세,상해없음,승합,남,61세,상해없음
2020072400100310,2020년 7월 24일 15시,금요일,경상남도 김해시 안동,중상사고,0,1,0,0,차대차 - 기타,교차로운행방법위반,건조,맑음,교차로 - 교차로안,화물,남,52세,상해없음,이륜,남,31세,중상
2020072400100311,2020년 7월 24일 15시,금요일,경상남도 양산시 북부동,중상사고,0,1,0,0,차대사람 - 기타,안전운전불이행,건조,맑음,단일로 - 기타,승용,남,76세,상해없음,보행자,여,58세,중상
2020072400100312,2020년 7월 24일 15시,금요일,경상남도 김해시 진례면,경상사고,0,0,1,0,차대차 - 후진중충돌,안전운전불이행,건조,맑음,단일로 - 기타,승용,남,53세,상해없음,화물,남,26세,경상
2020072400100348,2020년 7월 24일 16시,금요일,경상남도 의령군 의령읍,경상사고,0,0,1,0,차대차 - 측면충돌,안전운전불이행,젖음/습기,비,단일로 - 기타,승용,여,62세,상해없음,이륜,남,73세,경상
2020072400100349,2020년 7월 24일 16시,금요일,경상남도 창원시 성산구 중앙동,경상사고,0,0,1,0,차대사람 - 기타,안전운전불이행,젖음/습기,비,교차로 - 교차로안,승용,여,50세,상해없음,보행자,여,66세,경상
2020072400100384,2020년 7월 24일 17시,금요일,경상남도 사천시 사남면,경상사고,0,0,2,0,차대차 - 정면충돌,안전운전불이행,젖음/습기,비,교차로 - 교차로안,승용,남,60세,경상,승용,남,61세,경상
2020072400100385,2020년 7월 24일 17시,금요일,경상남도 밀양시 삼랑진읍,경상사고,0,0,4,0,차대차 - 측면충돌,안전운전불이행,젖음/습기,비,단일로 - 기타,화물,남,69세,경상,승용,남,23세,경상
2020072400100386,2020년 7월 24일 17시,금요일,경상남도 고성군 대가면,중상사고,0,1,0,0,차대사람 - 횡단중,안전운전불이행,젖음/습기,비,단일로 - 기타,화물,남,42세,상해없음,보행자,여,86세,중상
2020072400100387,2020년 7월 24일 17시,금요일,경상남도 의령군 의령읍,경상사고,0,0,1,0,차대사람 - 기타,안전운전불이행,젖음/습기,비,주차장 - 주차장,화물,남,69세,상해없음,보행자,남,65세,경상
2020072400100440,2020년 7월 24일 18시,금요일,경상남도 밀양시 교동,경상사고,0,0,1,0,차대차 - 측면충돌,안전운전불이행,젖음/습기,비,교차로 - 교차로안,승용,남,71세,상해없음,이륜,여,27세,경상
2020072400100441,2020년 7월 24일 18시,금요일,경상남도 양산시 산막동,경상사고,0,0,3,0,차대차 - 측면충돌,안전운전불이행,젖음/습기,비,단일로 - 기타,승용,남,60세,상해없음,승합,남,58세,경상
2020072400100442,2020년 7월 24일 18시,금요일,경상남도 창원시 마산회원구 양덕동,경상사고,0,0,1,0,차대차 - 추돌,안전운전불이행,젖음/습기,비,단일로 - 기타,승용,남,52세,상해없음,승용,여,54세,경상
2020072400100485,2020년 7월 24일 19시,금요일,경상남도 창원시 진해구 죽곡동,중상사고,0,1,0,0,차량단독 - 전도전복 - 전도,안전운전불이행,젖음/습기,비,단일로 - 기타,이륜,남,46세,중상,,,,
2020072400100486,2020년 7월 24일 19시,금요일,경상남도 통영시 무전동,경상사고,0,0,3,0,차대차 - 기타,기타,젖음/습기,비,단일로 - 기타,이륜,남,38세,경상,승용,여,50세,경상
2020072400100524,2020년 7월 24일 20시,금요일,경상남도 창원시 진해구 경화동,경상사고,0,0,1,0,차대차 - 후진중충돌,안전운전불이행,젖음/습기,비,단일로 - 기타,승용,여,45세,상해없음,이륜,남,17세,경상
2020072400100525,2020년 7월 24일 20시,금요일,경상남도 거제시 고현동,경상사고,0,0,1,0,차대차 - 측면충돌,교차로운행방법위반,건조,맑음,교차로 - 교차로안,이륜,남,19세,상해없음,승용,남,27세,경상
2020072400100526,2020년 7월 24일 20시,금요일,경상남도 창원시 마산회원구 내서읍,경상사고,0,0,1,0,차대차 - 추돌,안전운전불이행,건조,맑음,단일로 - 기타,승용,남,57세,상해없음,승용,남,51세,경상
2020072400100572,2020년 7월 24일 21시,금요일,경상남도 통영시 무전동,경상사고,0,0,1,0,차대사람 - 횡단중,신호위반,젖음/습기,비,교차로 - 교차로부근,승용,여,28세,상해없음,보행자,남,16세,경상
2020072400100573,2020년 7월 24일 21시,금요일,경상남도 사천시 향촌동,경상사고,0,0,1,0,차대사람 - 차도통행중,안전운전불이행,젖음/습기,흐림,단일로 - 기타,승용,남,68세,상해없음,보행자,남,55세,경상
2020072400100574,2020년 7월 24일 21시,금요일,경상남도 김해시 동상동,경상사고,0,0,2,0,차대차 - 추돌,교차로운행방법위반,건조,맑음,교차로 - 교차로부근,승합,남,63세,상해없음,승용,여,35세,경상
2020072400100575,2020년 7월 24일 21시,금요일,경상남도 양산시 중부동,경상사고,0,0,1,0,차대사람 - 기타,안전운전불이행,젖음/습기,비,교차로 - 교차로안,승합,남,42세,상해없음,보행자,남,63세,경상
2020072400100591,2020년 7월 24일 22시,금요일,경상남도 김해시 장유동,경상사고,0,0,3,0,차대차 - 측면충돌,안전거리미확보,젖음/습기,비,단일로 - 기타,화물,남,56세,상해없음,화물,남,63세,경상
2020072400100607,2020년 7월 24일 22시,금요일,경상남도 진주시 평거동,경상사고,0,0,1,0,차대사람 - 횡단중,안전운전불이행,젖음/습기,비,교차로 - 교차로횡단보도내,승용,남,27세,상해없음,보행자,남,65세,경상
2020072400100608,2020년 7월 24일 22시,금요일,경상남도 창원시 진해구 자은동,경상사고,0,0,1,0,차대차 - 기타,안전운전불이행,젖음/습기,비,교차로 - 교차로부근,승용,여,22세,상해없음,원동기,남,19세,경상
2020072400100609,2020년 7월 24일 22시,금요일,경상남도 창원시 진해구 용원동,경상사고,0,0,1,0,차대차 - 기타,안전운전불이행,젖음/습기,비,교차로 - 교차로부근,승용,남,58세,상해없음,원동기,남,35세,경상
2020072400100610,2020년 7월 24일 22시,금요일,경상남도 창원시 진해구 경화동,부상신고사고,0,0,0,1,차대차 - 측면충돌,안전운전불이행,젖음/습기,비,교차로 - 교차로안,이륜,남,18세,부상신고,승용,여,54세,상해없음
2020072400100611,2020년 7월 24일 22시,금요일,경상남도 김해시 동상동,경상사고,0,0,1,0,차대차 - 정면충돌,신호위반,젖음/습기,비,교차로 - 교차로안,승용,남,31세,상해없음,승용,남,37세,경상
2020072500100015,2020년 7월 25일 00시,토요일,경상남도 밀양시 내이동,중상사고,0,1,3,0,차대차 - 측면충돌,중앙선침범,젖음/습기,비,교차로 - 교차로안,승용,남,31세,상해없음,승용,남,28세,중상
2020072500100038,2020년 7월 25일 01시,토요일,경상남도 양산시 삼호동,중상사고,0,2,1,0,차대차 - 측면충돌,기타,젖음/습기,비,교차로 - 교차로안,승용,남,56세,경상,승용,남,41세,중상
2020072500100039,2020년 7월 25일 01시,토요일,경상남도 창원시 의창구 명서동,중상사고,0,1,0,0,차대차 - 추돌,안전운전불이행,건조,맑음,교차로 - 교차로부근,승용,남,36세,상해없음,승용,남,69세,중상
2020072500100058,2020년 7월 25일 02시,토요일,경상남도 양산시 물금읍,부상신고사고,0,0,0,1,차대사람 - 횡단중,안전운전불이행,젖음/습기,비,교차로 - 교차로안,승용,남,62세,상해없음,보행자,남,59세,부상신고
2020072500100109,2020년 7월 25일 06시,토요일,경상남도 김해시 내덕동,중상사고,0,1,0,0,차대차 - 추돌,안전운전불이행,건조,흐림,교차로 - 교차로부근,승용,남,21세,상해없음,승용,남,43세,중상
2020072500100137,2020년 7월 25일 08시,토요일,경상남도 남해군 남면,경상사고,0,0,1,0,차대차 - 측면충돌,안전운전불이행,건조,맑음,단일로 - 기타,화물,남,50세,상해없음,화물,남,66세,경상
2020072500100164,2020년 7월 25일 09시,토요일,경상남도 창원시 의창구 동읍,중상사고,0,2,2,1,차대차 - 추돌,안전운전불이행,건조,흐림,단일로 - 터널,승용,여,29세,경상,승용,남,60세,부상신고
2020072500100219,2020년 7월 25일 11시,토요일,경상남도 창원시 의창구 팔용동,경상사고,0,0,2,0,차대차 - 측면충돌,안전운전불이행,건조,맑음,교차로 - 교차로안,승합,남,67세,상해없음,승용,남,42세,경상
2020072500100257,2020년 7월 25일 12시,토요일,경상남도 진주시 금산면,중상사고,0,1,0,0,차대차 - 기타,교차로운행방법위반,젖음/습기,흐림,교차로 - 교차로안,승용,남,46세,상해없음,이륜,남,38세,중상
2020072500100258,2020년 7월 25일 12시,토요일,경상남도 통영시 무전동,경상사고,0,0,3,0,차대차 - 정면충돌,신호위반,건조,맑음,교차로 - 교차로안,승용,남,64세,경상,승용,남,43세,경상
2020072500100295,2020년 7월 25일 13시,토요일,경상남도 창원시 마산합포구 성호동,경상사고,0,0,1,0,차대사람 - 기타,안전운전불이행,젖음/습기,비,교차로 - 교차로안,승용,여,48세,상해없음,보행자,남,53세,경상
2020072500100296,2020년 7월 25일 13시,토요일,경상남도 창원시 마산합포구 완월동,중상사고,0,1,1,0,차대차 - 정면충돌,안전운전불이행,건조,맑음,교차로 - 교차로안,승용,여,51세,경상,승용,여,22세,중상
2020072500100297,2020년 7월 25일 13시,토요일,경상남도 창원시 성산구 상남동,중상사고,0,1,0,0,차대차 - 측면충돌,안전운전불이행,건조,맑음,교차로 - 교차로안,승용,여,33세,상해없음,승용,남,24세,중상
2020072500100336,2020년 7월 25일 14시,토요일,경상남도 거제시 아양동,경상사고,0,0,3,0,차대차 - 추돌,안전거리미확보,건조,맑음,교차로 - 교차로안,승용,남,49세,상해없음,승용,남,28세,경상
2020072500100371,2020년 7월 25일 15시,토요일,경상남도 사천시 벌리동,경상사고,0,0,2,0,차대차 - 측면충돌,교차로운행방법위반,건조,맑음,교차로 - 교차로안,승용,여,21세,기타불명,승용,여,42세,경상
2020072500100372,2020년 7월 25일 15시,토요일,경상남도 창원시 마산회원구 합성동,중상사고,0,1,0,0,차대사람 - 기타,신호위반,건조,맑음,단일로 - 기타,승용,여,52세,상해없음,보행자,여,14세,중상
2020072500100402,2020년 7월 25일 16시,토요일,경상남도 김해시 어방동,중상사고,0,1,1,0,차대차 - 기타,기타,건조,흐림,교차로 - 교차로안,원동기,남,16세,중상,화물,남,44세,경상
2020072500100403,2020년 7월 25일 16시,토요일,경상남도 양산시 원동면,중상사고,0,2,2,1,차대차 - 정면충돌,중앙선침범,건조,맑음,단일로 - 기타,승용,여,45세,부상신고,승용,남,26세,경상
2020072500100404,2020년 7월 25일 16시,토요일,경상남도 김해시 내덕동,경상사고,0,0,1,0,차대차 - 측면충돌,안전운전불이행,건조,맑음,교차로 - 교차로안,승용,남,59세,상해없음,이륜,남,58세,경상
2020072500100441,2020년 7월 25일 17시,토요일,경상남도 통영시 도천동,중상사고,0,1,0,0,차량단독 - 공작물충돌,안전운전불이행,건조,맑음,단일로 - 기타,승용,여,70세,상해없음,,,,
2020072500100442,2020년 7월 25일 17시,토요일,경상남도 창원시 의창구 신월동,경상사고,0,0,1,0,차대차 - 측면충돌,안전운전불이행,건조,맑음,단일로 - 기타,승용,남,58세,상해없음,이륜,남,38세,경상
2020072500100474,2020년 7월 25일 18시,토요일,경상남도 진주시 하대동,경상사고,0,0,1,0,차대사람 - 기타,안전운전불이행,젖음/습기,비,단일로 - 기타,승용,남,48세,상해없음,보행자,남,56세,경상
2020072500100475,2020년 7월 25일 18시,토요일,경상남도 창원시 진해구 용원동,경상사고,0,0,1,0,차대사람 - 기타,안전운전불이행,건조,맑음,교차로 - 교차로부근,화물,남,64세,상해없음,보행자,남,12세,경상
2020072500100476,2020년 7월 25일 18시,토요일,경상남도 김해시 진영읍,경상사고,0,0,1,0,차대차 - 측면충돌,중앙선침범,건조,맑음,단일로 - 기타,승합,남,62세,상해없음,승용,여,47세,경상
2020072500100510,2020년 7월 25일 19시,토요일,경상남도 창원시 진해구 이동,경상사고,0,0,3,0,차대차 - 측면충돌,교차로운행방법위반,건조,맑음,교차로 - 교차로안,승용,여,45세,경상,승용,여,29세,경상
2020072500100547,2020년 7월 25일 20시,토요일,경상남도 사천시 동금동,경상사고,0,0,1,0,차대차 - 정면충돌,안전운전불이행,건조,맑음,교차로 - 교차로안,자전거,남,16세,경상,승용,남,35세,상해없음