사고번호,사고일시,요일,시군구,사고내용,사망자수,중상자수,경상자수,부상신고자수,사고유형,법규위반,노면상태,기상상태,도로형태,가해운전자 차종,가해운전자 성별,가해운전자 연령,가해운전자 상해정도,피해운전자 차종,피해운전자 성별,피해운전자 연령,피해운전자 상해정도
2020072500100548,2020년 7월 25일 20시,토요일,경상남도 김해시 외동,경상사고,0,0,1,0,차대차 - 기타,신호위반,건조,맑음,교차로 - 교차로안,원동기,남,38세,경상,승용,남,57세,상해없음
2020072500100549,2020년 7월 25일 20시,토요일,경상남도 거창군 위천면,경상사고,0,0,3,0,차대차 - 정면충돌,중앙선침범,젖음/습기,비,단일로 - 기타,승용,남,40세,경상,승용,여,39세,경상
2020072500100550,2020년 7월 25일 20시,토요일,경상남도 거제시 고현동,중상사고,0,1,0,0,차대차 - 기타,안전운전불이행,건조,맑음,교차로 - 교차로안,승용,남,28세,상해없음,이륜,남,39세,중상
2020072500100612,2020년 7월 25일 22시,토요일,경상남도 김해시 어방동,경상사고,0,0,4,0,차대차 - 추돌,안전운전불이행,건조,흐림,단일로 - 기타,승용,남,49세,경상,승용,남,34세,경상
2020072500100631,2020년 7월 25일 23시,토요일,경상남도 김해시 외동,중상사고,0,1,0,0,차대차 - 기타,안전운전불이행,건조,맑음,단일로 - 기타,승용,남,64세,상해없음,원동기,남,32세,중상
2020072600100016,2020년 7월 26일 00시,일요일,경상남도 김해시 어방동,중상사고,0,1,0,0,차대차 - 기타,안전운전불이행,건조,맑음,주차장 - 주차장,승용,남,23세,상해없음,승합,남,26세,기타불명
2020072600100017,2020년 7월 26일 00시,일요일,경상남도 통영시 광도면,중상사고,0,1,0,0,차대차 - 정면충돌,기타,건조,맑음,단일로 - 기타,원동기,남,59세,중상,승용,여,26세,상해없음
2020072600100059,2020년 7월 26일 04시,일요일,경상남도 창원시 성산구 천선동,중상사고,0,2,0,0,차대차 - 추돌,과속,건조,흐림,단일로 - 교량,승용,남,19세,상해없음,승용,여,60세,중상
2020072600100082,2020년 7월 26일 07시,일요일,경상남도 사천시 향촌동,중상사고,0,1,1,0,차량단독 - 기타,안전운전불이행,젖음/습기,맑음,단일로 - 기타,이륜,남,22세,경상,,,,
2020072600100083,2020년 7월 26일 07시,일요일,경상남도 사천시 동림동,중상사고,0,1,0,0,차대차 - 측면충돌,직진우회전진행방해,건조,맑음,교차로 - 교차로안,승용,남,64세,상해없음,자전거,여,60세,중상
2020072600100095,2020년 7월 26일 08시,일요일,경상남도 창녕군 도천면,부상신고사고,0,0,0,1,차량단독 - 도로외이탈 - 기타,안전운전불이행,건조,맑음,단일로 - 기타,화물,남,58세,부상신고,,,,
2020072600100124,2020년 7월 26일 10시,일요일,경상남도 밀양시 부북면,경상사고,0,0,1,0,차대차 - 측면충돌,교차로운행방법위반,건조,맑음,교차로 - 교차로안,승용,남,73세,상해없음,이륜,남,36세,경상
2020072600100146,2020년 7월 26일 11시,일요일,경상남도 사천시 사남면,경상사고,0,0,1,5,차대차 - 추돌,안전운전불이행,건조,맑음,단일로 - 기타,화물,여,48세,경상,화물,여,64세,부상신고
2020072600100147,2020년 7월 26일 11시,일요일,경상남도 김해시 어방동,중상사고,0,1,0,0,차대차 - 측면충돌,안전거리미확보,건조,맑음,단일로 - 기타,이륜,남,55세,중상,승용,남,61세,상해없음
2020072600100148,2020년 7월 26일 11시,일요일,경상남도 함양군 백전면,중상사고,0,1,3,0,차대차 - 측면충돌,중앙선침범,건조,맑음,단일로 - 기타,화물,남,60세,상해없음,승용,여,39세,경상
2020072600100149,2020년 7월 26일 11시,일요일,경상남도 하동군 북천면,부상신고사고,0,0,0,1,차량단독 - 공작물충돌,안전운전불이행,건조,맑음,교차로 - 교차로부근,승용,남,38세,부상신고,,,,
2020072600100150,2020년 7월 26일 11시,일요일,경상남도 김해시 부곡동,중상사고,0,1,0,0,차대차 - 측면충돌,안전운전불이행,건조,흐림,교차로 - 교차로안,승용,여,57세,상해없음,승용,여,43세,중상
2020072600100169,2020년 7월 26일 12시,일요일,경상남도 사천시 사천읍,경상사고,0,0,2,0,차대차 - 측면충돌,안전거리미확보,건조,맑음,단일로 - 기타,승용,남,55세,상해없음,승용,남,45세,경상
2020072600100170,2020년 7월 26일 12시,일요일,경상남도 하동군 진교면,경상사고,0,0,2,0,차대차 - 측면충돌,신호위반,건조,기타,교차로 - 교차로안,화물,남,71세,상해없음,승용,남,30세,경상
2020072600100197,2020년 7월 26일 13시,일요일,경상남도 산청군 금서면,중상사고,0,1,0,0,차대사람 - 길가장자리구역통행중,안전운전불이행,건조,맑음,단일로 - 기타,화물,남,49세,상해없음,보행자,남,82세,중상
2020072600100198,2020년 7월 26일 13시,일요일,경상남도 창원시 의창구 봉곡동,경상사고,0,0,2,0,차대차 - 측면충돌,안전운전불이행,건조,맑음,기타 - 기타,승합,여,60세,상해없음,승용,여,50세,경상
2020072600100326,2020년 7월 26일 17시,일요일,경상남도 창원시 마산합포구 구산면,경상사고,0,0,2,0,차대차 - 측면충돌,중앙선침범,건조,맑음,단일로 - 기타,화물,여,49세,상해없음,승용,남,36세,경상
2020072600100327,2020년 7월 26일 17시,일요일,경상남도 거창군 거창읍,경상사고,0,0,1,0,차대차 - 기타,안전운전불이행,건조,맑음,교차로 - 교차로안,이륜,남,26세,경상,화물,남,51세,상해없음
2020072600100328,2020년 7월 26일 17시,일요일,경상남도 양산시 삼호동,경상사고,0,0,1,0,차대차 - 정면충돌,신호위반,건조,맑음,교차로 - 교차로안,승용,남,44세,상해없음,승용,남,18세,경상
2020072600100358,2020년 7월 26일 18시,일요일,경상남도 김해시 삼계동,경상사고,0,0,1,0,차대차 - 측면충돌,안전운전불이행,건조,맑음,교차로 - 교차로안,승용,남,38세,상해없음,이륜,남,25세,경상
2020072600100359,2020년 7월 26일 18시,일요일,경상남도 김해시 진영읍,경상사고,0,0,1,0,차대차 - 기타,안전운전불이행,건조,맑음,단일로 - 기타,이륜,남,22세,상해없음,이륜,남,40세,경상
2020072600100386,2020년 7월 26일 19시,일요일,경상남도 하동군 금성면,중상사고,0,1,0,0,차대사람 - 차도통행중,안전운전불이행,건조,기타,단일로 - 기타,승용,남,64세,상해없음,보행자,여,88세,중상
2020072600100405,2020년 7월 26일 20시,일요일,경상남도 합천군 적중면,중상사고,0,1,0,0,차량단독 - 기타,안전운전불이행,건조,맑음,단일로 - 기타,이륜,여,78세,중상,,,,
2020072600100406,2020년 7월 26일 20시,일요일,경상남도 양산시 평산동,중상사고,0,1,0,0,차대차 - 측면충돌,안전운전불이행,건조,맑음,교차로 - 교차로안,승용,여,37세,상해없음,이륜,남,33세,중상
2020072600100407,2020년 7월 26일 20시,일요일,경상남도 창원시 의창구 명서동,경상사고,0,0,1,0,차대차 - 측면충돌,신호위반,기타,기타,교차로 - 교차로안,승용,남,37세,상해없음,이륜,남,29세,경상
2020072600100420,2020년 7월 26일 21시,일요일,경상남도 창원시 마산합포구 산호동,중상사고,0,1,0,0,차대사람 - 차도통행중,안전운전불이행,건조,맑음,교차로 - 교차로안,화물,남,52세,상해없음,보행자,여,61세,중상
2020072600100435,2020년 7월 26일 22시,일요일,경상남도 창원시 진해구 자은동,경상사고,0,0,1,0,차대사람 - 횡단중,안전운전불이행,건조,흐림,교차로 - 교차로부근,승용,남,21세,상해없음,보행자,여,40세,경상
2020072600100452,2020년 7월 26일 23시,일요일,경상남도 창원시 마산합포구 동성동,경상사고,0,0,1,0,차대사람 - 기타,안전운전불이행,건조,맑음,단일로 - 기타,승용,남,65세,상해없음,보행자,여,44세,경상
2020072700100020,2020년 7월 27일 03시,월요일,경상남도 사천시 벌리동,경상사고,0,0,1,0,차대사람 - 횡단중,보행자보호의무위반,건조,맑음,교차로 - 교차로횡단보도내,승합,남,84세,상해없음,보행자,여,19세,경상
2020072700100026,2020년 7월 27일 04시,월요일,경상남도 고성군 고성읍,경상사고,0,0,1,0,차량단독 - 도로외이탈 - 추락,안전운전불이행,젖음/습기,비,교차로 - 교차로부근,승용,남,40세,상해없음,,,,
2020072700100145,2020년 7월 27일 09시,월요일,경상남도 진주시 평거동,경상사고,0,0,3,0,차대차 - 추돌,안전운전불이행,건조,맑음,단일로 - 기타,승용,남,61세,경상,승용,남,68세,상해없음
2020072700100179,2020년 7월 27일 10시,월요일,경상남도 밀양시 상동면,중상사고,0,1,0,0,차대차 - 정면충돌,교차로운행방법위반,젖음/습기,비,교차로 - 교차로안,승용,여,50세,상해없음,승용,남,29세,중상
2020072700100218,2020년 7월 27일 11시,월요일,경상남도 양산시 물금읍,경상사고,0,0,1,0,차대차 - 측면충돌,직진우회전진행방해,건조,맑음,교차로 - 교차로안,승용,여,51세,경상,승용,남,38세,상해없음
2020072700100290,2020년 7월 27일 13시,월요일,경상남도 창원시 마산합포구 오동동,중상사고,0,1,0,0,차대사람 - 횡단중,안전운전불이행,건조,맑음,교차로 - 교차로안,승용,남,69세,상해없음,보행자,여,72세,중상
2020072700100291,2020년 7월 27일 13시,월요일,경상남도 창원시 마산합포구 교원동,경상사고,0,0,2,0,차대차 - 측면충돌,안전운전불이행,젖음/습기,비,단일로 - 기타,승용,남,45세,상해없음,화물,남,66세,경상
2020072700100292,2020년 7월 27일 13시,월요일,경상남도 양산시 하북면,경상사고,0,0,1,0,차대차 - 기타,안전운전불이행,젖음/습기,비,단일로 - 기타,화물,남,37세,상해없음,승용,남,42세,경상
2020072700100328,2020년 7월 27일 14시,월요일,경상남도 창원시 의창구 대산면,중상사고,0,2,0,0,차대차 - 정면충돌,중앙선침범,젖음/습기,비,단일로 - 기타,화물,남,53세,상해없음,승용,남,63세,중상
2020072700100329,2020년 7월 27일 14시,월요일,경상남도 김해시 풍유동,경상사고,0,0,1,0,차대차 - 추돌,안전운전불이행,젖음/습기,비,단일로 - 기타,승용,여,32세,상해없음,승용,남,41세,경상
2020072700100367,2020년 7월 27일 15시,월요일,경상남도 창원시 마산합포구 산호동,중상사고,0,1,0,0,차대차 - 추돌,안전운전불이행,젖음/습기,비,단일로 - 기타,승용,남,19세,상해없음,승용,여,43세,중상
2020072700100402,2020년 7월 27일 16시,월요일,경상남도 진주시 신안동,경상사고,0,0,3,0,차대차 - 추돌,안전운전불이행,젖음/습기,비,단일로 - 기타,승용,여,46세,경상,승용,남,61세,상해없음
2020072700100403,2020년 7월 27일 16시,월요일,경상남도 양산시 신기동,중상사고,0,2,0,0,차대차 - 측면충돌,안전운전불이행,젖음/습기,비,단일로 - 기타,승용,남,44세,중상,화물,남,68세,중상
2020072700100440,2020년 7월 27일 17시,월요일,경상남도 창원시 진해구 여좌동,경상사고,0,0,1,0,차대사람 - 기타,안전운전불이행,젖음/습기,비,단일로 - 기타,승합,남,41세,상해없음,보행자,여,87세,경상
2020072700100441,2020년 7월 27일 17시,월요일,경상남도 밀양시 삼문동,경상사고,0,0,1,0,차대차 - 추돌,안전운전불이행,젖음/습기,비,교차로 - 교차로부근,화물,남,31세,상해없음,이륜,남,57세,경상
2020072700100442,2020년 7월 27일 17시,월요일,경상남도 함안군 군북면,경상사고,0,0,4,0,차대차 - 기타,안전운전불이행,젖음/습기,비,단일로 - 기타,승용,남,64세,상해없음,승용,여,20세,경상
2020072700100478,2020년 7월 27일 18시,월요일,경상남도 사천시 사천읍,중상사고,0,1,1,1,차대차 - 측면충돌,기타,젖음/습기,비,단일로 - 기타,승용,남,48세,경상,이륜,남,41세,부상신고
2020072700100479,2020년 7월 27일 18시,월요일,경상남도 창원시 마산회원구 내서읍,경상사고,0,0,2,0,차대차 - 추돌,안전운전불이행,젖음/습기,비,단일로 - 기타,화물,남,64세,상해없음,승용,여,44세,경상
2020072700100480,2020년 7월 27일 18시,월요일,경상남도 창원시 의창구 서상동,경상사고,0,0,1,0,차대차 - 측면충돌,신호위반,젖음/습기,비,교차로 - 교차로안,승용,여,35세,상해없음,승용,남,42세,상해없음
2020072700100506,2020년 7월 27일 19시,월요일,경상남도 창원시 진해구 용원동,경상사고,0,0,1,0,차대사람 - 횡단중,보행자보호의무위반,젖음/습기,비,교차로 - 교차로횡단보도내,승용,여,50세,상해없음,보행자,여,66세,경상
2020072700100507,2020년 7월 27일 19시,월요일,경상남도 김해시 외동,경상사고,0,0,1,0,차대사람 - 횡단중,보행자보호의무위반,젖음/습기,비,교차로 - 교차로횡단보도내,원동기,남,16세,상해없음,보행자,여,58세,경상
2020072700100508,2020년 7월 27일 19시,월요일,경상남도 김해시 진영읍,중상사고,0,1,0,0,차량단독 - 공작물충돌,안전운전불이행,젖음/습기,비,단일로 - 기타,화물,남,45세,중상,,,,
2020072700100545,2020년 7월 27일 20시,월요일,경상남도 창원시 마산합포구 남성동,중상사고,0,1,0,0,차대사람 - 횡단중,안전운전불이행,젖음/습기,비,단일로 - 기타,승용,남,62세,상해없음,보행자,여,79세,중상
2020072700100546,2020년 7월 27일 20시,월요일,경상남도 창원시 성산구 중앙동,경상사고,0,0,1,0,차대사람 - 횡단중,보행자보호의무위반,젖음/습기,비,교차로 - 교차로횡단보도내,승용,여,57세,상해없음,보행자,남,50세,경상
2020072700100573,2020년 7월 27일 21시,월요일,경상남도 통영시 무전동,중상사고,0,2,0,0,차대차 - 측면충돌,안전거리미확보,젖음/습기,비,교차로 - 교차로안,승용,남,51세,상해없음,승용,여,52세,중상
2020072700100574,2020년 7월 27일 21시,월요일,경상남도 창원시 의창구 용호동,중상사고,0,1,0,0,차대차 - 측면충돌,안전운전불이행,젖음/습기,비,단일로 - 기타,승용,남,44세,기타불명,이륜,남,35세,중상
2020072800100010,2020년 7월 28일 00시,화요일,경상남도 양산시 원동면,부상신고사고,0,0,0,1,차량단독 - 기타,안전운전불이행,젖음/습기,비,단일로 - 기타,화물,남,59세,부상신고,,,,
2020072800100011,2020년 7월 28일 00시,화요일,경상남도 창원시 성산구 상남동,경상사고,0,0,1,0,차대차 - 후진중충돌,안전운전불이행,젖음/습기,비,교차로 - 교차로부근,승용,남,38세,상해없음,승용,남,33세,경상
2020072800100033,2020년 7월 28일 03시,화요일,경상남도 창원시 의창구 소계동,중상사고,0,1,0,0,차대차 - 정면충돌,중앙선침범,젖음/습기,비,교차로 - 교차로안,승용,남,30세,상해없음,승용,여,38세,중상
2020072800100054,2020년 7월 28일 05시,화요일,경상남도 통영시 용남면,경상사고,0,0,1,0,차대사람 - 기타,안전운전불이행,젖음/습기,비,기타 - 기타,승용,남,56세,기타불명,보행자,남,63세,경상
2020072800100055,2020년 7월 28일 05시,화요일,경상남도 창원시 의창구 팔용동,중상사고,0,1,0,0,차대사람 - 기타,신호위반,젖음/습기,비,교차로 - 교차로안,승용,여,46세,상해없음,보행자,남,67세,중상
2020072800100056,2020년 7월 28일 05시,화요일,경상남도 김해시 주촌면,경상사고,0,0,1,0,차대차 - 기타,안전운전불이행,젖음/습기,비,단일로 - 기타,승용,남,45세,상해없음,승용,남,36세,경상
2020072800100107,2020년 7월 28일 08시,화요일,경상남도 창녕군 창녕읍,중상사고,0,1,1,0,차대차 - 측면충돌,직진우회전진행방해,건조,맑음,교차로 - 교차로안,승용,여,39세,경상,승용,남,31세,중상
2020072800100108,2020년 7월 28일 08시,화요일,경상남도 창원시 의창구 봉곡동,경상사고,0,0,1,0,차대차 - 기타,안전운전불이행,건조,맑음,교차로 - 교차로부근,화물,남,59세,상해없음,자전거,남,14세,경상
2020072800100129,2020년 7월 28일 09시,화요일,경상남도 김해시 생림면,경상사고,0,0,1,0,차대차 - 기타,중앙선침범,젖음/습기,흐림,교차로 - 교차로안,승용,남,56세,상해없음,승용,남,52세,경상
2020072800100157,2020년 7월 28일 10시,화요일,경상남도 김해시 삼정동,중상사고,0,1,0,0,차대차 - 기타,안전운전불이행,건조,맑음,교차로 - 교차로안,화물,남,71세,상해없음,자전거,남,14세,중상
2020072800100181,2020년 7월 28일 11시,화요일,경상남도 함안군 가야읍,사망사고,1,0,0,0,차량단독 - 공작물충돌,안전운전불이행,젖음/습기,흐림,단일로 - 기타,화물,남,74세,사망,,,,
2020072800100202,2020년 7월 28일 12시,화요일,경상남도 김해시 내동,중상사고,0,1,0,0,차대차 - 기타,안전운전불이행,건조,맑음,교차로 - 교차로안,자전거,남,70세,중상,승용,여,40세,상해없음
2020072800100203,2020년 7월 28일 12시,화요일,경상남도 함양군 유림면,중상사고,0,1,0,1,차량단독 - 도로외이탈 - 추락,안전운전불이행,건조,맑음,단일로 - 기타,화물,남,51세,상해없음,,,,
2020072800100204,2020년 7월 28일 12시,화요일,경상남도 하동군 하동읍,경상사고,0,0,1,0,차대사람 - 기타,안전운전불이행,건조,기타,교차로 - 교차로부근,승용,남,51세,상해없음,보행자,여,86세,경상
2020072800100212,2020년 7월 28일 13시,화요일,경상남도 김해시 대동면,경상사고,0,0,1,0,차대차 - 추돌,안전운전불이행,건조,맑음,단일로 - 기타,승용,남,66세,상해없음,승용,남,45세,경상
2020072800100213,2020년 7월 28일 13시,화요일,경상남도 김해시 삼문동,경상사고,0,0,2,0,차대차 - 추돌,안전운전불이행,건조,맑음,단일로 - 기타,특수,남,61세,상해없음,승용,여,54세,경상
2020072800100226,2020년 7월 28일 13시,화요일,경상남도 김해시 안동,중상사고,0,2,0,0,차대차 - 추돌,안전운전불이행,건조,맑음,단일로 - 기타,이륜,남,16세,상해없음,승용,남,24세,중상
2020072800100227,2020년 7월 28일 13시,화요일,경상남도 양산시 명동,부상신고사고,0,0,0,1,차량단독 - 기타,안전운전불이행,젖음/습기,비,교차로 - 교차로부근,이륜,남,20세,부상신고,,,,
2020072800100228,2020년 7월 28일 13시,화요일,경상남도 고성군 회화면,중상사고,0,1,0,0,차대차 - 측면충돌,신호위반,건조,맑음,교차로 - 교차로안,특수,남,61세,상해없음,화물,남,49세,중상
2020072800100296,2020년 7월 28일 15시,화요일,경상남도 김해시 흥동,부상신고사고,0,0,0,1,차대사람 - 길가장자리구역통행중,안전운전불이행,건조,맑음,단일로 - 기타,기타불명,기타불명,미분류,기타불명,보행자,남,60세,부상신고
2020072800100326,2020년 7월 28일 16시,화요일,경상남도 창녕군 남지읍,경상사고,0,0,3,0,차대사람 - 기타,안전운전불이행,젖음/습기,비,교차로 - 교차로부근,승용,남,73세,경상,보행자,여,56세,경상
2020072800100327,2020년 7월 28일 16시,화요일,경상남도 양산시 동면,중상사고,0,1,0,0,차대차 - 기타,안전운전불이행,젖음/습기,흐림,기타 - 기타,자전거,여,71세,중상,승용,남,51세,상해없음
2020072800100367,2020년 7월 28일 17시,화요일,경상남도 창원시 진해구 석동,경상사고,0,0,2,0,차대차 - 추돌,안전운전불이행,건조,맑음,단일로 - 기타,승용,여,37세,상해없음,승용,여,57세,경상
2020072800100368,2020년 7월 28일 17시,화요일,경상남도 김해시 내동,경상사고,0,0,1,0,차대차 - 기타,안전운전불이행,건조,맑음,단일로 - 기타,승용,남,48세,상해없음,이륜,남,21세,경상
2020072800100369,2020년 7월 28일 17시,화요일,경상남도 김해시 관동동,중상사고,0,1,0,0,차대차 - 측면충돌,안전운전불이행,건조,맑음,교차로 - 교차로부근,승용,남,40세,상해없음,승용,남,49세,중상
2020072800100413,2020년 7월 28일 18시,화요일,경상남도 창녕군 남지읍,중상사고,0,1,2,0,차대차 - 측면충돌,직진우회전진행방해,젖음/습기,비,교차로 - 교차로안,승용,여,51세,경상,승용,여,56세,중상
2020072800100414,2020년 7월 28일 18시,화요일,경상남도 창녕군 남지읍,경상사고,0,0,1,0,차대차 - 측면충돌,직진우회전진행방해,젖음/습기,비,교차로 - 교차로안,승용,남,52세,상해없음,자전거,남,10세,경상
2020072800100415,2020년 7월 28일 18시,화요일,경상남도 창원시 성산구 남산동,경상사고,0,0,1,0,차대차 - 측면충돌,신호위반,건조,맑음,교차로 - 교차로안,승용,남,22세,상해없음,승용,남,33세,경상
2020072800100455,2020년 7월 28일 19시,화요일,경상남도 김해시 삼문동,중상사고,0,1,0,0,차대차 - 측면충돌,교차로운행방법위반,건조,맑음,교차로 - 교차로안,승용,남,23세,상해없음,이륜,남,20세,중상
2020072800100497,2020년 7월 28일 20시,화요일,경상남도 의령군 봉수면,중상사고,0,1,0,0,차량단독 - 공작물충돌,안전운전불이행,젖음/습기,비,단일로 - 기타,화물,남,75세,중상,,,,
2020072800100498,2020년 7월 28일 20시,화요일,경상남도 창원시 성산구 가음동,경상사고,0,0,1,0,차대차 - 추돌,안전운전불이행,건조,흐림,단일로 - 기타,승용,남,39세,상해없음,화물,남,51세,경상
2020072800100533,2020년 7월 28일 21시,화요일,경상남도 거제시 고현동,경상사고,0,0,2,0,차대사람 - 횡단중,보행자보호의무위반,젖음/습기,비,교차로 - 교차로횡단보도내,승용,여,45세,상해없음,보행자,남,40세,경상
2020072800100534,2020년 7월 28일 21시,화요일,경상남도 남해군 고현면,중상사고,0,1,0,0,차대차 - 정면충돌,안전운전불이행,건조,흐림,단일로 - 기타,화물,남,75세,상해없음,화물,남,54세,중상
2020072800100535,2020년 7월 28일 21시,화요일,경상남도 창원시 성산구 대방동,경상사고,0,0,2,0,차대차 - 추돌,안전운전불이행,건조,맑음,교차로 - 교차로부근,승용,남,49세,상해없음,승용,남,30세,경상
2020072800100536,2020년 7월 28일 21시,화요일,경상남도 창원시 마산회원구 합성동,경상사고,0,0,1,0,차대사람 - 기타,기타,건조,맑음,단일로 - 기타,승용,남,61세,상해없음,보행자,여,72세,경상
2020072800100562,2020년 7월 28일 22시,화요일,경상남도 창원시 성산구 상남동,중상사고,0,1,0,0,차대차 - 측면충돌,중앙선침범,건조,맑음,교차로 - 교차로안,승용,남,40세,상해없음,원동기,남,55세,중상
2020072800100582,2020년 7월 28일 23시,화요일,경상남도 양산시 삼호동,경상사고,0,0,4,0,차대차 - 기타,교차로운행방법위반,젖음/습기,비,교차로 - 교차로안,승합,남,57세,상해없음,승용,남,29세,상해없음
2020072800100583,2020년 7월 28일 23시,화요일,경상남도 양산시 덕계동,중상사고,0,1,0,0,차대차 - 기타,안전운전불이행,젖음/습기,비,교차로 - 교차로안,승용,여,61세,상해없음,승용,남,42세,상해없음
2020072800100584,2020년 7월 28일 23시,화요일,경상남도 거제시 고현동,경상사고,0,0,2,0,차대차 - 측면충돌,안전운전불이행,건조,맑음,교차로 - 교차로부근,승용,남,52세,상해없음,승용,남,26세,경상
2020072900100016,2020년 7월 29일 00시,수요일,경상남도 진주시 평거동,중상사고,0,1,1,0,차대차 - 측면충돌,신호위반,건조,맑음,교차로 - 교차로안,승용,여,54세,경상,승용,남,51세,중상
2020072900100089,2020년 7월 29일 07시,수요일,경상남도 양산시 중부동,경상사고,0,0,1,0,차대차 - 기타,신호위반,건조,맑음,교차로 - 교차로횡단보도내,승용,남,44세,상해없음,자전거,남,15세,경상
2020072900100090,2020년 7월 29일 07시,수요일,경상남도 양산시 어곡동,경상사고,0,0,1,0,차대차 - 기타,안전운전불이행,건조,맑음,단일로 - 기타,승용,여,35세,상해없음,승용,남,31세,경상
2020072900100109,2020년 7월 29일 08시,수요일,경상남도 사천시 정동면,경상사고,0,0,2,0,차대차 - 측면충돌,안전운전불이행,젖음/습기,흐림,교차로 - 교차로안,승용,남,54세,상해없음,승용,여,42세,경상
2020072900100110,2020년 7월 29일 08시,수요일,경상남도 양산시 덕계동,중상사고,0,1,0,0,차대차 - 측면충돌,중앙선침범,건조,맑음,단일로 - 기타,승용,남,47세,상해없음,승용,남,53세,중상
2020072900100111,2020년 7월 29일 08시,수요일,경상남도 김해시 진영읍,경상사고,0,0,2,0,차대차 - 측면충돌,교차로운행방법위반,건조,맑음,교차로 - 교차로안,원동기,남,88세,경상,승용,남,44세,경상
2020072900100149,2020년 7월 29일 09시,수요일,경상남도 양산시 명동,경상사고,0,0,1,0,차대차 - 측면충돌,안전거리미확보,건조,맑음,단일로 - 기타,화물,남,59세,상해없음,승용,여,59세,경상
2020072900100175,2020년 7월 29일 10시,수요일,경상남도 양산시 동면,경상사고,0,0,1,0,차대차 - 측면충돌,안전거리미확보,건조,맑음,단일로 - 기타,화물,남,53세,상해없음,승용,남,59세,경상
2020072900100207,2020년 7월 29일 11시,수요일,경상남도 합천군 청덕면,중상사고,0,1,0,0,차량단독 - 공작물충돌,안전운전불이행,젖음/습기,맑음,단일로 - 기타,이륜,남,67세,중상,,,,
2020072900100245,2020년 7월 29일 12시,수요일,경상남도 창원시 마산합포구 창동,중상사고,0,1,0,0,차대사람 - 기타,안전운전불이행,젖음/습기,흐림,단일로 - 기타,승용,여,52세,상해없음,보행자,남,61세,중상
2020072900100246,2020년 7월 29일 12시,수요일,경상남도 합천군 적중면,사망사고,1,0,0,0,차대차 - 측면충돌,안전운전불이행,젖음/습기,비,교차로 - 교차로안,승용,남,60세,상해없음,이륜,여,72세,사망
2020072900100278,2020년 7월 29일 13시,수요일,경상남도 창원시 마산합포구 진동면,경상사고,0,0,5,0,차대차 - 기타,중앙선침범,젖음/습기,비,교차로 - 교차로부근,승용,여,48세,상해없음,승용,남,25세,경상
2020072900100280,2020년 7월 29일 13시,수요일,경상남도 진주시 동성동,중상사고,0,1,0,0,차대사람 - 횡단중,보행자보호의무위반,젖음/습기,비,교차로 - 교차로안,승용,남,57세,상해없음,보행자,여,81세,중상
2020072900100281,2020년 7월 29일 13시,수요일,경상남도 창원시 성산구 내동,경상사고,0,0,1,0,차대차 - 측면충돌,차로위반,건조,맑음,단일로 - 기타,승용,여,42세,상해없음,승용,남,36세,경상
2020072900100312,2020년 7월 29일 14시,수요일,경상남도 창원시 진해구 이동,중상사고,0,1,0,0,차대사람 - 횡단중,보행자보호의무위반,젖음/습기,비,교차로 - 교차로안,화물,남,39세,상해없음,보행자,여,26세,중상
2020072900100313,2020년 7월 29일 14시,수요일,경상남도 거제시 아양동,경상사고,0,0,1,0,차대차 - 기타,중앙선침범,젖음/습기,비,단일로 - 기타,승용,남,30세,상해없음,승용,여,38세,경상
2020072900100380,2020년 7월 29일 16시,수요일,경상남도 김해시 내동,중상사고,0,1,0,0,차대차 - 추돌,교차로운행방법위반,젖음/습기,비,교차로 - 교차로부근,승용,여,48세,상해없음,자전거,남,78세,중상
2020072900100381,2020년 7월 29일 16시,수요일,경상남도 김해시 한림면,중상사고,0,1,0,0,차대차 - 추돌,안전운전불이행,젖음/습기,비,단일로 - 기타,화물,남,31세,상해없음,승용,여,56세,중상
2020072900100415,2020년 7월 29일 17시,수요일,경상남도 김해시 부원동,중상사고,0,1,1,0,차대차 - 추돌,안전운전불이행,젖음/습기,비,교차로 - 교차로안,승용,남,71세,상해없음,승용,남,70세,경상
2020072900100482,2020년 7월 29일 19시,수요일,경상남도 김해시 안동,경상사고,0,0,2,0,차대차 - 기타,교차로운행방법위반,건조,맑음,단일로 - 기타,승용,남,57세,상해없음,승용,남,44세,경상
2020072900100519,2020년 7월 29일 20시,수요일,경상남도 사천시 용현면,경상사고,0,0,1,0,차대차 - 추돌,안전운전불이행,젖음/습기,비,교차로 - 교차로부근,승용,여,55세,상해없음,승용,여,48세,경상
2020072900100520,2020년 7월 29일 20시,수요일,경상남도 김해시 율하동,경상사고,0,0,1,0,차대차 - 기타,안전거리미확보,젖음/습기,비,단일로 - 기타,승용,여,50세,기타불명,원동기,남,43세,경상
2020072900100568,2020년 7월 29일 22시,수요일,경상남도 통영시 정량동,경상사고,0,0,1,0,차대차 - 추돌,안전운전불이행,건조,맑음,교차로 - 교차로부근,승용,남,60세,상해없음,화물,남,37세,경상
2020072900100569,2020년 7월 29일 22시,수요일,경상남도 의령군 의령읍,중상사고,0,1,0,0,차대차 - 측면충돌,안전운전불이행,젖음/습기,흐림,교차로 - 교차로안,승합,남,69세,상해없음,승용,여,28세,중상