사고번호,사고일시,요일,시군구,사고내용,사망자수,중상자수,경상자수,부상신고자수,사고유형,법규위반,노면상태,기상상태,도로형태,가해운전자 차종,가해운전자 성별,가해운전자 연령,가해운전자 상해정도,피해운전자 차종,피해운전자 성별,피해운전자 연령,피해운전자 상해정도
2020072900100593,2020년 7월 29일 23시,수요일,경상남도 통영시 광도면,경상사고,0,0,2,0,차대차 - 추돌,안전운전불이행,건조,맑음,기타 - 기타,승용,남,27세,상해없음,승용,여,39세,경상
2020073000100067,2020년 7월 30일 06시,목요일,경상남도 남해군 이동면,중상사고,0,1,0,0,차대사람 - 길가장자리구역통행중,안전운전불이행,건조,맑음,단일로 - 기타,화물,남,47세,상해없음,보행자,남,71세,중상
2020073000100076,2020년 7월 30일 07시,목요일,경상남도 김해시 응달동,중상사고,0,2,1,0,차대차 - 측면충돌,과속,건조,맑음,단일로 - 기타,승용,남,24세,상해없음,화물,남,38세,중상
2020073000100090,2020년 7월 30일 07시,목요일,경상남도 창원시 진해구 충무동,경상사고,0,0,2,0,차대차 - 측면충돌,안전운전불이행,젖음/습기,흐림,단일로 - 기타,승용,남,64세,경상,승용,남,29세,경상
2020073000100091,2020년 7월 30일 07시,목요일,경상남도 김해시 외동,경상사고,0,0,1,0,차대차 - 추돌,교차로운행방법위반,건조,맑음,교차로 - 교차로안,승용,여,59세,경상,특수,남,56세,상해없음
2020073000100113,2020년 7월 30일 08시,목요일,경상남도 창원시 진해구 덕산동,중상사고,0,1,2,0,차대차 - 추돌,안전운전불이행,기타,흐림,단일로 - 기타,승용,여,31세,상해없음,승용,남,50세,경상
2020073000100160,2020년 7월 30일 10시,목요일,경상남도 창원시 마산합포구 산호동,중상사고,0,1,0,0,차대차 - 측면충돌,안전운전불이행,건조,맑음,교차로 - 교차로안,승용,남,64세,상해없음,원동기,남,31세,중상
2020073000100185,2020년 7월 30일 11시,목요일,경상남도 함안군 칠원읍,경상사고,0,0,1,0,차대차 - 측면충돌,안전운전불이행,젖음/습기,비,교차로 - 교차로부근,승용,남,22세,상해없음,승합,남,42세,경상
2020073000100222,2020년 7월 30일 12시,목요일,경상남도 거창군 마리면,중상사고,0,1,1,0,차량단독 - 주/정차차량 충돌,안전운전불이행,젖음/습기,비,단일로 - 기타,승용,남,85세,경상,,,,
2020073000100223,2020년 7월 30일 12시,목요일,경상남도 거창군 남상면,중상사고,0,2,1,0,차량단독 - 기타,안전운전불이행,젖음/습기,비,기타 - 기타,화물,남,83세,경상,,,,
2020073000100224,2020년 7월 30일 12시,목요일,경상남도 양산시 물금읍,경상사고,0,0,2,0,차대차 - 추돌,안전거리미확보,젖음/습기,비,단일로 - 기타,승용,남,26세,상해없음,승용,여,37세,경상
2020073000100264,2020년 7월 30일 13시,목요일,경상남도 창원시 진해구 자은동,경상사고,0,0,1,0,차대차 - 측면충돌,안전운전불이행,젖음/습기,비,기타 - 기타,승용,여,34세,상해없음,승용,여,35세,경상
2020073000100265,2020년 7월 30일 13시,목요일,경상남도 김해시 삼방동,중상사고,0,1,0,1,차대차 - 기타,신호위반,젖음/습기,비,교차로 - 교차로안,화물,남,40세,상해없음,승용,여,46세,부상신고
2020073000100266,2020년 7월 30일 13시,목요일,경상남도 창원시 의창구 용호동,중상사고,0,1,0,0,차대사람 - 횡단중,보행자보호의무위반,젖음/습기,비,교차로 - 교차로안,승합,여,56세,상해없음,보행자,여,41세,중상
2020073000100300,2020년 7월 30일 14시,목요일,경상남도 진주시 신안동,경상사고,0,0,1,0,차대차 - 추돌,안전거리미확보,젖음/습기,비,교차로 - 교차로부근,화물,남,65세,상해없음,승용,여,40세,경상
2020073000100301,2020년 7월 30일 14시,목요일,경상남도 창원시 진해구 자은동,부상신고사고,0,0,0,1,차대차 - 추돌,안전거리미확보,젖음/습기,비,교차로 - 교차로부근,이륜,남,37세,부상신고,승용,남,66세,상해없음
2020073000100302,2020년 7월 30일 14시,목요일,경상남도 창원시 의창구 팔용동,경상사고,0,0,1,0,차대사람 - 횡단중,안전운전불이행,젖음/습기,비,교차로 - 교차로횡단보도내,승용,남,30세,상해없음,보행자,남,9세,경상
2020073000100404,2020년 7월 30일 17시,목요일,경상남도 김해시 삼계동,경상사고,0,0,1,0,차대차 - 기타,안전운전불이행,젖음/습기,흐림,교차로 - 교차로안,승용,남,77세,상해없음,원동기,남,17세,경상
2020073000100425,2020년 7월 30일 18시,목요일,경상남도 김해시 풍유동,경상사고,0,0,1,0,차대차 - 기타,안전운전불이행,건조,맑음,단일로 - 기타,화물,남,36세,상해없음,승용,여,41세,경상
2020073000100444,2020년 7월 30일 18시,목요일,경상남도 창원시 진해구 용원동,경상사고,0,0,1,0,차대차 - 측면충돌,안전운전불이행,젖음/습기,비,교차로 - 교차로안,이륜,남,27세,경상,승용,남,57세,상해없음
2020073000100445,2020년 7월 30일 18시,목요일,경상남도 거제시 장평동,경상사고,0,0,1,0,차대차 - 측면충돌,불법유턴,건조,맑음,교차로 - 교차로안,승용,여,30세,상해없음,자전거,여,56세,경상
2020073000100446,2020년 7월 30일 18시,목요일,경상남도 함안군 칠북면,중상사고,0,1,0,0,차대차 - 측면충돌,안전운전불이행,건조,맑음,교차로 - 교차로안,승용,남,71세,상해없음,승용,남,34세,중상
2020073000100483,2020년 7월 30일 19시,목요일,경상남도 창원시 성산구 반지동,중상사고,0,1,0,0,차대차 - 측면충돌,안전운전불이행,젖음/습기,비,교차로 - 교차로안,승용,남,47세,상해없음,원동기,남,33세,중상
2020073000100484,2020년 7월 30일 19시,목요일,경상남도 창원시 의창구 봉곡동,중상사고,0,1,0,0,차대사람 - 횡단중,보행자보호의무위반,젖음/습기,비,교차로 - 교차로횡단보도내,승용,남,28세,상해없음,보행자,남,18세,중상
2020073000100522,2020년 7월 30일 20시,목요일,경상남도 사천시 동동,부상신고사고,0,0,0,1,차대차 - 측면충돌,직진우회전진행방해,젖음/습기,비,교차로 - 교차로안,자전거,남,65세,부상신고,승용,남,31세,상해없음
2020073000100557,2020년 7월 30일 21시,목요일,경상남도 창원시 진해구 자은동,경상사고,0,0,1,0,차대사람 - 횡단중,보행자보호의무위반,젖음/습기,흐림,교차로 - 교차로횡단보도내,승용,여,68세,상해없음,보행자,여,29세,경상
2020073000100558,2020년 7월 30일 21시,목요일,경상남도 거제시 옥포동,중상사고,0,1,0,0,차대사람 - 기타,신호위반,건조,맑음,교차로 - 교차로안,승용,남,52세,상해없음,보행자,남,49세,중상
2020073000100607,2020년 7월 30일 23시,목요일,경상남도 진주시 평거동,경상사고,0,0,1,0,차대차 - 측면충돌,중앙선침범,건조,맑음,단일로 - 기타,승용,남,49세,상해없음,승용,남,37세,경상
2020073100100042,2020년 7월 31일 03시,금요일,경상남도 창원시 진해구 석동,경상사고,0,0,2,0,차대차 - 기타,안전운전불이행,건조,맑음,교차로 - 교차로안,승용,남,21세,상해없음,승용,남,71세,상해없음
2020073100100070,2020년 7월 31일 06시,금요일,경상남도 거제시 연초면,중상사고,0,1,0,0,차대차 - 기타,신호위반,건조,흐림,교차로 - 교차로안,화물,남,32세,상해없음,이륜,남,54세,중상
2020073100100081,2020년 7월 31일 07시,금요일,경상남도 창원시 성산구 성주동,경상사고,0,0,1,0,차대차 - 측면충돌,안전운전불이행,건조,맑음,단일로 - 기타,승용,여,28세,상해없음,승용,여,25세,경상
2020073100100082,2020년 7월 31일 07시,금요일,경상남도 창원시 의창구 팔용동,경상사고,0,0,1,0,차대차 - 추돌,안전거리미확보,건조,맑음,교차로 - 교차로부근,이륜,남,53세,기타불명,승용,남,40세,경상
2020073100100108,2020년 7월 31일 08시,금요일,경상남도 거창군 주상면,중상사고,0,1,0,0,차대사람 - 차도통행중,안전운전불이행,젖음/습기,비,교차로 - 교차로안,화물,남,63세,상해없음,보행자,여,79세,중상
2020073100100109,2020년 7월 31일 08시,금요일,경상남도 합천군 율곡면,중상사고,0,3,0,0,차대차 - 추돌,안전운전불이행,건조,맑음,교차로 - 교차로부근,화물,남,49세,상해없음,승용,여,26세,중상
2020073100100135,2020년 7월 31일 09시,금요일,경상남도 통영시 북신동,경상사고,0,0,1,0,차대차 - 측면충돌,안전거리미확보,건조,맑음,교차로 - 교차로부근,이륜,남,59세,경상,승용,남,73세,상해없음
2020073100100217,2020년 7월 31일 12시,금요일,경상남도 창원시 진해구 석동,경상사고,0,0,1,0,차대차 - 정면충돌,신호위반,건조,맑음,교차로 - 교차로안,승용,여,49세,상해없음,이륜,남,27세,경상
2020073100100257,2020년 7월 31일 13시,금요일,경상남도 창원시 진해구 경화동,경상사고,0,0,2,0,차대차 - 측면충돌,중앙선침범,건조,맑음,교차로 - 교차로부근,승용,남,75세,상해없음,승용,여,28세,경상
2020073100100258,2020년 7월 31일 13시,금요일,경상남도 양산시 삼호동,경상사고,0,0,1,0,차대차 - 기타,안전운전불이행,건조,맑음,단일로 - 기타,화물,남,78세,상해없음,승용,남,54세,경상
2020073100100259,2020년 7월 31일 13시,금요일,경상남도 창원시 성산구 사파동,경상사고,0,0,1,0,차대차 - 추돌,안전운전불이행,건조,맑음,교차로 - 교차로부근,승용,남,44세,기타불명,승용,남,42세,경상
2020073100100306,2020년 7월 31일 14시,금요일,경상남도 창원시 진해구 자은동,경상사고,0,0,1,0,차대차 - 추돌,안전운전불이행,건조,맑음,교차로 - 교차로부근,승합,여,45세,상해없음,승용,남,48세,경상
2020073100100307,2020년 7월 31일 14시,금요일,경상남도 통영시 봉평동,경상사고,0,0,1,0,차대차 - 추돌,안전거리미확보,건조,맑음,단일로 - 기타,이륜,남,24세,상해없음,승용,남,51세,경상
2020073100100308,2020년 7월 31일 14시,금요일,경상남도 양산시 물금읍,경상사고,0,0,1,0,차대차 - 측면충돌,신호위반,건조,맑음,교차로 - 교차로안,승용,남,34세,상해없음,자전거,남,63세,경상
2020073100100309,2020년 7월 31일 14시,금요일,경상남도 창원시 마산회원구 합성동,중상사고,0,1,0,0,차대사람 - 기타,안전운전불이행,건조,맑음,단일로 - 기타,승합,남,60세,상해없음,보행자,여,55세,중상
2020073100100339,2020년 7월 31일 15시,금요일,경상남도 김해시 내동,중상사고,0,1,0,0,차대사람 - 보도통행중,기타,건조,맑음,단일로 - 기타,화물,남,64세,상해없음,보행자,남,69세,중상
2020073100100379,2020년 7월 31일 16시,금요일,경상남도 사천시 용현면,경상사고,0,0,1,0,차대사람 - 기타,안전운전불이행,건조,맑음,교차로 - 교차로안,승용,여,56세,상해없음,보행자,여,37세,경상
2020073100100380,2020년 7월 31일 16시,금요일,경상남도 밀양시 내일동,경상사고,0,0,1,0,차대차 - 측면충돌,안전운전불이행,건조,맑음,단일로 - 기타,승용,여,53세,상해없음,승용,여,71세,경상
2020073100100381,2020년 7월 31일 16시,금요일,경상남도 남해군 창선면,경상사고,0,0,1,0,차량단독 - 공작물충돌,안전운전불이행,젖음/습기,흐림,단일로 - 기타,화물,남,61세,경상,,,,
2020073100100425,2020년 7월 31일 17시,금요일,경상남도 창원시 진해구 이동,경상사고,0,0,2,1,차대차 - 측면충돌,안전운전불이행,건조,맑음,단일로 - 기타,승용,남,73세,부상신고,승용,여,40세,경상
2020073100100426,2020년 7월 31일 17시,금요일,경상남도 김해시 구산동,경상사고,0,0,1,0,차대사람 - 보도통행중,보행자보호의무위반,건조,맑음,단일로 - 기타,승용,여,57세,상해없음,보행자,여,67세,경상
2020073100100427,2020년 7월 31일 17시,금요일,경상남도 양산시 신기동,경상사고,0,0,1,0,차대차 - 측면충돌,안전운전불이행,건조,맑음,교차로 - 교차로안,승용,남,44세,상해없음,화물,남,35세,경상
2020073100100482,2020년 7월 31일 18시,금요일,경상남도 양산시 평산동,부상신고사고,0,0,0,1,차대차 - 후진중충돌,안전운전불이행,건조,맑음,단일로 - 기타,승용,여,50세,상해없음,원동기,남,20세,부상신고
2020073100100483,2020년 7월 31일 18시,금요일,경상남도 하동군 하동읍,경상사고,0,0,1,0,차대차 - 측면충돌,직진우회전진행방해,건조,맑음,교차로 - 교차로안,이륜,여,56세,경상,승용,여,42세,상해없음
2020073100100484,2020년 7월 31일 18시,금요일,경상남도 창원시 의창구 명서동,경상사고,0,0,1,0,차대차 - 추돌,안전운전불이행,건조,맑음,단일로 - 지하차도(도로)내,승용,남,44세,상해없음,승용,여,27세,경상
2020073100100485,2020년 7월 31일 18시,금요일,경상남도 김해시 진영읍,사망사고,1,0,0,0,차대차 - 측면충돌,안전운전불이행,건조,맑음,단일로 - 기타,승합,남,71세,상해없음,자전거,남,74세,사망
2020073100100511,2020년 7월 31일 19시,금요일,경상남도 김해시 부원동,경상사고,0,0,1,0,차대차 - 기타,안전거리미확보,건조,맑음,단일로 - 기타,화물,남,27세,상해없음,화물,남,48세,경상
2020073100100532,2020년 7월 31일 19시,금요일,경상남도 김해시 삼방동,중상사고,0,1,2,0,차대차 - 측면충돌,교차로운행방법위반,건조,맑음,교차로 - 교차로안,승용,남,56세,상해없음,승용,남,23세,경상
2020073100100533,2020년 7월 31일 19시,금요일,경상남도 창원시 성산구 외동,경상사고,0,0,2,0,차대차 - 측면충돌,안전운전불이행,건조,맑음,교차로 - 교차로안,승용,여,26세,상해없음,승용,여,29세,경상
2020073100100565,2020년 7월 31일 20시,금요일,경상남도 양산시 동면,경상사고,0,0,4,0,차대차 - 추돌,안전운전불이행,건조,맑음,교차로 - 교차로부근,화물,남,42세,기타불명,승용,남,41세,경상
2020073100100596,2020년 7월 31일 21시,금요일,경상남도 창원시 진해구 경화동,중상사고,0,1,0,0,차대차 - 정면충돌,신호위반,건조,맑음,교차로 - 교차로안,원동기,남,37세,중상,승용,여,58세,상해없음
2020073100100597,2020년 7월 31일 21시,금요일,경상남도 양산시 물금읍,경상사고,0,0,1,0,차대차 - 측면충돌,안전운전불이행,건조,맑음,교차로 - 교차로안,승용,남,47세,상해없음,승용,남,59세,기타불명
2020073100100631,2020년 7월 31일 22시,금요일,경상남도 창원시 의창구 봉곡동,경상사고,0,0,1,0,차대사람 - 기타,안전운전불이행,건조,맑음,단일로 - 기타,승합,남,46세,상해없음,보행자,남,37세,경상
2020073100100651,2020년 7월 31일 23시,금요일,경상남도 창원시 성산구 상남동,경상사고,0,0,3,0,차대차 - 기타,신호위반,건조,맑음,교차로 - 교차로안,승용,남,29세,상해없음,승용,남,66세,상해없음
2020080100100013,2020년 8월 1일 00시,토요일,경상남도 양산시 물금읍,중상사고,0,1,0,0,차대차 - 측면충돌,안전운전불이행,건조,맑음,단일로 - 기타,승용,남,59세,상해없음,이륜,남,19세,중상
2020080100100059,2020년 8월 1일 03시,토요일,경상남도 통영시 당동,경상사고,0,0,1,0,차량단독 - 도로외이탈 - 추락,과속,건조,맑음,단일로 - 기타,승용,남,60세,경상,,,,
2020080100100060,2020년 8월 1일 03시,토요일,경상남도 창원시 의창구 용호동,부상신고사고,0,0,0,1,차대사람 - 횡단중,안전운전불이행,건조,맑음,단일로 - 기타,승용,남,75세,상해없음,보행자,남,45세,부상신고
2020080100100068,2020년 8월 1일 04시,토요일,경상남도 창원시 마산합포구 중성동,경상사고,0,0,1,0,차대사람 - 기타,안전운전불이행,건조,흐림,단일로 - 기타,승용,여,62세,상해없음,보행자,남,43세,경상
2020080100100078,2020년 8월 1일 05시,토요일,경상남도 거창군 거창읍,경상사고,0,0,1,0,차대차 - 측면충돌,안전운전불이행,젖음/습기,흐림,교차로 - 교차로부근,이륜,남,17세,경상,화물,남,73세,상해없음
2020080100100084,2020년 8월 1일 06시,토요일,경상남도 창원시 의창구 동읍,경상사고,0,0,2,0,차대차 - 추돌,안전거리미확보,건조,맑음,단일로 - 기타,승용,남,57세,상해없음,승용,남,60세,경상
2020080100100094,2020년 8월 1일 07시,토요일,경상남도 창녕군 영산면,중상사고,0,1,0,0,차대차 - 기타,신호위반,건조,맑음,교차로 - 교차로안,화물,남,35세,상해없음,이륜,남,75세,중상
2020080100100125,2020년 8월 1일 09시,토요일,경상남도 밀양시 내이동,경상사고,0,0,1,0,차대차 - 측면충돌,기타,건조,맑음,교차로 - 교차로안,승용,남,54세,상해없음,승용,남,28세,경상
2020080100100126,2020년 8월 1일 09시,토요일,경상남도 창원시 성산구 천선동,중상사고,0,1,1,0,차대차 - 추돌,안전운전불이행,건조,맑음,단일로 - 기타,승용,여,53세,상해없음,화물,남,62세,경상
2020080100100152,2020년 8월 1일 10시,토요일,경상남도 진주시 문산읍,중상사고,0,1,0,0,차대차 - 측면충돌,신호위반,건조,맑음,교차로 - 교차로부근,승용,남,54세,상해없음,승용,여,28세,중상
2020080100100153,2020년 8월 1일 10시,토요일,경상남도 밀양시 삼랑진읍,중상사고,0,1,0,0,차대차 - 측면충돌,안전운전불이행,건조,맑음,단일로 - 기타,자전거,남,58세,중상,화물,남,25세,상해없음
2020080100100154,2020년 8월 1일 10시,토요일,경상남도 거창군 거창읍,중상사고,0,1,1,0,차대차 - 측면충돌,중앙선침범,건조,맑음,단일로 - 기타,승용,여,24세,상해없음,특수,남,57세,상해없음
2020080100100189,2020년 8월 1일 11시,토요일,경상남도 창원시 진해구 장천동,경상사고,0,0,1,0,차대차 - 추돌,안전운전불이행,건조,맑음,교차로 - 교차로부근,승용,여,58세,상해없음,승용,남,53세,상해없음
2020080100100190,2020년 8월 1일 11시,토요일,경상남도 통영시 태평동,경상사고,0,0,1,0,차대사람 - 기타,안전운전불이행,건조,맑음,단일로 - 기타,화물,남,52세,상해없음,보행자,남,82세,경상
2020080100100191,2020년 8월 1일 11시,토요일,경상남도 남해군 창선면,중상사고,0,2,6,0,차대차 - 측면충돌,중앙선침범,건조,맑음,단일로 - 기타,화물,남,77세,상해없음,승용,남,37세,경상
2020080100100192,2020년 8월 1일 11시,토요일,경상남도 산청군 신안면,중상사고,0,1,0,0,차량단독 - 도로외이탈 - 기타,안전운전불이행,건조,맑음,단일로 - 기타,사륜오토바이(ATV),여,83세,상해없음,,,,
2020080100100226,2020년 8월 1일 12시,토요일,경상남도 창원시 성산구 중앙동,경상사고,0,0,6,0,차대차 - 측면충돌,신호위반,건조,맑음,교차로 - 교차로안,승용,남,50세,상해없음,승용,여,38세,경상
2020080100100227,2020년 8월 1일 12시,토요일,경상남도 창원시 마산회원구 양덕동,경상사고,0,0,4,0,차대차 - 측면충돌,안전운전불이행,건조,맑음,단일로 - 기타,승용,남,37세,상해없음,승용,남,46세,경상
2020080100100268,2020년 8월 1일 13시,토요일,경상남도 통영시 정량동,경상사고,0,0,1,0,차대차 - 기타,직진우회전진행방해,건조,맑음,교차로 - 교차로안,승용,남,28세,상해없음,이륜,남,37세,경상
2020080100100306,2020년 8월 1일 14시,토요일,경상남도 김해시 외동,경상사고,0,0,1,0,차대사람 - 횡단중,신호위반,건조,맑음,교차로 - 교차로횡단보도내,승용,남,35세,상해없음,보행자,여,54세,경상
2020080100100307,2020년 8월 1일 14시,토요일,경상남도 양산시 덕계동,부상신고사고,0,0,0,1,차대차 - 기타,안전운전불이행,건조,맑음,주차장 - 주차장,승용,여,69세,상해없음,승용,여,25세,부상신고
2020080100100308,2020년 8월 1일 14시,토요일,경상남도 산청군 시천면,경상사고,0,0,2,0,차대차 - 측면충돌,안전운전불이행,건조,맑음,단일로 - 기타,승용,남,41세,상해없음,승용,여,33세,경상
2020080100100340,2020년 8월 1일 15시,토요일,경상남도 창원시 마산합포구 진전면,경상사고,0,0,1,0,차대차 - 정면충돌,안전운전불이행,건조,맑음,교차로 - 교차로부근,승용,여,33세,기타불명,화물,남,40세,경상
2020080100100341,2020년 8월 1일 15시,토요일,경상남도 통영시 북신동,경상사고,0,0,2,1,차대차 - 측면충돌,교차로운행방법위반,건조,맑음,교차로 - 교차로안,이륜,남,71세,부상신고,승용,남,24세,상해없음
2020080100100342,2020년 8월 1일 15시,토요일,경상남도 김해시 상동면,경상사고,0,0,2,0,차대차 - 측면충돌,직진우회전진행방해,건조,맑음,교차로 - 교차로안,승용,여,59세,경상,승합,남,56세,경상
2020080100100343,2020년 8월 1일 15시,토요일,경상남도 합천군 합천읍,경상사고,0,0,1,0,차대차 - 측면충돌,직진우회전진행방해,건조,맑음,교차로 - 교차로안,승용,여,57세,상해없음,자전거,남,11세,경상
2020080100100344,2020년 8월 1일 15시,토요일,경상남도 창원시 의창구 서상동,경상사고,0,0,1,0,차대차 - 기타,안전거리미확보,기타,기타,교차로 - 교차로부근,승용,남,66세,상해없음,원동기,남,37세,경상
2020080100100378,2020년 8월 1일 16시,토요일,경상남도 통영시 미수동,경상사고,0,0,2,0,차대차 - 추돌,안전운전불이행,건조,맑음,단일로 - 교량,승용,남,25세,상해없음,승용,여,24세,경상
2020080100100379,2020년 8월 1일 16시,토요일,경상남도 사천시 용현면,경상사고,0,0,1,0,차대사람 - 기타,안전운전불이행,건조,맑음,교차로 - 교차로부근,승용,여,34세,상해없음,보행자,여,72세,경상
2020080100100380,2020년 8월 1일 16시,토요일,경상남도 남해군 남해읍,부상신고사고,0,0,0,1,차대차 - 추돌,안전운전불이행,건조,맑음,주차장 - 주차장,원동기,여,72세,부상신고,건설기계,남,38세,기타불명
2020080100100381,2020년 8월 1일 16시,토요일,경상남도 창원시 의창구 팔용동,경상사고,0,0,2,0,차대차 - 측면충돌,신호위반,건조,흐림,교차로 - 교차로안,승용,남,59세,상해없음,화물,남,35세,경상
2020080100100382,2020년 8월 1일 16시,토요일,경상남도 김해시 대청동,경상사고,0,0,2,0,차대차 - 측면충돌,안전운전불이행,건조,맑음,단일로 - 기타,승용,남,60세,상해없음,승용,여,67세,경상
2020080100100422,2020년 8월 1일 17시,토요일,경상남도 사천시 사남면,경상사고,0,0,4,0,차대차 - 측면충돌,안전운전불이행,건조,맑음,교차로 - 교차로부근,승용,남,66세,상해없음,승용,여,27세,경상
2020080100100423,2020년 8월 1일 17시,토요일,경상남도 양산시 상북면,중상사고,0,1,0,0,차대사람 - 기타,안전운전불이행,건조,맑음,단일로 - 기타,승용,여,59세,상해없음,보행자,여,63세,중상
2020080100100484,2020년 8월 1일 19시,토요일,경상남도 창원시 진해구 자은동,경상사고,0,0,4,0,차대차 - 측면충돌,안전운전불이행,건조,맑음,교차로 - 교차로부근,승용,남,60세,상해없음,승용,남,36세,경상
2020080100100542,2020년 8월 1일 21시,토요일,경상남도 함양군 함양읍,경상사고,0,0,4,0,차대차 - 후진중충돌,안전운전불이행,건조,맑음,단일로 - 지하차도(도로)내,승합,남,56세,상해없음,승용,남,49세,경상
2020080100100543,2020년 8월 1일 21시,토요일,경상남도 양산시 삼호동,경상사고,0,0,3,0,차대차 - 측면충돌,안전운전불이행,건조,맑음,교차로 - 교차로안,승용,남,19세,상해없음,승용,여,28세,경상
2020080100100601,2020년 8월 1일 23시,토요일,경상남도 진주시 금산면,중상사고,0,1,0,0,차대사람 - 기타,안전운전불이행,건조,맑음,단일로 - 기타,승용,여,37세,상해없음,보행자,남,48세,중상
2020080100100602,2020년 8월 1일 23시,토요일,경상남도 사천시 송포동,중상사고,0,1,0,0,차대차 - 정면충돌,중앙선침범,건조,맑음,단일로 - 기타,승용,남,25세,상해없음,이륜,남,23세,중상
2020080200100095,2020년 8월 2일 10시,일요일,경상남도 양산시 물금읍,경상사고,0,0,1,1,차대차 - 측면충돌,신호위반,건조,흐림,교차로 - 교차로안,화물,남,65세,상해없음,승용,남,38세,경상
2020080200100096,2020년 8월 2일 10시,일요일,경상남도 거제시 동부면,중상사고,0,1,0,0,차대차 - 기타,안전운전불이행,건조,맑음,교차로 - 교차로안,승용,남,27세,상해없음,자전거,남,56세,중상
2020080200100114,2020년 8월 2일 11시,일요일,경상남도 창원시 마산합포구 남성동,경상사고,0,0,3,0,차대차 - 기타,안전운전불이행,건조,맑음,교차로 - 교차로안,승합,남,47세,상해없음,승용,남,47세,경상
2020080200100115,2020년 8월 2일 11시,일요일,경상남도 밀양시 삼문동,부상신고사고,0,0,0,1,차대사람 - 횡단중,안전운전불이행,건조,맑음,단일로 - 기타,승용,남,34세,상해없음,보행자,남,61세,부상신고
2020080200100116,2020년 8월 2일 11시,일요일,경상남도 김해시 서상동,중상사고,0,1,0,0,차량단독 - 기타,안전운전불이행,건조,맑음,단일로 - 기타,승합,남,54세,상해없음,,,,
2020080200100117,2020년 8월 2일 11시,일요일,경상남도 창원시 마산회원구 두척동,경상사고,0,0,2,0,차대차 - 추돌,안전운전불이행,건조,맑음,교차로 - 교차로부근,승용,남,59세,상해없음,승용,남,35세,경상
2020080200100139,2020년 8월 2일 12시,일요일,경상남도 거제시 고현동,경상사고,0,0,1,0,차대차 - 추돌,안전거리미확보,건조,맑음,단일로 - 기타,승용,남,47세,상해없음,승용,남,19세,경상
2020080200100162,2020년 8월 2일 13시,일요일,경상남도 창녕군 창녕읍,중상사고,0,2,0,0,차대차 - 기타,안전거리미확보,건조,맑음,단일로 - 기타,승용,남,45세,상해없음,승용,여,49세,중상
2020080200100163,2020년 8월 2일 13시,일요일,경상남도 양산시 원동면,경상사고,0,0,4,0,차대차 - 기타,중앙선침범,건조,맑음,단일로 - 기타,승용,남,69세,상해없음,승용,여,40세,경상
2020080200100187,2020년 8월 2일 14시,일요일,경상남도 진주시 초전동,경상사고,0,0,1,0,차대차 - 측면충돌,신호위반,건조,맑음,단일로 - 기타,원동기,남,36세,상해없음,자전거,남,63세,경상
2020080200100221,2020년 8월 2일 15시,일요일,경상남도 양산시 물금읍,경상사고,0,0,1,0,차대차 - 기타,신호위반,건조,맑음,교차로 - 교차로안,승용,여,44세,기타불명,승용,남,62세,경상
2020080200100222,2020년 8월 2일 15시,일요일,경상남도 고성군 고성읍,경상사고,0,0,2,0,차대차 - 측면충돌,안전거리미확보,건조,맑음,단일로 - 기타,승용,여,61세,상해없음,승용,남,68세,경상
2020080200100279,2020년 8월 2일 17시,일요일,경상남도 합천군 율곡면,중상사고,0,1,0,0,차대차 - 측면충돌,신호위반,건조,맑음,교차로 - 교차로안,승용,여,63세,상해없음,이륜,남,59세,중상
2020080200100280,2020년 8월 2일 17시,일요일,경상남도 양산시 물금읍,경상사고,0,0,1,0,차대차 - 기타,안전운전불이행,건조,맑음,교차로 - 교차로안,승용,여,32세,상해없음,승용,남,41세,경상
2020080200100281,2020년 8월 2일 17시,일요일,경상남도 산청군 시천면,중상사고,0,1,1,0,차대차 - 측면충돌,과속,건조,맑음,교차로 - 교차로안,승용,여,58세,경상,농기계,남,74세,중상
2020080200100308,2020년 8월 2일 18시,일요일,경상남도 통영시 도산면,경상사고,0,0,1,0,차대차 - 기타,안전운전불이행,건조,맑음,단일로 - 기타,이륜,남,38세,상해없음,승용,남,70세,상해없음
2020080200100309,2020년 8월 2일 18시,일요일,경상남도 통영시 인평동,중상사고,0,1,0,0,차대차 - 측면충돌,교차로운행방법위반,건조,맑음,교차로 - 교차로안,승용,남,60세,상해없음,이륜,남,41세,중상
2020080200100310,2020년 8월 2일 18시,일요일,경상남도 김해시 동상동,경상사고,0,0,2,0,차대차 - 측면충돌,안전운전불이행,건조,맑음,교차로 - 교차로안,이륜,남,32세,경상,승용,남,51세,경상
2020080200100311,2020년 8월 2일 18시,일요일,경상남도 양산시 삼호동,경상사고,0,0,1,0,차대차 - 측면충돌,안전운전불이행,젖음/습기,흐림,교차로 - 교차로부근,승용,남,67세,상해없음,승용,여,65세,경상
2020080200100312,2020년 8월 2일 18시,일요일,경상남도 남해군 남해읍,경상사고,0,0,1,0,차대사람 - 길가장자리구역통행중,안전운전불이행,건조,맑음,교차로 - 교차로안,승용,남,26세,상해없음,보행자,남,26세,경상
2020080200100336,2020년 8월 2일 19시,일요일,경상남도 진주시 가좌동,경상사고,0,0,2,0,차대차 - 후진중충돌,안전운전불이행,건조,맑음,교차로 - 교차로안,승용,남,22세,상해없음,승용,남,34세,경상