사고번호,사고일시,요일,시군구,사고내용,사망자수,중상자수,경상자수,부상신고자수,사고유형,법규위반,노면상태,기상상태,도로형태,가해운전자 차종,가해운전자 성별,가해운전자 연령,가해운전자 상해정도,피해운전자 차종,피해운전자 성별,피해운전자 연령,피해운전자 상해정도
2020080200100337,2020년 8월 2일 19시,일요일,경상남도 창원시 의창구 북면,중상사고,0,1,0,0,차대차 - 측면충돌,신호위반,건조,맑음,교차로 - 교차로안,승용,남,64세,상해없음,승용,남,60세,중상
2020080200100355,2020년 8월 2일 20시,일요일,경상남도 김해시 안동,경상사고,0,0,1,0,차대차 - 기타,안전운전불이행,건조,맑음,기타 - 기타,화물,남,44세,상해없음,승용,남,25세,경상
2020080200100376,2020년 8월 2일 21시,일요일,경상남도 창원시 진해구 이동,경상사고,0,0,2,0,차대차 - 추돌,안전운전불이행,건조,맑음,단일로 - 기타,원동기,남,38세,경상,승용,남,40세,경상
2020080200100377,2020년 8월 2일 21시,일요일,경상남도 창원시 의창구 팔용동,경상사고,0,0,1,0,차대차 - 기타,신호위반,건조,맑음,교차로 - 교차로안,기타불명,기타불명,미분류,기타불명,승용,남,29세,경상
2020080200100400,2020년 8월 2일 22시,일요일,경상남도 통영시 봉평동,경상사고,0,0,1,0,차대차 - 측면충돌,신호위반,건조,맑음,교차로 - 교차로안,이륜,남,17세,상해없음,승용,여,58세,경상
2020080200100401,2020년 8월 2일 22시,일요일,경상남도 통영시 북신동,중상사고,0,1,0,0,차대차 - 측면충돌,교차로운행방법위반,건조,맑음,교차로 - 교차로안,승용,여,38세,상해없음,이륜,남,50세,중상
2020080300100023,2020년 8월 3일 03시,월요일,경상남도 창원시 진해구 청안동,경상사고,0,0,1,0,차대차 - 측면충돌,안전운전불이행,건조,맑음,교차로 - 교차로부근,승용,남,21세,상해없음,승용,여,43세,경상
2020080300100024,2020년 8월 3일 03시,월요일,경상남도 김해시 어방동,경상사고,0,0,1,0,차대차 - 기타,안전운전불이행,건조,맑음,단일로 - 기타,승용,남,71세,상해없음,이륜,남,16세,기타불명
2020080300100033,2020년 8월 3일 04시,월요일,경상남도 양산시 물금읍,경상사고,0,0,2,0,차대차 - 기타,신호위반,건조,맑음,교차로 - 교차로안,승용,남,18세,상해없음,승용,남,35세,경상
2020080300100046,2020년 8월 3일 05시,월요일,경상남도 진주시 초전동,중상사고,0,1,0,0,차대차 - 측면충돌,중앙선침범,건조,맑음,단일로 - 기타,승용,남,68세,상해없음,승용,여,61세,중상
2020080300100053,2020년 8월 3일 06시,월요일,경상남도 하동군 진교면,중상사고,0,1,0,0,차대차 - 측면충돌,교차로운행방법위반,건조,맑음,교차로 - 교차로안,화물,남,54세,상해없음,자전거,남,56세,중상
2020080300100072,2020년 8월 3일 07시,월요일,경상남도 창원시 마산합포구 구산면,중상사고,0,1,3,0,차대차 - 기타,신호위반,건조,맑음,단일로 - 터널,승용,남,63세,경상,승용,남,30세,중상
2020080300100073,2020년 8월 3일 07시,월요일,경상남도 창원시 성산구 남양동,경상사고,0,0,1,0,차대차 - 측면충돌,안전운전불이행,건조,맑음,교차로 - 교차로안,승용,남,36세,상해없음,승용,남,25세,경상
2020080300100105,2020년 8월 3일 08시,월요일,경상남도 남해군 삼동면,부상신고사고,0,0,0,1,차대사람 - 기타,안전운전불이행,기타,비,단일로 - 기타,승용,남,71세,상해없음,보행자,남,29세,부상신고
2020080300100134,2020년 8월 3일 09시,월요일,경상남도 양산시 상북면,경상사고,0,0,1,0,차대차 - 측면충돌,교차로운행방법위반,건조,맑음,교차로 - 교차로안,승용,여,33세,상해없음,승용,남,64세,경상
2020080300100162,2020년 8월 3일 10시,월요일,경상남도 사천시 사천읍,중상사고,0,1,0,0,차대차 - 측면충돌,직진우회전진행방해,건조,맑음,교차로 - 교차로안,승용,남,22세,상해없음,이륜,남,88세,중상
2020080300100163,2020년 8월 3일 10시,월요일,경상남도 사천시 사천읍,경상사고,0,0,1,0,차대사람 - 차도통행중,안전운전불이행,건조,맑음,단일로 - 기타,승용,여,44세,상해없음,보행자,여,84세,경상
2020080300100195,2020년 8월 3일 11시,월요일,경상남도 함양군 함양읍,중상사고,0,2,1,0,차대차 - 측면충돌,교차로운행방법위반,건조,맑음,교차로 - 교차로안,승합,남,41세,상해없음,화물,남,19세,중상
2020080300100196,2020년 8월 3일 11시,월요일,경상남도 거제시 상동동,경상사고,0,0,1,0,차대차 - 기타,안전운전불이행,건조,맑음,단일로 - 기타,이륜,남,49세,경상,승용,여,53세,상해없음
2020080300100197,2020년 8월 3일 11시,월요일,경상남도 함안군 가야읍,중상사고,0,2,0,0,차대차 - 기타,안전운전불이행,건조,맑음,교차로 - 교차로안,화물,남,57세,상해없음,원동기,남,85세,중상
2020080300100238,2020년 8월 3일 12시,월요일,경상남도 창원시 마산회원구 석전동,경상사고,0,0,3,0,차대차 - 기타,안전운전불이행,건조,맑음,교차로 - 교차로안,승합,남,53세,상해없음,승용,남,46세,경상
2020080300100239,2020년 8월 3일 12시,월요일,경상남도 김해시 대청동,경상사고,0,0,1,0,차량단독 - 전도전복 - 전도,안전운전불이행,건조,맑음,단일로 - 기타,이륜,남,19세,상해없음,,,,
2020080300100273,2020년 8월 3일 13시,월요일,경상남도 김해시 삼방동,중상사고,0,1,0,0,차대사람 - 횡단중,신호위반,건조,맑음,교차로 - 교차로횡단보도내,승용,남,42세,상해없음,보행자,여,64세,중상
2020080300100274,2020년 8월 3일 13시,월요일,경상남도 산청군 시천면,경상사고,0,0,2,0,차대차 - 정면충돌,중앙선침범,건조,맑음,단일로 - 기타,승용,여,59세,상해없음,화물,남,41세,경상
2020080300100275,2020년 8월 3일 13시,월요일,경상남도 함안군 가야읍,중상사고,0,1,0,0,차대차 - 기타,안전운전불이행,건조,맑음,단일로 - 기타,승용,남,81세,상해없음,승용,여,66세,중상
2020080300100349,2020년 8월 3일 15시,월요일,경상남도 양산시 물금읍,경상사고,0,0,1,0,차대차 - 측면충돌,안전운전불이행,건조,맑음,단일로 - 기타,승용,남,57세,상해없음,원동기,남,31세,경상
2020080300100378,2020년 8월 3일 16시,월요일,경상남도 김해시 동상동,경상사고,0,0,2,0,차대차 - 기타,신호위반,건조,맑음,교차로 - 교차로안,승용,남,26세,상해없음,승용,여,43세,경상
2020080300100379,2020년 8월 3일 16시,월요일,경상남도 창원시 의창구 서상동,경상사고,0,0,1,0,차대차 - 추돌,안전운전불이행,건조,맑음,단일로 - 기타,승용,남,29세,상해없음,승용,여,33세,경상
2020080300100416,2020년 8월 3일 17시,월요일,경상남도 사천시 벌리동,부상신고사고,0,0,0,1,차대차 - 측면충돌,직진우회전진행방해,건조,맑음,교차로 - 교차로안,승용,남,49세,상해없음,이륜,남,18세,부상신고
2020080300100417,2020년 8월 3일 17시,월요일,경상남도 거창군 거창읍,경상사고,0,0,1,0,차대차 - 기타,안전운전불이행,건조,맑음,교차로 - 교차로부근,농기계,남,62세,경상,승용,남,29세,상해없음
2020080300100418,2020년 8월 3일 17시,월요일,경상남도 양산시 물금읍,경상사고,0,0,1,0,차대차 - 측면충돌,차로위반,건조,맑음,단일로 - 기타,승용,남,48세,상해없음,승용,여,34세,경상
2020080300100419,2020년 8월 3일 17시,월요일,경상남도 고성군 고성읍,중상사고,0,1,4,0,차대차 - 기타,안전운전불이행,건조,맑음,단일로 - 기타,승용,남,54세,상해없음,승용,남,70세,경상
2020080300100460,2020년 8월 3일 18시,월요일,경상남도 창원시 마산회원구 내서읍,중상사고,0,2,0,0,차대차 - 기타,안전운전불이행,건조,맑음,단일로 - 기타,승용,남,34세,상해없음,승용,남,62세,중상
2020080300100488,2020년 8월 3일 19시,월요일,경상남도 합천군 청덕면,중상사고,0,1,1,0,차량단독 - 기타,안전운전불이행,건조,맑음,교차로 - 교차로안,원동기,남,80세,중상,,,,
2020080300100520,2020년 8월 3일 20시,월요일,경상남도 창원시 진해구 경화동,경상사고,0,0,1,0,차대사람 - 기타,안전운전불이행,건조,맑음,단일로 - 기타,승용,여,50세,상해없음,보행자,여,54세,경상
2020080300100521,2020년 8월 3일 20시,월요일,경상남도 창원시 성산구 귀곡동,사망사고,1,0,0,0,차대차 - 추돌,안전운전불이행,건조,맑음,단일로 - 기타,자전거,남,22세,사망,화물,남,65세,기타불명
2020080300100522,2020년 8월 3일 20시,월요일,경상남도 창원시 의창구 대산면,중상사고,0,2,0,1,차대차 - 측면충돌,신호위반,건조,맑음,교차로 - 교차로안,승용,남,52세,상해없음,승용,여,45세,중상
2020080300100565,2020년 8월 3일 22시,월요일,경상남도 창원시 마산회원구 합성동,경상사고,0,0,1,0,차대사람 - 차도통행중,안전운전불이행,건조,흐림,단일로 - 기타,승용,여,54세,상해없음,보행자,남,25세,경상
2020080300100582,2020년 8월 3일 23시,월요일,경상남도 통영시 무전동,경상사고,0,0,1,1,차대차 - 측면충돌,신호위반,건조,맑음,교차로 - 교차로안,승용,남,18세,상해없음,승용,남,38세,경상
2020080300100583,2020년 8월 3일 23시,월요일,경상남도 창원시 성산구 남양동,중상사고,0,1,0,0,차대차 - 측면충돌,안전운전불이행,건조,맑음,교차로 - 교차로안,승용,남,62세,상해없음,이륜,남,52세,중상
2020080400100049,2020년 8월 4일 05시,화요일,경상남도 양산시 평산동,중상사고,0,1,0,0,차대사람 - 횡단중,보행자보호의무위반,건조,흐림,교차로 - 교차로횡단보도내,승용,남,79세,상해없음,보행자,여,84세,중상
2020080400100072,2020년 8월 4일 07시,화요일,경상남도 양산시 물금읍,경상사고,0,0,1,0,차대사람 - 기타,안전운전불이행,건조,맑음,단일로 - 기타,승합,남,57세,상해없음,보행자,남,65세,경상
2020080400100094,2020년 8월 4일 08시,화요일,경상남도 거창군 거창읍,경상사고,0,0,1,0,차대차 - 추돌,안전운전불이행,건조,맑음,교차로 - 교차로부근,화물,남,49세,상해없음,승용,여,59세,경상
2020080400100118,2020년 8월 4일 09시,화요일,경상남도 밀양시 무안면,중상사고,0,1,0,0,차량단독 - 전도전복 - 전도,안전운전불이행,건조,맑음,단일로 - 기타,자전거,여,19세,중상,,,,
2020080400100119,2020년 8월 4일 09시,화요일,경상남도 고성군 회화면,중상사고,0,1,0,0,차대차 - 측면충돌,교차로운행방법위반,건조,맑음,교차로 - 교차로안,승용,남,59세,상해없음,이륜,남,78세,중상
2020080400100120,2020년 8월 4일 09시,화요일,경상남도 창원시 성산구 상남동,중상사고,0,1,0,0,차대차 - 측면충돌,신호위반,건조,맑음,교차로 - 교차로부근,승용,여,68세,상해없음,개인형이동수단(PM),남,22세,중상
2020080400100147,2020년 8월 4일 10시,화요일,경상남도 김해시 외동,중상사고,0,1,0,0,차대차 - 기타,안전운전불이행,건조,맑음,교차로 - 교차로부근,이륜,남,74세,중상,승용,여,32세,상해없음
2020080400100148,2020년 8월 4일 10시,화요일,경상남도 김해시 삼계동,중상사고,0,1,0,0,차대차 - 기타,안전운전불이행,건조,맑음,교차로 - 교차로부근,화물,남,65세,상해없음,화물,남,48세,중상
2020080400100149,2020년 8월 4일 10시,화요일,경상남도 산청군 생초면,사망사고,1,0,0,0,차대사람 - 기타,안전운전불이행,건조,맑음,교차로 - 교차로안,승용,여,38세,상해없음,보행자,여,83세,사망
2020080400100150,2020년 8월 4일 10시,화요일,경상남도 창원시 의창구 북면,경상사고,0,0,1,0,차대차 - 측면충돌,신호위반,건조,맑음,교차로 - 교차로안,승용,남,65세,상해없음,승용,남,28세,경상
2020080400100151,2020년 8월 4일 10시,화요일,경상남도 창원시 마산회원구 합성동,경상사고,0,0,1,0,차대차 - 추돌,안전운전불이행,건조,맑음,단일로 - 기타,승용,남,73세,상해없음,승용,남,38세,상해없음
2020080400100184,2020년 8월 4일 11시,화요일,경상남도 사천시 동금동,경상사고,0,0,1,0,차대사람 - 기타,안전운전불이행,건조,맑음,단일로 - 기타,승용,남,59세,상해없음,보행자,남,73세,경상
2020080400100210,2020년 8월 4일 12시,화요일,경상남도 사천시 선구동,경상사고,0,0,1,0,차대사람 - 기타,안전운전불이행,건조,맑음,단일로 - 기타,화물,남,56세,상해없음,보행자,여,75세,경상
2020080400100211,2020년 8월 4일 12시,화요일,경상남도 고성군 영오면,사망사고,1,0,0,0,차량단독 - 기타,안전운전불이행,건조,맑음,단일로 - 기타,승용,여,55세,사망,,,,
2020080400100212,2020년 8월 4일 12시,화요일,경상남도 남해군 남해읍,경상사고,0,0,4,0,차대차 - 추돌,안전운전불이행,건조,맑음,교차로 - 교차로부근,화물,남,80세,경상,승용,남,40세,경상
2020080400100254,2020년 8월 4일 13시,화요일,경상남도 김해시 생림면,중상사고,0,1,0,0,차대차 - 기타,안전운전불이행,건조,맑음,교차로 - 교차로부근,승용,남,54세,상해없음,승용,남,77세,중상
2020080400100255,2020년 8월 4일 13시,화요일,경상남도 함양군 서하면,중상사고,0,1,0,0,차량단독 - 공작물충돌,안전운전불이행,건조,맑음,단일로 - 기타,화물,여,39세,상해없음,,,,
2020080400100256,2020년 8월 4일 13시,화요일,경상남도 함안군 가야읍,중상사고,0,1,0,0,차대사람 - 보도통행중,보행자보호의무위반,건조,맑음,교차로 - 교차로횡단보도내,승용,여,62세,상해없음,보행자,여,86세,중상
2020080400100257,2020년 8월 4일 13시,화요일,경상남도 의령군 화정면,중상사고,0,1,0,0,차량단독 - 기타,안전운전불이행,건조,맑음,단일로 - 기타,화물,남,65세,중상,,,,
2020080400100292,2020년 8월 4일 14시,화요일,경상남도 창원시 성산구 상남동,경상사고,0,0,1,0,차대차 - 측면충돌,안전운전불이행,건조,맑음,기타 - 기타,승용,여,50세,상해없음,승용,여,55세,경상
2020080400100323,2020년 8월 4일 15시,화요일,경상남도 통영시 북신동,중상사고,0,1,0,0,차대사람 - 횡단중,안전운전불이행,건조,흐림,교차로 - 교차로안,승용,남,58세,상해없음,보행자,남,77세,중상
2020080400100324,2020년 8월 4일 15시,화요일,경상남도 김해시 대청동,중상사고,0,1,0,0,차대사람 - 기타,안전운전불이행,건조,맑음,단일로 - 기타,원동기,남,22세,상해없음,보행자,여,4세,중상
2020080400100359,2020년 8월 4일 16시,화요일,경상남도 창원시 진해구 안골동,경상사고,0,0,2,0,차대차 - 추돌,안전운전불이행,건조,맑음,교차로 - 교차로안,승용,여,41세,기타불명,승용,여,29세,경상
2020080400100360,2020년 8월 4일 16시,화요일,경상남도 거제시 상동동,경상사고,0,0,1,0,차대사람 - 기타,안전운전불이행,건조,맑음,주차장 - 주차장,승용,남,58세,상해없음,보행자,여,48세,경상
2020080400100435,2020년 8월 4일 18시,화요일,경상남도 김해시 신문동,경상사고,0,0,1,0,차대차 - 기타,신호위반,건조,맑음,교차로 - 교차로안,이륜,남,40세,상해없음,원동기,남,17세,경상
2020080400100503,2020년 8월 4일 20시,화요일,경상남도 거창군 거창읍,경상사고,0,0,1,0,차대차 - 추돌,안전운전불이행,건조,맑음,기타 - 기타,승용,여,28세,상해없음,승용,남,77세,경상
2020080400100504,2020년 8월 4일 20시,화요일,경상남도 거창군 거창읍,경상사고,0,0,1,0,차량단독 - 기타,안전운전불이행,건조,맑음,교차로 - 교차로안,이륜,남,67세,경상,,,,
2020080400100532,2020년 8월 4일 21시,화요일,경상남도 창원시 진해구 자은동,중상사고,0,1,0,0,차대차 - 측면충돌,안전거리미확보,건조,맑음,교차로 - 교차로안,승용,여,53세,상해없음,이륜,남,37세,중상
2020080400100566,2020년 8월 4일 22시,화요일,경상남도 거제시 상동동,경상사고,0,0,1,0,차대차 - 추돌,안전운전불이행,건조,맑음,교차로 - 교차로부근,승합,남,52세,상해없음,승용,남,33세,경상
2020080400100585,2020년 8월 4일 23시,화요일,경상남도 밀양시 내이동,경상사고,0,0,1,0,차대차 - 추돌,안전운전불이행,건조,맑음,교차로 - 교차로부근,승용,여,29세,상해없음,승용,여,34세,경상
2020080500100035,2020년 8월 5일 03시,수요일,경상남도 거제시 고현동,경상사고,0,0,1,0,차대사람 - 횡단중,안전운전불이행,건조,맑음,교차로 - 교차로안,승용,남,51세,상해없음,보행자,남,68세,경상
2020080500100036,2020년 8월 5일 03시,수요일,경상남도 창원시 의창구 도계동,중상사고,0,1,0,0,차대사람 - 기타,안전운전불이행,건조,맑음,교차로 - 교차로안,승용,남,60세,상해없음,보행자,남,55세,중상
2020080500100064,2020년 8월 5일 07시,수요일,경상남도 밀양시 가곡동,중상사고,0,1,0,0,차대사람 - 횡단중,보행자보호의무위반,젖음/습기,비,교차로 - 교차로횡단보도내,승합,남,63세,상해없음,보행자,여,72세,중상
2020080500100091,2020년 8월 5일 08시,수요일,경상남도 거제시 고현동,중상사고,0,1,0,0,차대차 - 측면충돌,교차로운행방법위반,건조,맑음,교차로 - 교차로부근,승용,여,52세,상해없음,승용,남,34세,중상
2020080500100113,2020년 8월 5일 09시,수요일,경상남도 고성군 고성읍,경상사고,0,0,2,0,차대차 - 측면충돌,안전운전불이행,건조,맑음,교차로 - 교차로안,이륜,남,81세,경상,승용,여,39세,경상
2020080500100138,2020년 8월 5일 10시,수요일,경상남도 밀양시 단장면,경상사고,0,0,2,0,차대차 - 추돌,안전운전불이행,건조,맑음,단일로 - 기타,화물,남,55세,상해없음,승용,여,55세,경상
2020080500100139,2020년 8월 5일 10시,수요일,경상남도 창원시 의창구 서상동,경상사고,0,0,1,0,차대차 - 측면충돌,안전거리미확보,건조,맑음,단일로 - 기타,승용,남,45세,상해없음,승용,여,41세,경상
2020080500100140,2020년 8월 5일 10시,수요일,경상남도 김해시 무계동,중상사고,0,1,0,0,차대차 - 측면충돌,안전운전불이행,건조,맑음,교차로 - 교차로안,승용,남,76세,상해없음,승용,여,39세,중상
2020080500100141,2020년 8월 5일 10시,수요일,경상남도 김해시 진영읍,경상사고,0,0,7,0,차대차 - 측면충돌,교차로운행방법위반,건조,맑음,교차로 - 교차로안,승용,남,40세,경상,승용,여,67세,경상
2020080500100172,2020년 8월 5일 11시,수요일,경상남도 통영시 광도면,경상사고,0,0,3,1,차대차 - 기타,교차로운행방법위반,건조,맑음,교차로 - 교차로안,승용,남,40세,부상신고,승용,남,71세,경상
2020080500100173,2020년 8월 5일 11시,수요일,경상남도 김해시 외동,중상사고,0,1,3,0,차대차 - 측면충돌,안전운전불이행,건조,흐림,단일로 - 기타,승용,여,47세,경상,승용,여,30세,경상
2020080500100206,2020년 8월 5일 12시,수요일,경상남도 김해시 진영읍,중상사고,0,1,0,0,차대차 - 측면충돌,안전운전불이행,건조,흐림,교차로 - 교차로횡단보도내,화물,남,39세,상해없음,자전거,남,12세,중상
2020080500100241,2020년 8월 5일 13시,수요일,경상남도 창원시 진해구 풍호동,경상사고,0,0,2,0,차대차 - 기타,안전운전불이행,건조,맑음,교차로 - 교차로부근,승용,남,62세,경상,이륜,남,22세,경상
2020080500100242,2020년 8월 5일 13시,수요일,경상남도 통영시 무전동,중상사고,0,1,3,1,차대차 - 기타,중앙선침범,건조,맑음,단일로 - 기타,승용,남,54세,상해없음,승용,여,59세,중상
2020080500100243,2020년 8월 5일 13시,수요일,경상남도 창원시 마산회원구 합성동,중상사고,0,1,1,0,차대차 - 추돌,안전운전불이행,젖음/습기,흐림,단일로 - 기타,화물,남,58세,상해없음,승용,남,71세,상해없음
2020080500100268,2020년 8월 5일 14시,수요일,경상남도 함양군 서하면,사망사고,1,0,0,0,차대사람 - 기타,안전운전불이행,젖음/습기,비,단일로 - 기타,승용,남,42세,상해없음,보행자,남,73세,사망
2020080500100273,2020년 8월 5일 14시,수요일,경상남도 창원시 진해구 광화동,중상사고,0,1,0,0,차대차 - 기타,안전운전불이행,건조,맑음,단일로 - 기타,승용,남,35세,상해없음,이륜,남,20세,중상
2020080500100274,2020년 8월 5일 14시,수요일,경상남도 합천군 묘산면,경상사고,0,0,1,0,차량단독 - 기타,안전운전불이행,젖음/습기,비,단일로 - 기타,승용,남,52세,상해없음,,,,
2020080500100305,2020년 8월 5일 15시,수요일,경상남도 진주시 상봉동,중상사고,0,1,0,0,차대차 - 측면충돌,안전운전불이행,건조,맑음,교차로 - 교차로부근,승용,여,51세,상해없음,이륜,남,16세,중상
2020080500100306,2020년 8월 5일 15시,수요일,경상남도 통영시 무전동,경상사고,0,0,1,0,차대차 - 측면충돌,교차로운행방법위반,건조,맑음,교차로 - 교차로안,이륜,남,60세,경상,승용,남,43세,상해없음
2020080500100307,2020년 8월 5일 15시,수요일,경상남도 남해군 서면,경상사고,0,0,1,0,차대차 - 측면충돌,중앙선침범,젖음/습기,비,단일로 - 기타,화물,남,57세,상해없음,승용,남,36세,경상
2020080500100336,2020년 8월 5일 16시,수요일,경상남도 남해군 서면,경상사고,0,0,2,0,차대차 - 측면충돌,중앙선침범,건조,맑음,단일로 - 기타,승용,여,57세,상해없음,승용,남,22세,경상
2020080500100368,2020년 8월 5일 17시,수요일,경상남도 창원시 마산합포구 서성동,경상사고,0,0,1,0,차대차 - 측면충돌,안전거리미확보,건조,맑음,교차로 - 교차로부근,승용,여,60세,상해없음,승용,남,33세,경상
2020080500100369,2020년 8월 5일 17시,수요일,경상남도 창원시 의창구 사림동,중상사고,0,1,0,0,차대차 - 기타,안전운전불이행,건조,맑음,교차로 - 교차로안,화물,남,66세,상해없음,승용,남,63세,중상
2020080500100410,2020년 8월 5일 18시,수요일,경상남도 창원시 진해구 두동,중상사고,0,1,0,0,차대차 - 측면충돌,안전운전불이행,건조,맑음,교차로 - 교차로부근,승용,남,39세,상해없음,자전거,남,43세,중상
2020080500100411,2020년 8월 5일 18시,수요일,경상남도 창원시 진해구 용원동,경상사고,0,0,1,0,차대차 - 기타,안전운전불이행,건조,맑음,교차로 - 교차로안,화물,남,56세,기타불명,승용,남,32세,경상
2020080500100412,2020년 8월 5일 18시,수요일,경상남도 김해시 구산동,경상사고,0,0,2,0,차대차 - 추돌,안전운전불이행,건조,맑음,단일로 - 기타,승용,남,59세,상해없음,승용,남,38세,경상
2020080500100413,2020년 8월 5일 18시,수요일,경상남도 창원시 마산회원구 합성동,경상사고,0,0,1,0,차대차 - 추돌,안전운전불이행,건조,맑음,단일로 - 기타,승용,남,62세,상해없음,승용,남,24세,경상
2020080500100414,2020년 8월 5일 18시,수요일,경상남도 창원시 의창구 동읍,경상사고,0,0,2,0,차대차 - 정면충돌,신호위반,건조,흐림,교차로 - 교차로안,화물,여,67세,상해없음,승용,남,40세,경상
2020080500100452,2020년 8월 5일 19시,수요일,경상남도 통영시 미수동,중상사고,0,1,0,0,차대차 - 기타,신호위반,건조,맑음,교차로 - 교차로안,승합,남,59세,상해없음,이륜,남,36세,중상
2020080500100453,2020년 8월 5일 19시,수요일,경상남도 함안군 군북면,경상사고,0,0,1,0,차대사람 - 횡단중,안전운전불이행,건조,맑음,단일로 - 기타,승용,남,41세,상해없음,보행자,여,77세,경상
2020080500100482,2020년 8월 5일 20시,수요일,경상남도 통영시 북신동,경상사고,0,0,1,0,차대사람 - 횡단중,보행자보호의무위반,건조,맑음,교차로 - 교차로횡단보도내,승용,여,38세,상해없음,보행자,남,84세,경상
2020080500100513,2020년 8월 5일 21시,수요일,경상남도 김해시 내동,중상사고,0,1,0,0,차대사람 - 기타,안전운전불이행,건조,맑음,단일로 - 기타,승용,남,37세,상해없음,보행자,남,77세,중상
2020080500100514,2020년 8월 5일 21시,수요일,경상남도 창원시 의창구 팔용동,사망사고,1,0,0,0,차대사람 - 횡단중,안전운전불이행,건조,흐림,교차로 - 교차로안,화물,남,58세,상해없음,보행자,남,27세,사망
2020080500100550,2020년 8월 5일 22시,수요일,경상남도 진주시 평거동,중상사고,0,1,2,0,차대차 - 측면충돌,신호위반,젖음/습기,비,교차로 - 교차로안,승용,남,48세,경상,승용,남,66세,중상
2020080500100551,2020년 8월 5일 22시,수요일,경상남도 통영시 용남면,경상사고,0,0,1,0,차대차 - 추돌,직진우회전진행방해,건조,맑음,교차로 - 교차로안,승용,남,51세,상해없음,승용,남,40세,경상
2020080500100552,2020년 8월 5일 22시,수요일,경상남도 김해시 외동,경상사고,0,0,2,0,차대차 - 측면충돌,안전운전불이행,건조,맑음,단일로 - 기타,이륜,남,19세,경상,승용,여,43세,경상
2020080500100590,2020년 8월 5일 23시,수요일,경상남도 진주시 상평동,경상사고,0,0,1,0,차대차 - 기타,안전운전불이행,젖음/습기,비,교차로 - 교차로안,승용,여,57세,상해없음,승용,남,57세,경상
2020080500100591,2020년 8월 5일 23시,수요일,경상남도 창원시 의창구 소답동,경상사고,0,0,3,0,차대차 - 측면충돌,안전운전불이행,건조,맑음,교차로 - 교차로부근,승용,여,57세,상해없음,승용,여,31세,경상
2020080600100059,2020년 8월 6일 03시,목요일,경상남도 김해시 불암동,중상사고,0,1,0,0,차대차 - 기타,안전운전불이행,건조,맑음,교차로 - 교차로부근,화물,남,56세,상해없음,화물,남,59세,중상
2020080600100070,2020년 8월 6일 05시,목요일,경상남도 거제시 둔덕면,중상사고,0,1,0,0,차대사람 - 길가장자리구역통행중,안전운전불이행,건조,맑음,단일로 - 기타,승용,여,52세,상해없음,보행자,여,89세,중상
2020080600100125,2020년 8월 6일 08시,목요일,경상남도 양산시 상북면,경상사고,0,0,1,0,차대사람 - 기타,안전운전불이행,젖음/습기,비,단일로 - 기타,승합,남,50세,상해없음,보행자,남,20세,경상
2020080600100161,2020년 8월 6일 09시,목요일,경상남도 통영시 광도면,경상사고,0,0,1,0,차대사람 - 횡단중,보행자보호의무위반,건조,맑음,교차로 - 교차로부근,승용,남,42세,상해없음,보행자,남,8세,경상
2020080600100162,2020년 8월 6일 09시,목요일,경상남도 거제시 하청면,중상사고,0,1,0,0,차대차 - 측면충돌,중앙선침범,젖음/습기,비,단일로 - 기타,화물,남,53세,중상,화물,남,62세,상해없음
2020080600100216,2020년 8월 6일 11시,목요일,경상남도 진주시 초전동,경상사고,0,0,1,0,차대차 - 측면충돌,신호위반,젖음/습기,비,교차로 - 교차로안,승용,남,35세,상해없음,승용,남,57세,경상
2020080600100217,2020년 8월 6일 11시,목요일,경상남도 창원시 마산회원구 합성동,경상사고,0,0,1,0,차대차 - 후진중충돌,안전운전불이행,건조,맑음,기타 - 기타,승용,여,60세,상해없음,승용,남,30세,경상
2020080600100241,2020년 8월 6일 12시,목요일,경상남도 통영시 무전동,경상사고,0,0,3,0,차대차 - 추돌,안전거리미확보,건조,맑음,교차로 - 교차로안,승용,남,61세,상해없음,승용,여,42세,경상
2020080600100242,2020년 8월 6일 12시,목요일,경상남도 양산시 남부동,중상사고,0,1,0,0,차대차 - 측면충돌,신호위반,건조,맑음,교차로 - 교차로안,승용,남,48세,상해없음,화물,남,50세,중상
2020080600100277,2020년 8월 6일 13시,목요일,경상남도 김해시 구산동,경상사고,0,0,1,0,차대차 - 정면충돌,신호위반,건조,맑음,교차로 - 교차로안,승용,여,53세,상해없음,승용,남,51세,경상
2020080600100278,2020년 8월 6일 13시,목요일,경상남도 창원시 마산회원구 봉암동,경상사고,0,0,1,0,차대차 - 후진중충돌,안전운전불이행,젖음/습기,흐림,교차로 - 교차로안,화물,남,54세,상해없음,승용,남,22세,경상
2020080600100317,2020년 8월 6일 14시,목요일,경상남도 창원시 마산합포구 신포동1가,경상사고,0,0,2,0,차대차 - 측면충돌,안전운전불이행,건조,맑음,교차로 - 교차로부근,승용,남,66세,상해없음,승용,남,69세,경상
2020080600100318,2020년 8월 6일 14시,목요일,경상남도 창녕군 도천면,중상사고,0,1,0,0,차대차 - 기타,안전운전불이행,젖음/습기,비,단일로 - 교량,화물,남,64세,중상,승용,여,41세,상해없음
2020080600100356,2020년 8월 6일 15시,목요일,경상남도 함안군 가야읍,중상사고,0,1,0,0,차대차 - 측면충돌,직진우회전진행방해,젖음/습기,비,교차로 - 교차로안,승용,남,22세,상해없음,이륜,남,78세,중상