사고번호,사고일시,요일,시군구,사고내용,사망자수,중상자수,경상자수,부상신고자수,사고유형,법규위반,노면상태,기상상태,도로형태,가해운전자 차종,가해운전자 성별,가해운전자 연령,가해운전자 상해정도,피해운전자 차종,피해운전자 성별,피해운전자 연령,피해운전자 상해정도
2020080600100357,2020년 8월 6일 15시,목요일,경상남도 창원시 의창구 도계동,중상사고,0,1,0,0,차대차 - 측면충돌,안전운전불이행,건조,맑음,교차로 - 교차로안,승용,남,56세,기타불명,이륜,남,64세,중상
2020080600100397,2020년 8월 6일 16시,목요일,경상남도 김해시 진영읍,경상사고,0,0,1,0,차대차 - 추돌,안전운전불이행,건조,맑음,교차로 - 교차로부근,승용,남,64세,상해없음,승용,남,77세,경상
2020080600100433,2020년 8월 6일 17시,목요일,경상남도 창원시 마산합포구 추산동,경상사고,0,0,3,0,차대차 - 후진중충돌,안전운전불이행,건조,맑음,단일로 - 기타,승용,남,48세,상해없음,승용,남,45세,경상
2020080600100434,2020년 8월 6일 17시,목요일,경상남도 고성군 하이면,경상사고,0,0,1,0,차대사람 - 차도통행중,안전운전불이행,건조,맑음,단일로 - 기타,승합,남,29세,상해없음,보행자,여,60세,경상
2020080600100435,2020년 8월 6일 17시,목요일,경상남도 김해시 진영읍,중상사고,0,1,0,0,차대차 - 추돌,안전운전불이행,젖음/습기,비,단일로 - 기타,자전거,남,15세,중상,승용,여,50세,상해없음
2020080600100471,2020년 8월 6일 18시,목요일,경상남도 진주시 하대동,부상신고사고,0,0,0,1,차대차 - 측면충돌,안전운전불이행,건조,맑음,교차로 - 교차로안,자전거,남,72세,부상신고,이륜,남,34세,상해없음
2020080600100472,2020년 8월 6일 18시,목요일,경상남도 창원시 진해구 경화동,경상사고,0,0,1,0,차대차 - 측면충돌,신호위반,건조,맑음,교차로 - 교차로안,이륜,남,27세,경상,승용,남,42세,상해없음
2020080600100473,2020년 8월 6일 18시,목요일,경상남도 거제시 장평동,중상사고,0,1,0,0,차대차 - 측면충돌,안전운전불이행,건조,맑음,교차로 - 교차로안,승용,남,42세,상해없음,이륜,남,39세,중상
2020080600100495,2020년 8월 6일 19시,목요일,경상남도 창원시 진해구 태평동,경상사고,0,0,1,0,차대사람 - 기타,안전운전불이행,건조,맑음,교차로 - 교차로부근,승용,여,49세,상해없음,보행자,남,4세,경상
2020080600100496,2020년 8월 6일 19시,목요일,경상남도 김해시 진영읍,경상사고,0,0,1,0,차대차 - 정면충돌,신호위반,건조,맑음,교차로 - 교차로안,승용,남,40세,상해없음,승용,남,63세,경상
2020080600100540,2020년 8월 6일 21시,목요일,경상남도 통영시 태평동,중상사고,0,1,0,0,차대차 - 측면충돌,안전운전불이행,건조,맑음,교차로 - 교차로안,승합,남,60세,상해없음,자전거,여,53세,중상
2020080600100541,2020년 8월 6일 21시,목요일,경상남도 통영시 무전동,경상사고,0,0,1,0,차대차 - 측면충돌,안전운전불이행,젖음/습기,비,교차로 - 교차로안,승용,남,33세,상해없음,승용,남,31세,경상
2020080600100542,2020년 8월 6일 21시,목요일,경상남도 창원시 의창구 북면,경상사고,0,0,1,0,차대차 - 측면충돌,안전운전불이행,건조,맑음,단일로 - 지하차도(도로)내,승용,여,63세,상해없음,승용,남,43세,경상
2020080600100560,2020년 8월 6일 22시,목요일,경상남도 사천시 동금동,경상사고,0,0,1,0,차대차 - 측면충돌,교차로운행방법위반,건조,맑음,교차로 - 교차로안,화물,남,56세,상해없음,이륜,남,38세,경상
2020080600100561,2020년 8월 6일 22시,목요일,경상남도 창녕군 창녕읍,경상사고,0,0,1,0,차량단독 - 전도전복 - 전도,안전운전불이행,건조,맑음,단일로 - 기타,화물,남,45세,경상,,,,
2020080600100562,2020년 8월 6일 22시,목요일,경상남도 남해군 남해읍,중상사고,0,1,0,0,차대차 - 후진중충돌,교차로운행방법위반,건조,맑음,교차로 - 교차로안,화물,남,60세,상해없음,승용,여,61세,중상
2020080600100586,2020년 8월 6일 23시,목요일,경상남도 창원시 진해구 여좌동,경상사고,0,0,1,0,차대차 - 추돌,안전운전불이행,건조,흐림,교차로 - 교차로부근,승용,여,26세,상해없음,승용,남,50세,경상
2020080600100587,2020년 8월 6일 23시,목요일,경상남도 거제시 고현동,경상사고,0,0,1,0,차대차 - 측면충돌,중앙선침범,건조,맑음,단일로 - 기타,승용,남,52세,상해없음,승용,여,52세,경상
2020080700100028,2020년 8월 7일 01시,금요일,경상남도 창원시 진해구 대죽동,경상사고,0,0,1,0,차대차 - 정면충돌,안전운전불이행,건조,맑음,단일로 - 기타,승용,남,42세,상해없음,승용,남,35세,경상
2020080700100067,2020년 8월 7일 06시,금요일,경상남도 김해시 화목동,경상사고,0,0,2,0,차대차 - 측면충돌,교차로운행방법위반,건조,맑음,교차로 - 교차로부근,승용,남,54세,경상,화물,남,59세,경상
2020080700100080,2020년 8월 7일 07시,금요일,경상남도 창원시 의창구 동정동,중상사고,0,3,29,2,차대차 - 추돌,안전운전불이행,젖음/습기,비,기타 - 기타,승합,남,52세,상해없음,승합,남,35세,경상
2020080700100145,2020년 8월 7일 09시,금요일,경상남도 양산시 물금읍,중상사고,0,1,0,0,차대사람 - 횡단중,안전운전불이행,건조,맑음,단일로 - 기타,승용,여,41세,상해없음,보행자,남,11세,중상
2020080700100146,2020년 8월 7일 09시,금요일,경상남도 산청군 산청읍,부상신고사고,0,0,0,1,차대차 - 측면충돌,안전운전불이행,젖음/습기,비,교차로 - 교차로안,화물,남,71세,부상신고,승용,남,28세,상해없음
2020080700100147,2020년 8월 7일 09시,금요일,경상남도 김해시 내덕동,중상사고,0,1,1,0,차대차 - 측면충돌,안전운전불이행,젖음/습기,비,단일로 - 기타,화물,남,61세,상해없음,승용,남,55세,중상
2020080700100175,2020년 8월 7일 10시,금요일,경상남도 합천군 대양면,경상사고,0,0,1,0,차량단독 - 공작물충돌,안전운전불이행,젖음/습기,비,단일로 - 기타,특수,남,51세,경상,,,,
2020080700100176,2020년 8월 7일 10시,금요일,경상남도 산청군 단성면,경상사고,0,0,1,0,차대차 - 측면충돌,신호위반,젖음/습기,비,교차로 - 교차로안,농기계,남,73세,상해없음,화물,남,44세,경상
2020080700100178,2020년 8월 7일 10시,금요일,경상남도 김해시 진례면,경상사고,0,0,1,0,차대차 - 측면충돌,신호위반,젖음/습기,비,교차로 - 교차로안,화물,남,71세,상해없음,승용,남,42세,경상
2020080700100211,2020년 8월 7일 11시,금요일,경상남도 거창군 웅양면,경상사고,0,0,3,0,차대차 - 측면충돌,안전운전불이행,젖음/습기,비,교차로 - 교차로안,승용,남,32세,경상,승용,여,34세,경상
2020080700100235,2020년 8월 7일 12시,금요일,경상남도 진주시 상대동,경상사고,0,0,1,0,차대사람 - 횡단중,안전운전불이행,젖음/습기,흐림,단일로 - 기타,승용,여,47세,상해없음,보행자,남,75세,경상
2020080700100236,2020년 8월 7일 12시,금요일,경상남도 함안군 칠원읍,경상사고,0,0,4,0,차대차 - 추돌,안전거리미확보,건조,맑음,단일로 - 기타,승용,남,28세,상해없음,승용,남,28세,경상
2020080700100265,2020년 8월 7일 13시,금요일,경상남도 거제시 연초면,경상사고,0,0,2,0,차대차 - 추돌,안전운전불이행,건조,맑음,단일로 - 기타,승용,여,40세,상해없음,승용,남,59세,경상
2020080700100293,2020년 8월 7일 14시,금요일,경상남도 합천군 야로면,중상사고,0,2,0,0,차대차 - 측면충돌,중앙선침범,젖음/습기,비,단일로 - 기타,화물,남,61세,상해없음,승용,남,42세,중상
2020080700100294,2020년 8월 7일 14시,금요일,경상남도 함양군 함양읍,중상사고,0,5,0,1,차량단독 - 전도전복 - 전도,안전운전불이행,젖음/습기,비,단일로 - 기타,승합,남,44세,부상신고,,,,
2020080700100295,2020년 8월 7일 14시,금요일,경상남도 양산시 교동,경상사고,0,0,1,0,차대차 - 후진중충돌,안전운전불이행,젖음/습기,비,기타 - 기타,화물,남,55세,상해없음,승용,남,38세,경상
2020080700100337,2020년 8월 7일 15시,금요일,경상남도 양산시 중부동,경상사고,0,0,1,0,차대차 - 측면충돌,안전거리미확보,건조,흐림,교차로 - 교차로부근,승용,남,30세,상해없음,승용,여,29세,경상
2020080700100338,2020년 8월 7일 15시,금요일,경상남도 함안군 칠원읍,경상사고,0,0,2,0,차대차 - 측면충돌,직진우회전진행방해,젖음/습기,비,교차로 - 교차로안,승용,남,47세,상해없음,화물,남,73세,경상
2020080700100411,2020년 8월 7일 17시,금요일,경상남도 김해시 부원동,중상사고,0,1,2,0,차대차 - 추돌,안전운전불이행,건조,맑음,기타 - 기타,승용,남,52세,상해없음,승용,남,27세,경상
2020080700100412,2020년 8월 7일 17시,금요일,경상남도 창녕군 부곡면,중상사고,0,2,0,1,차대차 - 측면충돌,직진우회전진행방해,젖음/습기,비,교차로 - 교차로안,승용,여,57세,부상신고,승용,남,40세,중상
2020080700100455,2020년 8월 7일 18시,금요일,경상남도 창원시 진해구 석동,경상사고,0,0,1,0,차대차 - 측면충돌,직진우회전진행방해,젖음/습기,비,교차로 - 교차로안,승용,남,61세,상해없음,승용,남,60세,경상
2020080700100456,2020년 8월 7일 18시,금요일,경상남도 사천시 벌리동,경상사고,0,0,1,0,차대차 - 추돌,안전운전불이행,젖음/습기,비,단일로 - 기타,화물,남,52세,상해없음,승용,남,34세,경상
2020080700100457,2020년 8월 7일 18시,금요일,경상남도 밀양시 산외면,경상사고,0,0,2,0,차대차 - 측면충돌,안전운전불이행,젖음/습기,비,교차로 - 교차로안,승합,남,40세,상해없음,승용,여,49세,경상
2020080700100458,2020년 8월 7일 18시,금요일,경상남도 양산시 중부동,경상사고,0,0,3,0,차대차 - 추돌,안전거리미확보,젖음/습기,비,교차로 - 교차로부근,승용,남,52세,상해없음,승용,여,45세,경상
2020080700100459,2020년 8월 7일 18시,금요일,경상남도 창원시 의창구 소계동,경상사고,0,0,1,0,차대차 - 추돌,안전운전불이행,젖음/습기,비,교차로 - 교차로부근,승용,남,40세,상해없음,승용,남,48세,경상
2020080700100499,2020년 8월 7일 19시,금요일,경상남도 김해시 외동,경상사고,0,0,1,0,차대차 - 추돌,안전운전불이행,젖음/습기,비,단일로 - 기타,이륜,남,16세,기타불명,승용,남,71세,경상
2020080700100500,2020년 8월 7일 19시,금요일,경상남도 양산시 물금읍,경상사고,0,0,1,0,차대사람 - 횡단중,보행자보호의무위반,젖음/습기,비,교차로 - 교차로횡단보도내,승용,남,27세,상해없음,보행자,남,22세,경상
2020080700100501,2020년 8월 7일 19시,금요일,경상남도 거제시 사등면,중상사고,0,1,0,0,차량단독 - 공작물충돌,안전운전불이행,젖음/습기,비,단일로 - 기타,승용,남,58세,중상,,,,
2020080700100535,2020년 8월 7일 20시,금요일,경상남도 진주시 장대동,경상사고,0,0,1,0,차대사람 - 횡단중,안전운전불이행,젖음/습기,비,교차로 - 교차로횡단보도내,이륜,남,28세,상해없음,보행자,남,59세,경상
2020080700100536,2020년 8월 7일 20시,금요일,경상남도 사천시 용현면,경상사고,0,0,3,2,차대차 - 추돌,안전운전불이행,젖음/습기,비,교차로 - 교차로부근,승용,여,22세,상해없음,승용,남,21세,부상신고
2020080700100537,2020년 8월 7일 20시,금요일,경상남도 양산시 평산동,경상사고,0,0,1,0,차대차 - 기타,안전운전불이행,젖음/습기,비,교차로 - 교차로안,이륜,남,18세,기타불명,승용,여,55세,경상
2020080700100538,2020년 8월 7일 20시,금요일,경상남도 거제시 수월동,중상사고,0,1,0,0,차대차 - 추돌,안전운전불이행,젖음/습기,비,교차로 - 교차로부근,승용,남,54세,상해없음,승용,여,50세,중상
2020080700100551,2020년 8월 7일 21시,금요일,경상남도 김해시 주촌면,경상사고,0,0,1,0,차대차 - 기타,안전운전불이행,젖음/습기,비,단일로 - 기타,화물,남,33세,상해없음,화물,남,42세,경상
2020080700100568,2020년 8월 7일 21시,금요일,경상남도 진주시 호탄동,중상사고,0,1,0,0,차대사람 - 횡단중,안전운전불이행,젖음/습기,비,단일로 - 기타,이륜,남,28세,상해없음,보행자,여,17세,중상
2020080700100569,2020년 8월 7일 21시,금요일,경상남도 통영시 무전동,경상사고,0,0,1,0,차대차 - 기타,중앙선침범,젖음/습기,흐림,단일로 - 기타,승용,여,63세,상해없음,이륜,남,32세,경상
2020080700100570,2020년 8월 7일 21시,금요일,경상남도 김해시 어방동,경상사고,0,0,1,0,차대차 - 기타,안전운전불이행,젖음/습기,비,교차로 - 교차로안,이륜,남,25세,경상,승용,남,59세,상해없음
2020080700100571,2020년 8월 7일 21시,금요일,경상남도 김해시 삼계동,경상사고,0,0,1,0,차대차 - 측면충돌,안전운전불이행,젖음/습기,비,단일로 - 기타,승용,남,28세,상해없음,승용,남,51세,경상
2020080700100572,2020년 8월 7일 21시,금요일,경상남도 김해시 진영읍,경상사고,0,0,1,0,차대차 - 측면충돌,교차로운행방법위반,젖음/습기,비,교차로 - 교차로안,승용,남,33세,상해없음,승용,남,34세,경상
2020080700100596,2020년 8월 7일 22시,금요일,경상남도 김해시 봉황동,경상사고,0,0,1,0,차대차 - 측면충돌,직진우회전진행방해,젖음/습기,흐림,교차로 - 교차로안,승용,여,62세,상해없음,승용,남,33세,경상
2020080700100630,2020년 8월 7일 23시,금요일,경상남도 합천군 합천읍,경상사고,0,0,1,0,차량단독 - 공작물충돌,안전운전불이행,젖음/습기,비,단일로 - 기타,승용,남,25세,경상,,,,
2020080700100631,2020년 8월 7일 23시,금요일,경상남도 양산시 북부동,경상사고,0,0,1,0,차대차 - 기타,교차로운행방법위반,젖음/습기,비,교차로 - 교차로부근,승용,여,63세,상해없음,이륜,남,23세,경상
2020080700100632,2020년 8월 7일 23시,금요일,경상남도 창원시 성산구 상남동,경상사고,0,0,1,0,차대사람 - 보도통행중,보행자보호의무위반,건조,맑음,교차로 - 교차로안,승용,남,55세,상해없음,보행자,남,22세,경상
2020080800100006,2020년 8월 8일 00시,토요일,경상남도 남해군 고현면,중상사고,0,1,0,0,차량단독 - 공작물충돌,안전운전불이행,젖음/습기,비,교차로 - 교차로안,승용,남,45세,중상,,,,
2020080800100007,2020년 8월 8일 00시,토요일,경상남도 창원시 성산구 가음동,중상사고,0,1,0,0,차대사람 - 차도통행중,안전운전불이행,젖음/습기,비,단일로 - 기타,승용,남,74세,상해없음,보행자,남,53세,중상
2020080800100030,2020년 8월 8일 01시,토요일,경상남도 창원시 성산구 불모산동,중상사고,0,1,0,0,차대차 - 추돌,안전운전불이행,건조,맑음,단일로 - 터널,승용,남,22세,상해없음,승용,남,49세,중상
2020080800100056,2020년 8월 8일 03시,토요일,경상남도 창원시 마산합포구 오동동,중상사고,0,1,0,0,차대사람 - 기타,안전운전불이행,젖음/습기,비,교차로 - 교차로안,승용,남,60세,상해없음,보행자,남,56세,중상
2020080800100057,2020년 8월 8일 03시,토요일,경상남도 진주시 가좌동,중상사고,0,2,0,0,차대차 - 측면충돌,신호위반,젖음/습기,비,교차로 - 교차로안,승용,남,20세,상해없음,승용,남,39세,중상
2020080800100083,2020년 8월 8일 06시,토요일,경상남도 진주시 주약동,경상사고,0,0,1,0,차대사람 - 기타,안전운전불이행,젖음/습기,비,교차로 - 교차로안,화물,남,74세,상해없음,보행자,여,48세,경상
2020080800100084,2020년 8월 8일 06시,토요일,경상남도 밀양시 용평동,중상사고,0,1,0,0,차대차 - 측면충돌,안전운전불이행,젖음/습기,비,교차로 - 교차로부근,이륜,남,79세,중상,화물,남,42세,상해없음
2020080800100085,2020년 8월 8일 06시,토요일,경상남도 산청군 시천면,사망사고,1,0,0,0,차대사람 - 횡단중,안전운전불이행,젖음/습기,비,단일로 - 기타,승용,남,81세,상해없음,보행자,여,66세,사망
2020080800100121,2020년 8월 8일 08시,토요일,경상남도 김해시 상동면,중상사고,0,1,0,0,차량단독 - 공작물충돌,안전운전불이행,젖음/습기,흐림,단일로 - 기타,승용,남,40세,상해없음,,,,
2020080800100122,2020년 8월 8일 08시,토요일,경상남도 창원시 의창구 사화동,경상사고,0,0,1,0,차대차 - 추돌,안전거리미확보,젖음/습기,비,교차로 - 교차로안,승용,남,67세,상해없음,이륜,남,37세,경상
2020080800100123,2020년 8월 8일 08시,토요일,경상남도 김해시 진영읍,중상사고,0,1,0,0,차대차 - 측면충돌,신호위반,젖음/습기,비,교차로 - 교차로안,화물,남,60세,상해없음,승용,남,49세,중상
2020080800100193,2020년 8월 8일 11시,토요일,경상남도 진주시 하대동,중상사고,0,1,0,0,차대사람 - 횡단중,보행자보호의무위반,젖음/습기,비,교차로 - 교차로안,화물,남,55세,상해없음,보행자,여,75세,중상
2020080800100194,2020년 8월 8일 11시,토요일,경상남도 통영시 무전동,경상사고,0,0,1,0,차대차 - 기타,중앙선침범,건조,맑음,단일로 - 기타,승용,남,53세,상해없음,이륜,남,41세,경상
2020080800100195,2020년 8월 8일 11시,토요일,경상남도 사천시 곤명면,부상신고사고,0,0,0,1,차대차 - 측면충돌,안전운전불이행,젖음/습기,비,교차로 - 교차로안,사륜오토바이(ATV),남,78세,부상신고,승용,남,63세,상해없음
2020080800100196,2020년 8월 8일 11시,토요일,경상남도 밀양시 상남면,경상사고,0,0,1,0,차대차 - 추돌,안전운전불이행,젖음/습기,비,교차로 - 교차로부근,승용,여,25세,상해없음,승용,여,35세,경상
2020080800100197,2020년 8월 8일 11시,토요일,경상남도 밀양시 삼랑진읍,경상사고,0,0,3,0,차대차 - 측면충돌,중앙선침범,젖음/습기,비,단일로 - 기타,승용,남,73세,상해없음,승용,여,55세,경상
2020080800100198,2020년 8월 8일 11시,토요일,경상남도 양산시 교동,경상사고,0,0,1,0,차대차 - 추돌,안전운전불이행,젖음/습기,비,단일로 - 기타,화물,남,57세,상해없음,승용,여,48세,경상
2020080800100199,2020년 8월 8일 11시,토요일,경상남도 거제시 장평동,경상사고,0,0,1,0,차대차 - 기타,안전운전불이행,건조,맑음,단일로 - 기타,이륜,남,48세,경상,화물,남,54세,상해없음
2020080800100200,2020년 8월 8일 11시,토요일,경상남도 창원시 의창구 도계동,경상사고,0,0,2,0,차대차 - 측면충돌,안전운전불이행,젖음/습기,흐림,단일로 - 기타,승용,남,73세,상해없음,승용,여,47세,경상
2020080800100232,2020년 8월 8일 12시,토요일,경상남도 김해시 부원동,경상사고,0,0,2,0,차대차 - 추돌,안전운전불이행,건조,맑음,교차로 - 교차로안,승용,여,66세,상해없음,승용,여,54세,경상
2020080800100233,2020년 8월 8일 12시,토요일,경상남도 양산시 삼호동,경상사고,0,0,1,0,차대차 - 측면충돌,신호위반,건조,맑음,교차로 - 교차로안,승용,여,57세,상해없음,승용,남,65세,경상
2020080800100266,2020년 8월 8일 13시,토요일,경상남도 김해시 내동,경상사고,0,0,1,0,차대사람 - 횡단중,신호위반,젖음/습기,비,교차로 - 교차로횡단보도내,승용,여,53세,상해없음,보행자,남,27세,경상
2020080800100267,2020년 8월 8일 13시,토요일,경상남도 의령군 대의면,사망사고,1,0,0,0,차량단독 - 공작물충돌,안전운전불이행,젖음/습기,비,단일로 - 기타,승용,남,59세,사망,,,,
2020080800100304,2020년 8월 8일 14시,토요일,경상남도 하동군 옥종면,경상사고,0,0,1,0,차대차 - 측면충돌,교차로운행방법위반,젖음/습기,비,교차로 - 교차로안,이륜,남,62세,경상,화물,남,26세,상해없음
2020080800100331,2020년 8월 8일 15시,토요일,경상남도 창원시 마산합포구 우산동,경상사고,0,0,1,0,차대차 - 후진중충돌,안전운전불이행,젖음/습기,비,단일로 - 기타,승합,남,51세,상해없음,이륜,남,74세,경상
2020080800100332,2020년 8월 8일 15시,토요일,경상남도 김해시 율하동,경상사고,0,0,1,0,차대차 - 측면충돌,안전운전불이행,젖음/습기,비,단일로 - 기타,승용,여,46세,상해없음,이륜,남,38세,경상
2020080800100363,2020년 8월 8일 16시,토요일,경상남도 창원시 진해구 덕산동,경상사고,0,0,2,0,차대차 - 측면충돌,신호위반,젖음/습기,비,교차로 - 교차로안,승용,남,58세,상해없음,승합,여,40세,경상
2020080800100364,2020년 8월 8일 16시,토요일,경상남도 창원시 의창구 북면,중상사고,0,1,0,0,차대차 - 추돌,안전거리미확보,건조,맑음,단일로 - 기타,화물,남,20세,상해없음,이륜,남,51세,중상
2020080800100386,2020년 8월 8일 17시,토요일,경상남도 진주시 상대동,경상사고,0,0,2,0,차대차 - 추돌,안전운전불이행,젖음/습기,비,교차로 - 교차로부근,승용,남,54세,상해없음,승용,남,32세,경상
2020080800100387,2020년 8월 8일 17시,토요일,경상남도 창원시 진해구 용원동,경상사고,0,0,1,0,차대차 - 기타,교차로운행방법위반,젖음/습기,흐림,교차로 - 교차로안,승용,남,47세,상해없음,이륜,남,43세,경상
2020080800100388,2020년 8월 8일 17시,토요일,경상남도 창원시 의창구 팔용동,경상사고,0,0,1,0,차대차 - 기타,안전운전불이행,건조,맑음,교차로 - 교차로부근,승용,여,30세,상해없음,승용,여,35세,경상
2020080800100453,2020년 8월 8일 19시,토요일,경상남도 창원시 성산구 상남동,경상사고,0,0,1,0,차대차 - 기타,기타,기타,흐림,기타 - 기타,승용,남,55세,상해없음,이륜,남,35세,경상
2020080800100497,2020년 8월 8일 20시,토요일,경상남도 김해시 장유동,중상사고,0,1,0,0,차대차 - 측면충돌,안전운전불이행,건조,맑음,교차로 - 교차로안,승용,남,27세,상해없음,이륜,남,32세,중상
2020080800100558,2020년 8월 8일 22시,토요일,경상남도 창원시 성산구 상남동,부상신고사고,0,0,0,1,차대사람 - 기타,안전운전불이행,젖음/습기,비,단일로 - 기타,승용,남,30세,상해없음,보행자,남,24세,부상신고
2020080800100579,2020년 8월 8일 23시,토요일,경상남도 김해시 어방동,경상사고,0,0,3,0,차대차 - 기타,안전운전불이행,젖음/습기,흐림,단일로 - 기타,승용,남,43세,상해없음,승용,남,35세,경상
2020080800100580,2020년 8월 8일 23시,토요일,경상남도 함안군 산인면,중상사고,0,1,0,0,차량단독 - 기타,안전운전불이행,젖음/습기,맑음,교차로 - 교차로부근,승용,남,21세,중상,,,,
2020080800100581,2020년 8월 8일 23시,토요일,경상남도 창원시 성산구 상남동,경상사고,0,0,1,0,차대차 - 추돌,기타,젖음/습기,비,단일로 - 기타,승용,남,26세,상해없음,이륜,남,23세,경상
2020080900100014,2020년 8월 9일 00시,일요일,경상남도 김해시 어방동,경상사고,0,0,1,0,차대차 - 측면충돌,신호위반,건조,맑음,교차로 - 교차로안,승용,여,25세,상해없음,승용,남,33세,경상
2020080900100135,2020년 8월 9일 11시,일요일,경상남도 창원시 의창구 소계동,중상사고,0,1,0,0,차대차 - 기타,안전운전불이행,건조,맑음,단일로 - 기타,승용,남,65세,상해없음,자전거,여,41세,중상
2020080900100152,2020년 8월 9일 12시,일요일,경상남도 창녕군 남지읍,경상사고,0,0,1,0,차대차 - 기타,안전운전불이행,건조,맑음,단일로 - 기타,원동기,남,64세,경상,화물,남,59세,상해없음
2020080900100184,2020년 8월 9일 13시,일요일,경상남도 창원시 진해구 자은동,경상사고,0,0,2,0,차대차 - 기타,안전거리미확보,건조,맑음,단일로 - 기타,승용,여,48세,상해없음,승용,남,23세,경상
2020080900100185,2020년 8월 9일 13시,일요일,경상남도 통영시 정량동,경상사고,0,0,1,0,차대차 - 기타,신호위반,건조,맑음,교차로 - 교차로안,승용,여,53세,상해없음,사륜오토바이(ATV),남,60세,경상
2020080900100186,2020년 8월 9일 13시,일요일,경상남도 밀양시 내이동,경상사고,0,0,1,0,차대사람 - 기타,안전운전불이행,건조,맑음,주차장 - 주차장,승용,남,58세,상해없음,보행자,여,31세,경상
2020080900100187,2020년 8월 9일 13시,일요일,경상남도 양산시 물금읍,경상사고,0,0,1,0,차대차 - 기타,안전운전불이행,건조,맑음,단일로 - 기타,승용,남,42세,상해없음,이륜,남,34세,경상
2020080900100206,2020년 8월 9일 14시,일요일,경상남도 통영시 광도면,부상신고사고,0,0,0,1,차대차 - 측면충돌,안전운전불이행,건조,맑음,단일로 - 기타,이륜,남,79세,부상신고,승용,남,48세,상해없음
2020080900100266,2020년 8월 9일 16시,일요일,경상남도 통영시 무전동,중상사고,0,1,0,0,차대차 - 정면충돌,안전운전불이행,건조,맑음,단일로 - 기타,승용,여,54세,상해없음,자전거,남,10세,중상
2020080900100267,2020년 8월 9일 16시,일요일,경상남도 밀양시 삼랑진읍,경상사고,0,0,2,0,차대차 - 측면충돌,중앙선침범,젖음/습기,흐림,단일로 - 기타,승용,남,67세,상해없음,승용,남,61세,경상
2020080900100268,2020년 8월 9일 16시,일요일,경상남도 김해시 부원동,경상사고,0,0,4,0,차대차 - 추돌,안전운전불이행,젖음/습기,흐림,단일로 - 기타,승용,남,61세,상해없음,승용,남,30세,경상
2020080900100269,2020년 8월 9일 16시,일요일,경상남도 거창군 거창읍,경상사고,0,0,2,0,차대차 - 측면충돌,신호위반,건조,맑음,교차로 - 교차로안,승용,여,50세,상해없음,화물,남,43세,경상
2020080900100270,2020년 8월 9일 16시,일요일,경상남도 창녕군 창녕읍,경상사고,0,0,1,0,차대차 - 측면충돌,직진우회전진행방해,건조,맑음,교차로 - 교차로안,승용,여,19세,상해없음,원동기,남,63세,경상
2020080900100298,2020년 8월 9일 17시,일요일,경상남도 창원시 진해구 여좌동,중상사고,0,1,0,0,차량단독 - 기타,안전운전불이행,건조,맑음,단일로 - 고가도로위,원동기,남,45세,중상,,,,
2020080900100299,2020년 8월 9일 17시,일요일,경상남도 사천시 사천읍,중상사고,0,2,0,0,차대차 - 추돌,안전운전불이행,건조,맑음,교차로 - 교차로부근,승용,남,58세,상해없음,승용,여,43세,중상
2020080900100360,2020년 8월 9일 19시,일요일,경상남도 김해시 외동,중상사고,0,1,1,0,차대사람 - 횡단중,신호위반,젖음/습기,비,교차로 - 교차로안,이륜,남,27세,상해없음,보행자,여,52세,중상
2020080900100361,2020년 8월 9일 19시,일요일,경상남도 양산시 물금읍,경상사고,0,0,1,0,차대차 - 추돌,안전운전불이행,건조,맑음,단일로 - 기타,승합,남,62세,상해없음,승용,여,63세,경상
2020080900100362,2020년 8월 9일 19시,일요일,경상남도 창원시 성산구 성주동,중상사고,0,1,0,0,차대사람 - 기타,안전운전불이행,젖음/습기,비,단일로 - 기타,이륜,남,50세,상해없음,보행자,여,58세,중상
2020080900100385,2020년 8월 9일 20시,일요일,경상남도 김해시 삼방동,중상사고,0,1,1,0,차대차 - 기타,교차로운행방법위반,젖음/습기,비,교차로 - 교차로안,승용,남,59세,기타불명,승합,남,32세,경상
2020080900100413,2020년 8월 9일 21시,일요일,경상남도 창원시 성산구 대방동,중상사고,0,1,0,0,차대사람 - 횡단중,안전운전불이행,젖음/습기,비,교차로 - 교차로횡단보도내,승용,여,28세,상해없음,보행자,남,44세,중상
2020080900100414,2020년 8월 9일 21시,일요일,경상남도 김해시 삼문동,중상사고,0,1,0,0,차대사람 - 횡단중,안전운전불이행,건조,맑음,단일로 - 기타,승용,여,27세,상해없음,보행자,남,50세,중상
2020080900100432,2020년 8월 9일 22시,일요일,경상남도 고성군 마암면,경상사고,0,0,1,0,차대차 - 기타,안전운전불이행,건조,맑음,단일로 - 기타,승용,남,56세,상해없음,승용,남,39세,경상
2020080900100433,2020년 8월 9일 22시,일요일,경상남도 창원시 마산회원구 석전동,경상사고,0,0,1,0,차대차 - 측면충돌,중앙선침범,젖음/습기,비,단일로 - 기타,화물,여,54세,상해없음,이륜,남,37세,경상
2020080900100443,2020년 8월 9일 23시,일요일,경상남도 김해시 내동,경상사고,0,0,1,0,차대사람 - 기타,안전운전불이행,젖음/습기,비,단일로 - 기타,승용,남,41세,상해없음,보행자,남,38세,경상
2020080900100444,2020년 8월 9일 23시,일요일,경상남도 김해시 내동,경상사고,0,0,1,0,차대차 - 기타,안전운전불이행,젖음/습기,비,교차로 - 교차로안,기타불명,기타불명,미분류,기타불명,이륜,남,26세,경상
2020080900100445,2020년 8월 9일 23시,일요일,경상남도 창원시 성산구 상남동,경상사고,0,0,1,0,차대차 - 정면충돌,안전운전불이행,젖음/습기,비,교차로 - 교차로안,승용,여,35세,상해없음,승용,남,35세,경상