사고번호,사고일시,요일,시군구,사고내용,사망자수,중상자수,경상자수,부상신고자수,사고유형,법규위반,노면상태,기상상태,도로형태,가해운전자 차종,가해운전자 성별,가해운전자 연령,가해운전자 상해정도,피해운전자 차종,피해운전자 성별,피해운전자 연령,피해운전자 상해정도
2020081900100504,2020년 8월 19일 18시,수요일,경상남도 산청군 차황면,중상사고,0,1,1,0,차대차 - 측면충돌,교차로운행방법위반,건조,맑음,교차로 - 교차로안,사륜오토바이(ATV),여,88세,중상,승용,여,46세,경상
2020081900100505,2020년 8월 19일 18시,수요일,경상남도 창원시 성산구 상남동,중상사고,0,1,0,0,차대사람 - 차도통행중,안전운전불이행,건조,맑음,교차로 - 교차로안,승용,남,51세,상해없음,보행자,여,29세,중상
2020081900100548,2020년 8월 19일 19시,수요일,경상남도 통영시 광도면,경상사고,0,0,1,0,차대차 - 기타,안전거리미확보,건조,맑음,교차로 - 교차로부근,승용,남,41세,상해없음,승용,남,44세,상해없음
2020081900100549,2020년 8월 19일 19시,수요일,경상남도 양산시 상북면,경상사고,0,0,1,0,차대차 - 기타,안전운전불이행,건조,맑음,단일로 - 기타,승합,남,21세,상해없음,화물,남,65세,기타불명
2020081900100588,2020년 8월 19일 20시,수요일,경상남도 양산시 주진동,부상신고사고,0,0,0,1,차대차 - 측면충돌,신호위반,건조,맑음,교차로 - 교차로안,이륜,남,33세,부상신고,승용,남,41세,상해없음
2020081900100616,2020년 8월 19일 21시,수요일,경상남도 진주시 봉곡동,중상사고,0,1,0,0,차대차 - 기타,안전운전불이행,건조,맑음,단일로 - 기타,사륜오토바이(ATV),남,58세,상해없음,기타불명,남,47세,중상
2020081900100617,2020년 8월 19일 21시,수요일,경상남도 창원시 진해구 충무동,경상사고,0,0,1,0,차대차 - 기타,안전거리미확보,건조,맑음,단일로 - 기타,승용,남,68세,경상,승합,남,63세,상해없음
2020081900100618,2020년 8월 19일 21시,수요일,경상남도 김해시 어방동,중상사고,0,1,1,0,차대차 - 기타,중앙선침범,건조,맑음,단일로 - 기타,승용,남,62세,상해없음,이륜,남,17세,중상
2020081900100619,2020년 8월 19일 21시,수요일,경상남도 양산시 어곡동,경상사고,0,0,1,0,차대차 - 측면충돌,교차로운행방법위반,건조,맑음,교차로 - 교차로안,화물,남,61세,상해없음,화물,남,52세,경상
2020081900100620,2020년 8월 19일 21시,수요일,경상남도 거제시 사등면,경상사고,0,0,2,0,차대차 - 측면충돌,안전운전불이행,건조,맑음,단일로 - 기타,승용,남,60세,상해없음,승용,남,43세,경상
2020081900100664,2020년 8월 19일 23시,수요일,경상남도 밀양시 상남면,중상사고,0,1,0,0,차대차 - 추돌,안전운전불이행,건조,맑음,단일로 - 기타,승용,남,70세,상해없음,화물,여,46세,중상
2020082000100021,2020년 8월 20일 02시,목요일,경상남도 거제시 동부면,경상사고,0,0,2,0,차대차 - 기타,안전운전불이행,건조,맑음,교차로 - 교차로안,승용,남,58세,상해없음,화물,남,58세,경상
2020082000100054,2020년 8월 20일 06시,목요일,경상남도 창원시 성산구 웅남동,중상사고,0,3,1,0,차대차 - 측면충돌,신호위반,건조,맑음,교차로 - 교차로안,승용,남,57세,상해없음,승용,남,50세,중상
2020082000100076,2020년 8월 20일 07시,목요일,경상남도 사천시 벌리동,경상사고,0,0,2,2,차대차 - 측면충돌,직진우회전진행방해,건조,맑음,교차로 - 교차로안,승용,여,47세,경상,승용,남,45세,경상
2020082000100077,2020년 8월 20일 07시,목요일,경상남도 밀양시 내이동,경상사고,0,0,1,0,차대차 - 측면충돌,안전운전불이행,건조,맑음,교차로 - 교차로안,화물,남,50세,상해없음,승용,남,22세,경상
2020082000100112,2020년 8월 20일 08시,목요일,경상남도 창원시 진해구 장천동,경상사고,0,0,2,0,차대차 - 추돌,안전거리미확보,건조,맑음,단일로 - 기타,승용,남,49세,상해없음,승용,남,48세,상해없음
2020082000100113,2020년 8월 20일 08시,목요일,경상남도 사천시 곤명면,경상사고,0,0,3,0,차대차 - 측면충돌,불법유턴,건조,맑음,교차로 - 교차로안,승용,남,56세,경상,승용,여,63세,경상
2020082000100114,2020년 8월 20일 08시,목요일,경상남도 함양군 함양읍,중상사고,0,1,1,0,차대차 - 측면충돌,교차로운행방법위반,건조,맑음,교차로 - 교차로안,화물,남,61세,경상,화물,남,28세,중상
2020082000100115,2020년 8월 20일 08시,목요일,경상남도 양산시 원동면,중상사고,0,2,0,0,차대차 - 기타,안전운전불이행,건조,맑음,단일로 - 기타,승용,남,63세,상해없음,자전거,남,57세,중상
2020082000100116,2020년 8월 20일 08시,목요일,경상남도 김해시 무계동,중상사고,0,1,0,0,차대차 - 추돌,안전운전불이행,건조,맑음,단일로 - 기타,승용,여,36세,상해없음,승용,여,64세,중상
2020082000100140,2020년 8월 20일 09시,목요일,경상남도 양산시 주진동,경상사고,0,0,1,0,차대차 - 추돌,안전거리미확보,건조,맑음,단일로 - 기타,승용,여,62세,상해없음,승용,남,49세,경상
2020082000100174,2020년 8월 20일 10시,목요일,경상남도 창원시 의창구 북면,경상사고,0,0,1,0,차대차 - 추돌,안전거리미확보,건조,맑음,단일로 - 기타,승합,남,59세,상해없음,승용,여,38세,경상
2020082000100209,2020년 8월 20일 11시,목요일,경상남도 거창군 거창읍,중상사고,0,2,0,0,차대차 - 정면충돌,중앙선침범,건조,맑음,교차로 - 교차로부근,승용,여,36세,기타불명,승용,남,42세,중상
2020082000100249,2020년 8월 20일 12시,목요일,경상남도 창원시 마산합포구 해운동,중상사고,0,1,0,0,차대차 - 기타,신호위반,건조,맑음,교차로 - 교차로안,화물,남,69세,상해없음,승용,남,45세,중상
2020082000100250,2020년 8월 20일 12시,목요일,경상남도 진주시 가좌동,경상사고,0,0,1,0,차대차 - 정면충돌,신호위반,건조,맑음,교차로 - 교차로안,승용,여,41세,상해없음,화물,남,61세,경상
2020082000100251,2020년 8월 20일 12시,목요일,경상남도 함양군 병곡면,중상사고,0,1,2,0,차대차 - 측면충돌,교차로운행방법위반,건조,맑음,교차로 - 교차로안,승용,남,67세,상해없음,화물,남,57세,상해없음
2020082000100252,2020년 8월 20일 12시,목요일,경상남도 양산시 중부동,경상사고,0,0,1,0,차대사람 - 보도통행중,기타,건조,맑음,단일로 - 기타,승용,남,63세,상해없음,보행자,남,55세,경상
2020082000100253,2020년 8월 20일 12시,목요일,경상남도 고성군 회화면,경상사고,0,0,1,0,차대차 - 추돌,안전운전불이행,건조,맑음,단일로 - 기타,승용,남,62세,상해없음,승용,남,26세,경상
2020082000100254,2020년 8월 20일 12시,목요일,경상남도 김해시 한림면,경상사고,0,0,3,0,차대차 - 측면충돌,안전운전불이행,건조,맑음,교차로 - 교차로안,화물,남,56세,상해없음,승용,남,41세,경상
2020082000100302,2020년 8월 20일 13시,목요일,경상남도 창원시 마산합포구 진동면,경상사고,0,0,1,0,차대차 - 기타,교차로운행방법위반,건조,맑음,교차로 - 교차로안,승용,남,55세,상해없음,승용,남,64세,경상
2020082000100303,2020년 8월 20일 13시,목요일,경상남도 함양군 서하면,중상사고,0,1,0,0,차대차 - 정면충돌,중앙선침범,건조,맑음,단일로 - 기타,화물,남,70세,상해없음,승용,여,59세,중상
2020082000100342,2020년 8월 20일 14시,목요일,경상남도 고성군 상리면,사망사고,1,0,0,0,차대차 - 측면충돌,신호위반,건조,맑음,교차로 - 교차로안,이륜,남,81세,사망,화물,남,61세,상해없음
2020082000100375,2020년 8월 20일 15시,목요일,경상남도 창원시 마산합포구 동성동,경상사고,0,0,1,0,차대차 - 측면충돌,안전운전불이행,건조,맑음,교차로 - 교차로부근,승용,남,61세,상해없음,원동기,남,19세,경상
2020082000100376,2020년 8월 20일 15시,목요일,경상남도 진주시 평거동,경상사고,0,0,1,0,차대차 - 측면충돌,안전운전불이행,건조,맑음,교차로 - 교차로안,승용,여,53세,상해없음,개인형이동수단(PM),여,19세,경상
2020082000100377,2020년 8월 20일 15시,목요일,경상남도 밀양시 삼문동,경상사고,0,0,1,0,차대차 - 측면충돌,교차로운행방법위반,건조,맑음,교차로 - 교차로안,승용,남,24세,상해없음,승용,남,68세,경상
2020082000100414,2020년 8월 20일 16시,목요일,경상남도 진주시 칠암동,중상사고,0,1,0,0,차대차 - 기타,안전운전불이행,건조,맑음,단일로 - 기타,화물,남,34세,상해없음,승용,남,55세,중상
2020082000100415,2020년 8월 20일 16시,목요일,경상남도 합천군 합천읍,중상사고,0,1,0,0,차대차 - 측면충돌,교차로운행방법위반,건조,맑음,교차로 - 교차로안,승용,여,41세,상해없음,승용,남,54세,중상
2020082000100448,2020년 8월 20일 17시,목요일,경상남도 산청군 생비량면,중상사고,0,1,0,0,차대차 - 측면충돌,중앙선침범,건조,맑음,단일로 - 기타,화물,남,51세,상해없음,승용,남,74세,중상
2020082000100449,2020년 8월 20일 17시,목요일,경상남도 창원시 성산구 상남동,중상사고,0,1,0,0,차대사람 - 차도통행중,안전운전불이행,건조,맑음,단일로 - 기타,승용,여,49세,상해없음,보행자,여,61세,중상
2020082000100499,2020년 8월 20일 18시,목요일,경상남도 거제시 고현동,경상사고,0,0,1,0,차대차 - 측면충돌,안전운전불이행,건조,맑음,단일로 - 기타,승용,남,31세,상해없음,승용,여,43세,상해없음
2020082000100500,2020년 8월 20일 18시,목요일,경상남도 창원시 마산회원구 합성동,중상사고,0,1,0,0,차대사람 - 횡단중,신호위반,건조,맑음,교차로 - 교차로횡단보도내,원동기,남,48세,상해없음,보행자,여,50세,중상
2020082000100501,2020년 8월 20일 18시,목요일,경상남도 창원시 의창구 봉림동,경상사고,0,0,1,0,차대차 - 측면충돌,안전운전불이행,건조,맑음,단일로 - 기타,승용,여,37세,상해없음,이륜,남,28세,경상
2020082000100540,2020년 8월 20일 19시,목요일,경상남도 거창군 거창읍,중상사고,0,1,0,0,차대사람 - 횡단중,안전운전불이행,건조,맑음,교차로 - 교차로안,승용,남,51세,상해없음,보행자,여,66세,중상
2020082000100541,2020년 8월 20일 19시,목요일,경상남도 거제시 고현동,경상사고,0,0,1,0,차대차 - 측면충돌,안전운전불이행,건조,맑음,단일로 - 기타,승용,여,42세,상해없음,이륜,남,23세,경상
2020082000100542,2020년 8월 20일 19시,목요일,경상남도 창원시 의창구 북면,경상사고,0,0,1,0,차대차 - 측면충돌,안전운전불이행,건조,맑음,교차로 - 교차로안,승용,여,49세,상해없음,승용,여,37세,경상
2020082000100570,2020년 8월 20일 20시,목요일,경상남도 통영시 광도면,중상사고,0,1,0,0,차대차 - 측면충돌,안전거리미확보,건조,맑음,교차로 - 교차로부근,승용,여,50세,상해없음,승용,남,38세,중상
2020082000100571,2020년 8월 20일 20시,목요일,경상남도 김해시 어방동,중상사고,0,1,0,0,차대차 - 측면충돌,과속,건조,맑음,교차로 - 교차로안,이륜,남,31세,중상,승용,남,39세,상해없음
2020082000100572,2020년 8월 20일 20시,목요일,경상남도 김해시 외동,경상사고,0,0,1,0,차대차 - 측면충돌,안전운전불이행,건조,맑음,교차로 - 교차로안,승합,남,53세,상해없음,화물,남,47세,경상
2020082000100598,2020년 8월 20일 21시,목요일,경상남도 사천시 사남면,경상사고,0,0,1,0,차량단독 - 전도전복 - 전도,안전운전불이행,건조,맑음,단일로 - 기타,승용,남,41세,경상,,,,
2020082000100612,2020년 8월 20일 22시,목요일,경상남도 함양군 함양읍,경상사고,0,0,1,0,차대사람 - 차도통행중,안전운전불이행,건조,맑음,단일로 - 기타,승용,남,20세,상해없음,보행자,남,27세,경상
2020082100100010,2020년 8월 21일 00시,금요일,경상남도 창원시 의창구 명서동,경상사고,0,0,1,0,차대차 - 측면충돌,안전운전불이행,건조,맑음,단일로 - 기타,승합,남,43세,상해없음,승용,남,49세,경상
2020082100100027,2020년 8월 21일 02시,금요일,경상남도 창원시 의창구 팔용동,중상사고,0,1,1,0,차대차 - 측면충돌,교차로운행방법위반,건조,맑음,교차로 - 교차로안,승용,남,30세,상해없음,승용,남,52세,중상
2020082100100061,2020년 8월 21일 06시,금요일,경상남도 사천시 실안동,중상사고,0,4,0,0,차대차 - 추돌,안전운전불이행,건조,흐림,교차로 - 교차로안,화물,남,55세,상해없음,화물,남,63세,중상
2020082100100080,2020년 8월 21일 07시,금요일,경상남도 진주시 금산면,경상사고,0,0,2,0,차대차 - 기타,안전운전불이행,건조,맑음,단일로 - 기타,승용,남,59세,상해없음,승용,남,29세,경상
2020082100100081,2020년 8월 21일 07시,금요일,경상남도 창원시 진해구 창선동,경상사고,0,0,1,0,차대차 - 측면충돌,직진우회전진행방해,건조,맑음,교차로 - 교차로안,승용,남,37세,상해없음,승용,남,36세,경상
2020082100100082,2020년 8월 21일 07시,금요일,경상남도 사천시 송포동,경상사고,0,0,1,0,차대차 - 측면충돌,교차로운행방법위반,건조,맑음,교차로 - 교차로안,승합,여,63세,상해없음,화물,남,29세,경상
2020082100100083,2020년 8월 21일 07시,금요일,경상남도 양산시 명동,중상사고,0,1,0,0,차대차 - 기타,안전운전불이행,건조,맑음,교차로 - 교차로안,승용,남,57세,상해없음,승용,남,65세,중상
2020082100100084,2020년 8월 21일 07시,금요일,경상남도 창원시 의창구 봉곡동,중상사고,0,1,0,0,차량단독 - 기타,안전운전불이행,건조,맑음,교차로 - 교차로부근,승합,남,50세,상해없음,,,,
2020082100100108,2020년 8월 21일 08시,금요일,경상남도 남해군 창선면,중상사고,0,1,0,0,차대사람 - 횡단중,안전운전불이행,건조,흐림,단일로 - 기타,승용,남,44세,상해없음,보행자,남,51세,중상
2020082100100142,2020년 8월 21일 09시,금요일,경상남도 창원시 마산합포구 중앙동3가,경상사고,0,0,1,0,차대차 - 측면충돌,신호위반,건조,맑음,교차로 - 교차로안,화물,남,63세,상해없음,승용,남,61세,경상
2020082100100168,2020년 8월 21일 10시,금요일,경상남도 양산시 물금읍,경상사고,0,0,1,0,차대사람 - 기타,안전운전불이행,건조,맑음,교차로 - 교차로부근,승용,여,77세,상해없음,보행자,남,77세,경상
2020082100100169,2020년 8월 21일 10시,금요일,경상남도 양산시 상북면,중상사고,0,1,0,0,차대차 - 측면충돌,중앙선침범,건조,맑음,기타 - 기타,승용,남,57세,상해없음,승용,여,44세,중상
2020082100100200,2020년 8월 21일 11시,금요일,경상남도 통영시 명정동,중상사고,0,1,0,0,차대사람 - 횡단중,보행자보호의무위반,건조,맑음,단일로 - 기타,화물,남,69세,상해없음,보행자,남,52세,중상
2020082100100201,2020년 8월 21일 11시,금요일,경상남도 합천군 율곡면,경상사고,0,0,1,0,차대차 - 측면충돌,안전운전불이행,건조,맑음,단일로 - 기타,화물,남,79세,상해없음,화물,남,69세,경상
2020082100100202,2020년 8월 21일 11시,금요일,경상남도 고성군 고성읍,경상사고,0,0,2,0,차대차 - 측면충돌,안전운전불이행,건조,맑음,단일로 - 기타,승합,남,61세,상해없음,승용,남,44세,상해없음
2020082100100203,2020년 8월 21일 11시,금요일,경상남도 창원시 성산구 사파동,중상사고,0,1,0,0,차대차 - 측면충돌,중앙선침범,건조,맑음,교차로 - 교차로부근,승용,남,70세,상해없음,원동기,남,56세,중상
2020082100100234,2020년 8월 21일 12시,금요일,경상남도 양산시 유산동,경상사고,0,0,1,0,차대차 - 측면충돌,안전운전불이행,건조,맑음,기타 - 기타,승용,남,57세,상해없음,승용,남,39세,경상
2020082100100235,2020년 8월 21일 12시,금요일,경상남도 거제시 연초면,경상사고,0,0,1,0,차대차 - 측면충돌,차로위반,건조,맑음,단일로 - 기타,이륜,여,67세,상해없음,승용,남,30세,경상
2020082100100261,2020년 8월 21일 13시,금요일,경상남도 김해시 삼정동,중상사고,0,1,0,0,차대사람 - 기타,안전운전불이행,건조,맑음,교차로 - 교차로안,승용,남,77세,상해없음,보행자,여,80세,중상
2020082100100262,2020년 8월 21일 13시,금요일,경상남도 함안군 가야읍,경상사고,0,0,1,0,차대차 - 기타,안전운전불이행,건조,맑음,단일로 - 기타,승용,여,38세,상해없음,이륜,여,60세,경상
2020082100100301,2020년 8월 21일 14시,금요일,경상남도 김해시 어방동,경상사고,0,0,2,0,차대차 - 측면충돌,직진우회전진행방해,건조,맑음,교차로 - 교차로안,원동기,남,29세,경상,승용,남,58세,경상
2020082100100370,2020년 8월 21일 16시,금요일,경상남도 진주시 평거동,중상사고,0,1,0,0,차대차 - 측면충돌,신호위반,건조,맑음,단일로 - 기타,이륜,남,23세,상해없음,원동기,남,19세,중상
2020082100100371,2020년 8월 21일 16시,금요일,경상남도 고성군 하이면,경상사고,0,0,2,0,차대차 - 측면충돌,교차로운행방법위반,건조,맑음,교차로 - 교차로안,승용,남,58세,상해없음,승용,남,23세,경상
2020082100100372,2020년 8월 21일 16시,금요일,경상남도 창원시 성산구 상남동,경상사고,0,0,1,0,차대사람 - 보도통행중,안전운전불이행,건조,맑음,기타 - 기타,승용,남,52세,상해없음,보행자,여,72세,경상
2020082100100443,2020년 8월 21일 18시,금요일,경상남도 김해시 외동,경상사고,0,0,2,0,차대차 - 측면충돌,안전운전불이행,건조,맑음,교차로 - 교차로안,승용,여,20세,경상,승용,여,26세,경상
2020082100100494,2020년 8월 21일 19시,금요일,경상남도 창원시 마산합포구 진전면,경상사고,0,0,1,0,차량단독 - 전도전복 - 전도,안전운전불이행,건조,맑음,단일로 - 기타,이륜,남,24세,경상,,,,
2020082100100495,2020년 8월 21일 19시,금요일,경상남도 합천군 합천읍,중상사고,0,1,0,0,차대차 - 측면충돌,교차로운행방법위반,건조,맑음,교차로 - 교차로안,승용,여,50세,상해없음,이륜,남,52세,중상
2020082100100496,2020년 8월 21일 19시,금요일,경상남도 창원시 성산구 삼정자동,경상사고,0,0,1,0,차량단독 - 기타,안전운전불이행,건조,맑음,교차로 - 교차로안,승용,남,71세,상해없음,,,,
2020082100100497,2020년 8월 21일 19시,금요일,경상남도 김해시 삼문동,중상사고,0,1,0,0,차대차 - 측면충돌,교차로운행방법위반,건조,맑음,교차로 - 교차로안,승용,남,24세,상해없음,이륜,남,34세,중상
2020082100100537,2020년 8월 21일 20시,금요일,경상남도 김해시 부원동,경상사고,0,0,1,0,차대차 - 기타,교차로운행방법위반,건조,맑음,교차로 - 교차로안,화물,남,53세,상해없음,이륜,남,28세,경상
2020082100100570,2020년 8월 21일 21시,금요일,경상남도 통영시 광도면,경상사고,0,0,2,0,차대차 - 기타,교차로운행방법위반,건조,맑음,교차로 - 교차로안,승용,남,41세,경상,승용,여,46세,기타불명
2020082100100571,2020년 8월 21일 21시,금요일,경상남도 김해시 삼계동,중상사고,0,1,1,0,차대사람 - 횡단중,안전운전불이행,건조,맑음,단일로 - 기타,이륜,남,20세,중상,보행자,여,13세,경상
2020082100100572,2020년 8월 21일 21시,금요일,경상남도 거제시 장평동,경상사고,0,0,1,0,차대차 - 기타,안전운전불이행,건조,맑음,교차로 - 교차로안,승용,남,50세,상해없음,자전거,남,31세,경상
2020082100100573,2020년 8월 21일 21시,금요일,경상남도 김해시 대청동,중상사고,0,2,2,0,차대차 - 추돌,안전운전불이행,건조,맑음,교차로 - 교차로부근,승용,남,50세,상해없음,승용,여,43세,중상
2020082100100598,2020년 8월 21일 22시,금요일,경상남도 밀양시 삼문동,경상사고,0,0,3,0,차대차 - 추돌,안전운전불이행,건조,흐림,단일로 - 기타,승용,남,41세,상해없음,승용,남,37세,경상
2020082100100616,2020년 8월 21일 23시,금요일,경상남도 창원시 진해구 석동,경상사고,0,0,1,0,차대사람 - 기타,안전운전불이행,건조,맑음,교차로 - 교차로부근,승용,남,56세,상해없음,보행자,여,27세,경상
2020082200100010,2020년 8월 22일 00시,토요일,경상남도 합천군 야로면,경상사고,0,0,1,0,차량단독 - 전도전복 - 전도,안전운전불이행,건조,맑음,단일로 - 기타,원동기,남,26세,경상,,,,
2020082200100011,2020년 8월 22일 00시,토요일,경상남도 거제시 사등면,경상사고,0,0,1,0,차대차 - 기타,중앙선침범,건조,맑음,교차로 - 교차로부근,승용,여,51세,상해없음,승용,남,41세,경상
2020082200100033,2020년 8월 22일 01시,토요일,경상남도 양산시 물금읍,경상사고,0,0,5,0,차대차 - 추돌,안전운전불이행,건조,맑음,교차로 - 교차로부근,승용,남,39세,상해없음,승용,남,30세,경상
2020082200100058,2020년 8월 22일 04시,토요일,경상남도 김해시 서상동,경상사고,0,0,1,0,차대차 - 추돌,안전운전불이행,건조,맑음,교차로 - 교차로부근,승용,여,47세,상해없음,승용,남,57세,경상
2020082200100068,2020년 8월 22일 05시,토요일,경상남도 김해시 부원동,중상사고,0,1,0,0,차대차 - 측면충돌,신호위반,건조,맑음,교차로 - 교차로안,승용,남,30세,상해없음,자전거,남,78세,중상
2020082200100076,2020년 8월 22일 06시,토요일,경상남도 김해시 대동면,중상사고,0,1,0,0,차대차 - 기타,기타,젖음/습기,맑음,단일로 - 기타,건설기계,남,61세,상해없음,승용,여,28세,중상
2020082200100116,2020년 8월 22일 08시,토요일,경상남도 김해시 봉황동,경상사고,0,0,1,0,차대사람 - 기타,안전운전불이행,건조,맑음,단일로 - 기타,승합,남,70세,상해없음,보행자,남,50세,경상
2020082200100146,2020년 8월 22일 09시,토요일,경상남도 사천시 축동면,부상신고사고,0,0,0,1,차대차 - 측면충돌,직진우회전진행방해,건조,맑음,교차로 - 교차로안,승용,남,37세,상해없음,승용,남,54세,부상신고
2020082200100174,2020년 8월 22일 10시,토요일,경상남도 양산시 삼호동,경상사고,0,0,1,0,차대차 - 기타,신호위반,건조,맑음,교차로 - 교차로횡단보도내,승합,남,58세,상해없음,자전거,남,67세,경상
2020082200100175,2020년 8월 22일 10시,토요일,경상남도 거제시 장평동,경상사고,0,0,1,0,차대차 - 측면충돌,안전운전불이행,건조,맑음,교차로 - 교차로안,승용,남,46세,상해없음,이륜,남,37세,경상
2020082200100205,2020년 8월 22일 11시,토요일,경상남도 창원시 성산구 사파동,중상사고,0,1,0,0,차대사람 - 기타,안전운전불이행,건조,맑음,단일로 - 기타,승용,여,53세,상해없음,보행자,여,51세,중상
2020082200100239,2020년 8월 22일 12시,토요일,경상남도 창원시 진해구 충무동,경상사고,0,0,1,0,차대차 - 기타,안전운전불이행,건조,맑음,단일로 - 기타,원동기,남,38세,경상,화물,남,50세,상해없음
2020082200100240,2020년 8월 22일 12시,토요일,경상남도 밀양시 상남면,중상사고,0,1,0,0,차대차 - 측면충돌,안전운전불이행,건조,맑음,교차로 - 교차로횡단보도내,화물,남,71세,상해없음,자전거,남,67세,중상
2020082200100241,2020년 8월 22일 12시,토요일,경상남도 거제시 일운면,중상사고,0,1,0,0,차대사람 - 기타,안전운전불이행,건조,맑음,단일로 - 기타,승합,남,63세,상해없음,보행자,남,8세,중상
2020082200100277,2020년 8월 22일 13시,토요일,경상남도 진주시 평거동,중상사고,0,1,0,0,차대사람 - 횡단중,보행자보호의무위반,건조,맑음,단일로 - 기타,승용,남,63세,상해없음,보행자,여,10세,중상
2020082200100304,2020년 8월 22일 14시,토요일,경상남도 창원시 진해구 이동,경상사고,0,0,2,0,차대차 - 측면충돌,직진우회전진행방해,건조,맑음,교차로 - 교차로안,승용,남,25세,상해없음,승용,여,66세,경상
2020082200100305,2020년 8월 22일 14시,토요일,경상남도 통영시 당동,경상사고,0,0,2,0,차대차 - 측면충돌,중앙선침범,건조,맑음,기타 - 기타,화물,남,29세,상해없음,승용,남,45세,경상
2020082200100306,2020년 8월 22일 14시,토요일,경상남도 양산시 삼호동,경상사고,0,0,1,0,차대사람 - 횡단중,신호위반,건조,맑음,교차로 - 교차로안,이륜,남,21세,상해없음,보행자,남,73세,경상
2020082200100337,2020년 8월 22일 15시,토요일,경상남도 양산시 하북면,경상사고,0,0,3,0,차대차 - 기타,안전운전불이행,건조,맑음,단일로 - 기타,승용,여,56세,상해없음,승합,남,70세,경상
2020082200100359,2020년 8월 22일 15시,토요일,경상남도 김해시 서상동,중상사고,0,1,0,0,차대사람 - 기타,안전운전불이행,건조,맑음,단일로 - 기타,승용,남,68세,상해없음,보행자,여,51세,중상
2020082200100440,2020년 8월 22일 17시,토요일,경상남도 창원시 마산합포구 진동면,경상사고,0,0,2,1,차대차 - 추돌,안전운전불이행,건조,맑음,단일로 - 터널,승용,남,22세,부상신고,승용,남,68세,경상
2020082200100441,2020년 8월 22일 17시,토요일,경상남도 김해시 삼계동,경상사고,0,0,1,0,차대차 - 측면충돌,중앙선침범,건조,맑음,단일로 - 기타,자전거,남,59세,경상,승용,남,72세,상해없음
2020082200100442,2020년 8월 22일 17시,토요일,경상남도 거제시 고현동,경상사고,0,0,1,0,차대차 - 추돌,안전거리미확보,건조,맑음,단일로 - 기타,이륜,남,18세,상해없음,승용,여,22세,경상
2020082200100443,2020년 8월 22일 17시,토요일,경상남도 창원시 성산구 상남동,경상사고,0,0,1,0,차대차 - 측면충돌,신호위반,건조,흐림,교차로 - 교차로안,승용,남,64세,상해없음,이륜,남,41세,경상
2020082200100444,2020년 8월 22일 17시,토요일,경상남도 김해시 대청동,경상사고,0,0,1,0,차대차 - 측면충돌,안전운전불이행,건조,맑음,단일로 - 기타,화물,남,46세,상해없음,화물,남,36세,경상
2020082200100479,2020년 8월 22일 18시,토요일,경상남도 통영시 무전동,중상사고,0,1,0,0,차대차 - 측면충돌,중앙선침범,건조,맑음,교차로 - 교차로부근,승용,남,62세,상해없음,이륜,남,47세,중상
2020082200100480,2020년 8월 22일 18시,토요일,경상남도 사천시 노룡동,중상사고,0,2,6,0,차대차 - 측면충돌,과속,건조,맑음,단일로 - 기타,승용,여,43세,상해없음,승용,남,36세,중상
2020082200100481,2020년 8월 22일 18시,토요일,경상남도 김해시 화목동,경상사고,0,0,2,0,차대차 - 측면충돌,안전운전불이행,건조,맑음,교차로 - 교차로안,승용,남,34세,상해없음,승용,남,64세,경상
2020082200100518,2020년 8월 22일 19시,토요일,경상남도 김해시 내동,경상사고,0,0,1,0,차대차 - 측면충돌,신호위반,건조,맑음,교차로 - 교차로안,승용,남,46세,상해없음,승용,남,25세,경상
2020082200100519,2020년 8월 22일 19시,토요일,경상남도 거제시 일운면,중상사고,0,1,0,0,차대차 - 기타,직진우회전진행방해,건조,맑음,교차로 - 교차로안,승용,여,42세,상해없음,화물,남,24세,상해없음
2020082200100520,2020년 8월 22일 19시,토요일,경상남도 창원시 성산구 귀곡동,경상사고,0,0,4,0,차대차 - 정면충돌,중앙선침범,건조,흐림,단일로 - 기타,승용,남,44세,상해없음,승용,여,36세,경상
2020082200100521,2020년 8월 22일 19시,토요일,경상남도 창원시 마산회원구 합성동,중상사고,0,1,0,0,차대차 - 측면충돌,안전운전불이행,건조,기타,단일로 - 기타,승용,남,59세,상해없음,이륜,남,38세,중상
2020082200100553,2020년 8월 22일 20시,토요일,경상남도 밀양시 내일동,경상사고,0,0,2,0,차대차 - 측면충돌,안전운전불이행,건조,맑음,단일로 - 기타,승용,여,38세,상해없음,승용,남,50세,경상
2020082200100554,2020년 8월 22일 20시,토요일,경상남도 양산시 물금읍,경상사고,0,0,1,0,차대차 - 추돌,안전운전불이행,건조,맑음,단일로 - 기타,원동기,남,16세,상해없음,승용,남,66세,경상
2020082300100040,2020년 8월 23일 02시,일요일,경상남도 창원시 마산합포구 자산동,경상사고,0,0,3,0,차대차 - 추돌,안전운전불이행,건조,맑음,교차로 - 교차로부근,승용,여,42세,경상,승용,남,27세,경상
2020082300100060,2020년 8월 23일 04시,일요일,경상남도 진주시 장대동,경상사고,0,0,1,0,차대사람 - 차도통행중,안전운전불이행,건조,맑음,단일로 - 기타,승용,남,69세,상해없음,보행자,남,31세,경상