사고번호,사고일시,요일,시군구,사고내용,사망자수,중상자수,경상자수,부상신고자수,사고유형,법규위반,노면상태,기상상태,도로형태,가해운전자 차종,가해운전자 성별,가해운전자 연령,가해운전자 상해정도,피해운전자 차종,피해운전자 성별,피해운전자 연령,피해운전자 상해정도
2020082300100061,2020년 8월 23일 04시,일요일,경상남도 고성군 고성읍,경상사고,0,0,1,0,차량단독 - 공작물충돌,안전운전불이행,건조,맑음,단일로 - 기타,승용,남,25세,경상,,,,
2020082300100090,2020년 8월 23일 08시,일요일,경상남도 통영시 광도면,중상사고,0,1,0,0,차대사람 - 기타,안전운전불이행,건조,맑음,기타 - 기타,자전거,남,40세,상해없음,보행자,여,37세,중상
2020082300100106,2020년 8월 23일 09시,일요일,경상남도 남해군 남해읍,경상사고,0,0,2,0,차대차 - 측면충돌,교차로운행방법위반,건조,맑음,교차로 - 교차로안,승용,남,64세,경상,승용,남,44세,경상
2020082300100118,2020년 8월 23일 10시,일요일,경상남도 진주시 칠암동,중상사고,0,1,0,0,차대사람 - 기타,안전운전불이행,건조,맑음,단일로 - 기타,자전거,남,51세,상해없음,보행자,여,8세,중상
2020082300100119,2020년 8월 23일 10시,일요일,경상남도 거제시 고현동,사망사고,1,0,0,0,차대차 - 추돌,안전운전불이행,건조,맑음,교차로 - 교차로안,이륜,남,45세,사망,승용,남,41세,상해없음
2020082300100160,2020년 8월 23일 12시,일요일,경상남도 창원시 의창구 동읍,중상사고,0,2,0,0,차대차 - 정면충돌,중앙선침범,건조,맑음,교차로 - 교차로부근,승용,남,66세,상해없음,승용,남,71세,중상
2020082300100182,2020년 8월 23일 13시,일요일,경상남도 진주시 상대동,중상사고,0,1,0,0,차대사람 - 기타,안전운전불이행,건조,맑음,단일로 - 기타,승용,남,60세,상해없음,보행자,여,64세,중상
2020082300100220,2020년 8월 23일 14시,일요일,경상남도 통영시 광도면,경상사고,0,0,1,0,차대차 - 추돌,안전거리미확보,건조,맑음,교차로 - 교차로부근,승용,남,61세,상해없음,승용,여,41세,경상
2020082300100221,2020년 8월 23일 14시,일요일,경상남도 합천군 야로면,중상사고,0,1,0,0,차대차 - 정면충돌,안전운전불이행,건조,맑음,단일로 - 기타,승용,남,51세,기타불명,화물,여,62세,중상
2020082300100247,2020년 8월 23일 15시,일요일,경상남도 창원시 마산합포구 월영동,경상사고,0,0,1,0,차대차 - 측면충돌,안전거리미확보,건조,맑음,교차로 - 교차로부근,승용,남,58세,상해없음,이륜,남,37세,경상
2020082300100279,2020년 8월 23일 16시,일요일,경상남도 창원시 진해구 석동,경상사고,0,0,1,0,차대차 - 측면충돌,직진우회전진행방해,건조,맑음,교차로 - 교차로안,승용,여,52세,상해없음,이륜,남,37세,경상
2020082300100280,2020년 8월 23일 16시,일요일,경상남도 창원시 진해구 이동,경상사고,0,0,1,0,차대차 - 측면충돌,직진우회전진행방해,건조,맑음,교차로 - 교차로안,승용,남,51세,상해없음,원동기,남,38세,경상
2020082300100281,2020년 8월 23일 16시,일요일,경상남도 밀양시 삼랑진읍,중상사고,0,1,0,0,차대차 - 기타,안전운전불이행,건조,맑음,교차로 - 교차로안,이륜,남,55세,상해없음,승용,여,30세,상해없음
2020082300100282,2020년 8월 23일 16시,일요일,경상남도 밀양시 삼문동,중상사고,0,1,0,0,차대사람 - 횡단중,보행자보호의무위반,건조,맑음,교차로 - 교차로안,승용,여,48세,상해없음,보행자,여,84세,중상
2020082300100370,2020년 8월 23일 19시,일요일,경상남도 양산시 물금읍,중상사고,0,1,0,0,차대사람 - 기타,안전운전불이행,건조,맑음,단일로 - 기타,승합,남,40세,상해없음,보행자,남,68세,중상
2020082300100405,2020년 8월 23일 20시,일요일,경상남도 함양군 함양읍,경상사고,0,0,1,0,차량단독 - 공작물충돌,안전운전불이행,건조,맑음,교차로 - 교차로안,승용,남,75세,경상,,,,
2020082300100455,2020년 8월 23일 23시,일요일,경상남도 김해시 안동,중상사고,0,1,0,0,차대사람 - 기타,안전운전불이행,건조,맑음,단일로 - 기타,승용,여,45세,상해없음,보행자,남,75세,중상
2020082300100456,2020년 8월 23일 23시,일요일,경상남도 거제시 고현동,경상사고,0,0,1,0,차대사람 - 길가장자리구역통행중,안전운전불이행,젖음/습기,흐림,교차로 - 교차로안,승용,남,45세,상해없음,보행자,남,27세,경상
2020082300100457,2020년 8월 23일 23시,일요일,경상남도 김해시 주촌면,경상사고,0,0,1,0,차대차 - 추돌,안전운전불이행,건조,맑음,교차로 - 교차로부근,승용,남,48세,상해없음,승용,남,65세,경상
2020082400100018,2020년 8월 24일 01시,월요일,경상남도 밀양시 단장면,경상사고,0,0,1,0,차량단독 - 공작물충돌,안전운전불이행,건조,맑음,단일로 - 기타,승용,남,25세,기타불명,,,,
2020082400100019,2020년 8월 24일 01시,월요일,경상남도 양산시 주남동,중상사고,0,1,0,0,차대차 - 추돌,안전운전불이행,건조,맑음,단일로 - 기타,화물,남,39세,중상,화물,남,33세,상해없음
2020082400100043,2020년 8월 24일 05시,월요일,경상남도 창원시 마산합포구 남성동,중상사고,0,1,2,0,차대차 - 추돌,안전운전불이행,건조,맑음,단일로 - 기타,승용,남,21세,경상,승용,남,34세,경상
2020082400100044,2020년 8월 24일 05시,월요일,경상남도 통영시 미수동,경상사고,0,0,2,0,차대차 - 측면충돌,신호위반,건조,맑음,교차로 - 교차로부근,이륜,남,56세,경상,승용,남,23세,경상
2020082400100114,2020년 8월 24일 08시,월요일,경상남도 진주시 지수면,경상사고,0,0,1,0,차대차 - 측면충돌,안전운전불이행,건조,맑음,교차로 - 교차로안,기타불명,기타불명,미분류,기타불명,이륜,남,79세,경상
2020082400100115,2020년 8월 24일 08시,월요일,경상남도 거창군 거창읍,경상사고,0,0,1,0,차대차 - 추돌,안전거리미확보,건조,맑음,단일로 - 기타,승용,남,78세,상해없음,승용,여,49세,경상
2020082400100149,2020년 8월 24일 09시,월요일,경상남도 함양군 지곡면,사망사고,1,0,0,0,차대차 - 추돌,과속,건조,맑음,단일로 - 기타,승용,남,32세,사망,화물,남,54세,상해없음
2020082400100155,2020년 8월 24일 09시,월요일,경상남도 창원시 마산합포구 남성동,경상사고,0,0,1,0,차대차 - 기타,기타,건조,맑음,단일로 - 기타,승용,여,59세,상해없음,이륜,남,55세,경상
2020082400100156,2020년 8월 24일 09시,월요일,경상남도 밀양시 삼문동,경상사고,0,0,1,0,차대사람 - 기타,안전운전불이행,건조,맑음,기타 - 기타,승용,여,60세,상해없음,보행자,여,88세,경상
2020082400100191,2020년 8월 24일 10시,월요일,경상남도 창원시 마산합포구 월영동,중상사고,0,1,0,0,차량단독 - 기타,안전운전불이행,건조,맑음,교차로 - 교차로부근,승합,남,64세,상해없음,,,,
2020082400100192,2020년 8월 24일 10시,월요일,경상남도 거제시 장평동,중상사고,0,3,1,0,차대차 - 추돌,안전운전불이행,건조,맑음,단일로 - 기타,화물,남,60세,상해없음,화물,남,49세,상해없음
2020082400100221,2020년 8월 24일 11시,월요일,경상남도 창원시 진해구 석동,경상사고,0,0,1,1,차대차 - 측면충돌,신호위반,건조,맑음,교차로 - 교차로안,화물,남,67세,부상신고,건설기계,남,49세,경상
2020082400100222,2020년 8월 24일 11시,월요일,경상남도 김해시 생림면,중상사고,0,1,1,0,차대차 - 정면충돌,안전운전불이행,건조,맑음,단일로 - 기타,화물,남,41세,중상,화물,남,35세,경상
2020082400100253,2020년 8월 24일 12시,월요일,경상남도 거창군 거창읍,중상사고,0,1,0,0,차대차 - 측면충돌,안전운전불이행,건조,맑음,교차로 - 교차로부근,이륜,남,43세,상해없음,이륜,남,27세,중상
2020082400100279,2020년 8월 24일 13시,월요일,경상남도 남해군 남면,부상신고사고,0,0,0,1,차대차 - 측면충돌,교차로운행방법위반,건조,맑음,교차로 - 교차로안,승용,남,49세,상해없음,승용,여,51세,부상신고
2020082400100280,2020년 8월 24일 13시,월요일,경상남도 창원시 성산구 상남동,경상사고,0,0,1,0,차대사람 - 횡단중,보행자보호의무위반,건조,맑음,교차로 - 교차로안,승용,여,45세,상해없음,보행자,남,44세,경상
2020082400100281,2020년 8월 24일 13시,월요일,경상남도 창원시 의창구 서상동,경상사고,0,0,1,0,차대사람 - 기타,안전운전불이행,건조,맑음,단일로 - 기타,화물,남,52세,상해없음,보행자,남,33세,경상
2020082400100317,2020년 8월 24일 14시,월요일,경상남도 창원시 진해구 석동,경상사고,0,0,1,0,차대차 - 측면충돌,직진우회전진행방해,건조,맑음,교차로 - 교차로안,승용,남,41세,상해없음,승용,여,41세,경상
2020082400100318,2020년 8월 24일 14시,월요일,경상남도 함안군 군북면,중상사고,0,1,0,0,차대차 - 측면충돌,교차로운행방법위반,건조,맑음,교차로 - 교차로부근,화물,남,47세,상해없음,이륜,남,79세,중상
2020082400100319,2020년 8월 24일 14시,월요일,경상남도 함안군 칠원읍,경상사고,0,0,5,0,차대차 - 측면충돌,교차로운행방법위반,건조,맑음,교차로 - 교차로안,승용,여,44세,상해없음,승용,여,60세,경상
2020082400100320,2020년 8월 24일 14시,월요일,경상남도 창원시 마산회원구 양덕동,중상사고,0,1,0,0,차대사람 - 횡단중,보행자보호의무위반,건조,맑음,교차로 - 교차로안,승용,남,37세,상해없음,보행자,여,64세,중상
2020082400100321,2020년 8월 24일 14시,월요일,경상남도 창원시 의창구 봉곡동,경상사고,0,0,1,0,차대차 - 기타,신호위반,건조,맑음,교차로 - 교차로안,승합,남,38세,상해없음,이륜,남,35세,경상
2020082400100322,2020년 8월 24일 14시,월요일,경상남도 김해시 신문동,중상사고,0,1,0,0,차대차 - 측면충돌,안전운전불이행,건조,맑음,교차로 - 교차로안,이륜,남,37세,중상,승용,남,52세,상해없음
2020082400100372,2020년 8월 24일 15시,월요일,경상남도 창원시 의창구 북면,경상사고,0,0,1,0,차대차 - 정면충돌,신호위반,건조,맑음,교차로 - 교차로안,화물,남,30세,상해없음,승용,남,47세,경상
2020082400100414,2020년 8월 24일 16시,월요일,경상남도 진주시 상봉동,경상사고,0,0,1,0,차대사람 - 횡단중,보행자보호의무위반,건조,맑음,단일로 - 기타,승용,여,63세,상해없음,보행자,여,18세,경상
2020082400100415,2020년 8월 24일 16시,월요일,경상남도 진주시 명석면,사망사고,1,1,0,0,차대차 - 기타,안전운전불이행,건조,맑음,단일로 - 기타,승용,남,60세,사망,승용,남,59세,중상
2020082400100457,2020년 8월 24일 17시,월요일,경상남도 합천군 가야면,중상사고,0,1,0,0,차량단독 - 도로외이탈 - 추락,안전운전불이행,건조,맑음,단일로 - 기타,농기계,남,77세,중상,,,,
2020082400100458,2020년 8월 24일 17시,월요일,경상남도 거제시 장목면,중상사고,0,1,1,0,차대차 - 추돌,안전거리미확보,건조,맑음,단일로 - 기타,승용,남,24세,경상,승합,남,56세,중상
2020082400100506,2020년 8월 24일 18시,월요일,경상남도 통영시 광도면,경상사고,0,0,1,0,차대차 - 측면충돌,교차로운행방법위반,건조,맑음,교차로 - 교차로안,이륜,남,35세,상해없음,승용,남,58세,상해없음
2020082400100507,2020년 8월 24일 18시,월요일,경상남도 통영시 광도면,중상사고,0,1,0,0,차대차 - 측면충돌,안전운전불이행,건조,맑음,교차로 - 교차로횡단보도내,승용,남,46세,상해없음,자전거,남,10세,중상
2020082400100508,2020년 8월 24일 18시,월요일,경상남도 함양군 함양읍,부상신고사고,0,0,0,1,차대차 - 측면충돌,교차로운행방법위반,건조,맑음,교차로 - 교차로안,자전거,남,8세,부상신고,승용,여,20세,상해없음
2020082400100509,2020년 8월 24일 18시,월요일,경상남도 창원시 의창구 용호동,중상사고,0,1,1,0,차대차 - 측면충돌,안전운전불이행,건조,맑음,교차로 - 교차로안,승용,남,31세,상해없음,승용,남,69세,경상
2020082400100554,2020년 8월 24일 19시,월요일,경상남도 통영시 도산면,경상사고,0,0,1,0,차대차 - 추돌,안전운전불이행,건조,맑음,교차로 - 교차로부근,화물,남,30세,상해없음,승용,여,66세,경상
2020082400100591,2020년 8월 24일 20시,월요일,경상남도 양산시 물금읍,부상신고사고,0,0,0,1,차대차 - 측면충돌,기타,건조,맑음,단일로 - 기타,승용,남,27세,상해없음,이륜,남,36세,부상신고
2020082400100592,2020년 8월 24일 20시,월요일,경상남도 창원시 성산구 남양동,중상사고,0,1,0,0,차대차 - 측면충돌,안전운전불이행,건조,맑음,교차로 - 교차로안,이륜,남,59세,상해없음,이륜,남,41세,중상
2020082400100616,2020년 8월 24일 21시,월요일,경상남도 통영시 항남동,경상사고,0,0,1,0,차대차 - 추돌,안전거리미확보,건조,맑음,교차로 - 교차로부근,승용,남,51세,상해없음,승용,남,37세,경상
2020082400100617,2020년 8월 24일 21시,월요일,경상남도 하동군 진교면,중상사고,0,1,2,0,차대차 - 정면충돌,안전거리미확보,건조,기타,교차로 - 교차로부근,승합,남,70세,상해없음,승용,여,45세,경상
2020082500100084,2020년 8월 25일 07시,화요일,경상남도 김해시 구산동,경상사고,0,0,3,0,차대차 - 정면충돌,안전운전불이행,건조,맑음,교차로 - 교차로안,승용,남,39세,경상,승용,남,53세,경상
2020082500100115,2020년 8월 25일 08시,화요일,경상남도 통영시 광도면,경상사고,0,0,2,0,차대차 - 측면충돌,신호위반,건조,맑음,교차로 - 교차로안,승용,여,50세,상해없음,승합,남,28세,경상
2020082500100116,2020년 8월 25일 08시,화요일,경상남도 사천시 축동면,경상사고,0,0,1,0,차대차 - 추돌,안전운전불이행,건조,맑음,교차로 - 교차로부근,승용,남,51세,상해없음,승용,남,57세,경상
2020082500100117,2020년 8월 25일 08시,화요일,경상남도 거창군 거창읍,중상사고,0,1,0,0,차대사람 - 횡단중,보행자보호의무위반,젖음/습기,맑음,단일로 - 기타,개인형이동수단(PM),남,28세,상해없음,보행자,여,51세,중상
2020082500100118,2020년 8월 25일 08시,화요일,경상남도 거창군 거창읍,경상사고,0,0,3,0,차대차 - 측면충돌,안전운전불이행,건조,맑음,교차로 - 교차로안,화물,남,24세,경상,승용,여,47세,경상
2020082500100119,2020년 8월 25일 08시,화요일,경상남도 거제시 고현동,중상사고,0,2,0,0,차대차 - 측면충돌,교차로운행방법위반,건조,맑음,교차로 - 교차로안,승용,여,60세,상해없음,이륜,남,62세,중상
2020082500100161,2020년 8월 25일 09시,화요일,경상남도 합천군 대양면,경상사고,0,0,1,0,차대차 - 측면충돌,안전운전불이행,건조,맑음,교차로 - 교차로안,승용,여,62세,경상,화물,남,54세,상해없음
2020082500100162,2020년 8월 25일 09시,화요일,경상남도 하동군 금남면,중상사고,0,1,2,0,차대차 - 추돌,안전운전불이행,건조,맑음,교차로 - 교차로부근,화물,남,36세,경상,화물,남,38세,경상
2020082500100163,2020년 8월 25일 09시,화요일,경상남도 거제시 사등면,중상사고,0,1,1,0,차대차 - 측면충돌,중앙선침범,건조,맑음,단일로 - 기타,승용,여,34세,상해없음,화물,남,39세,경상
2020082500100229,2020년 8월 25일 11시,화요일,경상남도 진주시 칠암동,중상사고,0,1,0,0,차대사람 - 횡단중,신호위반,건조,맑음,교차로 - 교차로횡단보도내,승용,여,44세,상해없음,보행자,여,54세,중상
2020082500100230,2020년 8월 25일 11시,화요일,경상남도 통영시 봉평동,중상사고,0,1,0,0,차대사람 - 기타,안전운전불이행,건조,맑음,교차로 - 교차로안,승용,남,54세,상해없음,보행자,남,84세,중상
2020082500100231,2020년 8월 25일 11시,화요일,경상남도 사천시 동금동,중상사고,0,1,0,0,차대차 - 측면충돌,신호위반,건조,맑음,교차로 - 교차로안,이륜,남,69세,상해없음,이륜,남,74세,중상
2020082500100232,2020년 8월 25일 11시,화요일,경상남도 사천시 사천읍,경상사고,0,0,1,0,차대차 - 기타,교차로운행방법위반,건조,맑음,교차로 - 교차로안,승용,여,50세,상해없음,승용,남,35세,경상
2020082500100233,2020년 8월 25일 11시,화요일,경상남도 거제시 사등면,중상사고,0,1,0,0,차대차 - 측면충돌,기타,건조,맑음,교차로 - 교차로안,화물,남,72세,상해없음,화물,남,52세,중상
2020082500100269,2020년 8월 25일 12시,화요일,경상남도 진주시 평거동,경상사고,0,0,1,0,차대사람 - 기타,안전운전불이행,건조,맑음,단일로 - 기타,승용,여,51세,상해없음,보행자,여,31세,경상
2020082500100270,2020년 8월 25일 12시,화요일,경상남도 밀양시 산외면,경상사고,0,0,1,0,차대차 - 측면충돌,안전운전불이행,건조,맑음,단일로 - 기타,승용,남,22세,상해없음,화물,남,66세,상해없음
2020082500100271,2020년 8월 25일 12시,화요일,경상남도 창원시 마산회원구 양덕동,경상사고,0,0,1,0,차대차 - 측면충돌,안전운전불이행,건조,맑음,교차로 - 교차로안,승용,남,66세,상해없음,승용,남,48세,경상
2020082500100306,2020년 8월 25일 13시,화요일,경상남도 합천군 가회면,경상사고,0,0,1,0,차량단독 - 도로외이탈 - 추락,안전운전불이행,젖음/습기,비,단일로 - 기타,승용,남,24세,경상,,,,
2020082500100340,2020년 8월 25일 14시,화요일,경상남도 창원시 마산합포구 예곡동,경상사고,0,0,4,0,차대차 - 기타,안전거리미확보,건조,맑음,단일로 - 기타,화물,남,60세,상해없음,승용,여,57세,경상
2020082500100341,2020년 8월 25일 14시,화요일,경상남도 거제시 사등면,중상사고,0,1,0,0,차대사람 - 횡단중,안전운전불이행,건조,맑음,교차로 - 교차로안,화물,남,40세,상해없음,보행자,여,80세,중상
2020082500100342,2020년 8월 25일 14시,화요일,경상남도 산청군 오부면,중상사고,0,1,1,0,차대차 - 추돌,안전운전불이행,건조,맑음,교차로 - 교차로안,승용,남,79세,중상,화물,남,55세,경상
2020082500100374,2020년 8월 25일 15시,화요일,경상남도 창원시 마산합포구 예곡동,경상사고,0,0,1,0,차대차 - 측면충돌,안전운전불이행,건조,맑음,교차로 - 교차로부근,승용,남,70세,상해없음,승용,남,54세,경상
2020082500100375,2020년 8월 25일 15시,화요일,경상남도 통영시 북신동,경상사고,0,0,1,0,차대차 - 추돌,안전거리미확보,건조,맑음,교차로 - 교차로안,이륜,남,39세,기타불명,승용,여,56세,경상
2020082500100376,2020년 8월 25일 15시,화요일,경상남도 하동군 진교면,경상사고,0,0,2,0,차대차 - 측면충돌,신호위반,건조,맑음,교차로 - 교차로안,승용,남,73세,상해없음,화물,남,48세,경상
2020082500100377,2020년 8월 25일 15시,화요일,경상남도 김해시 신문동,경상사고,0,0,4,0,차대차 - 추돌,안전운전불이행,건조,맑음,교차로 - 교차로부근,승용,남,61세,상해없음,승용,남,32세,경상
2020082500100407,2020년 8월 25일 16시,화요일,경상남도 고성군 동해면,경상사고,0,0,1,0,차대차 - 측면충돌,안전운전불이행,건조,맑음,단일로 - 기타,농기계,남,77세,경상,승용,남,43세,상해없음
2020082500100408,2020년 8월 25일 16시,화요일,경상남도 김해시 대청동,경상사고,0,0,1,0,차대차 - 측면충돌,안전운전불이행,건조,맑음,교차로 - 교차로부근,승용,남,58세,상해없음,이륜,남,38세,경상
2020082500100459,2020년 8월 25일 17시,화요일,경상남도 김해시 내동,중상사고,0,1,1,0,차대차 - 측면충돌,신호위반,건조,맑음,교차로 - 교차로안,이륜,남,75세,중상,이륜,남,47세,경상
2020082500100460,2020년 8월 25일 17시,화요일,경상남도 김해시 어방동,경상사고,0,0,2,0,차대차 - 측면충돌,안전운전불이행,건조,맑음,단일로 - 기타,승용,여,43세,상해없음,이륜,남,21세,경상
2020082500100461,2020년 8월 25일 17시,화요일,경상남도 남해군 설천면,경상사고,0,0,1,0,차대차 - 추돌,안전운전불이행,건조,맑음,단일로 - 기타,승용,남,58세,상해없음,농기계,남,71세,경상
2020082500100462,2020년 8월 25일 17시,화요일,경상남도 의령군 의령읍,중상사고,0,1,0,0,차대차 - 기타,안전운전불이행,건조,맑음,교차로 - 교차로안,화물,남,26세,상해없음,자전거,여,74세,중상
2020082500100463,2020년 8월 25일 17시,화요일,경상남도 창원시 의창구 북면,경상사고,0,0,1,0,차대차 - 추돌,안전운전불이행,건조,맑음,기타 - 기타,승용,남,64세,상해없음,자전거,남,58세,경상
2020082500100502,2020년 8월 25일 18시,화요일,경상남도 김해시 삼계동,중상사고,0,1,0,0,차대차 - 측면충돌,차로위반,건조,맑음,교차로 - 교차로안,승용,남,39세,상해없음,이륜,남,22세,중상
2020082500100503,2020년 8월 25일 18시,화요일,경상남도 양산시 평산동,경상사고,0,0,1,0,차대차 - 기타,안전운전불이행,건조,맑음,교차로 - 교차로부근,승용,남,57세,상해없음,이륜,남,42세,경상
2020082500100504,2020년 8월 25일 18시,화요일,경상남도 창원시 의창구 북면,경상사고,0,0,1,0,차대차 - 기타,안전운전불이행,기타,기타,교차로 - 교차로부근,승용,남,77세,상해없음,승합,남,63세,경상
2020082500100505,2020년 8월 25일 18시,화요일,경상남도 김해시 무계동,중상사고,0,1,0,0,차대차 - 측면충돌,안전운전불이행,건조,맑음,교차로 - 교차로안,승용,남,29세,상해없음,원동기,남,38세,중상
2020082500100506,2020년 8월 25일 18시,화요일,경상남도 김해시 진영읍,경상사고,0,0,1,0,차대차 - 측면충돌,안전운전불이행,건조,맑음,교차로 - 교차로안,승용,남,18세,상해없음,원동기,남,38세,경상
2020082500100543,2020년 8월 25일 19시,화요일,경상남도 창원시 진해구 자은동,중상사고,0,1,0,0,차대사람 - 기타,안전운전불이행,건조,맑음,교차로 - 교차로안,승용,여,26세,상해없음,보행자,여,68세,중상
2020082500100544,2020년 8월 25일 19시,화요일,경상남도 김해시 부원동,경상사고,0,0,1,0,차대차 - 측면충돌,안전운전불이행,건조,맑음,단일로 - 기타,승용,여,27세,상해없음,승용,여,39세,경상
2020082500100545,2020년 8월 25일 19시,화요일,경상남도 함양군 안의면,경상사고,0,0,1,1,차대차 - 측면충돌,안전운전불이행,건조,맑음,단일로 - 지하차도(도로)내,화물,남,75세,상해없음,승용,여,39세,경상
2020082500100572,2020년 8월 25일 20시,화요일,경상남도 진주시 호탄동,경상사고,0,0,1,0,차대사람 - 기타,안전운전불이행,건조,맑음,단일로 - 기타,승용,남,59세,상해없음,보행자,남,46세,경상
2020082500100573,2020년 8월 25일 20시,화요일,경상남도 합천군 합천읍,중상사고,0,1,0,0,차대차 - 측면충돌,기타,건조,맑음,교차로 - 교차로안,자전거,남,54세,중상,화물,남,57세,상해없음
2020082500100574,2020년 8월 25일 20시,화요일,경상남도 함양군 안의면,중상사고,0,1,0,0,차대사람 - 길가장자리구역통행중,안전운전불이행,건조,맑음,단일로 - 지하차도(도로)내,화물,남,51세,상해없음,보행자,여,67세,중상
2020082500100611,2020년 8월 25일 21시,화요일,경상남도 김해시 구산동,중상사고,0,1,1,0,차대차 - 측면충돌,신호위반,건조,맑음,교차로 - 교차로안,승용,여,22세,상해없음,이륜,남,41세,중상
2020082600100077,2020년 8월 26일 07시,수요일,경상남도 김해시 삼정동,부상신고사고,0,0,0,1,차대차 - 추돌,안전운전불이행,건조,맑음,단일로 - 기타,승용,남,56세,상해없음,승합,남,41세,부상신고
2020082600100130,2020년 8월 26일 09시,수요일,경상남도 밀양시 부북면,경상사고,0,0,2,0,차대차 - 측면충돌,안전운전불이행,건조,맑음,교차로 - 교차로안,화물,남,76세,상해없음,승용,남,51세,경상
2020082600100149,2020년 8월 26일 10시,수요일,경상남도 사천시 벌리동,경상사고,0,0,1,0,차대차 - 측면충돌,안전운전불이행,건조,맑음,교차로 - 교차로안,승용,여,54세,상해없음,승용,남,66세,경상
2020082600100150,2020년 8월 26일 10시,수요일,경상남도 거창군 거창읍,중상사고,0,1,0,0,차대차 - 측면충돌,안전운전불이행,건조,맑음,교차로 - 교차로안,승용,남,35세,상해없음,자전거,남,70세,중상
2020082600100151,2020년 8월 26일 10시,수요일,경상남도 양산시 동면,중상사고,0,1,0,0,차대차 - 기타,안전운전불이행,건조,맑음,교차로 - 교차로안,승용,여,45세,상해없음,자전거,여,69세,중상
2020082600100152,2020년 8월 26일 10시,수요일,경상남도 창원시 마산회원구 봉암동,중상사고,0,1,0,0,차대차 - 측면충돌,안전운전불이행,건조,맑음,교차로 - 교차로부근,승용,여,49세,상해없음,이륜,남,60세,중상
2020082600100216,2020년 8월 26일 12시,수요일,경상남도 통영시 미수동,경상사고,0,0,1,0,차대사람 - 길가장자리구역통행중,안전운전불이행,건조,맑음,단일로 - 기타,승용,남,52세,상해없음,보행자,남,16세,경상
2020082600100217,2020년 8월 26일 12시,수요일,경상남도 사천시 정동면,경상사고,0,0,1,0,차대사람 - 횡단중,보행자보호의무위반,건조,맑음,교차로 - 교차로안,승용,남,56세,상해없음,보행자,여,82세,경상
2020082600100218,2020년 8월 26일 12시,수요일,경상남도 창원시 의창구 대산면,중상사고,0,1,0,0,차대차 - 측면충돌,안전운전불이행,건조,맑음,단일로 - 기타,승용,남,79세,상해없음,승용,남,45세,중상
2020082600100257,2020년 8월 26일 13시,수요일,경상남도 김해시 구산동,중상사고,0,1,0,0,차대차 - 측면충돌,교차로운행방법위반,건조,맑음,교차로 - 교차로안,이륜,남,49세,중상,승용,남,72세,상해없음
2020082600100258,2020년 8월 26일 13시,수요일,경상남도 남해군 남해읍,중상사고,0,2,0,0,차대차 - 정면충돌,교차로운행방법위반,젖음/습기,흐림,단일로 - 기타,승용,여,58세,상해없음,이륜,남,80세,중상
2020082600100277,2020년 8월 26일 14시,수요일,경상남도 창원시 마산합포구 진동면,중상사고,0,1,0,0,차대차 - 측면충돌,교차로운행방법위반,건조,맑음,교차로 - 교차로안,승용,여,47세,상해없음,이륜,남,67세,중상
2020082600100278,2020년 8월 26일 14시,수요일,경상남도 창원시 의창구 신월동,경상사고,0,0,1,0,차대차 - 후진중충돌,안전운전불이행,건조,맑음,단일로 - 기타,승용,남,65세,상해없음,승용,남,31세,경상
2020082600100310,2020년 8월 26일 15시,수요일,경상남도 창원시 마산합포구 월영동,경상사고,0,0,1,0,차대차 - 후진중충돌,안전운전불이행,건조,맑음,교차로 - 교차로부근,승용,남,71세,상해없음,승용,여,41세,경상
2020082600100341,2020년 8월 26일 16시,수요일,경상남도 사천시 사남면,사망사고,1,1,1,0,차대차 - 정면충돌,중앙선침범,건조,흐림,교차로 - 교차로안,화물,남,80세,사망,화물,남,58세,경상
2020082600100342,2020년 8월 26일 16시,수요일,경상남도 김해시 부원동,경상사고,0,0,1,0,차대차 - 정면충돌,안전운전불이행,건조,맑음,교차로 - 교차로안,이륜,남,16세,경상,승용,남,55세,상해없음
2020082600100382,2020년 8월 26일 17시,수요일,경상남도 양산시 물금읍,경상사고,0,0,1,0,차대차 - 측면충돌,안전운전불이행,건조,흐림,단일로 - 기타,승용,남,51세,상해없음,이륜,남,26세,경상
2020082600100383,2020년 8월 26일 17시,수요일,경상남도 함안군 칠서면,경상사고,0,0,1,0,차대차 - 측면충돌,교차로운행방법위반,건조,맑음,교차로 - 교차로안,승용,남,36세,기타불명,승용,남,22세,경상
2020082600100446,2020년 8월 26일 19시,수요일,경상남도 양산시 평산동,부상신고사고,0,0,0,1,차대차 - 기타,안전운전불이행,건조,맑음,단일로 - 기타,승합,남,57세,상해없음,승용,여,38세,부상신고
2020082600100447,2020년 8월 26일 19시,수요일,경상남도 함안군 군북면,경상사고,0,0,1,0,차대차 - 기타,안전운전불이행,젖음/습기,비,기타 - 기타,화물,남,56세,상해없음,승용,남,40세,경상
2020082600100478,2020년 8월 26일 20시,수요일,경상남도 거제시 장목면,중상사고,0,1,0,0,차대차 - 기타,중앙선침범,건조,맑음,교차로 - 교차로부근,이륜,남,62세,중상,화물,남,44세,상해없음
2020082600100507,2020년 8월 26일 21시,수요일,경상남도 양산시 남부동,경상사고,0,0,1,0,차대차 - 기타,안전운전불이행,건조,맑음,교차로 - 교차로횡단보도내,승용,여,53세,상해없음,자전거,남,13세,경상