사고번호,사고일시,요일,시군구,사고내용,사망자수,중상자수,경상자수,부상신고자수,사고유형,법규위반,노면상태,기상상태,도로형태,가해운전자 차종,가해운전자 성별,가해운전자 연령,가해운전자 상해정도,피해운전자 차종,피해운전자 성별,피해운전자 연령,피해운전자 상해정도
2020082600100526,2020년 8월 26일 22시,수요일,경상남도 진주시 유곡동,중상사고,0,1,0,0,차량단독 - 공작물충돌,안전운전불이행,젖음/습기,비,단일로 - 기타,화물,남,51세,중상,,,,
2020082600100527,2020년 8월 26일 22시,수요일,경상남도 고성군 거류면,경상사고,0,0,1,0,차대차 - 측면충돌,신호위반,젖음/습기,비,교차로 - 교차로안,승용,남,26세,상해없음,승용,남,58세,경상
2020082700100004,2020년 8월 27일 00시,목요일,경상남도 산청군 산청읍,중상사고,0,1,0,0,차량단독 - 전도전복 - 전복,안전운전불이행,젖음/습기,비,단일로 - 기타,승용,남,32세,중상,,,,
2020082700100031,2020년 8월 27일 04시,목요일,경상남도 김해시 대동면,중상사고,0,1,0,0,차대차 - 추돌,안전운전불이행,젖음/습기,맑음,단일로 - 기타,승용,남,31세,상해없음,승용,여,57세,중상
2020082700100068,2020년 8월 27일 07시,목요일,경상남도 김해시 진영읍,중상사고,0,1,1,0,차대차 - 추돌,안전운전불이행,젖음/습기,비,단일로 - 기타,승합,남,72세,상해없음,화물,남,61세,중상
2020082700100104,2020년 8월 27일 08시,목요일,경상남도 창원시 진해구 두동,경상사고,0,0,2,0,차대차 - 기타,직진우회전진행방해,젖음/습기,비,교차로 - 교차로안,승용,남,31세,경상,승용,남,31세,경상
2020082700100141,2020년 8월 27일 09시,목요일,경상남도 창원시 진해구 이동,중상사고,0,1,0,0,차대차 - 측면충돌,안전운전불이행,건조,맑음,단일로 - 기타,화물,남,42세,상해없음,승용,여,48세,중상
2020082700100142,2020년 8월 27일 09시,목요일,경상남도 양산시 하북면,중상사고,0,1,1,0,차량단독 - 공작물충돌,안전운전불이행,젖음/습기,비,단일로 - 기타,화물,남,63세,경상,,,,
2020082700100143,2020년 8월 27일 09시,목요일,경상남도 창원시 마산회원구 석전동,중상사고,0,1,0,0,차대차 - 기타,안전운전불이행,건조,맑음,단일로 - 기타,승용,남,73세,상해없음,원동기,남,64세,중상
2020082700100167,2020년 8월 27일 10시,목요일,경상남도 창원시 진해구 태평동,중상사고,0,1,0,0,차대사람 - 횡단중,보행자보호의무위반,건조,맑음,교차로 - 교차로안,승합,남,40세,상해없음,보행자,여,65세,중상
2020082700100218,2020년 8월 27일 12시,목요일,경상남도 양산시 명동,부상신고사고,0,0,0,1,차대차 - 기타,안전거리미확보,건조,맑음,교차로 - 교차로안,이륜,남,30세,부상신고,기타불명,기타불명,미분류,기타불명
2020082700100219,2020년 8월 27일 12시,목요일,경상남도 거제시 상동동,경상사고,0,0,1,0,차대차 - 기타,차로위반,건조,맑음,단일로 - 기타,승용,여,28세,상해없음,승용,여,43세,상해없음
2020082700100277,2020년 8월 27일 14시,목요일,경상남도 창원시 마산합포구 월영동,경상사고,0,0,1,0,차대사람 - 기타,안전운전불이행,건조,맑음,단일로 - 기타,원동기,남,35세,상해없음,보행자,여,43세,경상
2020082700100278,2020년 8월 27일 14시,목요일,경상남도 창원시 진해구 용원동,경상사고,0,0,1,0,차대차 - 기타,안전운전불이행,건조,맑음,교차로 - 교차로부근,특수,남,26세,상해없음,특수,남,48세,경상
2020082700100320,2020년 8월 27일 15시,목요일,경상남도 합천군 삼가면,경상사고,0,0,1,0,차대차 - 측면충돌,교차로운행방법위반,건조,맑음,교차로 - 교차로안,원동기,여,54세,경상,승용,여,46세,상해없음
2020082700100321,2020년 8월 27일 15시,목요일,경상남도 남해군 창선면,사망사고,1,0,0,0,차대사람 - 차도통행중,안전운전불이행,건조,흐림,단일로 - 기타,화물,남,61세,상해없음,보행자,남,78세,사망
2020082700100322,2020년 8월 27일 15시,목요일,경상남도 의령군 지정면,중상사고,0,1,0,0,차대차 - 정면충돌,중앙선침범,젖음/습기,흐림,단일로 - 기타,화물,남,58세,기타불명,화물,남,69세,중상
2020082700100359,2020년 8월 27일 16시,목요일,경상남도 김해시 삼방동,경상사고,0,0,1,0,차대차 - 기타,안전운전불이행,젖음/습기,비,단일로 - 기타,승용,여,55세,상해없음,이륜,남,55세,경상
2020082700100360,2020년 8월 27일 16시,목요일,경상남도 거창군 거창읍,경상사고,0,0,1,0,차대차 - 기타,안전운전불이행,건조,맑음,교차로 - 교차로안,승용,여,65세,상해없음,자전거,남,10세,경상
2020082700100361,2020년 8월 27일 16시,목요일,경상남도 함안군 가야읍,경상사고,0,0,1,0,차대차 - 측면충돌,안전운전불이행,건조,맑음,단일로 - 기타,화물,남,63세,상해없음,자전거,여,71세,경상
2020082700100391,2020년 8월 27일 17시,목요일,경상남도 창원시 진해구 충무동,중상사고,0,1,1,0,차대차 - 추돌,안전운전불이행,건조,맑음,교차로 - 교차로부근,승용,여,51세,상해없음,승용,남,73세,경상
2020082700100392,2020년 8월 27일 17시,목요일,경상남도 사천시 사남면,중상사고,0,1,0,0,차대차 - 추돌,안전운전불이행,젖음/습기,비,단일로 - 기타,승용,남,59세,상해없음,승용,여,57세,중상
2020082700100393,2020년 8월 27일 17시,목요일,경상남도 양산시 북부동,경상사고,0,0,1,0,차대차 - 측면충돌,안전거리미확보,건조,맑음,교차로 - 교차로안,화물,남,71세,상해없음,승용,여,23세,경상
2020082700100432,2020년 8월 27일 18시,목요일,경상남도 창원시 마산합포구 월영동,중상사고,0,1,0,0,차대차 - 측면충돌,안전운전불이행,건조,맑음,교차로 - 교차로부근,승용,여,56세,상해없음,이륜,남,44세,중상
2020082700100433,2020년 8월 27일 18시,목요일,경상남도 양산시 동면,경상사고,0,0,1,0,차대차 - 측면충돌,안전운전불이행,건조,맑음,교차로 - 교차로안,승용,여,29세,상해없음,이륜,남,26세,경상
2020082700100434,2020년 8월 27일 18시,목요일,경상남도 거제시 옥포동,경상사고,0,0,1,0,차대차 - 기타,교차로운행방법위반,건조,맑음,교차로 - 교차로안,승용,남,34세,상해없음,이륜,남,31세,경상
2020082700100461,2020년 8월 27일 19시,목요일,경상남도 김해시 동상동,경상사고,0,0,1,0,차대차 - 측면충돌,신호위반,건조,흐림,교차로 - 교차로부근,승용,남,66세,상해없음,이륜,남,36세,경상
2020082700100462,2020년 8월 27일 19시,목요일,경상남도 김해시 외동,경상사고,0,0,2,0,차대차 - 추돌,안전운전불이행,건조,맑음,단일로 - 기타,승용,남,49세,상해없음,승용,남,22세,경상
2020082700100495,2020년 8월 27일 20시,목요일,경상남도 창원시 진해구 제황산동,경상사고,0,0,1,0,차대차 - 추돌,신호위반,건조,맑음,교차로 - 교차로안,원동기,남,51세,상해없음,자전거,남,12세,경상
2020082700100525,2020년 8월 27일 21시,목요일,경상남도 거창군 거창읍,경상사고,0,0,1,0,차대차 - 기타,안전운전불이행,건조,맑음,교차로 - 교차로안,화물,남,23세,상해없음,자전거,남,39세,경상
2020082700100564,2020년 8월 27일 23시,목요일,경상남도 사천시 동금동,경상사고,0,0,2,0,차대차 - 측면충돌,안전운전불이행,젖음/습기,비,교차로 - 교차로부근,승용,남,49세,상해없음,승용,남,44세,경상
2020082700100565,2020년 8월 27일 23시,목요일,경상남도 남해군 설천면,중상사고,0,1,0,0,차량단독 - 공작물충돌,안전운전불이행,건조,맑음,단일로 - 기타,승용,남,32세,중상,,,,
2020082700100566,2020년 8월 27일 23시,목요일,경상남도 김해시 진영읍,경상사고,0,0,2,0,차대차 - 측면충돌,교차로운행방법위반,건조,맑음,교차로 - 교차로안,승용,남,54세,상해없음,승용,남,60세,경상
2020082800100040,2020년 8월 28일 03시,금요일,경상남도 함양군 수동면,부상신고사고,0,0,0,1,차량단독 - 공작물충돌,안전운전불이행,건조,기타,단일로 - 기타,화물,남,45세,부상신고,,,,
2020082800100054,2020년 8월 28일 05시,금요일,경상남도 창원시 마산합포구 장군동3가,경상사고,0,0,1,0,차대사람 - 차도통행중,안전운전불이행,젖음/습기,비,교차로 - 교차로부근,승용,남,30세,상해없음,보행자,여,79세,경상
2020082800100055,2020년 8월 28일 05시,금요일,경상남도 거창군 거창읍,경상사고,0,0,2,0,차대차 - 측면충돌,안전운전불이행,건조,맑음,교차로 - 교차로안,승용,여,55세,상해없음,승용,여,67세,경상
2020082800100067,2020년 8월 28일 06시,금요일,경상남도 산청군 신안면,중상사고,0,1,0,0,차대차 - 추돌,안전운전불이행,젖음/습기,흐림,단일로 - 기타,승용,남,36세,상해없음,승용,남,43세,중상
2020082800100087,2020년 8월 28일 07시,금요일,경상남도 김해시 진영읍,중상사고,0,1,0,0,차대차 - 측면충돌,교차로운행방법위반,건조,맑음,교차로 - 교차로안,화물,남,64세,상해없음,승용,남,53세,중상
2020082800100109,2020년 8월 28일 08시,금요일,경상남도 통영시 북신동,경상사고,0,0,1,0,차대사람 - 횡단중,보행자보호의무위반,젖음/습기,비,단일로 - 기타,승용,남,53세,상해없음,보행자,여,66세,경상
2020082800100110,2020년 8월 28일 08시,금요일,경상남도 양산시 산막동,경상사고,0,0,1,0,차대차 - 측면충돌,안전거리미확보,건조,맑음,단일로 - 고가도로위,이륜,남,78세,경상,승용,남,61세,상해없음
2020082800100195,2020년 8월 28일 11시,금요일,경상남도 사천시 서포면,중상사고,0,1,1,1,차량단독 - 도로외이탈 - 추락,안전운전불이행,젖음/습기,비,단일로 - 기타,승용,남,27세,경상,,,,
2020082800100196,2020년 8월 28일 11시,금요일,경상남도 밀양시 내이동,경상사고,0,0,1,0,차대차 - 측면충돌,중앙선침범,건조,맑음,단일로 - 기타,승용,여,47세,상해없음,이륜,여,28세,경상
2020082800100197,2020년 8월 28일 11시,금요일,경상남도 밀양시 내일동,중상사고,0,1,0,0,차대차 - 측면충돌,신호위반,건조,맑음,교차로 - 교차로안,승용,남,71세,상해없음,이륜,남,71세,중상
2020082800100231,2020년 8월 28일 12시,금요일,경상남도 김해시 부원동,경상사고,0,0,1,0,차대차 - 추돌,신호위반,건조,맑음,교차로 - 교차로안,화물,남,69세,상해없음,승용,남,63세,경상
2020082800100232,2020년 8월 28일 12시,금요일,경상남도 김해시 어방동,경상사고,0,0,1,0,차대차 - 추돌,신호위반,건조,맑음,교차로 - 교차로안,승용,남,58세,상해없음,승용,남,66세,경상
2020082800100233,2020년 8월 28일 12시,금요일,경상남도 남해군 이동면,경상사고,0,0,2,0,차대차 - 추돌,안전운전불이행,건조,맑음,단일로 - 기타,승용,남,64세,상해없음,승용,여,48세,경상
2020082800100263,2020년 8월 28일 13시,금요일,경상남도 창원시 마산합포구 동성동,경상사고,0,0,1,0,차대차 - 측면충돌,안전거리미확보,건조,맑음,교차로 - 교차로부근,승용,남,57세,상해없음,이륜,남,24세,경상
2020082800100264,2020년 8월 28일 13시,금요일,경상남도 밀양시 초동면,중상사고,0,1,0,0,차대차 - 추돌,안전운전불이행,건조,맑음,단일로 - 기타,화물,남,26세,상해없음,농기계,남,65세,중상
2020082800100265,2020년 8월 28일 13시,금요일,경상남도 김해시 삼계동,중상사고,0,1,0,0,차대차 - 추돌,교차로운행방법위반,건조,맑음,교차로 - 교차로안,승용,남,61세,상해없음,이륜,남,37세,중상
2020082800100266,2020년 8월 28일 13시,금요일,경상남도 김해시 생림면,경상사고,0,0,1,0,차대차 - 추돌,신호위반,건조,맑음,단일로 - 기타,화물,남,61세,상해없음,농기계,남,68세,경상
2020082800100302,2020년 8월 28일 14시,금요일,경상남도 창녕군 성산면,중상사고,0,4,0,0,차량단독 - 공작물충돌,안전운전불이행,건조,맑음,단일로 - 기타,승용,여,50세,중상,,,,
2020082800100338,2020년 8월 28일 15시,금요일,경상남도 진주시 대안동,경상사고,0,0,2,0,차대차 - 추돌,안전운전불이행,건조,맑음,교차로 - 교차로안,승용,남,39세,상해없음,승용,남,51세,경상
2020082800100339,2020년 8월 28일 15시,금요일,경상남도 통영시 용남면,경상사고,0,0,2,0,차대차 - 추돌,안전운전불이행,건조,맑음,단일로 - 기타,승용,남,45세,상해없음,승용,여,28세,상해없음
2020082800100340,2020년 8월 28일 15시,금요일,경상남도 사천시 벌리동,중상사고,0,1,1,0,차대차 - 측면충돌,직진우회전진행방해,건조,맑음,교차로 - 교차로안,승용,남,39세,경상,승용,남,21세,중상
2020082800100341,2020년 8월 28일 15시,금요일,경상남도 함양군 함양읍,중상사고,0,1,2,1,차대차 - 측면충돌,교차로운행방법위반,건조,맑음,교차로 - 교차로안,승용,여,26세,경상,승합,남,29세,경상
2020082800100342,2020년 8월 28일 15시,금요일,경상남도 창원시 의창구 동읍,중상사고,0,1,0,0,차대차 - 측면충돌,안전운전불이행,건조,맑음,단일로 - 기타,승용,남,66세,상해없음,승용,남,40세,중상
2020082800100343,2020년 8월 28일 15시,금요일,경상남도 김해시 한림면,중상사고,0,2,0,0,차대차 - 측면충돌,안전운전불이행,건조,맑음,교차로 - 교차로안,화물,남,22세,상해없음,이륜,남,76세,중상
2020082800100390,2020년 8월 28일 16시,금요일,경상남도 창원시 마산합포구 월남동1가,경상사고,0,0,1,0,차량단독 - 기타,기타,건조,맑음,교차로 - 교차로부근,승합,남,45세,상해없음,,,,
2020082800100391,2020년 8월 28일 16시,금요일,경상남도 사천시 동동,중상사고,0,1,0,0,차대사람 - 기타,안전운전불이행,건조,맑음,단일로 - 기타,화물,남,58세,상해없음,보행자,여,79세,중상
2020082800100392,2020년 8월 28일 16시,금요일,경상남도 창원시 의창구 명서동,중상사고,0,1,0,0,차대차 - 측면충돌,안전운전불이행,건조,맑음,교차로 - 교차로횡단보도내,화물,남,44세,상해없음,자전거,남,58세,중상
2020082800100440,2020년 8월 28일 17시,금요일,경상남도 산청군 산청읍,경상사고,0,0,2,0,차대차 - 측면충돌,신호위반,건조,맑음,교차로 - 교차로안,화물,남,70세,경상,승용,남,23세,경상
2020082800100488,2020년 8월 28일 18시,금요일,경상남도 창원시 진해구 용원동,경상사고,0,0,1,0,차대차 - 측면충돌,안전운전불이행,건조,맑음,단일로 - 기타,원동기,남,25세,경상,승용,여,43세,상해없음
2020082800100489,2020년 8월 28일 18시,금요일,경상남도 거제시 능포동,중상사고,0,1,0,0,차대차 - 기타,교차로운행방법위반,건조,맑음,교차로 - 교차로안,승용,남,48세,상해없음,이륜,남,22세,중상
2020082800100490,2020년 8월 28일 18시,금요일,경상남도 거제시 옥포동,경상사고,0,0,1,0,차대차 - 측면충돌,안전거리미확보,건조,맑음,교차로 - 교차로부근,이륜,남,36세,상해없음,승합,남,35세,경상
2020082800100526,2020년 8월 28일 19시,금요일,경상남도 밀양시 상남면,중상사고,0,1,0,0,차대차 - 측면충돌,교차로운행방법위반,건조,맑음,교차로 - 교차로안,화물,남,69세,상해없음,승용,여,54세,중상
2020082800100527,2020년 8월 28일 19시,금요일,경상남도 김해시 삼계동,경상사고,0,0,1,0,차대차 - 측면충돌,안전거리미확보,건조,맑음,단일로 - 기타,화물,남,65세,상해없음,승용,여,30세,경상
2020082800100528,2020년 8월 28일 19시,금요일,경상남도 김해시 내동,중상사고,0,1,0,0,차대차 - 측면충돌,직진우회전진행방해,건조,맑음,교차로 - 교차로안,승용,남,35세,상해없음,이륜,남,39세,중상
2020082800100626,2020년 8월 28일 22시,금요일,경상남도 통영시 광도면,경상사고,0,0,1,0,차대차 - 기타,교차로운행방법위반,건조,맑음,교차로 - 교차로안,승용,남,38세,상해없음,이륜,남,57세,경상
2020082800100654,2020년 8월 28일 23시,금요일,경상남도 김해시 부원동,경상사고,0,0,1,0,차대차 - 기타,교차로운행방법위반,젖음/습기,맑음,교차로 - 교차로부근,사륜오토바이(ATV),남,30세,상해없음,승용,여,27세,경상
2020082900100049,2020년 8월 29일 03시,토요일,경상남도 진주시 신안동,부상신고사고,0,0,0,1,차대차 - 측면충돌,안전거리미확보,건조,맑음,단일로 - 기타,승용,남,23세,부상신고,승용,남,19세,상해없음
2020082900100072,2020년 8월 29일 05시,토요일,경상남도 양산시 평산동,중상사고,0,2,0,0,차대차 - 측면충돌,교차로운행방법위반,건조,맑음,교차로 - 교차로안,화물,남,56세,상해없음,원동기,남,18세,중상
2020082900100073,2020년 8월 29일 05시,토요일,경상남도 고성군 하이면,중상사고,0,1,0,0,차대차 - 추돌,안전운전불이행,건조,맑음,교차로 - 교차로안,화물,남,57세,상해없음,농기계,남,83세,중상
2020082900100088,2020년 8월 29일 06시,토요일,경상남도 밀양시 상남면,경상사고,0,0,1,0,차대차 - 측면충돌,안전운전불이행,건조,맑음,교차로 - 교차로부근,화물,남,62세,상해없음,이륜,여,60세,경상
2020082900100119,2020년 8월 29일 08시,토요일,경상남도 김해시 내동,중상사고,0,1,0,0,차대사람 - 횡단중,보행자보호의무위반,건조,맑음,단일로 - 기타,화물,남,46세,상해없음,보행자,남,28세,중상
2020082900100120,2020년 8월 29일 08시,토요일,경상남도 함양군 백전면,경상사고,0,0,1,0,차대차 - 측면충돌,중앙선침범,건조,맑음,단일로 - 지하차도(도로)내,승합,남,57세,상해없음,승용,남,51세,경상
2020082900100143,2020년 8월 29일 09시,토요일,경상남도 통영시 광도면,경상사고,0,0,1,0,차대차 - 측면충돌,중앙선침범,건조,맑음,단일로 - 기타,화물,남,63세,상해없음,화물,남,61세,경상
2020082900100165,2020년 8월 29일 10시,토요일,경상남도 통영시 욕지면,중상사고,0,1,1,0,차대차 - 측면충돌,중앙선침범,건조,맑음,단일로 - 기타,승용,여,51세,상해없음,사륜오토바이(ATV),남,84세,경상
2020082900100207,2020년 8월 29일 11시,토요일,경상남도 사천시 벌리동,경상사고,0,0,2,0,차대차 - 정면충돌,안전운전불이행,건조,맑음,교차로 - 교차로안,이륜,남,52세,경상,승용,남,43세,경상
2020082900100238,2020년 8월 29일 12시,토요일,경상남도 사천시 선구동,경상사고,0,0,1,0,차대차 - 측면충돌,안전운전불이행,건조,맑음,교차로 - 교차로안,화물,남,51세,상해없음,자전거,남,68세,경상
2020082900100278,2020년 8월 29일 13시,토요일,경상남도 김해시 어방동,경상사고,0,0,5,0,차대차 - 추돌,안전운전불이행,건조,맑음,단일로 - 기타,승용,여,46세,경상,승용,남,35세,경상
2020082900100311,2020년 8월 29일 14시,토요일,경상남도 김해시 진영읍,경상사고,0,0,1,0,차대차 - 측면충돌,안전운전불이행,건조,맑음,단일로 - 기타,승용,남,67세,상해없음,승용,남,36세,경상
2020082900100342,2020년 8월 29일 15시,토요일,경상남도 창원시 진해구 경화동,중상사고,0,1,3,0,차대차 - 기타,안전운전불이행,건조,맑음,단일로 - 기타,승용,남,56세,경상,승용,남,60세,상해없음
2020082900100343,2020년 8월 29일 15시,토요일,경상남도 거제시 상동동,중상사고,0,1,1,0,차대차 - 측면충돌,신호위반,건조,맑음,교차로 - 교차로안,승용,여,56세,상해없음,승용,여,66세,중상
2020082900100370,2020년 8월 29일 16시,토요일,경상남도 창원시 진해구 남양동,경상사고,0,0,3,0,차대차 - 기타,직진우회전진행방해,건조,맑음,교차로 - 교차로안,승용,남,55세,상해없음,승용,남,31세,경상
2020082900100371,2020년 8월 29일 16시,토요일,경상남도 통영시 용남면,경상사고,0,0,2,0,차대차 - 추돌,안전거리미확보,건조,맑음,단일로 - 기타,승용,여,26세,상해없음,승합,남,47세,상해없음
2020082900100372,2020년 8월 29일 16시,토요일,경상남도 통영시 무전동,경상사고,0,0,1,0,차대차 - 추돌,안전운전불이행,건조,맑음,단일로 - 기타,승용,남,26세,상해없음,승용,남,41세,경상
2020082900100373,2020년 8월 29일 16시,토요일,경상남도 함양군 함양읍,중상사고,0,1,0,0,차대차 - 측면충돌,과속,건조,맑음,교차로 - 교차로안,화물,남,23세,상해없음,승용,여,30세,중상
2020082900100403,2020년 8월 29일 17시,토요일,경상남도 통영시 도남동,경상사고,0,0,1,0,차대차 - 측면충돌,교차로운행방법위반,건조,맑음,교차로 - 교차로안,승용,남,49세,상해없음,화물,남,62세,상해없음
2020082900100429,2020년 8월 29일 18시,토요일,경상남도 하동군 금남면,중상사고,0,1,0,0,차대차 - 측면충돌,안전운전불이행,건조,맑음,단일로 - 기타,승용,여,32세,상해없음,자전거,남,53세,중상
2020082900100430,2020년 8월 29일 18시,토요일,경상남도 거제시 동부면,중상사고,0,1,1,0,차대차 - 정면충돌,중앙선침범,젖음/습기,비,단일로 - 기타,승용,남,20세,상해없음,화물,남,48세,경상
2020082900100431,2020년 8월 29일 18시,토요일,경상남도 창원시 성산구 상남동,중상사고,0,1,0,0,차대사람 - 횡단중,보행자보호의무위반,건조,맑음,단일로 - 기타,이륜,남,37세,상해없음,보행자,여,59세,중상
2020082900100432,2020년 8월 29일 18시,토요일,경상남도 창원시 의창구 봉곡동,경상사고,0,0,1,0,차대사람 - 기타,안전운전불이행,건조,맑음,단일로 - 기타,승용,남,49세,상해없음,보행자,여,56세,경상
2020082900100472,2020년 8월 29일 19시,토요일,경상남도 사천시 벌리동,경상사고,0,0,2,0,차대사람 - 차도통행중,안전운전불이행,건조,맑음,교차로 - 교차로안,승용,여,23세,상해없음,보행자,남,64세,경상
2020082900100501,2020년 8월 29일 20시,토요일,경상남도 합천군 합천읍,경상사고,0,0,3,0,차대차 - 정면충돌,안전운전불이행,건조,맑음,교차로 - 교차로안,승용,남,55세,상해없음,승용,남,31세,경상
2020082900100576,2020년 8월 29일 23시,토요일,경상남도 거제시 상동동,중상사고,0,1,0,0,차량단독 - 기타,안전운전불이행,건조,맑음,단일로 - 기타,이륜,남,36세,상해없음,,,,
2020083000100028,2020년 8월 30일 01시,일요일,경상남도 함안군 칠서면,부상신고사고,0,0,0,1,차량단독 - 공작물충돌,안전운전불이행,건조,맑음,단일로 - 기타,승용,남,28세,부상신고,,,,
2020083000100045,2020년 8월 30일 03시,일요일,경상남도 김해시 내동,경상사고,0,0,1,0,차대차 - 기타,안전운전불이행,건조,맑음,단일로 - 기타,승용,남,60세,상해없음,승용,남,39세,경상
2020083000100049,2020년 8월 30일 04시,일요일,경상남도 고성군 상리면,중상사고,0,1,0,0,차량단독 - 공작물충돌,기타,건조,맑음,단일로 - 기타,이륜,남,52세,중상,,,,
2020083000100104,2020년 8월 30일 09시,일요일,경상남도 사천시 용강동,경상사고,0,0,1,0,차대차 - 측면충돌,신호위반,건조,맑음,교차로 - 교차로안,승용,남,56세,상해없음,승용,여,45세,경상
2020083000100114,2020년 8월 30일 10시,일요일,경상남도 거제시 아주동,중상사고,0,1,0,0,차대차 - 측면충돌,안전운전불이행,건조,맑음,교차로 - 교차로안,승용,여,48세,상해없음,이륜,남,37세,중상
2020083000100115,2020년 8월 30일 10시,일요일,경상남도 의령군 칠곡면,중상사고,0,1,0,0,차대차 - 측면충돌,교차로운행방법위반,건조,맑음,교차로 - 교차로안,승합,남,77세,상해없음,자전거,남,69세,중상
2020083000100132,2020년 8월 30일 11시,일요일,경상남도 창원시 진해구 남양동,경상사고,0,0,5,0,차대차 - 측면충돌,신호위반,건조,맑음,교차로 - 교차로안,승용,여,63세,경상,승용,여,28세,경상
2020083000100156,2020년 8월 30일 12시,일요일,경상남도 김해시 봉황동,경상사고,0,0,1,0,차대차 - 측면충돌,차로위반,건조,맑음,단일로 - 기타,화물,남,36세,상해없음,승용,남,26세,상해없음
2020083000100182,2020년 8월 30일 13시,일요일,경상남도 창원시 진해구 경화동,경상사고,0,0,1,0,차대차 - 측면충돌,안전운전불이행,건조,맑음,기타 - 기타,승용,남,86세,상해없음,자전거,여,51세,경상
2020083000100183,2020년 8월 30일 13시,일요일,경상남도 함양군 서상면,중상사고,0,1,0,0,차대차 - 정면충돌,중앙선침범,건조,맑음,단일로 - 지하차도(도로)내,승용,남,33세,상해없음,승용,여,37세,중상
2020083000100215,2020년 8월 30일 14시,일요일,경상남도 통영시 광도면,경상사고,0,0,2,0,차대차 - 측면충돌,직진우회전진행방해,건조,맑음,교차로 - 교차로안,승용,남,40세,상해없음,승용,여,44세,경상
2020083000100216,2020년 8월 30일 14시,일요일,경상남도 사천시 사천읍,중상사고,0,1,0,0,차량단독 - 공작물충돌,안전운전불이행,건조,맑음,교차로 - 교차로부근,승용,여,77세,중상,,,,
2020083000100217,2020년 8월 30일 14시,일요일,경상남도 양산시 상북면,경상사고,0,0,1,0,차대차 - 기타,교차로운행방법위반,젖음/습기,비,교차로 - 교차로안,자전거,남,80세,경상,승용,남,69세,상해없음
2020083000100218,2020년 8월 30일 14시,일요일,경상남도 산청군 시천면,중상사고,0,3,0,0,차대차 - 정면충돌,중앙선침범,건조,맑음,단일로 - 기타,승용,남,53세,중상,승용,남,66세,중상
2020083000100245,2020년 8월 30일 15시,일요일,경상남도 창원시 진해구 소사동,경상사고,0,0,1,0,차대차 - 추돌,안전거리미확보,건조,맑음,단일로 - 기타,승용,남,48세,상해없음,승용,남,43세,경상
2020083000100246,2020년 8월 30일 15시,일요일,경상남도 양산시 중부동,경상사고,0,0,1,0,차대차 - 측면충돌,안전운전불이행,건조,맑음,교차로 - 교차로부근,승용,남,38세,상해없음,원동기,남,34세,경상
2020083000100268,2020년 8월 30일 16시,일요일,경상남도 고성군 마암면,경상사고,0,0,1,0,차대차 - 기타,신호위반,건조,맑음,교차로 - 교차로안,승용,남,61세,상해없음,화물,남,57세,경상
2020083000100269,2020년 8월 30일 16시,일요일,경상남도 거제시 남부면,경상사고,0,0,1,0,차대차 - 후진중충돌,안전운전불이행,건조,맑음,단일로 - 기타,승용,여,22세,상해없음,승용,남,41세,경상
2020083000100270,2020년 8월 30일 16시,일요일,경상남도 산청군 신안면,사망사고,2,0,1,0,차대차 - 정면충돌,중앙선침범,건조,맑음,단일로 - 기타,이륜,남,55세,사망,화물,남,59세,경상
2020083000100271,2020년 8월 30일 16시,일요일,경상남도 산청군 단성면,경상사고,0,0,1,0,차대차 - 기타,안전운전불이행,건조,흐림,단일로 - 기타,화물,남,23세,상해없음,이륜,남,49세,상해없음
2020083000100272,2020년 8월 30일 16시,일요일,경상남도 김해시 무계동,중상사고,0,1,0,0,차대차 - 측면충돌,안전운전불이행,건조,맑음,교차로 - 교차로안,승용,남,60세,상해없음,승용,남,50세,중상
2020083000100323,2020년 8월 30일 18시,일요일,경상남도 거제시 고현동,중상사고,0,2,3,0,차대차 - 측면충돌,신호위반,건조,맑음,교차로 - 교차로안,승용,남,66세,중상,승용,여,37세,경상
2020083000100324,2020년 8월 30일 18시,일요일,경상남도 창원시 성산구 신촌동,경상사고,0,0,1,0,차대차 - 추돌,안전운전불이행,젖음/습기,비,교차로 - 교차로안,승용,남,52세,상해없음,승용,남,62세,경상
2020083000100356,2020년 8월 30일 19시,일요일,경상남도 통영시 산양읍,중상사고,0,1,0,0,차대사람 - 차도통행중,과속,건조,맑음,기타 - 기타,승용,남,47세,상해없음,보행자,남,75세,중상
2020083000100357,2020년 8월 30일 19시,일요일,경상남도 창녕군 창녕읍,경상사고,0,0,2,0,차대차 - 측면충돌,안전운전불이행,건조,맑음,교차로 - 교차로안,화물,남,62세,상해없음,화물,남,58세,경상
2020083000100358,2020년 8월 30일 19시,일요일,경상남도 김해시 관동동,경상사고,0,0,1,0,차대차 - 측면충돌,직진우회전진행방해,건조,맑음,교차로 - 교차로안,이륜,남,42세,경상,승용,여,59세,상해없음
2020083000100359,2020년 8월 30일 19시,일요일,경상남도 김해시 진영읍,중상사고,0,1,0,0,차대차 - 측면충돌,신호위반,건조,흐림,교차로 - 교차로부근,이륜,남,30세,중상,승용,남,65세,상해없음
2020083000100384,2020년 8월 30일 20시,일요일,경상남도 진주시 대곡면,경상사고,0,0,1,0,차대차 - 측면충돌,안전운전불이행,건조,맑음,단일로 - 기타,화물,남,53세,상해없음,승용,남,59세,경상