사고번호,사고일시,요일,시군구,사고내용,사망자수,중상자수,경상자수,부상신고자수,사고유형,법규위반,노면상태,기상상태,도로형태,가해운전자 차종,가해운전자 성별,가해운전자 연령,가해운전자 상해정도,피해운전자 차종,피해운전자 성별,피해운전자 연령,피해운전자 상해정도
2020083000100385,2020년 8월 30일 20시,일요일,경상남도 창원시 진해구 경화동,중상사고,0,1,0,0,차대차 - 측면충돌,신호위반,건조,맑음,교차로 - 교차로안,승용,남,23세,상해없음,이륜,남,23세,중상
2020083000100424,2020년 8월 30일 22시,일요일,경상남도 창원시 마산회원구 구암동,중상사고,0,1,0,0,차대차 - 측면충돌,신호위반,건조,기타,교차로 - 교차로안,승용,여,33세,상해없음,승용,여,30세,중상
2020083000100440,2020년 8월 30일 23시,일요일,경상남도 양산시 물금읍,경상사고,0,0,1,0,차대차 - 측면충돌,신호위반,건조,맑음,교차로 - 교차로안,승용,남,19세,상해없음,이륜,남,24세,경상
2020083000100441,2020년 8월 30일 23시,일요일,경상남도 고성군 고성읍,중상사고,0,1,0,0,차대사람 - 횡단중,보행자보호의무위반,건조,맑음,단일로 - 기타,승용,여,35세,상해없음,보행자,남,51세,중상
2020083100100014,2020년 8월 31일 01시,월요일,경상남도 창원시 진해구 용원동,경상사고,0,0,1,0,차대차 - 측면충돌,직진우회전진행방해,건조,맑음,교차로 - 교차로안,승용,남,34세,상해없음,승용,남,25세,경상
2020083100100062,2020년 8월 31일 07시,월요일,경상남도 함안군 칠원읍,경상사고,0,0,1,0,차대차 - 측면충돌,차로위반,건조,맑음,단일로 - 기타,승용,여,37세,상해없음,승용,여,30세,경상
2020083100100095,2020년 8월 31일 08시,월요일,경상남도 사천시 서포면,중상사고,0,1,0,0,차대차 - 측면충돌,신호위반,건조,맑음,교차로 - 교차로안,승용,남,77세,상해없음,승용,여,60세,중상
2020083100100096,2020년 8월 31일 08시,월요일,경상남도 고성군 고성읍,경상사고,0,0,1,0,차대차 - 기타,직진우회전진행방해,건조,맑음,교차로 - 교차로안,화물,남,40세,상해없음,승용,남,61세,상해없음
2020083100100157,2020년 8월 31일 10시,월요일,경상남도 밀양시 교동,경상사고,0,0,2,0,차대차 - 측면충돌,신호위반,건조,맑음,교차로 - 교차로안,화물,남,57세,경상,승용,남,41세,경상
2020083100100158,2020년 8월 31일 10시,월요일,경상남도 김해시 구산동,경상사고,0,0,1,0,차대차 - 측면충돌,안전운전불이행,건조,맑음,교차로 - 교차로횡단보도내,자전거,남,68세,경상,승용,남,55세,상해없음
2020083100100159,2020년 8월 31일 10시,월요일,경상남도 김해시 대성동,경상사고,0,0,1,0,차대차 - 측면충돌,기타,건조,맑음,교차로 - 교차로안,이륜,남,58세,경상,승합,남,38세,상해없음
2020083100100191,2020년 8월 31일 11시,월요일,경상남도 김해시 외동,경상사고,0,0,2,0,차대차 - 측면충돌,신호위반,건조,맑음,교차로 - 교차로안,승용,남,46세,경상,승용,남,32세,경상
2020083100100217,2020년 8월 31일 12시,월요일,경상남도 통영시 무전동,경상사고,0,0,1,0,차대차 - 기타,직진우회전진행방해,건조,맑음,교차로 - 교차로안,화물,여,57세,상해없음,이륜,남,41세,경상
2020083100100218,2020년 8월 31일 12시,월요일,경상남도 거창군 주상면,경상사고,0,0,1,0,차대차 - 추돌,안전거리미확보,건조,맑음,단일로 - 기타,화물,남,56세,상해없음,승용,남,71세,경상
2020083100100219,2020년 8월 31일 12시,월요일,경상남도 하동군 횡천면,중상사고,0,1,0,0,차대차 - 측면충돌,안전운전불이행,건조,맑음,교차로 - 교차로안,농기계,남,79세,중상,승용,남,64세,상해없음
2020083100100244,2020년 8월 31일 13시,월요일,경상남도 사천시 서포면,중상사고,0,1,0,0,차대차 - 측면충돌,직진우회전진행방해,건조,맑음,교차로 - 교차로안,승용,여,51세,상해없음,이륜,남,74세,중상
2020083100100245,2020년 8월 31일 13시,월요일,경상남도 창원시 마산회원구 회원동,경상사고,0,0,1,0,차대차 - 측면충돌,신호위반,건조,맑음,교차로 - 교차로안,승용,남,65세,상해없음,원동기,남,73세,경상
2020083100100321,2020년 8월 31일 15시,월요일,경상남도 창원시 진해구 석동,중상사고,0,1,3,0,차대차 - 기타,안전운전불이행,건조,맑음,단일로 - 기타,이륜,남,80세,경상,승용,남,54세,경상
2020083100100322,2020년 8월 31일 15시,월요일,경상남도 하동군 하동읍,경상사고,0,0,2,0,차대차 - 측면충돌,안전운전불이행,건조,맑음,교차로 - 교차로부근,화물,남,68세,상해없음,승용,남,32세,경상
2020083100100323,2020년 8월 31일 15시,월요일,경상남도 함안군 칠원읍,경상사고,0,0,1,0,차대차 - 추돌,안전거리미확보,건조,맑음,단일로 - 기타,승용,남,58세,상해없음,승용,남,29세,경상
2020083100100366,2020년 8월 31일 16시,월요일,경상남도 양산시 평산동,중상사고,0,1,0,0,차량단독 - 기타,안전운전불이행,건조,맑음,단일로 - 기타,승합,남,52세,상해없음,,,,
2020083100100432,2020년 8월 31일 18시,월요일,경상남도 김해시 대성동,경상사고,0,0,1,0,차대차 - 정면충돌,안전운전불이행,건조,맑음,교차로 - 교차로안,승용,남,32세,상해없음,화물,남,55세,경상
2020083100100523,2020년 8월 31일 20시,월요일,경상남도 창원시 성산구 대방동,경상사고,0,0,1,0,차대차 - 측면충돌,안전운전불이행,건조,맑음,교차로 - 교차로횡단보도내,승용,여,57세,상해없음,자전거,여,10세,경상
2020083100100576,2020년 8월 31일 23시,월요일,경상남도 창원시 성산구 상남동,중상사고,0,4,7,0,차대차 - 측면충돌,중앙선침범,건조,맑음,단일로 - 기타,승용,남,32세,상해없음,승합,남,42세,중상
2020090100100007,2020년 9월 1일 00시,화요일,경상남도 남해군 고현면,중상사고,0,1,0,0,차량단독 - 공작물충돌,안전운전불이행,건조,맑음,교차로 - 교차로안,승용,남,35세,중상,,,,
2020090100100026,2020년 9월 1일 04시,화요일,경상남도 양산시 물금읍,중상사고,0,1,0,0,차량단독 - 기타,안전거리미확보,건조,맑음,기타 - 기타,원동기,남,16세,기타불명,,,,
2020090100100099,2020년 9월 1일 08시,화요일,경상남도 창원시 의창구 도계동,경상사고,0,0,1,0,차대차 - 측면충돌,안전거리미확보,건조,맑음,교차로 - 교차로안,승합,남,70세,상해없음,승용,남,32세,경상
2020090100100124,2020년 9월 1일 09시,화요일,경상남도 창원시 마산합포구 산호동,경상사고,0,0,1,0,차대사람 - 기타,안전운전불이행,건조,흐림,단일로 - 기타,승합,남,49세,상해없음,보행자,여,71세,경상
2020090100100147,2020년 9월 1일 10시,화요일,경상남도 창원시 진해구 남문동,경상사고,0,0,1,0,차대차 - 측면충돌,안전운전불이행,건조,맑음,기타 - 기타,특수,남,49세,상해없음,화물,남,60세,경상
2020090100100148,2020년 9월 1일 10시,화요일,경상남도 함양군 함양읍,경상사고,0,0,1,0,차대차 - 측면충돌,안전거리미확보,건조,맑음,단일로 - 기타,승용,남,61세,상해없음,승용,여,63세,경상
2020090100100173,2020년 9월 1일 11시,화요일,경상남도 김해시 삼계동,경상사고,0,0,1,0,차대사람 - 횡단중,안전운전불이행,건조,맑음,단일로 - 기타,승용,여,44세,상해없음,보행자,남,13세,경상
2020090100100174,2020년 9월 1일 11시,화요일,경상남도 창원시 마산회원구 석전동,중상사고,0,1,0,0,차대차 - 측면충돌,안전운전불이행,건조,흐림,단일로 - 기타,이륜,남,41세,중상,승용,남,29세,상해없음
2020090100100198,2020년 9월 1일 12시,화요일,경상남도 통영시 도천동,부상신고사고,0,0,0,3,차대차 - 측면충돌,교차로운행방법위반,건조,맑음,교차로 - 교차로안,이륜,남,75세,부상신고,승용,남,75세,부상신고
2020090100100229,2020년 9월 1일 13시,화요일,경상남도 밀양시 무안면,중상사고,0,1,1,0,차대차 - 측면충돌,안전운전불이행,건조,맑음,단일로 - 기타,승용,여,66세,중상,승용,남,52세,경상
2020090100100230,2020년 9월 1일 13시,화요일,경상남도 함안군 대산면,부상신고사고,0,0,0,1,차대사람 - 길가장자리구역통행중,안전운전불이행,건조,맑음,교차로 - 교차로부근,승용,여,53세,상해없음,보행자,여,80세,부상신고
2020090100100231,2020년 9월 1일 13시,화요일,경상남도 창원시 마산회원구 내서읍,중상사고,0,1,1,0,차대사람 - 횡단중,보행자보호의무위반,건조,맑음,교차로 - 교차로안,승용,여,48세,상해없음,보행자,여,7세,중상
2020090100100264,2020년 9월 1일 14시,화요일,경상남도 김해시 상동면,경상사고,0,0,3,0,차대차 - 측면충돌,안전운전불이행,건조,맑음,단일로 - 기타,특수,남,54세,상해없음,화물,남,38세,경상
2020090100100265,2020년 9월 1일 14시,화요일,경상남도 의령군 정곡면,중상사고,0,1,0,0,차대차 - 측면충돌,안전운전불이행,건조,맑음,단일로 - 기타,화물,남,25세,상해없음,자전거,남,83세,중상
2020090100100266,2020년 9월 1일 14시,화요일,경상남도 창원시 성산구 대방동,경상사고,0,0,1,0,차대사람 - 보도통행중,기타,건조,맑음,단일로 - 기타,원동기,남,20세,상해없음,보행자,여,32세,경상
2020090100100267,2020년 9월 1일 14시,화요일,경상남도 창원시 성산구 성주동,경상사고,0,0,1,0,차대차 - 기타,안전운전불이행,건조,맑음,교차로 - 교차로부근,이륜,남,64세,상해없음,이륜,남,37세,경상
2020090100100332,2020년 9월 1일 16시,화요일,경상남도 진주시 상평동,중상사고,0,1,0,0,차대차 - 측면충돌,직진우회전진행방해,건조,맑음,교차로 - 교차로안,승용,남,57세,상해없음,승용,여,65세,중상
2020090100100333,2020년 9월 1일 16시,화요일,경상남도 창원시 진해구 안골동,경상사고,0,0,1,0,차대사람 - 기타,안전운전불이행,건조,맑음,단일로 - 기타,승용,남,57세,상해없음,보행자,여,36세,경상
2020090100100383,2020년 9월 1일 17시,화요일,경상남도 통영시 광도면,부상신고사고,0,0,0,1,차대차 - 기타,신호위반,기타,비,교차로 - 교차로안,자전거,여,42세,부상신고,승용,남,54세,상해없음
2020090100100384,2020년 9월 1일 17시,화요일,경상남도 거제시 하청면,경상사고,0,0,1,0,차대차 - 측면충돌,교차로운행방법위반,건조,맑음,교차로 - 교차로안,승용,남,58세,상해없음,승용,여,40세,경상
2020090100100385,2020년 9월 1일 17시,화요일,경상남도 산청군 신안면,중상사고,0,1,0,1,차대차 - 추돌,안전운전불이행,건조,맑음,단일로 - 기타,승용,남,31세,부상신고,농기계,남,55세,중상
2020090100100386,2020년 9월 1일 17시,화요일,경상남도 창원시 마산회원구 봉암동,경상사고,0,0,1,0,차대차 - 측면충돌,안전운전불이행,젖음/습기,비,단일로 - 기타,승용,남,36세,상해없음,승용,여,52세,경상
2020090100100387,2020년 9월 1일 17시,화요일,경상남도 창원시 의창구 동읍,중상사고,0,1,0,0,차대사람 - 횡단중,안전운전불이행,건조,맑음,교차로 - 교차로안,원동기,남,26세,상해없음,보행자,여,72세,중상
2020090100100388,2020년 9월 1일 17시,화요일,경상남도 창원시 의창구 소계동,중상사고,0,1,0,0,차대사람 - 기타,안전운전불이행,건조,맑음,단일로 - 기타,승용,남,35세,상해없음,보행자,남,53세,중상
2020090100100421,2020년 9월 1일 18시,화요일,경상남도 거제시 동부면,경상사고,0,0,1,0,차대사람 - 기타,안전운전불이행,건조,맑음,단일로 - 기타,승용,남,57세,상해없음,보행자,남,54세,경상
2020090100100456,2020년 9월 1일 19시,화요일,경상남도 고성군 고성읍,경상사고,0,0,1,0,차대사람 - 차도통행중,안전운전불이행,건조,맑음,교차로 - 교차로안,승용,여,50세,상해없음,보행자,남,68세,경상
2020090100100457,2020년 9월 1일 19시,화요일,경상남도 창원시 마산회원구 봉암동,사망사고,1,0,0,0,차대사람 - 횡단중,과속,건조,흐림,단일로 - 기타,승용,남,58세,상해없음,보행자,여,46세,사망
2020090100100458,2020년 9월 1일 19시,화요일,경상남도 창원시 마산회원구 회성동,경상사고,0,0,1,0,차대차 - 추돌,안전운전불이행,젖음/습기,흐림,단일로 - 기타,승용,남,43세,상해없음,승용,여,35세,경상
2020090100100488,2020년 9월 1일 20시,화요일,경상남도 통영시 광도면,중상사고,0,1,2,1,차대차 - 추돌,안전운전불이행,기타,흐림,단일로 - 기타,승용,남,37세,상해없음,승용,남,52세,경상
2020090100100489,2020년 9월 1일 20시,화요일,경상남도 통영시 도천동,경상사고,0,0,1,0,차대차 - 정면충돌,신호위반,건조,맑음,교차로 - 교차로안,이륜,남,15세,상해없음,승용,남,61세,경상
2020090100100490,2020년 9월 1일 20시,화요일,경상남도 사천시 죽림동,경상사고,0,0,2,0,차대차 - 측면충돌,직진우회전진행방해,건조,맑음,교차로 - 교차로안,승용,남,68세,경상,승용,남,44세,경상
2020090100100491,2020년 9월 1일 20시,화요일,경상남도 밀양시 삼문동,경상사고,0,0,1,0,차대차 - 측면충돌,신호위반,건조,맑음,교차로 - 교차로안,화물,남,52세,상해없음,승용,남,25세,경상
2020090100100548,2020년 9월 1일 23시,화요일,경상남도 창녕군 창녕읍,경상사고,0,0,1,0,차량단독 - 기타,안전운전불이행,건조,맑음,단일로 - 기타,화물,남,47세,경상,,,,
2020090100100549,2020년 9월 1일 23시,화요일,경상남도 양산시 신기동,경상사고,0,0,3,0,차대차 - 기타,신호위반,건조,맑음,교차로 - 교차로안,승합,남,44세,상해없음,승용,남,66세,경상
2020090100100550,2020년 9월 1일 23시,화요일,경상남도 김해시 내덕동,중상사고,0,2,0,0,차대차 - 측면충돌,신호위반,건조,맑음,교차로 - 교차로안,승용,남,26세,상해없음,승용,여,40세,중상
2020090200100013,2020년 9월 2일 01시,수요일,경상남도 창원시 의창구 동정동,경상사고,0,0,2,0,차대차 - 추돌,안전운전불이행,젖음/습기,흐림,단일로 - 기타,승용,남,61세,상해없음,승용,남,50세,경상
2020090200100060,2020년 9월 2일 07시,수요일,경상남도 김해시 지내동,경상사고,0,0,1,0,차대차 - 후진중충돌,중앙선침범,건조,맑음,단일로 - 기타,승용,여,53세,상해없음,승용,여,40세,경상
2020090200100061,2020년 9월 2일 07시,수요일,경상남도 창녕군 창녕읍,경상사고,0,0,1,0,차대차 - 측면충돌,안전운전불이행,젖음/습기,비,교차로 - 교차로안,승용,남,68세,상해없음,승용,남,34세,경상
2020090200100062,2020년 9월 2일 07시,수요일,경상남도 남해군 창선면,부상신고사고,0,0,0,1,차량단독 - 기타,안전운전불이행,건조,맑음,단일로 - 기타,승합,남,57세,상해없음,,,,
2020090200100063,2020년 9월 2일 07시,수요일,경상남도 창원시 마산회원구 봉암동,중상사고,0,2,0,0,차대차 - 기타,안전운전불이행,젖음/습기,비,교차로 - 교차로안,승용,남,58세,상해없음,승용,남,40세,중상
2020090200100096,2020년 9월 2일 08시,수요일,경상남도 창원시 마산합포구 창동,중상사고,0,1,0,0,차량단독 - 기타,안전운전불이행,젖음/습기,비,교차로 - 교차로부근,승합,남,34세,상해없음,,,,
2020090200100097,2020년 9월 2일 08시,수요일,경상남도 합천군 합천읍,중상사고,0,1,1,0,차대차 - 정면충돌,중앙선침범,젖음/습기,비,기타 - 기타,화물,남,40세,중상,건설기계,남,47세,경상
2020090200100098,2020년 9월 2일 08시,수요일,경상남도 양산시 신기동,경상사고,0,0,1,0,차대차 - 기타,안전운전불이행,젖음/습기,비,교차로 - 교차로안,화물,남,50세,상해없음,승용,남,32세,경상
2020090200100099,2020년 9월 2일 08시,수요일,경상남도 양산시 신기동,중상사고,0,1,1,0,차대차 - 측면충돌,안전운전불이행,젖음/습기,비,교차로 - 교차로부근,승용,남,28세,상해없음,승합,남,65세,중상
2020090200100100,2020년 9월 2일 08시,수요일,경상남도 의령군 칠곡면,중상사고,0,1,0,0,차대차 - 추돌,안전운전불이행,젖음/습기,비,교차로 - 교차로안,화물,남,55세,상해없음,승용,남,53세,중상
2020090200100118,2020년 9월 2일 09시,수요일,경상남도 거제시 옥포동,경상사고,0,0,3,0,차대차 - 측면충돌,교차로운행방법위반,건조,맑음,교차로 - 교차로안,승용,남,39세,상해없음,승용,남,65세,경상
2020090200100119,2020년 9월 2일 09시,수요일,경상남도 의령군 의령읍,경상사고,0,0,1,0,차대차 - 측면충돌,직진우회전진행방해,젖음/습기,흐림,교차로 - 교차로안,이륜,남,19세,기타불명,승합,여,58세,경상
2020090200100182,2020년 9월 2일 12시,수요일,경상남도 창원시 성산구 상남동,중상사고,0,1,0,0,차대사람 - 차도통행중,안전운전불이행,건조,맑음,교차로 - 교차로부근,승용,남,63세,상해없음,보행자,여,46세,중상
2020090200100204,2020년 9월 2일 13시,수요일,경상남도 창원시 진해구 자은동,중상사고,0,1,0,0,차대차 - 기타,직진우회전진행방해,건조,맑음,단일로 - 기타,자전거,남,68세,중상,승용,여,55세,상해없음
2020090200100206,2020년 9월 2일 13시,수요일,경상남도 양산시 북부동,경상사고,0,0,1,0,차대차 - 측면충돌,안전운전불이행,건조,맑음,교차로 - 교차로안,승용,남,34세,상해없음,승용,남,65세,경상
2020090200100207,2020년 9월 2일 13시,수요일,경상남도 하동군 청암면,중상사고,0,1,1,0,차대차 - 정면충돌,중앙선침범,건조,맑음,단일로 - 기타,승용,여,72세,경상,화물,남,57세,상해없음
2020090200100259,2020년 9월 2일 15시,수요일,경상남도 사천시 동금동,중상사고,0,1,0,0,차대사람 - 횡단중,중앙선침범,건조,맑음,단일로 - 기타,자전거,남,63세,상해없음,보행자,여,54세,중상
2020090200100260,2020년 9월 2일 15시,수요일,경상남도 양산시 소주동,경상사고,0,0,2,0,차대차 - 측면충돌,직진우회전진행방해,건조,맑음,교차로 - 교차로안,승용,여,61세,상해없음,승합,남,53세,경상
2020090200100261,2020년 9월 2일 15시,수요일,경상남도 거제시 고현동,중상사고,0,1,0,0,차량단독 - 공작물충돌,안전운전불이행,건조,맑음,교차로 - 교차로안,승용,여,55세,중상,,,,
2020090200100323,2020년 9월 2일 17시,수요일,경상남도 김해시 삼정동,중상사고,0,1,2,0,차대차 - 측면충돌,안전운전불이행,젖음/습기,비,단일로 - 기타,승용,여,77세,상해없음,승용,남,32세,중상
2020090200100324,2020년 9월 2일 17시,수요일,경상남도 창원시 성산구 성주동,경상사고,0,0,1,0,차대차 - 측면충돌,안전운전불이행,건조,맑음,교차로 - 교차로안,승용,남,39세,상해없음,승용,여,37세,경상
2020090200100325,2020년 9월 2일 17시,수요일,경상남도 김해시 풍유동,중상사고,0,1,0,0,차대차 - 측면충돌,중앙선침범,젖음/습기,비,교차로 - 교차로부근,화물,남,45세,상해없음,승용,남,51세,중상
2020090200100356,2020년 9월 2일 18시,수요일,경상남도 김해시 외동,중상사고,0,1,0,0,차대사람 - 횡단중,신호위반,젖음/습기,비,교차로 - 교차로안,이륜,남,44세,상해없음,보행자,여,57세,중상
2020090200100403,2020년 9월 2일 19시,수요일,경상남도 창원시 마산합포구 가포동,중상사고,0,1,0,0,차대사람 - 횡단중,안전운전불이행,젖음/습기,비,교차로 - 교차로안,승용,남,50세,상해없음,보행자,남,62세,중상
2020090200100404,2020년 9월 2일 19시,수요일,경상남도 진주시 일반성면,중상사고,0,1,0,0,차대사람 - 차도통행중,안전운전불이행,젖음/습기,비,단일로 - 기타,승용,남,65세,상해없음,보행자,여,68세,중상
2020090200100405,2020년 9월 2일 19시,수요일,경상남도 밀양시 내이동,중상사고,0,1,0,0,차대사람 - 횡단중,중앙선침범,젖음/습기,비,단일로 - 기타,화물,여,59세,상해없음,보행자,남,61세,중상
2020090200100406,2020년 9월 2일 19시,수요일,경상남도 양산시 동면,중상사고,0,3,0,0,차대차 - 정면충돌,중앙선침범,건조,흐림,단일로 - 기타,승용,남,67세,중상,승용,남,38세,중상
2020090200100407,2020년 9월 2일 19시,수요일,경상남도 거제시 옥포동,경상사고,0,0,1,0,차대사람 - 기타,보행자보호의무위반,젖음/습기,비,교차로 - 교차로횡단보도내,이륜,남,38세,경상,보행자,남,47세,상해없음
2020090200100457,2020년 9월 2일 20시,수요일,경상남도 밀양시 삼문동,중상사고,0,1,0,0,차대사람 - 횡단중,보행자보호의무위반,젖음/습기,비,교차로 - 교차로횡단보도내,승용,남,60세,상해없음,보행자,남,30세,중상
2020090200100458,2020년 9월 2일 20시,수요일,경상남도 양산시 소주동,중상사고,0,1,0,0,차대사람 - 횡단중,보행자보호의무위반,젖음/습기,비,단일로 - 기타,승용,남,22세,상해없음,보행자,남,51세,중상
2020090200100476,2020년 9월 2일 21시,수요일,경상남도 밀양시 상남면,경상사고,0,0,3,0,차대차 - 추돌,안전운전불이행,서리/결빙,비,단일로 - 기타,승용,남,45세,상해없음,승용,남,36세,경상
2020090200100492,2020년 9월 2일 21시,수요일,경상남도 양산시 물금읍,중상사고,0,2,0,0,차대차 - 측면충돌,신호위반,젖음/습기,비,교차로 - 교차로안,화물,남,46세,상해없음,승용,남,49세,중상
2020090200100522,2020년 9월 2일 22시,수요일,경상남도 양산시 삼호동,경상사고,0,0,1,0,차대차 - 기타,중앙선침범,젖음/습기,비,단일로 - 기타,승용,기타불명,미분류,기타불명,승용,남,30세,경상
2020090200100523,2020년 9월 2일 22시,수요일,경상남도 창원시 마산회원구 석전동,중상사고,0,1,0,0,차대차 - 측면충돌,안전운전불이행,젖음/습기,비,단일로 - 기타,승용,남,41세,상해없음,승용,남,26세,중상
2020090200100524,2020년 9월 2일 22시,수요일,경상남도 김해시 진영읍,부상신고사고,0,0,0,1,차량단독 - 전도전복 - 전도,안전운전불이행,젖음/습기,맑음,교차로 - 교차로부근,승용,남,67세,부상신고,,,,
2020090200100550,2020년 9월 2일 23시,수요일,경상남도 진주시 초전동,경상사고,0,0,2,0,차대차 - 측면충돌,안전운전불이행,건조,맑음,단일로 - 기타,승합,기타불명,미분류,기타불명,승용,남,62세,경상
2020090300100030,2020년 9월 3일 02시,목요일,경상남도 김해시 진영읍,경상사고,0,0,1,0,차량단독 - 공작물충돌,안전운전불이행,젖음/습기,맑음,단일로 - 기타,승용,남,28세,경상,,,,
2020090300100098,2020년 9월 3일 08시,목요일,경상남도 양산시 상북면,경상사고,0,0,1,0,차대차 - 측면충돌,신호위반,건조,맑음,교차로 - 교차로안,승용,남,56세,상해없음,승용,남,36세,경상
2020090300100099,2020년 9월 3일 08시,목요일,경상남도 산청군 신안면,부상신고사고,0,0,0,2,차대차 - 추돌,안전운전불이행,젖음/습기,맑음,단일로 - 기타,승용,남,44세,부상신고,승용,여,37세,부상신고
2020090300100100,2020년 9월 3일 08시,목요일,경상남도 창원시 마산회원구 내서읍,경상사고,0,0,1,0,차대차 - 추돌,안전운전불이행,건조,맑음,단일로 - 기타,화물,남,26세,상해없음,승용,여,50세,경상
2020090300100134,2020년 9월 3일 09시,목요일,경상남도 거창군 거창읍,경상사고,0,0,1,0,차대사람 - 기타,안전운전불이행,건조,맑음,단일로 - 기타,승용,여,40세,상해없음,보행자,여,58세,경상
2020090300100135,2020년 9월 3일 09시,목요일,경상남도 양산시 물금읍,경상사고,0,0,1,0,차대차 - 측면충돌,안전운전불이행,건조,맑음,교차로 - 교차로부근,자전거,남,83세,경상,승용,남,39세,상해없음
2020090300100152,2020년 9월 3일 10시,목요일,경상남도 창원시 마산합포구 자산동,경상사고,0,0,1,0,차대사람 - 보도통행중,안전운전불이행,건조,맑음,교차로 - 교차로횡단보도내,승용,남,78세,상해없음,보행자,남,71세,경상
2020090300100170,2020년 9월 3일 11시,목요일,경상남도 거제시 옥포동,중상사고,0,1,0,0,차대차 - 기타,안전운전불이행,건조,맑음,단일로 - 기타,이륜,남,35세,중상,승용,남,58세,상해없음
2020090300100199,2020년 9월 3일 12시,목요일,경상남도 양산시 중부동,부상신고사고,0,0,0,1,차대사람 - 기타,안전운전불이행,건조,맑음,단일로 - 기타,승용,남,72세,상해없음,보행자,여,49세,부상신고
2020090300100222,2020년 9월 3일 13시,목요일,경상남도 거제시 일운면,경상사고,0,0,2,0,차대차 - 기타,안전운전불이행,건조,맑음,교차로 - 교차로부근,승용,여,59세,경상,승용,남,45세,경상
2020090300100223,2020년 9월 3일 13시,목요일,경상남도 김해시 관동동,중상사고,0,1,0,0,차대사람 - 횡단중,신호위반,건조,맑음,교차로 - 교차로횡단보도내,이륜,남,17세,기타불명,보행자,여,8세,중상
2020090300100238,2020년 9월 3일 14시,목요일,경상남도 김해시 대동면,경상사고,0,0,1,0,차대차 - 추돌,안전운전불이행,건조,맑음,단일로 - 기타,승용,남,54세,상해없음,승용,남,39세,경상
2020090300100318,2020년 9월 3일 16시,목요일,경상남도 통영시 도천동,경상사고,0,0,1,0,차대차 - 측면충돌,안전운전불이행,젖음/습기,맑음,단일로 - 기타,이륜,남,24세,경상,화물,남,53세,상해없음
2020090300100319,2020년 9월 3일 16시,목요일,경상남도 김해시 내동,중상사고,0,1,0,0,차대차 - 기타,안전운전불이행,건조,맑음,단일로 - 기타,승용,여,68세,중상,승합,남,43세,상해없음
2020090300100347,2020년 9월 3일 17시,목요일,경상남도 밀양시 내이동,중상사고,0,1,0,0,차대차 - 추돌,안전운전불이행,건조,맑음,단일로 - 기타,이륜,남,89세,중상,승용,남,64세,상해없음
2020090300100348,2020년 9월 3일 17시,목요일,경상남도 창원시 마산회원구 내서읍,사망사고,1,1,0,1,차대차 - 추돌,안전운전불이행,건조,맑음,단일로 - 기타,승용,남,58세,부상신고,승용,남,50세,중상
2020090300100385,2020년 9월 3일 18시,목요일,경상남도 합천군 합천읍,부상신고사고,0,0,0,1,차대차 - 측면충돌,안전운전불이행,건조,맑음,단일로 - 기타,승용,남,68세,상해없음,이륜,남,82세,부상신고
2020090300100459,2020년 9월 3일 20시,목요일,경상남도 창원시 마산합포구 서성동,경상사고,0,0,1,0,차대차 - 기타,신호위반,젖음/습기,흐림,교차로 - 교차로안,기타불명,기타불명,미분류,기타불명,승합,남,35세,상해없음
2020090300100460,2020년 9월 3일 20시,목요일,경상남도 밀양시 내이동,경상사고,0,0,1,0,차대차 - 측면충돌,신호위반,건조,맑음,교차로 - 교차로안,승용,남,60세,상해없음,승용,남,56세,경상
2020090300100497,2020년 9월 3일 21시,목요일,경상남도 거창군 남상면,중상사고,0,1,0,0,차대차 - 정면충돌,중앙선침범,건조,맑음,단일로 - 기타,화물,남,67세,상해없음,승용,남,26세,중상
2020090400100017,2020년 9월 4일 01시,금요일,경상남도 진주시 강남동,중상사고,0,1,0,0,차량단독 - 기타,안전운전불이행,건조,맑음,단일로 - 기타,이륜,남,49세,중상,,,,
2020090400100023,2020년 9월 4일 02시,금요일,경상남도 창원시 마산합포구 산호동,경상사고,0,0,1,0,차대사람 - 기타,안전운전불이행,건조,맑음,단일로 - 기타,승용,여,39세,상해없음,보행자,남,35세,경상
2020090400100028,2020년 9월 4일 04시,금요일,경상남도 진주시 인사동,중상사고,0,1,0,0,차대차 - 추돌,안전운전불이행,건조,맑음,교차로 - 교차로부근,승용,여,57세,상해없음,승용,남,41세,중상
2020090400100097,2020년 9월 4일 08시,금요일,경상남도 통영시 정량동,경상사고,0,0,1,0,차대차 - 측면충돌,안전운전불이행,건조,맑음,단일로 - 기타,승용,남,50세,상해없음,화물,남,60세,경상
2020090400100098,2020년 9월 4일 08시,금요일,경상남도 김해시 외동,경상사고,0,0,1,0,차대차 - 기타,안전운전불이행,건조,맑음,단일로 - 기타,화물,남,62세,상해없음,승용,남,50세,경상
2020090400100099,2020년 9월 4일 08시,금요일,경상남도 김해시 삼정동,중상사고,0,1,0,0,차대차 - 기타,안전운전불이행,건조,맑음,단일로 - 기타,화물,남,48세,상해없음,승용,남,46세,중상
2020090400100100,2020년 9월 4일 08시,금요일,경상남도 창원시 의창구 팔용동,경상사고,0,0,2,0,차대차 - 측면충돌,신호위반,건조,맑음,교차로 - 교차로안,승용,여,37세,상해없음,이륜,남,28세,경상
2020090400100130,2020년 9월 4일 09시,금요일,경상남도 창원시 진해구 자은동,경상사고,0,0,1,0,차량단독 - 기타,안전운전불이행,건조,맑음,단일로 - 기타,승합,남,53세,상해없음,,,,