사고번호,사고일시,요일,시군구,사고내용,사망자수,중상자수,경상자수,부상신고자수,사고유형,법규위반,노면상태,기상상태,도로형태,가해운전자 차종,가해운전자 성별,가해운전자 연령,가해운전자 상해정도,피해운전자 차종,피해운전자 성별,피해운전자 연령,피해운전자 상해정도
2020090400100131,2020년 9월 4일 09시,금요일,경상남도 밀양시 내일동,경상사고,0,0,1,0,차대사람 - 횡단중,안전운전불이행,건조,맑음,단일로 - 기타,승용,남,64세,상해없음,보행자,여,73세,경상
2020090400100132,2020년 9월 4일 09시,금요일,경상남도 양산시 물금읍,중상사고,0,1,0,0,차대차 - 추돌,기타,건조,맑음,단일로 - 기타,이륜,남,25세,중상,화물,남,62세,상해없음
2020090400100133,2020년 9월 4일 09시,금요일,경상남도 창원시 성산구 사파동,경상사고,0,0,1,0,차대사람 - 기타,안전운전불이행,건조,맑음,단일로 - 기타,승용,남,27세,상해없음,보행자,남,37세,경상
2020090400100162,2020년 9월 4일 10시,금요일,경상남도 통영시 무전동,경상사고,0,0,1,0,차대차 - 측면충돌,신호위반,건조,맑음,교차로 - 교차로안,승용,남,39세,상해없음,승용,여,47세,경상
2020090400100163,2020년 9월 4일 10시,금요일,경상남도 창원시 마산회원구 봉암동,경상사고,0,0,1,0,차대차 - 기타,안전운전불이행,건조,맑음,단일로 - 기타,승용,남,29세,상해없음,화물,남,42세,경상
2020090400100205,2020년 9월 4일 11시,금요일,경상남도 밀양시 무안면,중상사고,0,2,2,0,차대차 - 측면충돌,안전운전불이행,건조,맑음,단일로 - 기타,승용,여,55세,상해없음,승용,남,62세,경상
2020090400100206,2020년 9월 4일 11시,금요일,경상남도 거창군 거창읍,경상사고,0,0,1,0,차대차 - 추돌,안전운전불이행,건조,맑음,교차로 - 교차로부근,자전거,남,12세,경상,승용,여,22세,상해없음
2020090400100208,2020년 9월 4일 11시,금요일,경상남도 거제시 사등면,경상사고,0,0,1,0,차대차 - 기타,신호위반,건조,맑음,교차로 - 교차로안,승용,여,59세,상해없음,승용,여,28세,경상
2020090400100209,2020년 9월 4일 11시,금요일,경상남도 창원시 의창구 명서동,경상사고,0,0,1,0,차대차 - 측면충돌,안전거리미확보,건조,맑음,단일로 - 기타,자전거,남,83세,경상,화물,남,66세,상해없음
2020090400100235,2020년 9월 4일 12시,금요일,경상남도 창원시 마산합포구 월영동,부상신고사고,0,0,0,1,차대차 - 추돌,안전운전불이행,건조,맑음,단일로 - 기타,화물,남,64세,상해없음,승용,여,64세,부상신고
2020090400100236,2020년 9월 4일 12시,금요일,경상남도 창원시 진해구 석동,경상사고,0,0,2,0,차대차 - 측면충돌,신호위반,건조,흐림,교차로 - 교차로안,승용,남,66세,상해없음,승용,여,50세,경상
2020090400100263,2020년 9월 4일 13시,금요일,경상남도 사천시 사남면,중상사고,0,1,0,0,차대차 - 측면충돌,직진우회전진행방해,건조,맑음,교차로 - 교차로안,승용,남,73세,상해없음,이륜,남,25세,중상
2020090400100294,2020년 9월 4일 14시,금요일,경상남도 김해시 삼방동,경상사고,0,0,1,0,차대차 - 측면충돌,교차로운행방법위반,건조,맑음,교차로 - 교차로안,승용,남,57세,상해없음,이륜,여,56세,경상
2020090400100295,2020년 9월 4일 14시,금요일,경상남도 거제시 사등면,경상사고,0,0,2,0,차대차 - 측면충돌,중앙선침범,건조,맑음,단일로 - 기타,화물,남,62세,상해없음,승용,남,66세,경상
2020090400100331,2020년 9월 4일 15시,금요일,경상남도 의령군 칠곡면,중상사고,0,2,1,1,차대차 - 측면충돌,교차로운행방법위반,건조,맑음,교차로 - 교차로부근,화물,남,61세,부상신고,승용,남,65세,중상
2020090400100332,2020년 9월 4일 15시,금요일,경상남도 함안군 칠원읍,중상사고,0,1,0,0,차대차 - 기타,안전거리미확보,건조,맑음,단일로 - 기타,승용,남,24세,상해없음,승용,남,31세,중상
2020090400100369,2020년 9월 4일 16시,금요일,경상남도 창원시 마산합포구 상남동,경상사고,0,0,4,0,차대차 - 기타,안전운전불이행,건조,맑음,교차로 - 교차로부근,승용,남,64세,상해없음,승용,남,31세,경상
2020090400100370,2020년 9월 4일 16시,금요일,경상남도 창녕군 부곡면,중상사고,0,1,0,0,차대차 - 측면충돌,신호위반,건조,맑음,교차로 - 교차로안,이륜,남,79세,상해없음,이륜,남,66세,중상
2020090400100371,2020년 9월 4일 16시,금요일,경상남도 남해군 삼동면,부상신고사고,0,0,0,1,차대차 - 기타,중앙선침범,건조,맑음,단일로 - 기타,승용,남,38세,상해없음,승용,남,45세,부상신고
2020090400100423,2020년 9월 4일 17시,금요일,경상남도 사천시 사천읍,경상사고,0,0,1,0,차대차 - 추돌,안전운전불이행,건조,맑음,교차로 - 교차로안,승용,남,46세,상해없음,승용,여,38세,경상
2020090400100424,2020년 9월 4일 17시,금요일,경상남도 밀양시 상남면,중상사고,0,1,0,0,차대차 - 측면충돌,안전운전불이행,건조,맑음,단일로 - 기타,승용,남,38세,상해없음,농기계,남,72세,중상
2020090400100425,2020년 9월 4일 17시,금요일,경상남도 양산시 동면,경상사고,0,0,1,0,차대차 - 측면충돌,안전운전불이행,건조,맑음,단일로 - 기타,승용,여,62세,상해없음,승용,여,38세,경상
2020090400100426,2020년 9월 4일 17시,금요일,경상남도 창원시 마산회원구 석전동,중상사고,0,1,1,0,차대사람 - 횡단중,신호위반,건조,맑음,기타 - 기타,승용,남,55세,상해없음,보행자,여,38세,중상
2020090400100472,2020년 9월 4일 18시,금요일,경상남도 김해시 삼방동,경상사고,0,0,1,0,차대사람 - 횡단중,신호위반,건조,맑음,교차로 - 교차로안,이륜,남,16세,상해없음,보행자,여,41세,경상
2020090400100516,2020년 9월 4일 19시,금요일,경상남도 진주시 장대동,경상사고,0,0,1,0,차대사람 - 횡단중,신호위반,건조,맑음,교차로 - 교차로횡단보도내,이륜,남,56세,상해없음,보행자,여,22세,경상
2020090400100517,2020년 9월 4일 19시,금요일,경상남도 밀양시 내일동,경상사고,0,0,1,0,차대사람 - 횡단중,보행자보호의무위반,건조,맑음,교차로 - 교차로횡단보도내,승용,남,44세,상해없음,보행자,여,42세,경상
2020090400100542,2020년 9월 4일 20시,금요일,경상남도 밀양시 가곡동,중상사고,0,1,0,0,차대차 - 측면충돌,안전운전불이행,건조,흐림,교차로 - 교차로안,화물,남,63세,상해없음,원동기,남,63세,중상
2020090400100543,2020년 9월 4일 20시,금요일,경상남도 양산시 물금읍,경상사고,0,0,2,0,차대차 - 측면충돌,안전거리미확보,건조,맑음,교차로 - 교차로부근,승용,여,25세,상해없음,승용,남,30세,경상
2020090400100582,2020년 9월 4일 21시,금요일,경상남도 사천시 정동면,중상사고,0,1,0,0,차대사람 - 횡단중,보행자보호의무위반,건조,맑음,단일로 - 교량,이륜,남,18세,상해없음,보행자,남,55세,중상
2020090400100583,2020년 9월 4일 21시,금요일,경상남도 김해시 삼정동,중상사고,0,2,0,0,차대사람 - 길가장자리구역통행중,신호위반,건조,맑음,교차로 - 교차로안,이륜,남,26세,기타불명,보행자,남,29세,중상
2020090400100604,2020년 9월 4일 22시,금요일,경상남도 진주시 호탄동,중상사고,0,1,0,0,차대차 - 측면충돌,안전거리미확보,건조,맑음,교차로 - 교차로안,승용,남,67세,상해없음,이륜,남,19세,중상
2020090400100605,2020년 9월 4일 22시,금요일,경상남도 김해시 삼방동,중상사고,0,1,0,0,차대차 - 측면충돌,안전운전불이행,건조,맑음,교차로 - 교차로안,이륜,남,18세,중상,승용,남,48세,상해없음
2020090400100606,2020년 9월 4일 22시,금요일,경상남도 양산시 중부동,경상사고,0,0,1,0,차대차 - 추돌,안전운전불이행,건조,맑음,교차로 - 교차로부근,승용,남,53세,상해없음,승용,여,60세,경상
2020090400100607,2020년 9월 4일 22시,금요일,경상남도 고성군 고성읍,사망사고,1,0,0,0,차대차 - 기타,안전운전불이행,건조,맑음,단일로 - 기타,승용,남,42세,상해없음,자전거,남,44세,사망
2020090500100017,2020년 9월 5일 00시,토요일,경상남도 김해시 삼방동,경상사고,0,0,1,0,차대사람 - 길가장자리구역통행중,안전운전불이행,건조,맑음,단일로 - 기타,승용,남,18세,상해없음,보행자,남,18세,경상
2020090500100018,2020년 9월 5일 00시,토요일,경상남도 거제시 사등면,경상사고,0,0,1,0,차대차 - 측면충돌,안전운전불이행,건조,맑음,교차로 - 교차로안,승합,남,48세,경상,승용,남,38세,상해없음
2020090500100024,2020년 9월 5일 01시,토요일,경상남도 김해시 내동,경상사고,0,0,3,0,차대차 - 측면충돌,안전거리미확보,건조,맑음,단일로 - 기타,승용,남,23세,경상,승용,남,44세,경상
2020090500100039,2020년 9월 5일 04시,토요일,경상남도 통영시 동호동,경상사고,0,0,1,0,차대차 - 측면충돌,직진우회전진행방해,건조,맑음,교차로 - 교차로안,승용,남,64세,상해없음,승용,남,66세,경상
2020090500100042,2020년 9월 5일 05시,토요일,경상남도 거제시 상동동,경상사고,0,0,1,0,차대차 - 기타,신호위반,건조,맑음,교차로 - 교차로안,승용,여,47세,상해없음,이륜,남,51세,경상
2020090500100052,2020년 9월 5일 06시,토요일,경상남도 양산시 유산동,경상사고,0,0,2,0,차대차 - 측면충돌,안전운전불이행,젖음/습기,흐림,단일로 - 기타,승용,남,56세,상해없음,승용,남,32세,경상
2020090500100062,2020년 9월 5일 07시,토요일,경상남도 사천시 사천읍,경상사고,0,0,1,0,차대차 - 측면충돌,직진우회전진행방해,건조,맑음,교차로 - 교차로안,화물,남,48세,상해없음,이륜,남,77세,경상
2020090500100063,2020년 9월 5일 07시,토요일,경상남도 함안군 칠서면,경상사고,0,0,1,0,차대차 - 추돌,중앙선침범,건조,맑음,단일로 - 기타,승용,남,21세,상해없음,화물,남,44세,경상
2020090500100081,2020년 9월 5일 08시,토요일,경상남도 창원시 진해구 원포동,부상신고사고,0,0,0,1,차량단독 - 공작물충돌,안전운전불이행,건조,맑음,기타 - 기타,승용,여,66세,부상신고,,,,
2020090500100099,2020년 9월 5일 09시,토요일,경상남도 사천시 서동,중상사고,0,1,0,0,차대차 - 측면충돌,안전운전불이행,건조,맑음,교차로 - 교차로안,화물,여,47세,상해없음,자전거,여,64세,중상
2020090500100100,2020년 9월 5일 09시,토요일,경상남도 밀양시 산내면,중상사고,0,1,0,0,차대차 - 측면충돌,교차로운행방법위반,건조,맑음,교차로 - 교차로안,화물,남,53세,상해없음,원동기,남,75세,중상
2020090500100121,2020년 9월 5일 10시,토요일,경상남도 김해시 어방동,경상사고,0,0,1,0,차대차 - 정면충돌,직진우회전진행방해,건조,맑음,교차로 - 교차로안,화물,남,48세,경상,화물,남,54세,상해없음
2020090500100122,2020년 9월 5일 10시,토요일,경상남도 거제시 고현동,경상사고,0,0,1,0,차대차 - 기타,직진우회전진행방해,젖음/습기,비,교차로 - 교차로안,승용,남,63세,상해없음,이륜,남,54세,경상
2020090500100154,2020년 9월 5일 11시,토요일,경상남도 창원시 진해구 태백동,중상사고,0,1,3,0,차대차 - 측면충돌,신호위반,건조,흐림,교차로 - 교차로안,승용,여,43세,상해없음,승용,여,46세,경상
2020090500100155,2020년 9월 5일 11시,토요일,경상남도 김해시 부원동,경상사고,0,0,1,0,차대차 - 측면충돌,안전운전불이행,건조,맑음,단일로 - 기타,화물,남,52세,상해없음,승용,여,51세,경상
2020090500100156,2020년 9월 5일 11시,토요일,경상남도 창원시 마산회원구 양덕동,중상사고,0,1,0,0,차대차 - 측면충돌,안전운전불이행,젖음/습기,비,교차로 - 교차로안,이륜,남,27세,상해없음,자전거,남,78세,중상
2020090500100230,2020년 9월 5일 13시,토요일,경상남도 통영시 북신동,경상사고,0,0,1,0,차대차 - 추돌,안전운전불이행,젖음/습기,비,단일로 - 기타,승용,여,44세,상해없음,승용,남,43세,경상
2020090500100231,2020년 9월 5일 13시,토요일,경상남도 김해시 대성동,경상사고,0,0,1,0,차대사람 - 기타,안전운전불이행,젖음/습기,비,단일로 - 기타,승용,여,51세,상해없음,보행자,남,35세,경상
2020090500100232,2020년 9월 5일 13시,토요일,경상남도 김해시 삼정동,중상사고,0,1,0,0,차대차 - 측면충돌,직진우회전진행방해,건조,맑음,교차로 - 교차로안,승용,남,30세,상해없음,이륜,남,43세,중상
2020090500100233,2020년 9월 5일 13시,토요일,경상남도 양산시 동면,경상사고,0,0,2,0,차대차 - 추돌,안전운전불이행,젖음/습기,비,단일로 - 기타,승용,남,30세,상해없음,승용,남,63세,경상
2020090500100234,2020년 9월 5일 13시,토요일,경상남도 창원시 의창구 봉곡동,경상사고,0,0,2,0,차대차 - 기타,안전운전불이행,건조,맑음,교차로 - 교차로안,승용,남,65세,상해없음,승용,남,28세,경상
2020090500100268,2020년 9월 5일 14시,토요일,경상남도 김해시 관동동,중상사고,0,1,0,0,차량단독 - 기타,안전운전불이행,젖음/습기,비,단일로 - 기타,승용,여,61세,중상,,,,
2020090500100307,2020년 9월 5일 15시,토요일,경상남도 창원시 마산합포구 중앙동1가,경상사고,0,0,2,0,차대차 - 측면충돌,신호위반,젖음/습기,비,교차로 - 교차로안,승용,남,68세,상해없음,승용,남,67세,경상
2020090500100342,2020년 9월 5일 16시,토요일,경상남도 진주시 하대동,중상사고,0,1,0,0,차대사람 - 차도통행중,안전운전불이행,젖음/습기,비,교차로 - 교차로안,승용,여,26세,상해없음,보행자,여,65세,중상
2020090500100343,2020년 9월 5일 16시,토요일,경상남도 거제시 장승포동,경상사고,0,0,1,0,차대사람 - 기타,안전운전불이행,건조,맑음,단일로 - 기타,승용,남,45세,상해없음,보행자,여,40세,경상
2020090500100367,2020년 9월 5일 17시,토요일,경상남도 양산시 동면,경상사고,0,0,2,0,차대차 - 측면충돌,안전운전불이행,젖음/습기,비,단일로 - 기타,승용,남,41세,상해없음,승합,남,55세,경상
2020090500100379,2020년 9월 5일 17시,토요일,경상남도 김해시 진례면,중상사고,0,2,0,1,차대차 - 추돌,안전운전불이행,건조,흐림,교차로 - 교차로부근,승용,남,72세,부상신고,승용,남,59세,상해없음
2020090500100416,2020년 9월 5일 18시,토요일,경상남도 김해시 구산동,경상사고,0,0,1,0,차대차 - 측면충돌,안전운전불이행,젖음/습기,비,교차로 - 교차로안,승용,여,56세,상해없음,원동기,남,32세,경상
2020090500100417,2020년 9월 5일 18시,토요일,경상남도 양산시 물금읍,중상사고,0,1,0,0,차대차 - 기타,안전운전불이행,젖음/습기,비,교차로 - 교차로안,승용,남,36세,상해없음,이륜,남,39세,중상
2020090500100418,2020년 9월 5일 18시,토요일,경상남도 양산시 중부동,경상사고,0,0,1,0,차대차 - 정면충돌,안전운전불이행,젖음/습기,비,교차로 - 교차로안,승용,여,57세,상해없음,이륜,남,18세,경상
2020090500100419,2020년 9월 5일 18시,토요일,경상남도 창원시 성산구 반지동,중상사고,0,1,0,0,차대사람 - 횡단중,과속,젖음/습기,비,단일로 - 기타,이륜,남,33세,상해없음,보행자,여,51세,중상
2020090500100450,2020년 9월 5일 19시,토요일,경상남도 양산시 물금읍,경상사고,0,0,1,0,차대사람 - 횡단중,보행자보호의무위반,젖음/습기,비,단일로 - 기타,이륜,남,48세,상해없음,보행자,여,20세,경상
2020090500100451,2020년 9월 5일 19시,토요일,경상남도 거제시 상동동,중상사고,0,1,0,0,차대차 - 기타,교차로운행방법위반,젖음/습기,비,교차로 - 교차로안,승용,남,30세,상해없음,이륜,남,36세,중상
2020090500100488,2020년 9월 5일 20시,토요일,경상남도 김해시 외동,경상사고,0,0,1,0,차대차 - 추돌,안전운전불이행,젖음/습기,비,단일로 - 기타,이륜,남,16세,경상,승용,남,51세,상해없음
2020090500100489,2020년 9월 5일 20시,토요일,경상남도 창녕군 창녕읍,중상사고,0,1,0,0,차대사람 - 기타,안전운전불이행,젖음/습기,비,교차로 - 교차로안,승용,남,41세,상해없음,보행자,남,63세,중상
2020090500100520,2020년 9월 5일 21시,토요일,경상남도 김해시 대성동,경상사고,0,0,1,0,차대차 - 추돌,안전운전불이행,젖음/습기,비,교차로 - 교차로부근,승용,남,34세,상해없음,승용,남,23세,경상
2020090500100521,2020년 9월 5일 21시,토요일,경상남도 창원시 의창구 명서동,경상사고,0,0,1,0,차대차 - 추돌,안전운전불이행,젖음/습기,비,단일로 - 기타,기타불명,기타불명,미분류,기타불명,승용,남,61세,경상
2020090500100547,2020년 9월 5일 22시,토요일,경상남도 양산시 중부동,경상사고,0,0,1,0,차대차 - 기타,안전운전불이행,젖음/습기,비,교차로 - 교차로안,승용,남,28세,상해없음,이륜,남,17세,경상
2020090500100563,2020년 9월 5일 23시,토요일,경상남도 김해시 외동,경상사고,0,0,2,0,차대차 - 측면충돌,신호위반,젖음/습기,비,교차로 - 교차로안,승용,남,20세,상해없음,승용,여,30세,경상
2020090600100013,2020년 9월 6일 00시,일요일,경상남도 창녕군 창녕읍,경상사고,0,0,1,0,차량단독 - 기타,안전운전불이행,젖음/습기,맑음,단일로 - 기타,화물,남,43세,경상,,,,
2020090600100014,2020년 9월 6일 00시,일요일,경상남도 양산시 물금읍,경상사고,0,0,2,0,차대차 - 추돌,안전운전불이행,젖음/습기,비,단일로 - 기타,승용,남,36세,상해없음,승용,남,27세,경상
2020090600100041,2020년 9월 6일 03시,일요일,경상남도 김해시 내동,부상신고사고,0,0,0,1,차량단독 - 공작물충돌,안전운전불이행,건조,맑음,단일로 - 기타,승용,남,35세,상해없음,,,,
2020090600100070,2020년 9월 6일 08시,일요일,경상남도 창원시 마산합포구 오동동,경상사고,0,0,1,0,차대사람 - 횡단중,신호위반,건조,맑음,교차로 - 교차로횡단보도내,승용,여,68세,상해없음,보행자,남,41세,경상
2020090600100078,2020년 9월 6일 09시,일요일,경상남도 창원시 마산회원구 회원동,경상사고,0,0,1,0,차대사람 - 횡단중,안전운전불이행,건조,맑음,단일로 - 기타,승용,남,51세,상해없음,보행자,여,62세,경상
2020090600100093,2020년 9월 6일 10시,일요일,경상남도 진주시 내동면,경상사고,0,0,1,0,차대차 - 측면충돌,안전거리미확보,건조,맑음,교차로 - 교차로부근,화물,남,50세,상해없음,승합,남,36세,상해없음
2020090600100109,2020년 9월 6일 11시,일요일,경상남도 남해군 남해읍,중상사고,0,1,0,0,차대차 - 측면충돌,안전운전불이행,건조,맑음,단일로 - 기타,승용,여,43세,상해없음,이륜,여,69세,중상
2020090600100129,2020년 9월 6일 12시,일요일,경상남도 양산시 동면,경상사고,0,0,1,0,차대차 - 측면충돌,교차로운행방법위반,건조,맑음,교차로 - 교차로안,이륜,남,40세,경상,승용,남,58세,상해없음
2020090600100130,2020년 9월 6일 12시,일요일,경상남도 남해군 고현면,중상사고,0,1,0,0,차량단독 - 도로외이탈 - 추락,안전운전불이행,건조,맑음,단일로 - 기타,승용,여,32세,중상,,,,
2020090600100152,2020년 9월 6일 13시,일요일,경상남도 창원시 마산합포구 진동면,경상사고,0,0,1,0,차대차 - 측면충돌,안전거리미확보,건조,맑음,단일로 - 터널,승합,남,57세,상해없음,승용,남,61세,경상
2020090600100153,2020년 9월 6일 13시,일요일,경상남도 사천시 벌리동,경상사고,0,0,1,0,차대차 - 측면충돌,안전운전불이행,건조,맑음,교차로 - 교차로안,승용,여,53세,상해없음,이륜,남,51세,경상
2020090600100177,2020년 9월 6일 14시,일요일,경상남도 창원시 진해구 여좌동,중상사고,0,1,0,0,차대차 - 측면충돌,안전운전불이행,건조,흐림,교차로 - 교차로안,승용,여,48세,상해없음,이륜,남,36세,중상
2020090600100203,2020년 9월 6일 15시,일요일,경상남도 거제시 아주동,경상사고,0,0,2,0,차대차 - 측면충돌,안전운전불이행,건조,맑음,단일로 - 기타,승용,남,23세,상해없음,승용,남,46세,경상
2020090600100225,2020년 9월 6일 16시,일요일,경상남도 밀양시 삼문동,중상사고,0,1,1,0,차대차 - 측면충돌,안전운전불이행,건조,맑음,교차로 - 교차로안,승용,여,55세,경상,이륜,남,24세,중상
2020090600100226,2020년 9월 6일 16시,일요일,경상남도 김해시 진영읍,부상신고사고,0,0,0,1,차대차 - 측면충돌,안전운전불이행,건조,맑음,교차로 - 교차로부근,원동기,남,18세,부상신고,승용,여,65세,상해없음
2020090600100250,2020년 9월 6일 17시,일요일,경상남도 양산시 명동,경상사고,0,0,1,0,차대차 - 추돌,중앙선침범,젖음/습기,비,교차로 - 교차로부근,승용,남,57세,상해없음,승용,여,55세,경상
2020090600100251,2020년 9월 6일 17시,일요일,경상남도 양산시 물금읍,중상사고,0,1,0,0,차량단독 - 전도전복 - 전도,안전운전불이행,젖음/습기,비,단일로 - 기타,이륜,남,19세,중상,,,,
2020090600100252,2020년 9월 6일 17시,일요일,경상남도 거제시 거제면,경상사고,0,0,2,0,차대차 - 기타,안전운전불이행,건조,맑음,주차장 - 주차장,승용,남,75세,상해없음,승용,여,30세,경상
2020090600100307,2020년 9월 6일 19시,일요일,경상남도 창원시 진해구 용원동,경상사고,0,0,1,0,차대차 - 측면충돌,안전운전불이행,젖음/습기,비,교차로 - 교차로안,승용,남,31세,상해없음,승용,남,26세,경상
2020090600100308,2020년 9월 6일 19시,일요일,경상남도 김해시 내동,중상사고,0,1,0,0,차대차 - 기타,교차로운행방법위반,젖음/습기,비,교차로 - 교차로안,승용,여,43세,상해없음,이륜,남,38세,중상
2020090600100346,2020년 9월 6일 20시,일요일,경상남도 의령군 의령읍,경상사고,0,0,1,0,차대차 - 측면충돌,직진우회전진행방해,젖음/습기,비,교차로 - 교차로안,화물,남,67세,상해없음,승용,남,28세,경상
2020090600100376,2020년 9월 6일 21시,일요일,경상남도 사천시 사천읍,경상사고,0,0,2,0,차대차 - 측면충돌,신호위반,젖음/습기,비,교차로 - 교차로부근,승용,남,47세,경상,승용,남,52세,경상
2020090600100377,2020년 9월 6일 21시,일요일,경상남도 함양군 함양읍,경상사고,0,0,3,0,차대차 - 측면충돌,교차로운행방법위반,젖음/습기,비,교차로 - 교차로안,승용,여,57세,경상,승용,남,27세,경상
2020090600100396,2020년 9월 6일 22시,일요일,경상남도 진주시 일반성면,경상사고,0,0,1,1,차대차 - 추돌,안전운전불이행,젖음/습기,비,단일로 - 기타,화물,남,64세,부상신고,승용,남,25세,상해없음
2020090600100397,2020년 9월 6일 22시,일요일,경상남도 고성군 거류면,중상사고,0,1,0,0,차량단독 - 공작물충돌,안전운전불이행,건조,맑음,단일로 - 기타,승용,남,83세,중상,,,,
2020090700100012,2020년 9월 7일 01시,월요일,경상남도 진주시 평거동,중상사고,0,1,0,0,차량단독 - 공작물충돌,안전운전불이행,젖음/습기,비,교차로 - 교차로안,승용,남,29세,중상,,,,
2020090700100013,2020년 9월 7일 01시,월요일,경상남도 진주시 문산읍,사망사고,1,0,4,0,차대차 - 기타,안전운전불이행,젖음/습기,비,단일로 - 기타,승용,남,48세,경상,승용,남,49세,사망
2020090700100022,2020년 9월 7일 02시,월요일,경상남도 진주시 상평동,중상사고,0,1,2,0,차대차 - 측면충돌,신호위반,건조,맑음,교차로 - 교차로안,승용,남,51세,상해없음,승용,남,56세,중상
2020090700100052,2020년 9월 7일 06시,월요일,경상남도 창원시 성산구 남산동,중상사고,0,1,0,0,차대차 - 측면충돌,신호위반,젖음/습기,비,교차로 - 교차로안,승용,남,71세,상해없음,이륜,남,53세,중상
2020090700100073,2020년 9월 7일 07시,월요일,경상남도 김해시 동상동,경상사고,0,0,1,0,차대차 - 기타,신호위반,젖음/습기,비,교차로 - 교차로부근,승용,남,52세,상해없음,승합,남,51세,상해없음
2020090700100074,2020년 9월 7일 07시,월요일,경상남도 창원시 성산구 상남동,경상사고,0,0,1,0,차대차 - 측면충돌,교차로운행방법위반,건조,맑음,교차로 - 교차로부근,승용,남,55세,상해없음,화물,남,38세,경상
2020090700100110,2020년 9월 7일 08시,월요일,경상남도 창원시 성산구 외동,경상사고,0,0,1,0,차대차 - 정면충돌,신호위반,젖음/습기,비,교차로 - 교차로안,승용,여,49세,상해없음,승용,남,64세,경상
2020090700100132,2020년 9월 7일 09시,월요일,경상남도 창원시 진해구 용원동,중상사고,0,1,1,0,차대차 - 측면충돌,신호위반,젖음/습기,비,교차로 - 교차로안,화물,남,49세,경상,승용,여,51세,중상
2020090700100156,2020년 9월 7일 10시,월요일,경상남도 창원시 진해구 경화동,경상사고,0,0,1,0,차대차 - 측면충돌,안전운전불이행,건조,맑음,교차로 - 교차로부근,승용,남,66세,상해없음,승용,남,57세,경상
2020090700100157,2020년 9월 7일 10시,월요일,경상남도 밀양시 삼문동,중상사고,0,1,0,0,차대차 - 측면충돌,안전운전불이행,젖음/습기,비,교차로 - 교차로부근,승합,남,39세,상해없음,이륜,남,82세,중상
2020090700100158,2020년 9월 7일 10시,월요일,경상남도 고성군 회화면,경상사고,0,0,1,0,차대차 - 정면충돌,신호위반,건조,맑음,교차로 - 교차로안,화물,남,50세,상해없음,승용,여,55세,경상
2020090700100179,2020년 9월 7일 11시,월요일,경상남도 김해시 대성동,경상사고,0,0,1,0,차대차 - 추돌,직진우회전진행방해,건조,맑음,교차로 - 교차로안,이륜,남,52세,상해없음,승용,남,76세,경상
2020090700100180,2020년 9월 7일 11시,월요일,경상남도 거제시 고현동,경상사고,0,0,1,0,차대사람 - 기타,안전운전불이행,젖음/습기,흐림,교차로 - 교차로안,승용,남,56세,상해없음,보행자,여,55세,경상
2020090700100206,2020년 9월 7일 12시,월요일,경상남도 합천군 묘산면,중상사고,0,1,0,0,차대차 - 측면충돌,직진우회전진행방해,건조,맑음,교차로 - 교차로안,사륜오토바이(ATV),여,66세,상해없음,원동기,여,60세,중상
2020090700100207,2020년 9월 7일 12시,월요일,경상남도 창녕군 부곡면,중상사고,0,1,0,0,차량단독 - 공작물충돌,안전운전불이행,젖음/습기,비,단일로 - 기타,승용,남,68세,중상,,,,
2020090700100208,2020년 9월 7일 12시,월요일,경상남도 고성군 고성읍,경상사고,0,0,1,0,차대차 - 기타,교차로운행방법위반,건조,맑음,주차장 - 주차장,승용,여,37세,상해없음,이륜,남,55세,경상
2020090700100209,2020년 9월 7일 12시,월요일,경상남도 김해시 화목동,경상사고,0,0,1,0,차대차 - 측면충돌,안전거리미확보,젖음/습기,비,단일로 - 기타,화물,남,53세,기타불명,승용,여,25세,경상
2020090700100242,2020년 9월 7일 13시,월요일,경상남도 창원시 마산합포구 오동동,부상신고사고,0,0,0,1,차대사람 - 기타,안전운전불이행,건조,맑음,교차로 - 교차로부근,승용,여,62세,상해없음,보행자,여,23세,부상신고
2020090700100243,2020년 9월 7일 13시,월요일,경상남도 사천시 사천읍,경상사고,0,0,1,0,차대차 - 측면충돌,교차로운행방법위반,건조,맑음,교차로 - 교차로안,승용,남,60세,상해없음,승용,남,47세,경상
2020090700100244,2020년 9월 7일 13시,월요일,경상남도 양산시 물금읍,경상사고,0,0,2,0,차대차 - 기타,안전거리미확보,젖음/습기,비,단일로 - 기타,승용,여,23세,상해없음,승용,남,49세,경상
2020090700100245,2020년 9월 7일 13시,월요일,경상남도 고성군 고성읍,경상사고,0,0,1,0,차대차 - 추돌,안전운전불이행,건조,맑음,단일로 - 기타,승용,남,83세,상해없음,자전거,여,66세,경상
2020090700100246,2020년 9월 7일 13시,월요일,경상남도 산청군 산청읍,부상신고사고,0,0,0,1,차량단독 - 공작물충돌,안전운전불이행,건조,맑음,단일로 - 기타,승용,여,36세,부상신고,,,,
2020090700100284,2020년 9월 7일 14시,월요일,경상남도 창원시 진해구 소사동,중상사고,0,1,1,0,차대차 - 기타,신호위반,젖음/습기,흐림,교차로 - 교차로안,승용,남,34세,상해없음,승용,남,50세,경상
2020090700100285,2020년 9월 7일 14시,월요일,경상남도 창원시 진해구 남문동,경상사고,0,0,1,0,차대차 - 기타,안전운전불이행,건조,맑음,단일로 - 기타,화물,남,45세,상해없음,승용,남,41세,경상