사고번호,사고일시,요일,시군구,사고내용,사망자수,중상자수,경상자수,부상신고자수,사고유형,법규위반,노면상태,기상상태,도로형태,가해운전자 차종,가해운전자 성별,가해운전자 연령,가해운전자 상해정도,피해운전자 차종,피해운전자 성별,피해운전자 연령,피해운전자 상해정도
2020090700100318,2020년 9월 7일 15시,월요일,경상남도 밀양시 상남면,경상사고,0,0,2,0,차대차 - 추돌,안전운전불이행,건조,맑음,단일로 - 기타,승용,여,53세,경상,승용,남,59세,상해없음
2020090700100319,2020년 9월 7일 15시,월요일,경상남도 김해시 삼방동,경상사고,0,0,1,0,차대차 - 추돌,직진우회전진행방해,건조,맑음,교차로 - 교차로안,승용,여,26세,상해없음,승용,남,67세,상해없음
2020090700100351,2020년 9월 7일 16시,월요일,경상남도 김해시 율하동,중상사고,0,1,1,0,차대차 - 추돌,안전운전불이행,건조,맑음,단일로 - 기타,승합,남,43세,상해없음,승용,여,41세,경상
2020090700100352,2020년 9월 7일 16시,월요일,경상남도 김해시 대청동,중상사고,0,1,1,0,차대차 - 측면충돌,안전운전불이행,건조,맑음,교차로 - 교차로안,승용,여,60세,경상,승용,남,43세,중상
2020090700100383,2020년 9월 7일 17시,월요일,경상남도 진주시 상대동,중상사고,0,1,0,0,차대차 - 추돌,안전운전불이행,건조,맑음,교차로 - 교차로안,승용,남,48세,상해없음,승용,남,48세,중상
2020090700100424,2020년 9월 7일 18시,월요일,경상남도 합천군 율곡면,경상사고,0,0,1,0,차량단독 - 전도전복 - 전도,안전운전불이행,젖음/습기,비,단일로 - 기타,이륜,남,72세,경상,,,,
2020090700100467,2020년 9월 7일 19시,월요일,경상남도 창원시 의창구 팔용동,중상사고,0,1,0,0,차대차 - 측면충돌,신호위반,건조,맑음,교차로 - 교차로안,화물,남,28세,상해없음,이륜,남,48세,중상
2020090700100541,2020년 9월 7일 21시,월요일,경상남도 창원시 진해구 청안동,중상사고,0,1,0,0,차량단독 - 전도전복 - 전도,안전운전불이행,건조,맑음,단일로 - 기타,개인형이동수단(PM),남,48세,중상,,,,
2020090700100542,2020년 9월 7일 21시,월요일,경상남도 김해시 장유동,중상사고,0,2,2,0,차대차 - 측면충돌,신호위반,건조,맑음,교차로 - 교차로안,승용,여,52세,상해없음,화물,남,50세,경상
2020090700100565,2020년 9월 7일 22시,월요일,경상남도 통영시 무전동,경상사고,0,0,2,0,차대차 - 추돌,안전운전불이행,건조,맑음,기타 - 기타,승용,여,45세,상해없음,승용,여,47세,경상
2020090700100580,2020년 9월 7일 23시,월요일,경상남도 창원시 의창구 팔용동,경상사고,0,0,1,0,차대차 - 측면충돌,신호위반,건조,맑음,교차로 - 교차로안,승용,여,51세,상해없음,승용,여,35세,경상
2020090800100028,2020년 9월 8일 03시,화요일,경상남도 김해시 외동,중상사고,0,1,0,0,차량단독 - 전도전복 - 전도,안전운전불이행,건조,맑음,단일로 - 기타,이륜,여,24세,중상,,,,
2020090800100033,2020년 9월 8일 04시,화요일,경상남도 사천시 동금동,중상사고,0,1,0,0,차대차 - 측면충돌,신호위반,건조,맑음,교차로 - 교차로안,승용,여,54세,상해없음,승용,남,60세,중상
2020090800100037,2020년 9월 8일 05시,화요일,경상남도 진주시 이현동,중상사고,0,1,0,0,차대차 - 측면충돌,교차로운행방법위반,건조,맑음,교차로 - 교차로안,개인형이동수단(PM),남,15세,중상,화물,남,60세,상해없음
2020090800100038,2020년 9월 8일 05시,화요일,경상남도 거제시 고현동,중상사고,0,1,0,0,차대사람 - 기타,안전운전불이행,건조,맑음,단일로 - 기타,이륜,남,23세,상해없음,보행자,남,50세,중상
2020090800100039,2020년 9월 8일 05시,화요일,경상남도 창원시 의창구 북면,중상사고,0,2,0,0,차대차 - 추돌,안전운전불이행,건조,맑음,단일로 - 기타,화물,남,69세,상해없음,농기계,남,69세,중상
2020090800100072,2020년 9월 8일 07시,화요일,경상남도 통영시 광도면,중상사고,0,1,0,0,차대사람 - 횡단중,신호위반,건조,맑음,교차로 - 교차로안,승용,남,26세,상해없음,보행자,남,17세,중상
2020090800100073,2020년 9월 8일 07시,화요일,경상남도 양산시 북정동,경상사고,0,0,2,0,차대차 - 측면충돌,직진우회전진행방해,건조,맑음,교차로 - 교차로안,승용,남,28세,상해없음,승용,남,70세,경상
2020090800100074,2020년 9월 8일 07시,화요일,경상남도 양산시 북정동,경상사고,0,0,1,0,차대차 - 후진중충돌,안전운전불이행,건조,맑음,교차로 - 교차로안,승용,남,61세,상해없음,승용,남,43세,경상
2020090800100153,2020년 9월 8일 09시,화요일,경상남도 창원시 진해구 용원동,경상사고,0,0,2,0,차대차 - 기타,신호위반,건조,맑음,교차로 - 교차로안,승용,남,59세,상해없음,화물,남,58세,경상
2020090800100154,2020년 9월 8일 09시,화요일,경상남도 양산시 물금읍,경상사고,0,0,1,0,차대차 - 후진중충돌,안전운전불이행,건조,맑음,교차로 - 교차로부근,승용,여,50세,상해없음,승용,남,45세,경상
2020090800100155,2020년 9월 8일 09시,화요일,경상남도 양산시 동면,경상사고,0,0,3,2,차대차 - 기타,교차로운행방법위반,건조,맑음,교차로 - 교차로안,승용,남,37세,부상신고,승용,여,33세,경상
2020090800100182,2020년 9월 8일 10시,화요일,경상남도 창원시 마산합포구 중성동,중상사고,0,1,1,0,차대차 - 측면충돌,불법유턴,건조,맑음,단일로 - 기타,이륜,남,70세,중상,승용,여,54세,경상
2020090800100183,2020년 9월 8일 10시,화요일,경상남도 고성군 거류면,중상사고,0,1,0,0,차대차 - 기타,신호위반,건조,맑음,교차로 - 교차로안,승용,여,40세,상해없음,원동기,남,85세,중상
2020090800100248,2020년 9월 8일 12시,화요일,경상남도 창원시 마산합포구 진전면,경상사고,0,0,1,0,차량단독 - 공작물충돌,안전운전불이행,건조,맑음,단일로 - 기타,승용,남,40세,경상,,,,
2020090800100249,2020년 9월 8일 12시,화요일,경상남도 창원시 진해구 두동,경상사고,0,0,1,0,차대차 - 기타,안전운전불이행,건조,맑음,교차로 - 교차로부근,승용,남,24세,상해없음,이륜,남,66세,경상
2020090800100250,2020년 9월 8일 12시,화요일,경상남도 창원시 마산회원구 내서읍,중상사고,0,1,0,0,차대차 - 정면충돌,중앙선침범,건조,맑음,단일로 - 기타,승용,여,62세,상해없음,자전거,남,22세,중상
2020090800100276,2020년 9월 8일 13시,화요일,경상남도 양산시 덕계동,중상사고,0,1,0,0,차대사람 - 기타,안전운전불이행,건조,맑음,기타 - 기타,승용,여,75세,상해없음,보행자,여,79세,중상
2020090800100277,2020년 9월 8일 13시,화요일,경상남도 함안군 군북면,중상사고,0,1,0,0,차대차 - 측면충돌,안전운전불이행,건조,맑음,교차로 - 교차로안,승용,여,21세,기타불명,이륜,남,36세,중상
2020090800100278,2020년 9월 8일 13시,화요일,경상남도 김해시 관동동,경상사고,0,0,1,0,차대차 - 측면충돌,교차로운행방법위반,건조,맑음,교차로 - 교차로안,이륜,남,40세,경상,승용,남,33세,상해없음
2020090800100307,2020년 9월 8일 14시,화요일,경상남도 김해시 부원동,경상사고,0,0,1,0,차대차 - 후진중충돌,안전운전불이행,건조,맑음,단일로 - 기타,화물,남,57세,기타불명,승용,여,29세,경상
2020090800100308,2020년 9월 8일 14시,화요일,경상남도 거제시 연초면,경상사고,0,0,1,0,차대차 - 측면충돌,안전운전불이행,건조,맑음,교차로 - 교차로안,승용,남,60세,상해없음,승용,여,40세,경상
2020090800100309,2020년 9월 8일 14시,화요일,경상남도 거제시 연초면,경상사고,0,0,1,0,차대차 - 기타,안전운전불이행,건조,맑음,기타 - 기타,이륜,남,55세,경상,승용,남,54세,상해없음
2020090800100310,2020년 9월 8일 14시,화요일,경상남도 함안군 산인면,경상사고,0,0,1,0,차량단독 - 공작물충돌,안전운전불이행,건조,맑음,교차로 - 교차로부근,승용,남,31세,경상,,,,
2020090800100311,2020년 9월 8일 14시,화요일,경상남도 김해시 율하동,부상신고사고,0,0,0,1,차량단독 - 전도전복 - 전도,안전운전불이행,젖음/습기,맑음,단일로 - 기타,이륜,남,42세,부상신고,,,,
2020090800100349,2020년 9월 8일 15시,화요일,경상남도 밀양시 용평동,중상사고,0,1,0,0,차대차 - 측면충돌,안전운전불이행,건조,맑음,단일로 - 기타,승용,남,71세,상해없음,화물,여,65세,중상
2020090800100399,2020년 9월 8일 16시,화요일,경상남도 산청군 단성면,경상사고,0,0,1,0,차대차 - 기타,안전운전불이행,건조,맑음,단일로 - 기타,승용,여,62세,상해없음,이륜,남,87세,경상
2020090800100400,2020년 9월 8일 16시,화요일,경상남도 창원시 성산구 양곡동,사망사고,1,0,0,0,차대차 - 측면충돌,신호위반,건조,맑음,교차로 - 교차로안,승용,남,64세,상해없음,이륜,남,49세,사망
2020090800100440,2020년 9월 8일 17시,화요일,경상남도 창원시 마산합포구 자산동,경상사고,0,0,1,0,차대차 - 추돌,안전운전불이행,건조,맑음,교차로 - 교차로부근,승용,남,63세,상해없음,승용,여,37세,경상
2020090800100441,2020년 9월 8일 17시,화요일,경상남도 통영시 도천동,경상사고,0,0,2,0,차대차 - 측면충돌,교차로운행방법위반,건조,맑음,교차로 - 교차로안,승용,남,58세,상해없음,화물,남,48세,경상
2020090800100442,2020년 9월 8일 17시,화요일,경상남도 사천시 용현면,부상신고사고,0,0,0,1,차대차 - 기타,안전운전불이행,젖음/습기,맑음,교차로 - 교차로안,이륜,남,66세,부상신고,승용,남,30세,상해없음
2020090800100482,2020년 9월 8일 18시,화요일,경상남도 창원시 진해구 태백동,경상사고,0,0,1,0,차대차 - 측면충돌,안전운전불이행,건조,맑음,교차로 - 교차로부근,승용,남,58세,상해없음,승용,남,36세,경상
2020090800100522,2020년 9월 8일 19시,화요일,경상남도 창원시 성산구 가음정동,경상사고,0,0,1,0,차대차 - 측면충돌,중앙선침범,건조,맑음,교차로 - 교차로안,승용,남,37세,상해없음,개인형이동수단(PM),남,36세,경상
2020090800100589,2020년 9월 8일 21시,화요일,경상남도 거제시 거제면,중상사고,0,1,0,0,차량단독 - 공작물충돌,안전운전불이행,건조,맑음,단일로 - 기타,이륜,남,53세,중상,,,,
2020090800100618,2020년 9월 8일 22시,화요일,경상남도 김해시 삼계동,경상사고,0,0,2,0,차대차 - 기타,안전운전불이행,건조,맑음,교차로 - 교차로안,승용,여,45세,경상,화물,여,47세,경상
2020090800100619,2020년 9월 8일 22시,화요일,경상남도 창원시 성산구 내동,경상사고,0,0,1,0,차대차 - 추돌,안전운전불이행,건조,맑음,교차로 - 교차로부근,승용,남,58세,상해없음,승용,남,58세,경상
2020090900100045,2020년 9월 9일 06시,수요일,경상남도 창원시 마산합포구 해운동,중상사고,0,2,0,0,차대차 - 측면충돌,신호위반,건조,맑음,교차로 - 교차로횡단보도내,이륜,남,44세,중상,자전거,남,64세,중상
2020090900100047,2020년 9월 9일 06시,수요일,경상남도 창녕군 장마면,경상사고,0,0,1,0,차대차 - 측면충돌,안전거리미확보,건조,맑음,단일로 - 기타,승용,남,39세,상해없음,승용,남,42세,경상
2020090900100065,2020년 9월 9일 07시,수요일,경상남도 사천시 사남면,중상사고,0,1,1,0,차대차 - 측면충돌,신호위반,젖음/습기,비,교차로 - 교차로안,승용,남,29세,경상,승용,남,21세,중상
2020090900100066,2020년 9월 9일 07시,수요일,경상남도 하동군 진교면,중상사고,0,1,0,0,차대사람 - 기타,안전운전불이행,젖음/습기,비,단일로 - 기타,승용,남,75세,상해없음,보행자,남,50세,중상
2020090900100091,2020년 9월 9일 08시,수요일,경상남도 창원시 진해구 두동,중상사고,0,1,1,0,차대차 - 추돌,안전운전불이행,건조,맑음,단일로 - 기타,승용,남,33세,상해없음,승용,여,57세,상해없음
2020090900100092,2020년 9월 9일 08시,수요일,경상남도 양산시 물금읍,경상사고,0,0,1,0,차대차 - 측면충돌,안전운전불이행,건조,맑음,교차로 - 교차로안,승용,남,62세,상해없음,승용,남,61세,경상
2020090900100181,2020년 9월 9일 11시,수요일,경상남도 통영시 동호동,중상사고,0,1,0,0,차대사람 - 기타,안전운전불이행,건조,맑음,단일로 - 기타,건설기계,남,63세,상해없음,보행자,남,61세,중상
2020090900100182,2020년 9월 9일 11시,수요일,경상남도 김해시 진영읍,중상사고,0,1,2,0,차대차 - 추돌,안전운전불이행,건조,맑음,교차로 - 교차로안,화물,남,58세,상해없음,화물,남,66세,중상
2020090900100228,2020년 9월 9일 13시,수요일,경상남도 거제시 상동동,중상사고,0,1,0,0,차대차 - 기타,신호위반,건조,맑음,교차로 - 교차로안,승용,남,57세,상해없음,이륜,남,22세,중상
2020090900100264,2020년 9월 9일 14시,수요일,경상남도 창원시 진해구 용원동,중상사고,0,1,0,0,차대차 - 기타,교차로운행방법위반,건조,맑음,교차로 - 교차로안,승용,여,41세,상해없음,원동기,남,90세,중상
2020090900100305,2020년 9월 9일 15시,수요일,경상남도 진주시 상대동,중상사고,0,1,0,0,차대사람 - 횡단중,보행자보호의무위반,건조,맑음,단일로 - 기타,화물,여,55세,상해없음,보행자,남,8세,중상
2020090900100306,2020년 9월 9일 15시,수요일,경상남도 창원시 진해구 용원동,경상사고,0,0,3,0,차대차 - 측면충돌,안전운전불이행,건조,맑음,교차로 - 교차로안,승용,남,39세,경상,승용,남,43세,경상
2020090900100330,2020년 9월 9일 16시,수요일,경상남도 진주시 상평동,중상사고,0,1,0,0,차대사람 - 횡단중,안전운전불이행,건조,맑음,교차로 - 교차로부근,승용,남,80세,상해없음,보행자,여,73세,중상
2020090900100367,2020년 9월 9일 17시,수요일,경상남도 창원시 진해구 석동,경상사고,0,0,1,0,차대차 - 기타,안전운전불이행,건조,맑음,교차로 - 교차로부근,승용,남,44세,상해없음,이륜,남,41세,경상
2020090900100411,2020년 9월 9일 18시,수요일,경상남도 양산시 명동,중상사고,0,1,0,0,차대사람 - 횡단중,보행자보호의무위반,건조,맑음,교차로 - 교차로횡단보도내,승용,남,30세,상해없음,보행자,여,15세,중상
2020090900100445,2020년 9월 9일 19시,수요일,경상남도 진주시 하대동,중상사고,0,1,0,0,차대사람 - 횡단중,안전운전불이행,건조,맑음,교차로 - 교차로부근,승합,남,36세,상해없음,보행자,여,61세,중상
2020090900100446,2020년 9월 9일 19시,수요일,경상남도 진주시 봉곡동,경상사고,0,0,1,0,차대차 - 추돌,안전운전불이행,건조,맑음,교차로 - 교차로부근,승용,남,51세,상해없음,승용,남,50세,경상
2020090900100447,2020년 9월 9일 19시,수요일,경상남도 밀양시 교동,중상사고,0,1,3,0,차대차 - 추돌,안전운전불이행,건조,맑음,단일로 - 기타,화물,남,56세,경상,승용,남,25세,경상
2020090900100448,2020년 9월 9일 19시,수요일,경상남도 창원시 마산회원구 내서읍,중상사고,0,1,0,0,차대사람 - 횡단중,안전운전불이행,건조,맑음,교차로 - 교차로부근,승용,남,67세,상해없음,보행자,남,75세,중상
2020090900100476,2020년 9월 9일 20시,수요일,경상남도 창원시 진해구 경화동,경상사고,0,0,1,0,차대차 - 측면충돌,안전운전불이행,건조,맑음,교차로 - 교차로안,자전거,남,39세,경상,승용,남,19세,상해없음
2020090900100508,2020년 9월 9일 21시,수요일,경상남도 통영시 광도면,경상사고,0,0,1,0,차대차 - 측면충돌,안전거리미확보,건조,맑음,단일로 - 기타,이륜,남,16세,상해없음,승용,남,25세,경상
2020090900100509,2020년 9월 9일 21시,수요일,경상남도 창원시 성산구 상남동,중상사고,0,1,0,0,차대사람 - 횡단중,교차로운행방법위반,건조,맑음,교차로 - 교차로안,승용,남,31세,상해없음,보행자,여,73세,중상
2020090900100534,2020년 9월 9일 22시,수요일,경상남도 진주시 대안동,경상사고,0,0,2,0,차대차 - 기타,안전운전불이행,젖음/습기,비,단일로 - 기타,승용,남,55세,상해없음,이륜,남,17세,경상
2020090900100535,2020년 9월 9일 22시,수요일,경상남도 김해시 어방동,부상신고사고,0,0,0,1,차대사람 - 횡단중,안전운전불이행,건조,맑음,단일로 - 기타,이륜,남,46세,상해없음,보행자,여,60세,부상신고
2020091000100020,2020년 9월 10일 03시,목요일,경상남도 창원시 의창구 팔용동,경상사고,0,0,1,0,차대차 - 측면충돌,신호위반,젖음/습기,비,교차로 - 교차로안,화물,남,51세,상해없음,승용,여,37세,경상
2020091000100028,2020년 9월 10일 05시,목요일,경상남도 창원시 진해구 안골동,중상사고,0,1,1,0,차대차 - 정면충돌,안전운전불이행,젖음/습기,흐림,교차로 - 교차로안,화물,남,57세,경상,승용,남,71세,중상
2020091000100057,2020년 9월 10일 07시,목요일,경상남도 창원시 진해구 석동,경상사고,0,0,2,0,차대차 - 측면충돌,직진우회전진행방해,건조,맑음,교차로 - 교차로안,승용,남,46세,상해없음,승용,남,45세,경상
2020091000100084,2020년 9월 10일 08시,목요일,경상남도 창녕군 창녕읍,중상사고,0,1,1,0,차대차 - 측면충돌,안전운전불이행,건조,맑음,교차로 - 교차로안,승용,여,77세,중상,승용,남,39세,경상
2020091000100085,2020년 9월 10일 08시,목요일,경상남도 김해시 대청동,중상사고,0,1,0,0,차대차 - 측면충돌,안전운전불이행,건조,맑음,단일로 - 기타,화물,남,43세,상해없음,승용,남,59세,중상
2020091000100104,2020년 9월 10일 09시,목요일,경상남도 창녕군 남지읍,경상사고,0,0,1,0,차대차 - 기타,불법유턴,건조,맑음,단일로 - 기타,화물,남,71세,상해없음,승용,여,56세,경상
2020091000100134,2020년 9월 10일 10시,목요일,경상남도 사천시 향촌동,경상사고,0,0,1,0,차대사람 - 차도통행중,교차로운행방법위반,건조,맑음,단일로 - 기타,화물,남,45세,상해없음,보행자,여,73세,경상
2020091000100169,2020년 9월 10일 11시,목요일,경상남도 창원시 진해구 남양동,경상사고,0,0,1,0,차량단독 - 전도전복 - 전도,안전운전불이행,건조,맑음,교차로 - 교차로안,이륜,남,84세,경상,,,,
2020091000100270,2020년 9월 10일 14시,목요일,경상남도 창원시 의창구 소계동,경상사고,0,0,1,0,차대차 - 추돌,안전거리미확보,건조,맑음,교차로 - 교차로부근,화물,남,51세,상해없음,승용,여,66세,경상
2020091000100338,2020년 9월 10일 16시,목요일,경상남도 통영시 욕지면,중상사고,0,1,0,0,차대사람 - 기타,안전운전불이행,건조,맑음,기타 - 기타,이륜,남,73세,상해없음,보행자,여,68세,중상
2020091000100339,2020년 9월 10일 16시,목요일,경상남도 함안군 가야읍,중상사고,0,1,0,0,차대차 - 측면충돌,기타,건조,맑음,교차로 - 교차로안,승용,여,35세,상해없음,이륜,여,75세,중상
2020091000100389,2020년 9월 10일 17시,목요일,경상남도 창원시 마산합포구 진전면,중상사고,0,1,0,0,차량단독 - 공작물충돌,안전운전불이행,건조,맑음,단일로 - 기타,승용,여,56세,중상,,,,
2020091000100444,2020년 9월 10일 18시,목요일,경상남도 진주시 가좌동,중상사고,0,1,0,0,차대사람 - 횡단중,보행자보호의무위반,건조,맑음,기타 - 기타,승용,여,31세,상해없음,보행자,여,66세,중상
2020091000100445,2020년 9월 10일 18시,목요일,경상남도 양산시 남부동,부상신고사고,0,0,0,1,차대차 - 기타,교차로운행방법위반,건조,맑음,교차로 - 교차로안,승용,남,44세,상해없음,승용,여,30세,부상신고
2020091000100446,2020년 9월 10일 18시,목요일,경상남도 거제시 장평동,경상사고,0,0,1,0,차대차 - 측면충돌,안전운전불이행,건조,맑음,단일로 - 기타,승용,여,40세,상해없음,승용,남,63세,상해없음
2020091000100447,2020년 9월 10일 18시,목요일,경상남도 창원시 성산구 외동,중상사고,0,1,0,0,차대차 - 추돌,안전운전불이행,건조,맑음,교차로 - 교차로부근,승용,남,59세,상해없음,승용,여,28세,중상
2020091000100485,2020년 9월 10일 19시,목요일,경상남도 김해시 진영읍,경상사고,0,0,1,0,차대차 - 기타,안전운전불이행,건조,맑음,교차로 - 교차로안,기타불명,기타불명,미분류,기타불명,승용,남,39세,경상
2020091000100543,2020년 9월 10일 21시,목요일,경상남도 진주시 문산읍,중상사고,0,2,0,0,차대차 - 추돌,안전운전불이행,건조,맑음,교차로 - 교차로부근,승용,여,38세,기타불명,승용,남,26세,중상
2020091000100544,2020년 9월 10일 21시,목요일,경상남도 김해시 구산동,중상사고,0,1,0,0,차량단독 - 기타,안전운전불이행,건조,맑음,교차로 - 교차로안,승용,남,45세,상해없음,,,,
2020091000100545,2020년 9월 10일 21시,목요일,경상남도 양산시 주진동,중상사고,0,1,0,0,차량단독 - 공작물충돌,안전운전불이행,건조,맑음,단일로 - 교량,이륜,남,60세,중상,,,,
2020091000100546,2020년 9월 10일 21시,목요일,경상남도 창원시 성산구 중앙동,부상신고사고,0,0,0,1,차대차 - 기타,안전운전불이행,건조,맑음,단일로 - 기타,승용,남,39세,상해없음,승용,여,33세,부상신고
2020091000100565,2020년 9월 10일 22시,목요일,경상남도 김해시 어방동,중상사고,0,2,2,0,차대차 - 정면충돌,교차로운행방법위반,건조,맑음,교차로 - 교차로안,화물,남,37세,경상,승용,남,26세,중상
2020091000100566,2020년 9월 10일 22시,목요일,경상남도 양산시 물금읍,경상사고,0,0,1,0,차대차 - 추돌,안전운전불이행,건조,맑음,미분류 - 미분류,승용,남,37세,상해없음,자전거,남,44세,경상
2020091000100567,2020년 9월 10일 22시,목요일,경상남도 창원시 성산구 상남동,경상사고,0,0,1,0,차대사람 - 기타,안전운전불이행,건조,맑음,교차로 - 교차로부근,승용,남,62세,경상,보행자,여,27세,상해없음
2020091100100009,2020년 9월 11일 00시,금요일,경상남도 창원시 성산구 내동,경상사고,0,0,1,0,차대차 - 기타,안전운전불이행,건조,맑음,단일로 - 기타,승용,남,33세,상해없음,승용,남,56세,경상
2020091100100015,2020년 9월 11일 01시,금요일,경상남도 창원시 진해구 자은동,부상신고사고,0,0,0,1,차대사람 - 기타,신호위반,건조,맑음,교차로 - 교차로횡단보도내,기타불명,기타불명,미분류,기타불명,보행자,남,50세,부상신고
2020091100100021,2020년 9월 11일 02시,금요일,경상남도 거창군 거창읍,경상사고,0,0,1,0,차대차 - 측면충돌,안전운전불이행,건조,맑음,단일로 - 기타,승용,남,18세,상해없음,이륜,남,17세,상해없음
2020091100100052,2020년 9월 11일 06시,금요일,경상남도 양산시 유산동,경상사고,0,0,1,0,차대차 - 기타,안전운전불이행,건조,맑음,교차로 - 교차로부근,승용,남,52세,기타불명,승용,남,36세,경상
2020091100100053,2020년 9월 11일 06시,금요일,경상남도 창원시 의창구 소답동,중상사고,0,1,0,0,차대차 - 측면충돌,안전운전불이행,젖음/습기,흐림,교차로 - 교차로부근,자전거,남,72세,중상,화물,남,59세,상해없음
2020091100100077,2020년 9월 11일 07시,금요일,경상남도 고성군 고성읍,경상사고,0,0,2,0,차대차 - 측면충돌,안전운전불이행,건조,맑음,단일로 - 기타,화물,남,75세,상해없음,승합,여,58세,경상
2020091100100078,2020년 9월 11일 07시,금요일,경상남도 의령군 화정면,중상사고,0,1,0,0,차대차 - 측면충돌,직진우회전진행방해,건조,맑음,교차로 - 교차로안,이륜,남,77세,중상,승용,여,52세,상해없음
2020091100100101,2020년 9월 11일 08시,금요일,경상남도 창녕군 남지읍,중상사고,0,1,0,0,차대차 - 후진중충돌,안전운전불이행,건조,맑음,단일로 - 기타,특수,남,57세,상해없음,자전거,남,24세,중상
2020091100100102,2020년 9월 11일 08시,금요일,경상남도 함양군 함양읍,경상사고,0,0,1,1,차대차 - 측면충돌,교차로운행방법위반,젖음/습기,비,교차로 - 교차로안,화물,남,67세,부상신고,승용,여,56세,경상
2020091100100128,2020년 9월 11일 09시,금요일,경상남도 고성군 고성읍,중상사고,0,1,0,0,차대차 - 측면충돌,교차로운행방법위반,건조,맑음,교차로 - 교차로안,화물,남,76세,상해없음,이륜,남,78세,중상
2020091100100159,2020년 9월 11일 10시,금요일,경상남도 사천시 향촌동,중상사고,0,1,0,0,차대사람 - 횡단중,안전운전불이행,건조,맑음,교차로 - 교차로안,승용,여,47세,상해없음,보행자,남,49세,중상
2020091100100186,2020년 9월 11일 11시,금요일,경상남도 사천시 사남면,경상사고,0,0,1,0,차대사람 - 횡단중,안전운전불이행,건조,맑음,교차로 - 교차로안,승용,여,45세,상해없음,보행자,여,58세,경상
2020091100100210,2020년 9월 11일 12시,금요일,경상남도 창원시 진해구 태백동,경상사고,0,0,1,0,차대차 - 측면충돌,안전운전불이행,건조,맑음,단일로 - 기타,승용,남,46세,상해없음,자전거,여,67세,경상
2020091100100211,2020년 9월 11일 12시,금요일,경상남도 밀양시 삼랑진읍,경상사고,0,0,1,0,차대차 - 측면충돌,중앙선침범,건조,맑음,단일로 - 기타,승용,남,77세,상해없음,자전거,남,66세,경상
2020091100100212,2020년 9월 11일 12시,금요일,경상남도 김해시 내동,중상사고,0,1,0,0,차대차 - 측면충돌,안전운전불이행,건조,맑음,교차로 - 교차로안,승용,남,61세,상해없음,이륜,남,63세,중상
2020091100100243,2020년 9월 11일 13시,금요일,경상남도 고성군 거류면,중상사고,0,3,0,0,차대차 - 정면충돌,중앙선침범,건조,맑음,단일로 - 기타,승합,남,52세,중상,승용,남,71세,중상
2020091100100244,2020년 9월 11일 13시,금요일,경상남도 김해시 관동동,경상사고,0,0,1,0,차량단독 - 공작물충돌,안전운전불이행,건조,흐림,교차로 - 교차로안,승용,남,24세,경상,,,,
2020091100100245,2020년 9월 11일 13시,금요일,경상남도 김해시 대청동,중상사고,0,1,0,0,차대차 - 측면충돌,안전운전불이행,건조,흐림,교차로 - 교차로안,승용,남,51세,상해없음,이륜,남,19세,중상
2020091100100266,2020년 9월 11일 14시,금요일,경상남도 양산시 유산동,중상사고,0,1,0,0,차대차 - 기타,안전거리미확보,건조,맑음,단일로 - 기타,승용,여,58세,상해없음,이륜,남,48세,중상
2020091100100267,2020년 9월 11일 14시,금요일,경상남도 창원시 마산회원구 구암동,경상사고,0,0,2,0,차대차 - 추돌,안전운전불이행,건조,맑음,단일로 - 기타,승용,남,68세,상해없음,승용,남,36세,경상
2020091100100289,2020년 9월 11일 15시,금요일,경상남도 김해시 상동면,경상사고,0,0,2,0,차대차 - 추돌,신호위반,건조,맑음,단일로 - 교량,승용,남,64세,상해없음,승용,남,68세,경상
2020091100100332,2020년 9월 11일 16시,금요일,경상남도 밀양시 내이동,경상사고,0,0,1,0,차대차 - 측면충돌,안전운전불이행,건조,맑음,주차장 - 주차장,승용,여,40세,상해없음,승용,여,40세,경상
2020091100100333,2020년 9월 11일 16시,금요일,경상남도 남해군 이동면,중상사고,0,1,0,0,차량단독 - 공작물충돌,안전운전불이행,건조,맑음,단일로 - 기타,승용,남,19세,상해없음,,,,
2020091100100381,2020년 9월 11일 17시,금요일,경상남도 진주시 이현동,경상사고,0,0,1,0,차대차 - 추돌,안전운전불이행,젖음/습기,비,단일로 - 기타,화물,남,60세,상해없음,승용,남,78세,경상
2020091100100382,2020년 9월 11일 17시,금요일,경상남도 김해시 삼방동,경상사고,0,0,1,0,차대사람 - 차도통행중,안전운전불이행,건조,맑음,단일로 - 기타,승용,여,58세,상해없음,보행자,남,19세,경상
2020091100100383,2020년 9월 11일 17시,금요일,경상남도 김해시 장유동,경상사고,0,0,2,0,차대차 - 측면충돌,직진우회전진행방해,건조,맑음,교차로 - 교차로안,승용,여,45세,경상,승용,여,31세,경상
2020091100100418,2020년 9월 11일 18시,금요일,경상남도 김해시 대동면,중상사고,0,1,2,0,차대차 - 추돌,안전운전불이행,건조,맑음,단일로 - 기타,승용,남,34세,상해없음,승합,남,28세,경상
2020091100100436,2020년 9월 11일 18시,금요일,경상남도 통영시 중앙동,경상사고,0,0,3,0,차대차 - 측면충돌,교차로운행방법위반,건조,맑음,교차로 - 교차로안,화물,남,47세,상해없음,승용,여,55세,경상
2020091100100438,2020년 9월 11일 18시,금요일,경상남도 창원시 성산구 중앙동,경상사고,0,0,1,0,차대차 - 측면충돌,안전운전불이행,건조,맑음,교차로 - 교차로안,승용,남,60세,상해없음,사륜오토바이(ATV),남,39세,경상