사고번호,사고일시,요일,시군구,사고내용,사망자수,중상자수,경상자수,부상신고자수,사고유형,법규위반,노면상태,기상상태,도로형태,가해운전자 차종,가해운전자 성별,가해운전자 연령,가해운전자 상해정도,피해운전자 차종,피해운전자 성별,피해운전자 연령,피해운전자 상해정도
2020091100100495,2020년 9월 11일 19시,금요일,경상남도 통영시 미수동,경상사고,0,0,1,1,차대차 - 기타,신호위반,건조,맑음,교차로 - 교차로안,승용,남,51세,상해없음,승용,남,65세,경상
2020091100100496,2020년 9월 11일 19시,금요일,경상남도 양산시 중부동,경상사고,0,0,2,0,차대차 - 기타,안전운전불이행,건조,맑음,교차로 - 교차로안,승용,남,60세,상해없음,승용,남,29세,경상
2020091100100497,2020년 9월 11일 19시,금요일,경상남도 양산시 상북면,경상사고,0,0,1,0,차대차 - 추돌,안전운전불이행,건조,맑음,교차로 - 교차로부근,승용,여,40세,기타불명,승용,여,21세,경상
2020091100100498,2020년 9월 11일 19시,금요일,경상남도 남해군 남해읍,경상사고,0,0,1,0,차대차 - 측면충돌,교차로운행방법위반,젖음/습기,비,교차로 - 교차로안,승용,남,67세,상해없음,승용,남,34세,경상
2020091100100499,2020년 9월 11일 19시,금요일,경상남도 창원시 마산회원구 구암동,경상사고,0,0,1,0,차대차 - 기타,안전운전불이행,건조,맑음,단일로 - 기타,승합,남,72세,상해없음,승용,남,39세,상해없음
2020091100100561,2020년 9월 11일 20시,금요일,경상남도 통영시 미수동,부상신고사고,0,0,0,1,차대사람 - 기타,기타,건조,맑음,단일로 - 기타,승용,남,19세,기타불명,보행자,남,28세,부상신고
2020091100100563,2020년 9월 11일 20시,금요일,경상남도 창원시 마산회원구 두척동,중상사고,0,1,0,0,차대차 - 정면충돌,중앙선침범,젖음/습기,비,단일로 - 기타,화물,남,73세,상해없음,승용,남,59세,중상
2020091100100609,2020년 9월 11일 21시,금요일,경상남도 진주시 가좌동,중상사고,0,1,0,0,차대사람 - 횡단중,안전운전불이행,젖음/습기,비,교차로 - 교차로안,승용,남,47세,기타불명,보행자,남,19세,중상
2020091100100610,2020년 9월 11일 21시,금요일,경상남도 거제시 고현동,중상사고,0,1,0,0,차량단독 - 기타,안전운전불이행,젖음/습기,비,교차로 - 교차로안,이륜,남,48세,중상,,,,
2020091100100651,2020년 9월 11일 22시,금요일,경상남도 창원시 성산구 내동,중상사고,0,1,0,0,차대차 - 추돌,안전운전불이행,젖음/습기,비,교차로 - 교차로부근,승용,여,59세,상해없음,승용,여,53세,중상
2020091200100015,2020년 9월 12일 00시,토요일,경상남도 진주시 평거동,경상사고,0,0,1,0,차대사람 - 길가장자리구역통행중,안전운전불이행,건조,맑음,단일로 - 기타,승용,여,28세,기타불명,보행자,남,30세,경상
2020091200100016,2020년 9월 12일 00시,토요일,경상남도 통영시 미수동,경상사고,0,0,5,0,차대차 - 측면충돌,안전운전불이행,젖음/습기,비,단일로 - 기타,승용,남,28세,경상,승용,남,28세,경상
2020091200100017,2020년 9월 12일 00시,토요일,경상남도 함안군 칠서면,경상사고,0,0,2,0,차대차 - 기타,중앙선침범,젖음/습기,비,단일로 - 기타,승용,남,67세,경상,화물,남,45세,경상
2020091200100018,2020년 9월 12일 00시,토요일,경상남도 창원시 마산회원구 회원동,경상사고,0,0,1,0,차대차 - 기타,안전운전불이행,젖음/습기,비,교차로 - 교차로안,승용,남,57세,상해없음,승용,남,29세,경상
2020091200100049,2020년 9월 12일 02시,토요일,경상남도 통영시 인평동,부상신고사고,0,0,0,2,차량단독 - 기타,안전운전불이행,건조,맑음,단일로 - 기타,승용,여,16세,부상신고,,,,
2020091200100067,2020년 9월 12일 04시,토요일,경상남도 진주시 초전동,경상사고,0,0,1,0,차대차 - 측면충돌,안전운전불이행,젖음/습기,흐림,교차로 - 교차로안,승용,남,30세,상해없음,승용,남,55세,상해없음
2020091200100080,2020년 9월 12일 05시,토요일,경상남도 진주시 강남동,중상사고,0,1,0,0,차대사람 - 횡단중,안전운전불이행,건조,맑음,교차로 - 교차로횡단보도내,화물,남,52세,상해없음,보행자,여,39세,중상
2020091200100118,2020년 9월 12일 08시,토요일,경상남도 밀양시 산외면,중상사고,0,1,0,0,차대차 - 측면충돌,안전운전불이행,건조,맑음,단일로 - 기타,승용,남,60세,중상,승용,남,41세,기타불명
2020091200100119,2020년 9월 12일 08시,토요일,경상남도 창원시 성산구 신촌동,경상사고,0,0,1,0,차대차 - 기타,신호위반,건조,맑음,교차로 - 교차로안,건설기계,남,57세,상해없음,특수,남,45세,경상
2020091200100140,2020년 9월 12일 09시,토요일,경상남도 거제시 옥포동,중상사고,0,1,0,0,차대사람 - 횡단중,안전운전불이행,건조,맑음,단일로 - 기타,승용,남,44세,상해없음,보행자,여,63세,중상
2020091200100169,2020년 9월 12일 10시,토요일,경상남도 합천군 청덕면,사망사고,1,0,0,0,차대차 - 기타,기타,건조,맑음,단일로 - 기타,화물,남,60세,상해없음,이륜,남,83세,사망
2020091200100170,2020년 9월 12일 10시,토요일,경상남도 거제시 사등면,경상사고,0,0,5,1,차대차 - 추돌,안전거리미확보,건조,맑음,단일로 - 기타,승용,남,41세,경상,승용,남,41세,상해없음
2020091200100171,2020년 9월 12일 10시,토요일,경상남도 김해시 흥동,중상사고,0,1,0,0,차대차 - 측면충돌,신호위반,건조,맑음,교차로 - 교차로안,화물,남,57세,상해없음,원동기,남,77세,중상
2020091200100286,2020년 9월 12일 13시,토요일,경상남도 밀양시 상남면,경상사고,0,0,1,1,차대차 - 측면충돌,안전운전불이행,건조,맑음,단일로 - 기타,승용,남,48세,부상신고,승용,여,65세,경상
2020091200100321,2020년 9월 12일 14시,토요일,경상남도 합천군 초계면,경상사고,0,0,2,0,차대차 - 측면충돌,교차로운행방법위반,건조,맑음,교차로 - 교차로안,승용,남,53세,경상,승용,남,32세,경상
2020091200100370,2020년 9월 12일 15시,토요일,경상남도 통영시 중앙동,경상사고,0,0,1,0,차대사람 - 기타,안전운전불이행,건조,맑음,단일로 - 기타,승합,남,60세,상해없음,보행자,여,75세,경상
2020091200100371,2020년 9월 12일 15시,토요일,경상남도 고성군 고성읍,경상사고,0,0,2,0,차대차 - 측면충돌,안전운전불이행,건조,맑음,단일로 - 기타,화물,여,63세,상해없음,자전거,남,13세,경상
2020091200100405,2020년 9월 12일 16시,토요일,경상남도 창원시 마산합포구 구산면,경상사고,0,0,2,0,차대차 - 측면충돌,안전거리미확보,건조,맑음,교차로 - 교차로안,승용,남,74세,상해없음,승용,남,44세,경상
2020091200100406,2020년 9월 12일 16시,토요일,경상남도 사천시 사남면,중상사고,0,3,2,0,차대차 - 측면충돌,신호위반,건조,흐림,교차로 - 교차로안,승용,남,79세,상해없음,승용,남,60세,중상
2020091200100407,2020년 9월 12일 16시,토요일,경상남도 밀양시 내이동,경상사고,0,0,2,0,차대차 - 측면충돌,안전운전불이행,건조,맑음,단일로 - 기타,승용,남,31세,상해없음,승용,남,69세,경상
2020091200100408,2020년 9월 12일 16시,토요일,경상남도 김해시 삼방동,중상사고,0,1,1,1,차대차 - 측면충돌,직진우회전진행방해,건조,맑음,교차로 - 교차로안,승용,남,38세,상해없음,화물,남,73세,중상
2020091200100409,2020년 9월 12일 16시,토요일,경상남도 합천군 합천읍,중상사고,0,1,0,0,차대차 - 기타,안전거리미확보,젖음/습기,비,단일로 - 기타,승용,남,58세,상해없음,화물,남,52세,중상
2020091200100509,2020년 9월 12일 19시,토요일,경상남도 창녕군 창녕읍,경상사고,0,0,1,0,차대차 - 측면충돌,과속,건조,맑음,단일로 - 기타,승용,남,30세,상해없음,승용,남,35세,경상
2020091200100540,2020년 9월 12일 20시,토요일,경상남도 양산시 동면,중상사고,0,2,1,0,차대차 - 측면충돌,안전운전불이행,건조,맑음,교차로 - 교차로안,승용,여,50세,경상,승용,여,23세,중상
2020091200100541,2020년 9월 12일 20시,토요일,경상남도 창원시 의창구 북면,부상신고사고,0,0,0,1,차대사람 - 횡단중,보행자보호의무위반,건조,맑음,교차로 - 교차로횡단보도내,기타불명,기타불명,미분류,기타불명,보행자,남,7세,부상신고
2020091300100005,2020년 9월 13일 00시,일요일,경상남도 창원시 성산구 상남동,경상사고,0,0,2,0,차대사람 - 차도통행중,안전운전불이행,건조,맑음,교차로 - 교차로부근,승합,남,39세,상해없음,보행자,남,41세,경상
2020091300100006,2020년 9월 13일 00시,일요일,경상남도 김해시 관동동,경상사고,0,0,2,0,차대차 - 측면충돌,신호위반,건조,맑음,교차로 - 교차로안,원동기,남,19세,경상,승용,남,49세,경상
2020091300100062,2020년 9월 13일 07시,일요일,경상남도 김해시 구산동,중상사고,0,1,0,0,차량단독 - 공작물충돌,안전운전불이행,건조,맑음,단일로 - 기타,이륜,남,18세,중상,,,,
2020091300100071,2020년 9월 13일 08시,일요일,경상남도 통영시 평림동,중상사고,0,3,0,0,차량단독 - 도로외이탈 - 추락,안전운전불이행,건조,맑음,단일로 - 기타,승합,남,56세,상해없음,,,,
2020091300100135,2020년 9월 13일 11시,일요일,경상남도 창원시 진해구 덕산동,경상사고,0,0,1,0,차대차 - 측면충돌,안전거리미확보,건조,맑음,교차로 - 교차로안,승용,여,39세,상해없음,화물,남,58세,경상
2020091300100136,2020년 9월 13일 11시,일요일,경상남도 통영시 항남동,경상사고,0,0,1,0,차대사람 - 기타,기타,건조,맑음,기타 - 기타,기타불명,기타불명,미분류,기타불명,보행자,여,71세,경상
2020091300100137,2020년 9월 13일 11시,일요일,경상남도 사천시 사천읍,경상사고,0,0,4,0,차대차 - 측면충돌,교차로운행방법위반,건조,흐림,교차로 - 교차로안,승용,여,61세,상해없음,승용,남,38세,경상
2020091300100138,2020년 9월 13일 11시,일요일,경상남도 합천군 청덕면,사망사고,1,2,0,1,차대차 - 정면충돌,중앙선침범,기타,맑음,기타 - 기타,승용,남,33세,부상신고,승용,남,68세,중상
2020091300100173,2020년 9월 13일 12시,일요일,경상남도 창원시 진해구 덕산동,중상사고,0,1,0,0,차대차 - 기타,안전거리미확보,건조,맑음,교차로 - 교차로부근,이륜,남,43세,중상,승용,여,45세,상해없음
2020091300100174,2020년 9월 13일 12시,일요일,경상남도 사천시 사천읍,경상사고,0,0,1,0,차대차 - 측면충돌,안전운전불이행,건조,맑음,교차로 - 교차로안,승용,남,72세,상해없음,승용,남,52세,경상
2020091300100175,2020년 9월 13일 12시,일요일,경상남도 김해시 부원동,중상사고,0,1,1,0,차대차 - 측면충돌,직진우회전진행방해,건조,맑음,교차로 - 교차로안,승용,남,49세,상해없음,이륜,남,17세,중상
2020091300100176,2020년 9월 13일 12시,일요일,경상남도 거제시 수월동,경상사고,0,0,1,0,차대차 - 측면충돌,신호위반,건조,맑음,교차로 - 교차로안,승용,여,60세,상해없음,승용,남,67세,경상
2020091300100177,2020년 9월 13일 12시,일요일,경상남도 창원시 의창구 북면,경상사고,0,0,4,0,차대차 - 측면충돌,교차로운행방법위반,건조,맑음,교차로 - 교차로안,승용,남,65세,상해없음,승용,남,51세,경상
2020091300100248,2020년 9월 13일 14시,일요일,경상남도 창원시 마산합포구 창동,경상사고,0,0,1,0,차대사람 - 기타,안전운전불이행,건조,맑음,단일로 - 기타,승용,여,43세,상해없음,보행자,남,39세,경상
2020091300100280,2020년 9월 13일 15시,일요일,경상남도 통영시 무전동,중상사고,0,1,1,0,차대차 - 추돌,안전운전불이행,건조,맑음,교차로 - 교차로부근,승용,남,35세,상해없음,승용,남,57세,중상
2020091300100281,2020년 9월 13일 15시,일요일,경상남도 밀양시 무안면,경상사고,0,0,1,0,차대차 - 정면충돌,중앙선침범,건조,맑음,단일로 - 기타,승용,남,65세,상해없음,승용,여,50세,경상
2020091300100282,2020년 9월 13일 15시,일요일,경상남도 거제시 둔덕면,경상사고,0,0,2,0,차대차 - 기타,중앙선침범,건조,맑음,단일로 - 기타,승용,남,41세,상해없음,화물,남,43세,경상
2020091300100319,2020년 9월 13일 16시,일요일,경상남도 창원시 진해구 장천동,경상사고,0,0,1,0,차대차 - 추돌,안전운전불이행,건조,맑음,교차로 - 교차로부근,승용,남,45세,상해없음,승용,여,59세,경상
2020091300100320,2020년 9월 13일 16시,일요일,경상남도 김해시 진영읍,중상사고,0,1,0,0,차대차 - 측면충돌,안전운전불이행,건조,맑음,단일로 - 기타,승용,남,69세,상해없음,자전거,남,13세,중상
2020091300100349,2020년 9월 13일 17시,일요일,경상남도 창원시 진해구 이동,경상사고,0,0,3,0,차대차 - 기타,신호위반,건조,맑음,교차로 - 교차로부근,이륜,남,39세,경상,승용,남,59세,경상
2020091300100350,2020년 9월 13일 17시,일요일,경상남도 함안군 대산면,중상사고,0,1,0,0,차량단독 - 도로외이탈 - 추락,안전운전불이행,건조,맑음,교차로 - 교차로부근,승용,남,72세,중상,,,,
2020091300100392,2020년 9월 13일 18시,일요일,경상남도 양산시 물금읍,중상사고,0,1,0,0,차대사람 - 횡단중,신호위반,건조,맑음,단일로 - 기타,이륜,남,38세,상해없음,보행자,남,19세,중상
2020091300100416,2020년 9월 13일 19시,일요일,경상남도 사천시 노룡동,중상사고,0,2,0,0,차대차 - 추돌,안전운전불이행,건조,맑음,교차로 - 교차로부근,승용,남,69세,중상,승용,남,61세,중상
2020091300100417,2020년 9월 13일 19시,일요일,경상남도 김해시 동상동,중상사고,0,1,0,0,차대차 - 기타,신호위반,건조,맑음,단일로 - 기타,원동기,남,37세,중상,승용,남,27세,상해없음
2020091300100418,2020년 9월 13일 19시,일요일,경상남도 창원시 의창구 북면,사망사고,1,0,0,0,차대사람 - 횡단중,안전운전불이행,건조,맑음,단일로 - 기타,승용,남,44세,상해없음,보행자,여,88세,사망
2020091300100440,2020년 9월 13일 20시,일요일,경상남도 창녕군 남지읍,경상사고,0,0,1,0,차대차 - 기타,안전운전불이행,건조,맑음,단일로 - 기타,승용,여,49세,경상,화물,남,55세,상해없음
2020091300100469,2020년 9월 13일 22시,일요일,경상남도 창원시 마산합포구 중앙동1가,중상사고,0,1,0,0,차대사람 - 기타,안전운전불이행,건조,맑음,단일로 - 기타,원동기,남,23세,상해없음,보행자,남,47세,중상
2020091300100470,2020년 9월 13일 22시,일요일,경상남도 진주시 내동면,경상사고,0,0,2,0,차대차 - 측면충돌,중앙선침범,건조,맑음,교차로 - 교차로부근,기타불명,기타불명,미분류,기타불명,승용,남,43세,경상
2020091400100034,2020년 9월 14일 05시,월요일,경상남도 김해시 삼방동,중상사고,0,1,0,0,차대차 - 측면충돌,직진우회전진행방해,건조,맑음,교차로 - 교차로안,승용,남,52세,상해없음,화물,남,57세,중상
2020091400100035,2020년 9월 14일 05시,월요일,경상남도 양산시 물금읍,경상사고,0,0,1,0,차대차 - 기타,안전운전불이행,건조,맑음,단일로 - 기타,승용,남,66세,상해없음,자전거,남,80세,경상
2020091400100036,2020년 9월 14일 05시,월요일,경상남도 김해시 신문동,경상사고,0,0,1,0,차대차 - 추돌,안전운전불이행,건조,맑음,단일로 - 기타,이륜,남,20세,경상,승용,남,57세,상해없음
2020091400100083,2020년 9월 14일 07시,월요일,경상남도 산청군 신안면,경상사고,0,0,1,0,차대차 - 측면충돌,안전거리미확보,기타,안개,단일로 - 기타,화물,남,68세,상해없음,화물,남,59세,경상
2020091400100125,2020년 9월 14일 08시,월요일,경상남도 창원시 진해구 죽곡동,경상사고,0,0,1,0,차대차 - 측면충돌,안전운전불이행,건조,맑음,단일로 - 기타,승용,남,59세,상해없음,승용,여,40세,경상
2020091400100126,2020년 9월 14일 08시,월요일,경상남도 통영시 명정동,경상사고,0,0,2,0,차대차 - 추돌,안전운전불이행,건조,맑음,기타 - 기타,승용,여,35세,상해없음,승용,남,56세,경상
2020091400100127,2020년 9월 14일 08시,월요일,경상남도 밀양시 상동면,경상사고,0,0,2,0,차대차 - 측면충돌,안전운전불이행,건조,맑음,교차로 - 교차로안,화물,남,32세,상해없음,화물,남,66세,경상
2020091400100128,2020년 9월 14일 08시,월요일,경상남도 양산시 북정동,중상사고,0,1,0,0,차대사람 - 횡단중,보행자보호의무위반,건조,맑음,교차로 - 교차로부근,승용,남,74세,상해없음,보행자,여,13세,중상
2020091400100129,2020년 9월 14일 08시,월요일,경상남도 고성군 고성읍,경상사고,0,0,1,0,차대차 - 측면충돌,안전운전불이행,건조,맑음,교차로 - 교차로부근,승용,여,71세,상해없음,이륜,남,55세,경상
2020091400100159,2020년 9월 14일 09시,월요일,경상남도 창원시 마산합포구 월영동,경상사고,0,0,1,0,차대차 - 측면충돌,안전운전불이행,건조,맑음,교차로 - 교차로안,승용,여,28세,상해없음,승용,여,41세,경상
2020091400100160,2020년 9월 14일 09시,월요일,경상남도 창원시 마산합포구 현동,중상사고,0,1,3,0,차대차 - 추돌,안전거리미확보,건조,맑음,단일로 - 터널,승용,남,70세,상해없음,승용,여,52세,경상
2020091400100161,2020년 9월 14일 09시,월요일,경상남도 산청군 단성면,중상사고,0,1,0,0,차대차 - 기타,안전운전불이행,건조,맑음,교차로 - 교차로안,승용,여,49세,상해없음,자전거,남,81세,중상
2020091400100199,2020년 9월 14일 10시,월요일,경상남도 창원시 마산합포구 현동,경상사고,0,0,2,1,차대차 - 추돌,안전거리미확보,건조,맑음,단일로 - 터널,승용,여,53세,상해없음,승용,남,63세,경상
2020091400100200,2020년 9월 14일 10시,월요일,경상남도 창원시 진해구 석동,경상사고,0,0,3,0,차대차 - 추돌,안전운전불이행,건조,맑음,단일로 - 기타,승용,남,61세,상해없음,승용,남,38세,경상
2020091400100236,2020년 9월 14일 11시,월요일,경상남도 양산시 중부동,중상사고,0,1,0,0,차대사람 - 보도통행중,안전운전불이행,건조,맑음,단일로 - 기타,승용,여,24세,상해없음,보행자,여,17세,중상
2020091400100237,2020년 9월 14일 11시,월요일,경상남도 창원시 의창구 팔용동,중상사고,0,1,0,0,차대사람 - 횡단중,보행자보호의무위반,건조,맑음,교차로 - 교차로부근,승용,여,28세,상해없음,보행자,여,62세,중상
2020091400100264,2020년 9월 14일 12시,월요일,경상남도 진주시 이현동,중상사고,0,1,0,0,차대사람 - 횡단중,신호위반,건조,맑음,교차로 - 교차로횡단보도내,화물,남,22세,상해없음,보행자,여,76세,중상
2020091400100266,2020년 9월 14일 12시,월요일,경상남도 창원시 성산구 성산동,중상사고,0,1,0,0,차대차 - 추돌,신호위반,건조,맑음,교차로 - 교차로부근,화물,남,50세,상해없음,자전거,남,58세,중상
2020091400100295,2020년 9월 14일 13시,월요일,경상남도 통영시 무전동,경상사고,0,0,1,0,차대차 - 기타,차로위반,건조,맑음,단일로 - 기타,승용,여,50세,상해없음,이륜,남,34세,경상
2020091400100296,2020년 9월 14일 13시,월요일,경상남도 거창군 거창읍,중상사고,0,1,0,0,차대차 - 기타,직진우회전진행방해,건조,맑음,교차로 - 교차로안,화물,남,52세,상해없음,원동기,남,60세,중상
2020091400100332,2020년 9월 14일 14시,월요일,경상남도 창원시 진해구 자은동,중상사고,0,1,2,0,차대차 - 추돌,안전운전불이행,건조,맑음,단일로 - 기타,승용,남,49세,경상,이륜,남,47세,중상
2020091400100333,2020년 9월 14일 14시,월요일,경상남도 산청군 삼장면,사망사고,1,3,1,0,차량단독 - 공작물충돌,안전운전불이행,건조,맑음,단일로 - 기타,승용,남,73세,경상,,,,
2020091400100334,2020년 9월 14일 14시,월요일,경상남도 김해시 내덕동,경상사고,0,0,1,0,차대차 - 추돌,안전운전불이행,건조,맑음,교차로 - 교차로부근,승용,남,18세,상해없음,승용,여,36세,경상
2020091400100366,2020년 9월 14일 15시,월요일,경상남도 고성군 고성읍,경상사고,0,0,1,0,차대차 - 측면충돌,안전운전불이행,건조,맑음,교차로 - 교차로안,승용,남,60세,상해없음,화물,남,38세,경상
2020091400100367,2020년 9월 14일 15시,월요일,경상남도 거제시 옥포동,중상사고,0,1,0,0,차대사람 - 횡단중,보행자보호의무위반,건조,맑음,교차로 - 교차로안,승용,남,23세,상해없음,보행자,여,66세,중상
2020091400100456,2020년 9월 14일 17시,월요일,경상남도 거제시 연초면,중상사고,0,1,0,0,차대차 - 측면충돌,안전운전불이행,건조,맑음,교차로 - 교차로안,승용,남,58세,상해없음,이륜,남,47세,중상
2020091400100457,2020년 9월 14일 17시,월요일,경상남도 창원시 마산회원구 내서읍,경상사고,0,0,1,0,차대사람 - 횡단중,안전운전불이행,건조,맑음,단일로 - 기타,승용,여,23세,상해없음,보행자,남,9세,경상
2020091400100458,2020년 9월 14일 17시,월요일,경상남도 창원시 의창구 서상동,경상사고,0,0,3,0,차대차 - 측면충돌,안전운전불이행,건조,맑음,교차로 - 교차로부근,승합,남,56세,상해없음,승용,여,56세,경상
2020091400100495,2020년 9월 14일 18시,월요일,경상남도 김해시 외동,중상사고,0,1,1,0,차대차 - 측면충돌,교차로운행방법위반,건조,맑음,교차로 - 교차로안,승용,남,65세,경상,승용,여,54세,중상
2020091400100496,2020년 9월 14일 18시,월요일,경상남도 김해시 신문동,중상사고,0,1,0,0,차대차 - 측면충돌,안전운전불이행,건조,맑음,교차로 - 교차로안,승용,여,41세,상해없음,자전거,남,11세,중상
2020091400100536,2020년 9월 14일 19시,월요일,경상남도 창원시 마산합포구 오동동,경상사고,0,0,1,0,차대사람 - 횡단중,안전운전불이행,건조,맑음,단일로 - 기타,이륜,남,42세,상해없음,보행자,남,53세,경상
2020091400100537,2020년 9월 14일 19시,월요일,경상남도 김해시 동상동,경상사고,0,0,1,0,차대차 - 측면충돌,안전운전불이행,건조,맑음,교차로 - 교차로안,승용,남,62세,상해없음,승용,남,64세,경상
2020091400100538,2020년 9월 14일 19시,월요일,경상남도 창원시 마산회원구 석전동,경상사고,0,0,1,0,차대차 - 추돌,안전운전불이행,건조,맑음,단일로 - 기타,승용,남,51세,상해없음,승용,남,58세,경상
2020091400100573,2020년 9월 14일 20시,월요일,경상남도 창원시 마산회원구 양덕동,중상사고,0,1,0,0,차대차 - 측면충돌,안전운전불이행,건조,맑음,단일로 - 기타,승용,남,64세,상해없음,이륜,남,50세,중상
2020091400100586,2020년 9월 14일 21시,월요일,경상남도 창원시 마산합포구 두월동2가,경상사고,0,0,1,0,차대차 - 측면충돌,교차로운행방법위반,건조,맑음,교차로 - 교차로안,승용,남,64세,상해없음,이륜,남,20세,경상
2020091500100014,2020년 9월 15일 00시,화요일,경상남도 진주시 초전동,중상사고,0,1,2,0,차대차 - 추돌,안전운전불이행,건조,맑음,교차로 - 교차로부근,승용,남,27세,상해없음,승용,남,52세,중상
2020091500100039,2020년 9월 15일 05시,화요일,경상남도 창원시 마산합포구 진동면,경상사고,0,0,2,1,차량단독 - 기타,안전운전불이행,건조,맑음,단일로 - 기타,승용,남,67세,상해없음,,,,
2020091500100102,2020년 9월 15일 08시,화요일,경상남도 진주시 문산읍,중상사고,0,1,0,0,차대차 - 측면충돌,직진우회전진행방해,건조,맑음,교차로 - 교차로안,승용,남,28세,상해없음,이륜,여,75세,중상
2020091500100103,2020년 9월 15일 08시,화요일,경상남도 통영시 북신동,경상사고,0,0,2,0,차대차 - 기타,교차로운행방법위반,건조,맑음,교차로 - 교차로안,승용,여,28세,경상,이륜,남,43세,경상
2020091500100104,2020년 9월 15일 08시,화요일,경상남도 창원시 의창구 팔용동,중상사고,0,1,3,0,차대차 - 추돌,안전거리미확보,건조,맑음,교차로 - 교차로안,승용,남,54세,상해없음,승용,남,66세,경상
2020091500100158,2020년 9월 15일 10시,화요일,경상남도 창원시 진해구 석동,경상사고,0,0,1,0,차대차 - 측면충돌,신호위반,건조,맑음,교차로 - 교차로안,승용,여,56세,상해없음,승용,여,39세,경상
2020091500100159,2020년 9월 15일 10시,화요일,경상남도 창녕군 부곡면,중상사고,0,2,1,0,차대차 - 측면충돌,안전거리미확보,건조,맑음,단일로 - 기타,화물,남,64세,경상,승용,여,43세,중상
2020091500100189,2020년 9월 15일 11시,화요일,경상남도 사천시 사천읍,경상사고,0,0,1,0,차대차 - 기타,직진우회전진행방해,건조,맑음,교차로 - 교차로안,승용,여,53세,상해없음,승용,남,48세,경상
2020091500100231,2020년 9월 15일 12시,화요일,경상남도 밀양시 하남읍,경상사고,0,0,1,0,차대차 - 후진중충돌,안전운전불이행,건조,맑음,단일로 - 기타,화물,남,76세,상해없음,승용,여,45세,경상
2020091500100247,2020년 9월 15일 13시,화요일,경상남도 김해시 대동면,경상사고,0,0,1,0,차대차 - 기타,안전운전불이행,건조,맑음,단일로 - 기타,건설기계,남,71세,상해없음,화물,남,36세,경상
2020091500100266,2020년 9월 15일 13시,화요일,경상남도 창원시 진해구 용원동,경상사고,0,0,1,0,차대차 - 측면충돌,안전운전불이행,건조,맑음,교차로 - 교차로부근,승합,남,69세,경상,화물,남,40세,상해없음
2020091500100267,2020년 9월 15일 13시,화요일,경상남도 거제시 옥포동,경상사고,0,0,3,0,차대차 - 추돌,안전운전불이행,건조,맑음,단일로 - 기타,승용,남,66세,상해없음,승용,남,40세,경상
2020091500100302,2020년 9월 15일 14시,화요일,경상남도 진주시 호탄동,중상사고,0,2,0,0,차량단독 - 공작물충돌,안전운전불이행,건조,맑음,단일로 - 기타,승용,남,61세,중상,,,,
2020091500100303,2020년 9월 15일 14시,화요일,경상남도 창원시 진해구 인사동,중상사고,0,1,0,0,차대사람 - 기타,안전운전불이행,건조,맑음,단일로 - 기타,승용,여,61세,상해없음,보행자,여,68세,중상
2020091500100304,2020년 9월 15일 14시,화요일,경상남도 사천시 대방동,경상사고,0,0,1,0,차대차 - 측면충돌,안전운전불이행,건조,맑음,단일로 - 기타,이륜,남,62세,경상,화물,남,48세,상해없음
2020091500100305,2020년 9월 15일 14시,화요일,경상남도 사천시 서포면,중상사고,0,1,0,0,차대사람 - 기타,안전운전불이행,건조,맑음,교차로 - 교차로부근,승용,남,47세,상해없음,보행자,여,75세,중상
2020091500100306,2020년 9월 15일 14시,화요일,경상남도 김해시 불암동,부상신고사고,0,0,0,1,차대사람 - 기타,안전운전불이행,건조,맑음,단일로 - 기타,승합,남,46세,상해없음,보행자,남,72세,부상신고
2020091500100307,2020년 9월 15일 14시,화요일,경상남도 김해시 무계동,경상사고,0,0,2,0,차대차 - 측면충돌,안전운전불이행,건조,맑음,단일로 - 기타,승용,남,47세,경상,승용,여,50세,경상
2020091500100339,2020년 9월 15일 15시,화요일,경상남도 김해시 전하동,경상사고,0,0,2,0,차대차 - 측면충돌,안전운전불이행,건조,맑음,교차로 - 교차로안,특수,남,61세,상해없음,화물,남,74세,경상
2020091500100340,2020년 9월 15일 15시,화요일,경상남도 거창군 신원면,중상사고,0,1,0,0,차대차 - 측면충돌,직진우회전진행방해,건조,맑음,교차로 - 교차로안,이륜,남,84세,중상,화물,남,71세,상해없음
2020091500100341,2020년 9월 15일 15시,화요일,경상남도 하동군 화개면,중상사고,0,2,0,0,차대차 - 측면충돌,교차로운행방법위반,건조,맑음,교차로 - 교차로안,화물,남,65세,중상,화물,남,30세,중상
2020091500100342,2020년 9월 15일 15시,화요일,경상남도 김해시 풍유동,경상사고,0,0,1,0,차대차 - 측면충돌,안전운전불이행,건조,맑음,교차로 - 교차로안,이륜,남,57세,경상,화물,남,48세,상해없음
2020091500100380,2020년 9월 15일 16시,화요일,경상남도 김해시 삼정동,경상사고,0,0,1,0,차대차 - 측면충돌,교차로운행방법위반,건조,맑음,단일로 - 기타,이륜,남,55세,경상,승용,남,43세,상해없음
2020091500100381,2020년 9월 15일 16시,화요일,경상남도 거제시 사등면,경상사고,0,0,1,0,차대차 - 측면충돌,안전운전불이행,건조,맑음,교차로 - 교차로안,기타불명,남,77세,경상,화물,남,51세,상해없음