사고번호,사고일시,요일,시군구,사고내용,사망자수,중상자수,경상자수,부상신고자수,사고유형,법규위반,노면상태,기상상태,도로형태,가해운전자 차종,가해운전자 성별,가해운전자 연령,가해운전자 상해정도,피해운전자 차종,피해운전자 성별,피해운전자 연령,피해운전자 상해정도
2020091500100422,2020년 9월 15일 17시,화요일,경상남도 김해시 삼정동,중상사고,0,1,2,0,차대차 - 정면충돌,신호위반,건조,맑음,교차로 - 교차로안,승용,남,27세,경상,승용,남,51세,중상
2020091500100456,2020년 9월 15일 18시,화요일,경상남도 김해시 상동면,경상사고,0,0,1,0,차대차 - 측면충돌,신호위반,건조,맑음,교차로 - 교차로안,건설기계,남,63세,상해없음,승용,남,35세,경상
2020091500100457,2020년 9월 15일 18시,화요일,경상남도 양산시 교동,경상사고,0,0,1,0,차대차 - 측면충돌,기타,건조,맑음,단일로 - 기타,특수,남,50세,상해없음,승용,여,58세,경상
2020091500100493,2020년 9월 15일 19시,화요일,경상남도 김해시 외동,중상사고,0,1,0,0,차대차 - 측면충돌,신호위반,건조,맑음,교차로 - 교차로안,승용,여,20세,상해없음,이륜,남,33세,중상
2020091500100495,2020년 9월 15일 19시,화요일,경상남도 거제시 고현동,중상사고,0,1,0,0,차대차 - 측면충돌,교차로운행방법위반,건조,맑음,교차로 - 교차로안,승용,여,45세,상해없음,이륜,남,18세,중상
2020091500100496,2020년 9월 15일 19시,화요일,경상남도 함안군 칠원읍,중상사고,0,1,1,0,차대차 - 측면충돌,기타,건조,맑음,교차로 - 교차로안,승용,여,59세,경상,승용,남,52세,중상
2020091500100497,2020년 9월 15일 19시,화요일,경상남도 김해시 율하동,중상사고,0,2,0,0,차대차 - 측면충돌,안전운전불이행,건조,맑음,교차로 - 교차로횡단보도내,자전거,남,28세,중상,승용,남,32세,중상
2020091500100498,2020년 9월 15일 19시,화요일,경상남도 김해시 관동동,중상사고,0,1,0,0,차대차 - 기타,안전운전불이행,건조,맑음,단일로 - 기타,자전거,남,45세,중상,승합,남,61세,기타불명
2020091500100528,2020년 9월 15일 20시,화요일,경상남도 거창군 거창읍,경상사고,0,0,1,0,차대차 - 측면충돌,안전운전불이행,건조,맑음,단일로 - 기타,화물,남,65세,상해없음,승용,여,31세,경상
2020091500100549,2020년 9월 15일 21시,화요일,경상남도 창원시 마산회원구 석전동,중상사고,0,1,0,0,차대사람 - 차도통행중,안전운전불이행,건조,기타,교차로 - 교차로부근,승용,여,41세,상해없음,보행자,남,65세,중상
2020091500100564,2020년 9월 15일 22시,화요일,경상남도 창원시 마산합포구 해운동,중상사고,0,2,0,0,차대차 - 측면충돌,신호위반,건조,맑음,교차로 - 교차로안,이륜,남,57세,중상,이륜,남,21세,중상
2020091500100565,2020년 9월 15일 22시,화요일,경상남도 거제시 장목면,경상사고,0,0,1,0,차대차 - 측면충돌,안전운전불이행,건조,맑음,단일로 - 기타,승합,남,53세,상해없음,승용,남,39세,경상
2020091500100578,2020년 9월 15일 23시,화요일,경상남도 창원시 성산구 사파동,중상사고,0,1,1,0,차대차 - 추돌,안전운전불이행,건조,맑음,교차로 - 교차로부근,승용,남,40세,상해없음,승용,남,43세,중상
2020091600100038,2020년 9월 16일 05시,수요일,경상남도 남해군 미조면,중상사고,0,1,0,0,차대차 - 추돌,교차로운행방법위반,건조,맑음,단일로 - 기타,승용,남,73세,상해없음,농기계,남,65세,중상
2020091600100060,2020년 9월 16일 07시,수요일,경상남도 양산시 물금읍,중상사고,0,1,0,0,차대사람 - 기타,보행자보호의무위반,건조,맑음,교차로 - 교차로횡단보도내,승용,남,37세,상해없음,보행자,여,16세,중상
2020091600100061,2020년 9월 16일 07시,수요일,경상남도 거제시 고현동,중상사고,0,1,0,0,차대차 - 측면충돌,교차로운행방법위반,건조,맑음,교차로 - 교차로안,이륜,남,50세,중상,이륜,남,25세,상해없음
2020091600100079,2020년 9월 16일 08시,수요일,경상남도 양산시 북정동,경상사고,0,0,2,0,차대차 - 추돌,안전거리미확보,건조,맑음,단일로 - 기타,승용,여,49세,상해없음,화물,남,46세,경상
2020091600100137,2020년 9월 16일 09시,수요일,경상남도 사천시 서동,경상사고,0,0,2,0,차대차 - 기타,안전운전불이행,건조,맑음,기타 - 기타,화물,남,48세,경상,승합,남,48세,경상
2020091600100172,2020년 9월 16일 10시,수요일,경상남도 양산시 물금읍,경상사고,0,0,1,0,차대차 - 추돌,안전운전불이행,건조,맑음,교차로 - 교차로부근,승용,여,66세,상해없음,승용,여,29세,경상
2020091600100173,2020년 9월 16일 10시,수요일,경상남도 고성군 삼산면,중상사고,0,1,0,0,차대차 - 추돌,안전운전불이행,건조,맑음,단일로 - 기타,화물,남,73세,상해없음,건설기계,남,39세,상해없음
2020091600100174,2020년 9월 16일 10시,수요일,경상남도 창원시 성산구 반림동,경상사고,0,0,1,0,차대사람 - 보도통행중,안전운전불이행,건조,맑음,교차로 - 교차로안,승용,남,63세,상해없음,보행자,여,19세,경상
2020091600100175,2020년 9월 16일 10시,수요일,경상남도 김해시 관동동,중상사고,0,1,0,0,차대사람 - 횡단중,안전운전불이행,젖음/습기,흐림,교차로 - 교차로안,화물,남,52세,상해없음,보행자,남,61세,중상
2020091600100202,2020년 9월 16일 11시,수요일,경상남도 거제시 연초면,중상사고,0,1,0,0,차대차 - 기타,안전운전불이행,건조,맑음,교차로 - 교차로부근,승용,남,65세,상해없음,승용,여,30세,중상
2020091600100231,2020년 9월 16일 12시,수요일,경상남도 창원시 진해구 석동,경상사고,0,0,1,0,차대사람 - 기타,안전운전불이행,건조,맑음,교차로 - 교차로부근,승용,남,22세,상해없음,보행자,여,31세,경상
2020091600100346,2020년 9월 16일 16시,수요일,경상남도 고성군 상리면,중상사고,0,1,0,0,차대사람 - 횡단중,신호위반,건조,맑음,교차로 - 교차로안,승용,여,24세,상해없음,보행자,남,64세,중상
2020091600100347,2020년 9월 16일 16시,수요일,경상남도 창원시 의창구 용호동,경상사고,0,0,1,0,차대사람 - 기타,안전운전불이행,건조,맑음,교차로 - 교차로안,승용,여,58세,상해없음,보행자,남,83세,경상
2020091600100389,2020년 9월 16일 17시,수요일,경상남도 김해시 불암동,중상사고,0,1,0,0,차대차 - 측면충돌,안전운전불이행,건조,맑음,단일로 - 교량,승용,여,39세,상해없음,승용,남,25세,중상
2020091600100390,2020년 9월 16일 17시,수요일,경상남도 창원시 성산구 대방동,중상사고,0,1,0,0,차대사람 - 보도통행중,기타,건조,맑음,단일로 - 기타,자전거,남,66세,상해없음,보행자,여,8세,중상
2020091600100391,2020년 9월 16일 17시,수요일,경상남도 김해시 진례면,중상사고,0,1,1,0,차대차 - 측면충돌,신호위반,건조,맑음,교차로 - 교차로안,승용,남,55세,상해없음,승용,남,55세,중상
2020091600100428,2020년 9월 16일 18시,수요일,경상남도 김해시 풍유동,경상사고,0,0,2,0,차대차 - 기타,안전운전불이행,건조,맑음,기타 - 기타,승용,남,39세,상해없음,승용,남,51세,경상
2020091600100460,2020년 9월 16일 19시,수요일,경상남도 김해시 대동면,사망사고,1,2,1,0,차대차 - 추돌,과속,건조,맑음,단일로 - 기타,승용,남,54세,중상,화물,남,46세,경상
2020091600100474,2020년 9월 16일 19시,수요일,경상남도 사천시 벌리동,중상사고,0,2,1,0,차대차 - 측면충돌,안전운전불이행,젖음/습기,비,교차로 - 교차로안,승용,여,50세,상해없음,승용,여,27세,중상
2020091600100475,2020년 9월 16일 19시,수요일,경상남도 양산시 어곡동,중상사고,0,1,0,0,차대사람 - 기타,보행자보호의무위반,건조,맑음,단일로 - 기타,승용,남,40세,상해없음,보행자,남,43세,중상
2020091600100476,2020년 9월 16일 19시,수요일,경상남도 창원시 의창구 팔용동,경상사고,0,0,1,0,차대차 - 측면충돌,안전운전불이행,건조,맑음,교차로 - 교차로부근,기타불명,기타불명,미분류,기타불명,승합,남,45세,경상
2020091600100534,2020년 9월 16일 21시,수요일,경상남도 밀양시 삼문동,경상사고,0,0,1,0,차대사람 - 횡단중,안전운전불이행,건조,맑음,단일로 - 기타,승용,남,38세,상해없음,보행자,남,69세,경상
2020091600100552,2020년 9월 16일 22시,수요일,경상남도 거제시 수월동,경상사고,0,0,1,0,차대사람 - 기타,안전운전불이행,젖음/습기,비,교차로 - 교차로안,승용,여,47세,상해없음,보행자,여,31세,경상
2020091700100023,2020년 9월 17일 03시,목요일,경상남도 김해시 어방동,경상사고,0,0,2,0,차대차 - 추돌,교차로운행방법위반,건조,맑음,교차로 - 교차로안,승용,남,52세,상해없음,승용,남,46세,상해없음
2020091700100042,2020년 9월 17일 05시,목요일,경상남도 김해시 상동면,중상사고,0,1,0,0,차대차 - 정면충돌,중앙선침범,건조,맑음,단일로 - 기타,승용,남,18세,상해없음,화물,남,52세,중상
2020091700100108,2020년 9월 17일 08시,목요일,경상남도 남해군 창선면,부상신고사고,0,0,0,1,차대차 - 측면충돌,안전운전불이행,젖음/습기,흐림,교차로 - 교차로안,화물,남,53세,부상신고,승용,여,63세,상해없음
2020091700100136,2020년 9월 17일 09시,목요일,경상남도 사천시 늑도동,중상사고,0,3,0,0,차대차 - 측면충돌,중앙선침범,젖음/습기,비,단일로 - 교량,화물,남,63세,중상,승용,남,60세,중상
2020091700100137,2020년 9월 17일 09시,목요일,경상남도 김해시 삼계동,중상사고,0,1,1,0,차대차 - 추돌,신호위반,젖음/습기,비,교차로 - 교차로안,승용,남,66세,중상,승용,여,49세,경상
2020091700100138,2020년 9월 17일 09시,목요일,경상남도 함안군 칠원읍,경상사고,0,0,1,0,차대차 - 기타,안전운전불이행,건조,맑음,교차로 - 교차로안,화물,남,86세,상해없음,승용,남,46세,경상
2020091700100168,2020년 9월 17일 10시,목요일,경상남도 밀양시 내이동,경상사고,0,0,1,0,차대차 - 측면충돌,교차로운행방법위반,건조,맑음,교차로 - 교차로안,화물,남,67세,상해없음,승용,여,67세,경상
2020091700100192,2020년 9월 17일 11시,목요일,경상남도 사천시 서포면,경상사고,0,0,3,0,차대차 - 측면충돌,중앙선침범,건조,맑음,단일로 - 기타,화물,남,63세,경상,승용,남,60세,경상
2020091700100257,2020년 9월 17일 13시,목요일,경상남도 진주시 평거동,경상사고,0,0,1,0,차대사람 - 횡단중,기타,건조,맑음,단일로 - 기타,승용,남,70세,상해없음,보행자,여,8세,경상
2020091700100288,2020년 9월 17일 14시,목요일,경상남도 통영시 무전동,부상신고사고,0,0,0,1,차대차 - 측면충돌,직진우회전진행방해,건조,맑음,교차로 - 교차로안,승용,여,37세,부상신고,승용,여,52세,상해없음
2020091700100357,2020년 9월 17일 16시,목요일,경상남도 의령군 의령읍,경상사고,0,0,2,0,차대차 - 측면충돌,안전운전불이행,젖음/습기,흐림,단일로 - 기타,화물,남,60세,기타불명,승용,남,65세,경상
2020091700100400,2020년 9월 17일 17시,목요일,경상남도 거제시 고현동,중상사고,0,1,0,0,차대차 - 측면충돌,안전운전불이행,젖음/습기,흐림,기타 - 기타,승용,여,40세,상해없음,이륜,남,52세,중상
2020091700100435,2020년 9월 17일 18시,목요일,경상남도 창원시 의창구 팔용동,경상사고,0,0,1,0,차대차 - 추돌,안전운전불이행,건조,맑음,교차로 - 교차로부근,승용,남,22세,상해없음,승용,남,54세,경상
2020091700100479,2020년 9월 17일 19시,목요일,경상남도 양산시 명동,경상사고,0,0,1,0,차대사람 - 횡단중,보행자보호의무위반,젖음/습기,비,단일로 - 기타,승용,남,50세,상해없음,보행자,남,54세,경상
2020091700100515,2020년 9월 17일 20시,목요일,경상남도 김해시 삼방동,중상사고,0,1,0,0,차대차 - 정면충돌,신호위반,젖음/습기,비,교차로 - 교차로안,승용,남,22세,상해없음,승용,남,32세,중상
2020091700100516,2020년 9월 17일 20시,목요일,경상남도 양산시 물금읍,경상사고,0,0,1,0,차대사람 - 횡단중,기타,젖음/습기,비,단일로 - 기타,자전거,남,21세,상해없음,보행자,여,69세,경상
2020091700100541,2020년 9월 17일 21시,목요일,경상남도 통영시 북신동,중상사고,0,1,0,0,차대사람 - 기타,안전운전불이행,젖음/습기,비,교차로 - 교차로부근,승용,남,68세,상해없음,보행자,남,65세,중상
2020091700100542,2020년 9월 17일 21시,목요일,경상남도 김해시 삼계동,경상사고,0,0,1,0,차대차 - 기타,중앙선침범,젖음/습기,비,단일로 - 기타,승용,남,45세,상해없음,원동기,남,43세,경상
2020091700100543,2020년 9월 17일 21시,목요일,경상남도 양산시 물금읍,중상사고,0,1,0,0,차대사람 - 횡단중,신호위반,젖음/습기,비,교차로 - 교차로안,승용,여,47세,상해없음,보행자,여,62세,중상
2020091700100544,2020년 9월 17일 21시,목요일,경상남도 양산시 평산동,경상사고,0,0,1,0,차대차 - 기타,교차로운행방법위반,젖음/습기,비,교차로 - 교차로안,승용,여,60세,상해없음,원동기,남,26세,경상
2020091700100581,2020년 9월 17일 22시,목요일,경상남도 창원시 성산구 성산동,경상사고,0,0,1,0,차대차 - 측면충돌,중앙선침범,젖음/습기,비,단일로 - 기타,승용,여,54세,상해없음,화물,남,35세,경상
2020091700100598,2020년 9월 17일 23시,목요일,경상남도 양산시 동면,경상사고,0,0,5,0,차대차 - 추돌,안전운전불이행,젖음/습기,비,단일로 - 기타,승용,남,50세,상해없음,승용,남,23세,경상
2020091800100029,2020년 9월 18일 02시,금요일,경상남도 통영시 명정동,부상신고사고,0,0,0,1,차량단독 - 기타,안전운전불이행,젖음/습기,비,교차로 - 교차로안,이륜,남,17세,부상신고,,,,
2020091800100030,2020년 9월 18일 02시,금요일,경상남도 밀양시 용평동,중상사고,0,1,0,0,차량단독 - 공작물충돌,안전운전불이행,건조,맑음,교차로 - 교차로부근,승용,남,49세,중상,,,,
2020091800100038,2020년 9월 18일 04시,금요일,경상남도 창원시 마산합포구 자산동,경상사고,0,0,1,0,차대사람 - 기타,안전운전불이행,젖음/습기,비,교차로 - 교차로부근,승용,남,55세,상해없음,보행자,남,72세,경상
2020091800100150,2020년 9월 18일 09시,금요일,경상남도 창녕군 대합면,중상사고,0,1,0,0,차대차 - 측면충돌,기타,건조,맑음,교차로 - 교차로안,승용,여,50세,상해없음,원동기,남,81세,중상
2020091800100256,2020년 9월 18일 12시,금요일,경상남도 창원시 진해구 덕산동,경상사고,0,0,2,0,차대차 - 측면충돌,신호위반,건조,맑음,교차로 - 교차로안,승용,남,53세,상해없음,승용,남,73세,경상
2020091800100290,2020년 9월 18일 13시,금요일,경상남도 밀양시 내이동,경상사고,0,0,1,0,차대차 - 측면충돌,신호위반,건조,맑음,교차로 - 교차로안,승용,여,50세,상해없음,화물,남,72세,경상
2020091800100291,2020년 9월 18일 13시,금요일,경상남도 양산시 물금읍,중상사고,0,1,0,0,차대차 - 측면충돌,안전운전불이행,건조,맑음,교차로 - 교차로부근,화물,남,61세,상해없음,이륜,남,37세,중상
2020091800100333,2020년 9월 18일 14시,금요일,경상남도 창원시 진해구 석동,경상사고,0,0,1,0,차대차 - 정면충돌,신호위반,건조,맑음,교차로 - 교차로부근,승용,남,73세,기타불명,화물,남,38세,경상
2020091800100334,2020년 9월 18일 14시,금요일,경상남도 통영시 도산면,부상신고사고,0,0,0,1,차대차 - 측면충돌,안전운전불이행,건조,맑음,단일로 - 기타,승용,남,54세,부상신고,화물,남,47세,상해없음
2020091800100335,2020년 9월 18일 14시,금요일,경상남도 창원시 의창구 팔용동,경상사고,0,0,1,0,차대차 - 추돌,안전운전불이행,건조,맑음,교차로 - 교차로부근,승용,남,62세,상해없음,승용,남,48세,경상
2020091800100376,2020년 9월 18일 15시,금요일,경상남도 거창군 거창읍,중상사고,0,1,0,0,차대차 - 정면충돌,안전운전불이행,건조,맑음,교차로 - 교차로안,승합,남,59세,상해없음,승용,여,46세,중상
2020091800100377,2020년 9월 18일 15시,금요일,경상남도 거제시 능포동,중상사고,0,1,0,0,차대차 - 측면충돌,안전운전불이행,건조,맑음,교차로 - 교차로안,승용,여,37세,상해없음,이륜,남,23세,중상
2020091800100437,2020년 9월 18일 16시,금요일,경상남도 창원시 진해구 화천동,중상사고,0,1,0,0,차대사람 - 기타,안전운전불이행,건조,맑음,기타 - 기타,승용,여,29세,기타불명,보행자,여,81세,중상
2020091800100438,2020년 9월 18일 16시,금요일,경상남도 함양군 백전면,부상신고사고,0,0,0,1,차대차 - 추돌,안전거리미확보,건조,맑음,단일로 - 지하차도(도로)내,원동기,남,68세,부상신고,건설기계,남,63세,상해없음
2020091800100439,2020년 9월 18일 16시,금요일,경상남도 하동군 진교면,사망사고,1,0,0,0,차량단독 - 공작물충돌,안전거리미확보,건조,맑음,교차로 - 교차로안,원동기,남,76세,사망,,,,
2020091800100440,2020년 9월 18일 16시,금요일,경상남도 남해군 미조면,부상신고사고,0,0,0,1,차대차 - 측면충돌,안전운전불이행,건조,맑음,교차로 - 교차로안,자전거,남,8세,부상신고,화물,남,64세,상해없음
2020091800100441,2020년 9월 18일 16시,금요일,경상남도 창원시 의창구 서상동,경상사고,0,0,3,0,차대차 - 추돌,안전운전불이행,건조,흐림,기타 - 기타,승용,남,58세,상해없음,승용,여,49세,경상
2020091800100495,2020년 9월 18일 17시,금요일,경상남도 양산시 물금읍,중상사고,0,1,0,0,차대차 - 기타,신호위반,건조,맑음,교차로 - 교차로안,기타불명,기타불명,미분류,기타불명,이륜,남,35세,중상
2020091800100519,2020년 9월 18일 18시,금요일,경상남도 양산시 하북면,경상사고,0,0,5,0,차대차 - 측면충돌,안전거리미확보,건조,맑음,단일로 - 기타,승용,남,41세,상해없음,승용,여,20세,경상
2020091800100541,2020년 9월 18일 18시,금요일,경상남도 사천시 용현면,부상신고사고,0,0,0,1,차대차 - 측면충돌,교차로운행방법위반,건조,맑음,교차로 - 교차로안,농기계,여,65세,부상신고,승용,여,39세,상해없음
2020091800100542,2020년 9월 18일 18시,금요일,경상남도 사천시 벌리동,중상사고,0,1,0,0,차대차 - 기타,안전운전불이행,건조,맑음,단일로 - 기타,승용,여,58세,상해없음,자전거,남,28세,중상
2020091800100543,2020년 9월 18일 18시,금요일,경상남도 밀양시 삼문동,중상사고,0,1,0,0,차대사람 - 기타,안전운전불이행,건조,흐림,단일로 - 기타,승용,여,53세,상해없음,보행자,남,45세,중상
2020091800100544,2020년 9월 18일 18시,금요일,경상남도 김해시 삼방동,중상사고,0,1,0,0,차대사람 - 기타,안전운전불이행,건조,맑음,주차장 - 주차장,승용,여,40세,상해없음,보행자,여,76세,중상
2020091800100545,2020년 9월 18일 18시,금요일,경상남도 양산시 중부동,경상사고,0,0,1,0,차대사람 - 차도통행중,안전운전불이행,건조,맑음,단일로 - 기타,승용,여,25세,상해없음,보행자,남,68세,경상
2020091800100546,2020년 9월 18일 18시,금요일,경상남도 김해시 풍유동,중상사고,0,2,0,0,차량단독 - 공작물충돌,안전운전불이행,건조,맑음,단일로 - 기타,승용,남,73세,중상,,,,
2020091800100547,2020년 9월 18일 18시,금요일,경상남도 김해시 진영읍,중상사고,0,1,1,0,차대차 - 측면충돌,신호위반,건조,맑음,교차로 - 교차로안,이륜,남,27세,중상,승용,여,47세,경상
2020091800100604,2020년 9월 18일 19시,금요일,경상남도 합천군 삼가면,중상사고,0,1,0,0,차대차 - 측면충돌,교차로운행방법위반,건조,맑음,교차로 - 교차로안,승용,남,75세,상해없음,자전거,남,81세,중상
2020091800100605,2020년 9월 18일 19시,금요일,경상남도 창원시 성산구 성산동,중상사고,0,1,0,0,차대차 - 측면충돌,안전운전불이행,건조,맑음,단일로 - 기타,승용,남,59세,상해없음,원동기,남,24세,중상
2020091800100640,2020년 9월 18일 20시,금요일,경상남도 창원시 마산회원구 양덕동,중상사고,0,1,2,0,차대차 - 측면충돌,신호위반,건조,맑음,교차로 - 교차로안,승용,남,53세,상해없음,승용,남,65세,중상
2020091800100673,2020년 9월 18일 21시,금요일,경상남도 통영시 인평동,부상신고사고,0,0,0,1,차대차 - 기타,안전운전불이행,건조,맑음,주차장 - 주차장,승용,남,56세,부상신고,승용,남,29세,기타불명
2020091800100674,2020년 9월 18일 21시,금요일,경상남도 고성군 회화면,중상사고,0,1,0,0,차대차 - 추돌,안전운전불이행,건조,맑음,단일로 - 기타,승용,여,42세,상해없음,승용,남,27세,중상
2020091800100675,2020년 9월 18일 21시,금요일,경상남도 함안군 칠원읍,경상사고,0,0,2,0,차대차 - 추돌,안전운전불이행,건조,맑음,교차로 - 교차로부근,승용,남,60세,상해없음,승용,남,61세,경상
2020091900100025,2020년 9월 19일 01시,토요일,경상남도 김해시 풍유동,경상사고,0,0,1,1,차대차 - 측면충돌,신호위반,건조,맑음,교차로 - 교차로안,원동기,남,17세,부상신고,승용,남,50세,경상
2020091900100045,2020년 9월 19일 03시,토요일,경상남도 남해군 삼동면,경상사고,0,0,1,0,차량단독 - 도로외이탈 - 추락,안전운전불이행,건조,흐림,단일로 - 기타,승용,남,28세,경상,,,,
2020091900100106,2020년 9월 19일 07시,토요일,경상남도 밀양시 무안면,경상사고,0,0,1,0,차대차 - 측면충돌,안전운전불이행,건조,맑음,단일로 - 기타,건설기계,남,45세,상해없음,승용,남,73세,경상
2020091900100126,2020년 9월 19일 08시,토요일,경상남도 진주시 미천면,사망사고,1,0,1,0,차량단독 - 도로외이탈 - 기타,안전운전불이행,건조,맑음,단일로 - 기타,승용,남,77세,사망,,,,
2020091900100127,2020년 9월 19일 08시,토요일,경상남도 진주시 본성동,중상사고,0,1,0,0,차대사람 - 횡단중,안전운전불이행,건조,맑음,교차로 - 교차로부근,승용,여,33세,상해없음,보행자,남,32세,중상
2020091900100128,2020년 9월 19일 08시,토요일,경상남도 통영시 광도면,부상신고사고,0,0,0,1,차대차 - 측면충돌,신호위반,건조,맑음,교차로 - 교차로안,승용,여,51세,부상신고,승합,남,49세,상해없음
2020091900100129,2020년 9월 19일 08시,토요일,경상남도 김해시 봉황동,경상사고,0,0,1,0,차대차 - 기타,안전운전불이행,건조,맑음,교차로 - 교차로횡단보도내,자전거,여,77세,경상,승용,남,23세,상해없음
2020091900100130,2020년 9월 19일 08시,토요일,경상남도 창녕군 창녕읍,중상사고,0,1,0,0,차대차 - 측면충돌,안전운전불이행,건조,맑음,교차로 - 교차로안,승용,여,51세,상해없음,이륜,남,75세,중상
2020091900100131,2020년 9월 19일 08시,토요일,경상남도 창원시 마산회원구 내서읍,중상사고,0,1,1,0,차대차 - 측면충돌,신호위반,건조,맑음,교차로 - 교차로안,승용,여,54세,상해없음,승용,여,52세,경상
2020091900100132,2020년 9월 19일 08시,토요일,경상남도 창원시 의창구 명서동,경상사고,0,0,2,0,차대차 - 추돌,안전거리미확보,건조,맑음,교차로 - 교차로안,승용,여,49세,상해없음,화물,남,51세,상해없음
2020091900100165,2020년 9월 19일 09시,토요일,경상남도 거창군 거창읍,경상사고,0,0,2,0,차대차 - 측면충돌,차로위반,건조,맑음,교차로 - 교차로부근,화물,남,68세,상해없음,화물,남,40세,경상
2020091900100166,2020년 9월 19일 09시,토요일,경상남도 남해군 설천면,중상사고,0,1,0,0,차대차 - 측면충돌,교차로운행방법위반,건조,맑음,교차로 - 교차로안,승용,남,68세,상해없음,자전거,남,49세,중상
2020091900100197,2020년 9월 19일 10시,토요일,경상남도 산청군 산청읍,부상신고사고,0,0,0,1,차량단독 - 도로외이탈 - 추락,안전운전불이행,건조,맑음,단일로 - 기타,특수,남,23세,부상신고,,,,
2020091900100250,2020년 9월 19일 11시,토요일,경상남도 창원시 의창구 팔용동,경상사고,0,0,1,0,차대차 - 측면충돌,교차로운행방법위반,건조,맑음,교차로 - 교차로안,승용,남,50세,상해없음,승용,남,46세,경상
2020091900100297,2020년 9월 19일 12시,토요일,경상남도 사천시 사남면,경상사고,0,0,3,0,차대차 - 추돌,안전운전불이행,건조,맑음,단일로 - 기타,화물,남,46세,경상,승용,남,70세,상해없음
2020091900100298,2020년 9월 19일 12시,토요일,경상남도 양산시 상북면,중상사고,0,1,0,0,차대차 - 추돌,안전운전불이행,건조,맑음,교차로 - 교차로안,승용,여,76세,상해없음,이륜,남,22세,중상
2020091900100340,2020년 9월 19일 13시,토요일,경상남도 창원시 진해구 안골동,중상사고,0,1,0,0,차대사람 - 횡단중,안전운전불이행,건조,맑음,교차로 - 교차로횡단보도내,승용,여,66세,상해없음,보행자,남,71세,중상
2020091900100390,2020년 9월 19일 14시,토요일,경상남도 양산시 동면,중상사고,0,1,0,0,차량단독 - 기타,안전운전불이행,젖음/습기,맑음,단일로 - 기타,이륜,남,30세,중상,,,,
2020091900100438,2020년 9월 19일 15시,토요일,경상남도 양산시 물금읍,중상사고,0,1,0,0,차대차 - 기타,안전운전불이행,건조,맑음,교차로 - 교차로안,이륜,남,39세,중상,승용,남,43세,상해없음
2020091900100487,2020년 9월 19일 16시,토요일,경상남도 밀양시 하남읍,경상사고,0,0,1,0,차대사람 - 횡단중,안전운전불이행,건조,맑음,단일로 - 기타,자전거,남,54세,상해없음,보행자,여,47세,경상
2020091900100488,2020년 9월 19일 16시,토요일,경상남도 창원시 성산구 상남동,중상사고,0,1,0,0,차대사람 - 차도통행중,안전운전불이행,건조,맑음,기타 - 기타,승용,여,53세,상해없음,보행자,남,60세,중상
2020091900100571,2020년 9월 19일 18시,토요일,경상남도 창원시 마산합포구 가포동,경상사고,0,0,1,0,차대차 - 기타,안전운전불이행,건조,맑음,교차로 - 교차로부근,승용,남,21세,상해없음,특수,남,57세,기타불명
2020091900100572,2020년 9월 19일 18시,토요일,경상남도 진주시 상대동,중상사고,0,1,0,0,차대사람 - 횡단중,안전운전불이행,건조,맑음,교차로 - 교차로부근,사륜오토바이(ATV),남,75세,상해없음,보행자,남,58세,중상
2020091900100573,2020년 9월 19일 18시,토요일,경상남도 양산시 물금읍,중상사고,0,1,0,0,차대차 - 측면충돌,안전운전불이행,건조,맑음,교차로 - 교차로부근,승용,여,45세,상해없음,이륜,남,24세,중상
2020091900100574,2020년 9월 19일 18시,토요일,경상남도 거제시 옥포동,경상사고,0,0,1,0,차대사람 - 기타,안전운전불이행,건조,맑음,주차장 - 주차장,승용,남,33세,상해없음,보행자,여,32세,경상
2020091900100575,2020년 9월 19일 18시,토요일,경상남도 김해시 진례면,중상사고,0,1,0,0,차대차 - 측면충돌,신호위반,건조,맑음,교차로 - 교차로안,승용,여,59세,상해없음,승용,남,33세,중상
2020091900100616,2020년 9월 19일 19시,토요일,경상남도 통영시 북신동,경상사고,0,0,1,0,차대차 - 측면충돌,안전운전불이행,건조,맑음,단일로 - 기타,승용,남,23세,상해없음,이륜,남,16세,경상
2020091900100670,2020년 9월 19일 21시,토요일,경상남도 창원시 진해구 남문동,경상사고,0,0,2,0,차대차 - 측면충돌,중앙선침범,건조,맑음,교차로 - 교차로부근,이륜,남,44세,상해없음,승용,여,22세,경상
2020091900100671,2020년 9월 19일 21시,토요일,경상남도 김해시 진영읍,중상사고,0,1,0,0,차대차 - 측면충돌,신호위반,건조,맑음,교차로 - 교차로부근,이륜,남,36세,상해없음,자전거,남,57세,중상
2020091900100708,2020년 9월 19일 23시,토요일,경상남도 창원시 진해구 행암동,경상사고,0,0,1,0,차대차 - 후진중충돌,안전운전불이행,건조,맑음,단일로 - 기타,화물,남,58세,상해없음,승용,남,50세,기타불명
2020091900100709,2020년 9월 19일 23시,토요일,경상남도 김해시 대동면,중상사고,0,1,1,0,차대차 - 측면충돌,교차로운행방법위반,건조,맑음,교차로 - 교차로안,승용,남,55세,중상,승용,남,43세,경상
2020092000100013,2020년 9월 20일 00시,일요일,경상남도 김해시 내동,중상사고,0,1,1,0,차대차 - 측면충돌,안전운전불이행,건조,맑음,교차로 - 교차로안,개인형이동수단(PM),남,55세,중상,승용,남,58세,경상