사고번호,사고일시,요일,시군구,사고내용,사망자수,중상자수,경상자수,부상신고자수,사고유형,법규위반,노면상태,기상상태,도로형태,가해운전자 차종,가해운전자 성별,가해운전자 연령,가해운전자 상해정도,피해운전자 차종,피해운전자 성별,피해운전자 연령,피해운전자 상해정도
2020092600100556,2020년 9월 26일 18시,토요일,경상남도 김해시 부곡동,부상신고사고,0,0,0,1,차대차 - 측면충돌,차로위반,건조,맑음,교차로 - 교차로부근,이륜,남,17세,부상신고,승용,남,44세,상해없음
2020092600100557,2020년 9월 26일 18시,토요일,경상남도 김해시 삼문동,경상사고,0,0,1,0,차대차 - 측면충돌,안전운전불이행,건조,맑음,교차로 - 교차로부근,승용,남,61세,상해없음,이륜,남,44세,경상
2020092600100595,2020년 9월 26일 19시,토요일,경상남도 창원시 의창구 중동,중상사고,0,1,0,0,차대차 - 기타,신호위반,건조,맑음,교차로 - 교차로부근,승용,남,25세,상해없음,이륜,남,40세,중상
2020092600100636,2020년 9월 26일 20시,토요일,경상남도 함안군 법수면,경상사고,0,0,1,0,차대차 - 기타,안전운전불이행,건조,맑음,교차로 - 교차로안,승용,여,48세,상해없음,이륜,남,39세,경상
2020092600100661,2020년 9월 26일 21시,토요일,경상남도 사천시 벌리동,경상사고,0,0,1,0,차대차 - 측면충돌,신호위반,건조,맑음,교차로 - 교차로안,승용,여,30세,상해없음,승용,여,59세,경상
2020092600100662,2020년 9월 26일 21시,토요일,경상남도 양산시 삼호동,경상사고,0,0,1,0,차대차 - 기타,안전운전불이행,건조,맑음,교차로 - 교차로부근,승용,여,21세,상해없음,화물,남,63세,경상
2020092700100011,2020년 9월 27일 00시,일요일,경상남도 창원시 의창구 북면,중상사고,0,1,2,0,차대차 - 측면충돌,중앙선침범,건조,맑음,단일로 - 기타,승용,남,36세,상해없음,승용,남,58세,중상
2020092700100035,2020년 9월 27일 01시,일요일,경상남도 창원시 성산구 남양동,중상사고,0,1,1,0,차대차 - 측면충돌,신호위반,건조,맑음,교차로 - 교차로안,승용,남,25세,상해없음,승용,남,40세,경상
2020092700100036,2020년 9월 27일 01시,일요일,경상남도 창원시 의창구 봉곡동,중상사고,0,1,0,0,차대사람 - 기타,안전운전불이행,건조,맑음,단일로 - 기타,승용,남,61세,상해없음,보행자,남,48세,중상
2020092700100043,2020년 9월 27일 02시,일요일,경상남도 김해시 진영읍,중상사고,0,1,2,0,차대차 - 추돌,안전운전불이행,건조,맑음,교차로 - 교차로부근,이륜,남,38세,중상,승용,남,53세,경상
2020092700100044,2020년 9월 27일 02시,일요일,경상남도 김해시 주촌면,중상사고,0,2,0,0,차량단독 - 공작물충돌,안전운전불이행,건조,맑음,단일로 - 기타,이륜,남,22세,중상,,,,
2020092700100054,2020년 9월 27일 03시,일요일,경상남도 창원시 진해구 자은동,중상사고,0,1,1,0,차대차 - 추돌,안전거리미확보,건조,맑음,교차로 - 교차로부근,이륜,남,17세,중상,승용,남,50세,경상
2020092700100061,2020년 9월 27일 04시,일요일,경상남도 창원시 마산회원구 봉암동,경상사고,0,0,1,0,차대차 - 추돌,안전운전불이행,젖음/습기,비,교차로 - 교차로부근,승용,남,43세,상해없음,승용,남,64세,경상
2020092700100084,2020년 9월 27일 06시,일요일,경상남도 창원시 마산합포구 신포동2가,중상사고,0,1,0,0,차대차 - 측면충돌,신호위반,건조,맑음,교차로 - 교차로안,이륜,여,74세,중상,승용,남,76세,상해없음
2020092700100085,2020년 9월 27일 06시,일요일,경상남도 사천시 서동,경상사고,0,0,1,0,차대사람 - 기타,안전운전불이행,건조,맑음,단일로 - 기타,승합,남,58세,기타불명,보행자,여,79세,경상
2020092700100124,2020년 9월 27일 09시,일요일,경상남도 사천시 송포동,경상사고,0,0,1,0,차대차 - 기타,중앙선침범,건조,맑음,단일로 - 기타,승용,남,59세,상해없음,화물,남,56세,상해없음
2020092700100125,2020년 9월 27일 09시,일요일,경상남도 밀양시 무안면,경상사고,0,0,2,0,차대차 - 추돌,안전운전불이행,건조,맑음,단일로 - 기타,화물,남,63세,상해없음,승용,남,55세,상해없음
2020092700100144,2020년 9월 27일 10시,일요일,경상남도 창원시 마산합포구 동성동,경상사고,0,0,3,0,차대차 - 측면충돌,안전운전불이행,건조,맑음,교차로 - 교차로부근,승용,여,67세,상해없음,승용,여,32세,경상
2020092700100145,2020년 9월 27일 10시,일요일,경상남도 밀양시 내이동,중상사고,0,1,0,0,차대차 - 측면충돌,안전운전불이행,건조,맑음,단일로 - 기타,승용,여,63세,상해없음,이륜,남,75세,상해없음
2020092700100146,2020년 9월 27일 10시,일요일,경상남도 양산시 명동,사망사고,1,0,0,0,차대차 - 기타,안전운전불이행,건조,맑음,단일로 - 기타,원동기,남,16세,사망,승용,남,31세,기타불명
2020092700100167,2020년 9월 27일 11시,일요일,경상남도 함양군 서상면,중상사고,0,1,0,0,차량단독 - 공작물충돌,안전운전불이행,건조,맑음,단일로 - 기타,이륜,남,37세,중상,,,,
2020092700100207,2020년 9월 27일 12시,일요일,경상남도 거창군 거창읍,중상사고,0,1,0,0,차대차 - 정면충돌,안전운전불이행,건조,맑음,교차로 - 교차로안,화물,남,60세,상해없음,자전거,여,11세,중상
2020092700100208,2020년 9월 27일 12시,일요일,경상남도 양산시 북정동,경상사고,0,0,1,0,차대차 - 추돌,안전거리미확보,건조,맑음,단일로 - 기타,승용,남,22세,상해없음,승용,여,51세,경상
2020092700100209,2020년 9월 27일 12시,일요일,경상남도 양산시 동면,경상사고,0,0,1,0,차대차 - 측면충돌,안전거리미확보,건조,맑음,단일로 - 기타,승용,남,65세,상해없음,승용,여,51세,경상
2020092700100242,2020년 9월 27일 13시,일요일,경상남도 창원시 마산합포구 월남동3가,중상사고,0,1,1,0,차대차 - 측면충돌,안전운전불이행,건조,맑음,교차로 - 교차로안,승용,여,61세,상해없음,승합,남,25세,경상
2020092700100243,2020년 9월 27일 13시,일요일,경상남도 밀양시 가곡동,경상사고,0,0,1,0,차량단독 - 기타,안전운전불이행,건조,맑음,단일로 - 기타,이륜,남,71세,경상,,,,
2020092700100244,2020년 9월 27일 13시,일요일,경상남도 김해시 동상동,경상사고,0,0,2,0,차대차 - 추돌,교차로운행방법위반,건조,맑음,교차로 - 교차로부근,승합,남,55세,상해없음,승용,남,20세,경상
2020092700100283,2020년 9월 27일 14시,일요일,경상남도 창원시 진해구 죽곡동,경상사고,0,0,2,0,차대차 - 추돌,안전운전불이행,건조,맑음,단일로 - 기타,승용,남,46세,상해없음,승용,남,43세,경상
2020092700100284,2020년 9월 27일 14시,일요일,경상남도 통영시 무전동,부상신고사고,0,0,0,1,차대차 - 측면충돌,안전운전불이행,건조,맑음,교차로 - 교차로안,자전거,남,12세,부상신고,승용,여,47세,상해없음
2020092700100285,2020년 9월 27일 14시,일요일,경상남도 통영시 산양읍,경상사고,0,0,1,0,차대사람 - 기타,안전운전불이행,건조,맑음,기타 - 기타,승용,남,55세,상해없음,보행자,여,53세,경상
2020092700100286,2020년 9월 27일 14시,일요일,경상남도 양산시 덕계동,경상사고,0,0,3,0,차대차 - 측면충돌,교차로운행방법위반,건조,맑음,교차로 - 교차로안,승용,남,57세,상해없음,승용,여,43세,경상
2020092700100287,2020년 9월 27일 14시,일요일,경상남도 창원시 의창구 사화동,경상사고,0,0,2,0,차대차 - 측면충돌,안전운전불이행,건조,맑음,교차로 - 교차로부근,승용,남,57세,경상,승합,남,56세,경상
2020092700100288,2020년 9월 27일 14시,일요일,경상남도 김해시 율하동,경상사고,0,0,2,0,차대차 - 측면충돌,안전운전불이행,건조,맑음,교차로 - 교차로안,승용,남,52세,경상,승용,남,69세,경상
2020092700100319,2020년 9월 27일 15시,일요일,경상남도 통영시 광도면,부상신고사고,0,0,0,1,차대차 - 측면충돌,안전운전불이행,건조,맑음,단일로 - 기타,자전거,여,9세,부상신고,화물,남,31세,상해없음
2020092700100320,2020년 9월 27일 15시,일요일,경상남도 창녕군 남지읍,중상사고,0,1,0,0,차대차 - 측면충돌,교차로운행방법위반,건조,맑음,교차로 - 교차로안,화물,남,61세,상해없음,이륜,남,50세,중상
2020092700100321,2020년 9월 27일 15시,일요일,경상남도 함양군 수동면,중상사고,0,1,0,0,차대차 - 추돌,안전운전불이행,건조,맑음,단일로 - 지하차도(도로)내,이륜,남,60세,중상,승용,남,73세,상해없음
2020092700100396,2020년 9월 27일 17시,일요일,경상남도 통영시 용남면,부상신고사고,0,0,0,1,차대차 - 측면충돌,안전운전불이행,건조,맑음,단일로 - 기타,자전거,남,10세,부상신고,승용,여,49세,상해없음
2020092700100397,2020년 9월 27일 17시,일요일,경상남도 사천시 죽림동,중상사고,0,1,0,0,차대차 - 추돌,안전운전불이행,건조,맑음,단일로 - 기타,승용,남,17세,상해없음,승용,여,33세,상해없음
2020092700100398,2020년 9월 27일 17시,일요일,경상남도 김해시 대동면,부상신고사고,0,0,0,1,차대차 - 측면충돌,교차로운행방법위반,건조,맑음,교차로 - 교차로부근,승용,남,32세,상해없음,승용,남,38세,부상신고
2020092700100399,2020년 9월 27일 17시,일요일,경상남도 양산시 물금읍,경상사고,0,0,1,0,차대차 - 측면충돌,안전거리미확보,건조,맑음,교차로 - 교차로안,이륜,남,30세,상해없음,승용,남,30세,경상
2020092700100433,2020년 9월 27일 18시,일요일,경상남도 창원시 성산구 상남동,중상사고,0,1,0,0,차대사람 - 횡단중,안전운전불이행,건조,맑음,단일로 - 기타,이륜,남,54세,상해없음,보행자,여,47세,중상
2020092700100494,2020년 9월 27일 20시,일요일,경상남도 창원시 마산합포구 진북면,중상사고,0,1,0,0,차대사람 - 횡단중,안전운전불이행,건조,맑음,교차로 - 교차로부근,승용,남,56세,상해없음,보행자,남,53세,중상
2020092700100495,2020년 9월 27일 20시,일요일,경상남도 김해시 구산동,경상사고,0,0,4,0,차대차 - 측면충돌,안전운전불이행,건조,맑음,교차로 - 교차로부근,승용,여,51세,상해없음,승용,남,24세,경상
2020092700100521,2020년 9월 27일 21시,일요일,경상남도 진주시 하대동,부상신고사고,0,0,0,1,차대사람 - 횡단중,안전운전불이행,건조,맑음,단일로 - 기타,승용,남,33세,상해없음,보행자,남,49세,부상신고
2020092700100530,2020년 9월 27일 22시,일요일,경상남도 김해시 대동면,경상사고,0,0,1,0,차대차 - 측면충돌,안전거리미확보,건조,맑음,단일로 - 기타,승용,남,62세,상해없음,승용,남,60세,경상
2020092700100535,2020년 9월 27일 22시,일요일,경상남도 김해시 대청동,경상사고,0,0,2,0,차대차 - 측면충돌,안전운전불이행,건조,맑음,교차로 - 교차로부근,승용,여,36세,경상,승용,남,57세,경상
2020092700100553,2020년 9월 27일 23시,일요일,경상남도 양산시 소주동,중상사고,0,1,0,0,차대사람 - 기타,안전운전불이행,건조,맑음,단일로 - 기타,승용,남,50세,상해없음,보행자,남,57세,중상
2020092800100018,2020년 9월 28일 02시,월요일,경상남도 거창군 거창읍,경상사고,0,0,2,0,차량단독 - 공작물충돌,안전운전불이행,건조,맑음,단일로 - 기타,원동기,남,19세,경상,,,,
2020092800100048,2020년 9월 28일 06시,월요일,경상남도 함양군 함양읍,중상사고,0,1,1,0,차대차 - 측면충돌,교차로운행방법위반,건조,맑음,교차로 - 교차로안,화물,남,51세,경상,이륜,여,56세,중상
2020092800100049,2020년 9월 28일 06시,월요일,경상남도 창원시 의창구 신월동,중상사고,0,1,0,0,차대차 - 측면충돌,교차로운행방법위반,건조,맑음,교차로 - 교차로부근,화물,남,68세,상해없음,자전거,남,27세,중상
2020092800100054,2020년 9월 28일 07시,월요일,경상남도 김해시 대동면,경상사고,0,0,2,0,차대차 - 추돌,안전거리미확보,건조,맑음,단일로 - 기타,화물,남,63세,상해없음,화물,남,55세,경상
2020092800100068,2020년 9월 28일 07시,월요일,경상남도 진주시 하대동,경상사고,0,0,1,0,차대차 - 측면충돌,안전거리미확보,건조,맑음,교차로 - 교차로안,건설기계,남,46세,상해없음,승용,남,30세,경상
2020092800100069,2020년 9월 28일 07시,월요일,경상남도 진주시 본성동,중상사고,0,1,0,0,차대사람 - 횡단중,보행자보호의무위반,건조,맑음,교차로 - 교차로횡단보도내,승용,남,38세,상해없음,보행자,남,66세,중상
2020092800100070,2020년 9월 28일 07시,월요일,경상남도 양산시 명동,경상사고,0,0,1,0,차대차 - 측면충돌,교차로운행방법위반,건조,맑음,교차로 - 교차로안,승용,여,53세,기타불명,원동기,남,67세,경상
2020092800100116,2020년 9월 28일 08시,월요일,경상남도 창원시 마산합포구 상남동,중상사고,0,1,0,0,차대사람 - 횡단중,안전운전불이행,건조,맑음,교차로 - 교차로부근,승용,남,45세,상해없음,보행자,여,73세,중상
2020092800100117,2020년 9월 28일 08시,월요일,경상남도 양산시 덕계동,경상사고,0,0,1,0,차대사람 - 횡단중,보행자보호의무위반,건조,맑음,교차로 - 교차로안,화물,남,68세,상해없음,보행자,남,58세,경상
2020092800100118,2020년 9월 28일 08시,월요일,경상남도 산청군 단성면,부상신고사고,0,0,0,1,차대차 - 측면충돌,신호위반,건조,맑음,교차로 - 교차로안,이륜,남,82세,부상신고,화물,남,52세,상해없음
2020092800100192,2020년 9월 28일 10시,월요일,경상남도 창원시 마산합포구 중앙동2가,경상사고,0,0,1,0,차대사람 - 보도통행중,신호위반,건조,맑음,교차로 - 교차로횡단보도내,승용,남,63세,상해없음,보행자,남,69세,경상
2020092800100193,2020년 9월 28일 10시,월요일,경상남도 진주시 대안동,경상사고,0,0,1,0,차대사람 - 횡단중,보행자보호의무위반,건조,맑음,교차로 - 교차로횡단보도내,승용,남,71세,상해없음,보행자,여,78세,경상
2020092800100194,2020년 9월 28일 10시,월요일,경상남도 함안군 칠원읍,경상사고,0,0,1,0,차대차 - 측면충돌,안전거리미확보,건조,맑음,단일로 - 기타,건설기계,남,54세,상해없음,승용,남,23세,경상
2020092800100244,2020년 9월 28일 11시,월요일,경상남도 거창군 거창읍,경상사고,0,0,1,0,차대차 - 추돌,안전거리미확보,건조,맑음,단일로 - 기타,이륜,남,71세,경상,승용,남,44세,상해없음
2020092800100245,2020년 9월 28일 11시,월요일,경상남도 창원시 성산구 상남동,중상사고,0,1,0,0,차대사람 - 기타,안전운전불이행,건조,맑음,교차로 - 교차로부근,원동기,남,43세,상해없음,보행자,여,43세,중상
2020092800100289,2020년 9월 28일 12시,월요일,경상남도 창녕군 계성면,중상사고,0,1,0,0,차대차 - 기타,기타,건조,맑음,단일로 - 교량,화물,남,54세,상해없음,이륜,남,85세,중상
2020092800100290,2020년 9월 28일 12시,월요일,경상남도 함안군 칠서면,경상사고,0,0,1,0,차대차 - 측면충돌,안전운전불이행,건조,맑음,교차로 - 교차로안,특수,남,46세,상해없음,승용,남,70세,경상
2020092800100291,2020년 9월 28일 12시,월요일,경상남도 김해시 율하동,중상사고,0,1,1,0,차대사람 - 횡단중,신호위반,건조,맑음,단일로 - 기타,이륜,남,25세,상해없음,보행자,남,10세,경상
2020092800100343,2020년 9월 28일 13시,월요일,경상남도 사천시 용현면,경상사고,0,0,1,0,차대차 - 측면충돌,직진우회전진행방해,건조,맑음,교차로 - 교차로안,승용,여,32세,경상,승용,남,48세,상해없음
2020092800100344,2020년 9월 28일 13시,월요일,경상남도 함양군 함양읍,중상사고,0,1,0,0,차대차 - 기타,중앙선침범,건조,맑음,단일로 - 지하차도(도로)내,화물,남,60세,상해없음,승용,여,45세,중상
2020092800100345,2020년 9월 28일 13시,월요일,경상남도 양산시 중부동,경상사고,0,0,1,0,차대차 - 후진중충돌,안전운전불이행,건조,맑음,주차장 - 주차장,화물,남,36세,상해없음,승용,여,41세,경상
2020092800100396,2020년 9월 28일 14시,월요일,경상남도 창원시 마산합포구 신포동2가,경상사고,0,0,1,0,차대차 - 후진중충돌,안전운전불이행,건조,맑음,단일로 - 기타,승용,여,60세,상해없음,이륜,남,20세,경상
2020092800100397,2020년 9월 28일 14시,월요일,경상남도 사천시 선구동,중상사고,0,1,0,0,차대사람 - 횡단중,안전운전불이행,건조,맑음,교차로 - 교차로안,화물,남,57세,상해없음,보행자,여,55세,중상
2020092800100398,2020년 9월 28일 14시,월요일,경상남도 김해시 삼계동,경상사고,0,0,2,0,차대차 - 기타,안전운전불이행,건조,맑음,교차로 - 교차로안,화물,남,26세,경상,건설기계,남,62세,경상
2020092800100399,2020년 9월 28일 14시,월요일,경상남도 양산시 북부동,부상신고사고,0,0,0,1,차대차 - 측면충돌,안전운전불이행,건조,맑음,단일로 - 기타,승용,여,60세,상해없음,승용,남,57세,부상신고
2020092800100400,2020년 9월 28일 14시,월요일,경상남도 거제시 사등면,부상신고사고,0,0,0,1,차대차 - 추돌,안전운전불이행,건조,맑음,단일로 - 기타,화물,남,38세,부상신고,화물,남,58세,기타불명
2020092800100451,2020년 9월 28일 15시,월요일,경상남도 창녕군 창녕읍,경상사고,0,0,1,1,차대차 - 추돌,안전운전불이행,건조,맑음,교차로 - 교차로부근,이륜,남,77세,부상신고,승용,남,54세,상해없음
2020092800100452,2020년 9월 28일 15시,월요일,경상남도 산청군 신안면,중상사고,0,1,0,0,차량단독 - 공작물충돌,안전운전불이행,건조,맑음,단일로 - 기타,화물,남,65세,중상,,,,
2020092800100508,2020년 9월 28일 16시,월요일,경상남도 창원시 진해구 경화동,경상사고,0,0,1,0,차대사람 - 횡단중,신호위반,건조,맑음,교차로 - 교차로횡단보도내,승용,여,75세,상해없음,보행자,여,58세,경상
2020092800100509,2020년 9월 28일 16시,월요일,경상남도 사천시 벌리동,경상사고,0,0,2,0,차대차 - 측면충돌,신호위반,건조,맑음,교차로 - 교차로안,승용,남,63세,상해없음,승용,여,46세,경상
2020092800100510,2020년 9월 28일 16시,월요일,경상남도 거창군 가북면,경상사고,0,0,3,0,차대차 - 기타,안전운전불이행,건조,맑음,교차로 - 교차로안,화물,여,66세,경상,승용,여,40세,경상
2020092800100511,2020년 9월 28일 16시,월요일,경상남도 거제시 고현동,경상사고,0,0,1,0,차대차 - 측면충돌,안전운전불이행,건조,맑음,교차로 - 교차로안,화물,남,53세,상해없음,자전거,여,18세,경상
2020092800100512,2020년 9월 28일 16시,월요일,경상남도 창원시 의창구 팔용동,경상사고,0,0,1,0,차대차 - 측면충돌,신호위반,건조,맑음,교차로 - 교차로안,승용,여,63세,기타불명,승용,남,26세,경상
2020092800100513,2020년 9월 28일 16시,월요일,경상남도 창원시 의창구 봉곡동,중상사고,0,1,0,0,차량단독 - 기타,안전운전불이행,건조,맑음,단일로 - 기타,승합,남,59세,기타불명,,,,
2020092800100576,2020년 9월 28일 17시,월요일,경상남도 밀양시 산외면,경상사고,0,0,2,0,차대차 - 측면충돌,안전운전불이행,건조,맑음,교차로 - 교차로안,화물,남,68세,상해없음,승용,여,55세,경상
2020092800100577,2020년 9월 28일 17시,월요일,경상남도 밀양시 삼문동,경상사고,0,0,1,0,차대차 - 측면충돌,안전운전불이행,건조,맑음,교차로 - 교차로안,승용,여,38세,상해없음,이륜,남,19세,경상
2020092800100578,2020년 9월 28일 17시,월요일,경상남도 김해시 진영읍,중상사고,0,2,0,0,차대차 - 측면충돌,신호위반,건조,맑음,교차로 - 교차로안,화물,남,61세,상해없음,원동기,남,17세,중상
2020092800100638,2020년 9월 28일 18시,월요일,경상남도 창원시 마산합포구 홍문동,경상사고,0,0,1,0,차대사람 - 차도통행중,기타,건조,맑음,단일로 - 기타,승용,남,37세,상해없음,보행자,남,55세,경상
2020092800100639,2020년 9월 28일 18시,월요일,경상남도 고성군 회화면,경상사고,0,0,1,0,차대차 - 기타,안전거리미확보,건조,맑음,단일로 - 기타,승용,남,67세,상해없음,승용,남,50세,경상
2020092800100640,2020년 9월 28일 18시,월요일,경상남도 함안군 군북면,중상사고,0,1,0,0,차대차 - 측면충돌,교차로운행방법위반,건조,맑음,교차로 - 교차로안,승용,남,38세,상해없음,이륜,남,23세,중상
2020092800100641,2020년 9월 28일 18시,월요일,경상남도 창원시 성산구 상남동,경상사고,0,0,1,0,차대사람 - 횡단중,보행자보호의무위반,건조,맑음,교차로 - 교차로횡단보도내,승용,남,71세,상해없음,보행자,여,32세,경상
2020092800100707,2020년 9월 28일 19시,월요일,경상남도 김해시 상동면,경상사고,0,0,1,0,차대차 - 기타,안전운전불이행,건조,맑음,단일로 - 기타,승용,남,68세,상해없음,승용,남,42세,경상
2020092800100708,2020년 9월 28일 19시,월요일,경상남도 김해시 대동면,경상사고,0,0,1,0,차대차 - 추돌,안전운전불이행,건조,맑음,단일로 - 기타,승용,여,55세,상해없음,승용,여,34세,경상
2020092800100709,2020년 9월 28일 19시,월요일,경상남도 거창군 거창읍,경상사고,0,0,1,0,차량단독 - 기타,안전운전불이행,건조,맑음,단일로 - 기타,이륜,남,46세,경상,,,,
2020092800100731,2020년 9월 28일 20시,월요일,경상남도 창원시 진해구 경화동,경상사고,0,0,2,0,차대차 - 측면충돌,안전운전불이행,건조,맑음,단일로 - 기타,승용,남,68세,상해없음,승용,남,41세,경상
2020092800100732,2020년 9월 28일 20시,월요일,경상남도 고성군 고성읍,경상사고,0,0,1,1,차대차 - 기타,신호위반,건조,맑음,교차로 - 교차로안,승용,남,40세,상해없음,승용,남,67세,경상
2020092800100733,2020년 9월 28일 20시,월요일,경상남도 거제시 장평동,경상사고,0,0,3,0,차대차 - 측면충돌,안전운전불이행,건조,맑음,교차로 - 교차로안,이륜,남,31세,경상,이륜,남,44세,경상
2020092800100734,2020년 9월 28일 20시,월요일,경상남도 창원시 성산구 대방동,경상사고,0,0,1,0,차대차 - 측면충돌,안전운전불이행,건조,맑음,교차로 - 교차로안,승합,남,59세,상해없음,승용,남,32세,경상
2020092800100770,2020년 9월 28일 21시,월요일,경상남도 밀양시 상남면,경상사고,0,0,1,1,차대차 - 추돌,안전운전불이행,건조,맑음,단일로 - 기타,승용,남,52세,상해없음,승용,남,59세,경상
2020092800100771,2020년 9월 28일 21시,월요일,경상남도 밀양시 삼문동,경상사고,0,0,3,0,차대차 - 추돌,안전운전불이행,건조,맑음,단일로 - 기타,승용,남,52세,상해없음,승용,여,44세,경상
2020092800100772,2020년 9월 28일 21시,월요일,경상남도 밀양시 삼문동,경상사고,0,0,1,0,차대차 - 정면충돌,안전운전불이행,건조,흐림,교차로 - 교차로안,승용,남,42세,상해없음,승용,남,71세,경상
2020092800100773,2020년 9월 28일 21시,월요일,경상남도 김해시 삼방동,경상사고,0,0,1,0,차대사람 - 횡단중,보행자보호의무위반,건조,맑음,교차로 - 교차로횡단보도내,화물,남,73세,상해없음,보행자,남,47세,경상
2020092800100805,2020년 9월 28일 22시,월요일,경상남도 김해시 불암동,사망사고,1,0,0,0,차대차 - 기타,신호위반,건조,맑음,교차로 - 교차로안,이륜,남,67세,사망,승용,여,56세,상해없음
2020092800100806,2020년 9월 28일 22시,월요일,경상남도 창원시 성산구 대방동,경상사고,0,0,1,0,차대차 - 측면충돌,안전운전불이행,건조,맑음,교차로 - 교차로부근,승용,남,46세,상해없음,승용,여,52세,경상
2020092800100807,2020년 9월 28일 22시,월요일,경상남도 김해시 신문동,중상사고,0,1,0,0,차대차 - 측면충돌,안전운전불이행,건조,맑음,교차로 - 교차로부근,원동기,남,23세,상해없음,승용,남,24세,중상
2020092800100827,2020년 9월 28일 23시,월요일,경상남도 창원시 마산합포구 신포동1가,경상사고,0,0,1,0,차대차 - 측면충돌,안전운전불이행,건조,맑음,교차로 - 교차로부근,승용,남,53세,상해없음,승용,남,27세,경상
2020092800100828,2020년 9월 28일 23시,월요일,경상남도 양산시 소주동,부상신고사고,0,0,0,1,차대차 - 기타,안전운전불이행,건조,맑음,교차로 - 교차로안,이륜,남,20세,부상신고,승용,여,55세,상해없음
2020092800100829,2020년 9월 28일 23시,월요일,경상남도 창원시 마산회원구 합성동,경상사고,0,0,1,0,차대차 - 기타,안전운전불이행,건조,맑음,교차로 - 교차로안,승용,남,30세,상해없음,승용,남,38세,경상
2020092900100015,2020년 9월 29일 00시,화요일,경상남도 함안군 가야읍,중상사고,0,1,0,0,차량단독 - 공작물충돌,안전운전불이행,건조,맑음,단일로 - 기타,원동기,남,55세,중상,,,,
2020092900100032,2020년 9월 29일 02시,화요일,경상남도 고성군 회화면,중상사고,0,1,1,0,차대차 - 기타,안전운전불이행,건조,맑음,단일로 - 기타,승용,남,58세,상해없음,승용,남,67세,경상
2020092900100080,2020년 9월 29일 07시,화요일,경상남도 합천군 묘산면,중상사고,0,1,0,0,차량단독 - 전도전복 - 전도,안전운전불이행,건조,맑음,단일로 - 기타,농기계,남,75세,중상,,,,
2020092900100116,2020년 9월 29일 08시,화요일,경상남도 창원시 진해구 숭인동,경상사고,0,0,3,0,차대차 - 측면충돌,직진우회전진행방해,건조,맑음,교차로 - 교차로안,승용,여,44세,경상,승용,여,54세,경상
2020092900100117,2020년 9월 29일 08시,화요일,경상남도 창원시 진해구 마천동,중상사고,0,1,4,0,차대차 - 측면충돌,안전운전불이행,건조,맑음,단일로 - 기타,승용,남,80세,상해없음,승합,남,37세,경상
2020092900100118,2020년 9월 29일 08시,화요일,경상남도 밀양시 삼랑진읍,중상사고,0,1,1,0,차대차 - 측면충돌,교차로운행방법위반,건조,맑음,교차로 - 교차로안,승용,여,59세,경상,화물,남,71세,중상
2020092900100119,2020년 9월 29일 08시,화요일,경상남도 김해시 어방동,경상사고,0,0,1,0,차대차 - 추돌,안전운전불이행,건조,맑음,교차로 - 교차로안,승용,남,23세,상해없음,승용,남,26세,경상
2020092900100200,2020년 9월 29일 10시,화요일,경상남도 통영시 미수동,경상사고,0,0,1,0,차대차 - 추돌,안전운전불이행,건조,맑음,단일로 - 기타,승용,여,56세,기타불명,승용,남,58세,경상
2020092900100247,2020년 9월 29일 11시,화요일,경상남도 거제시 아주동,중상사고,0,1,0,0,차대차 - 기타,직진우회전진행방해,건조,맑음,교차로 - 교차로안,승용,여,43세,상해없음,승용,여,38세,중상
2020092900100278,2020년 9월 29일 12시,화요일,경상남도 진주시 가좌동,경상사고,0,0,1,0,차대사람 - 횡단중,안전운전불이행,건조,맑음,교차로 - 교차로안,승용,남,42세,상해없음,보행자,여,32세,경상
2020092900100279,2020년 9월 29일 12시,화요일,경상남도 밀양시 가곡동,경상사고,0,0,2,0,차대차 - 추돌,안전운전불이행,건조,맑음,단일로 - 기타,승용,여,55세,상해없음,승용,여,60세,경상
2020092900100280,2020년 9월 29일 12시,화요일,경상남도 김해시 삼방동,중상사고,0,1,0,0,차대사람 - 길가장자리구역통행중,안전운전불이행,건조,맑음,교차로 - 교차로안,승용,남,37세,상해없음,보행자,여,68세,중상
2020092900100281,2020년 9월 29일 12시,화요일,경상남도 창원시 의창구 서상동,경상사고,0,0,1,0,차대차 - 후진중충돌,안전운전불이행,건조,맑음,단일로 - 기타,승용,남,61세,상해없음,이륜,남,58세,경상
2020092900100331,2020년 9월 29일 13시,화요일,경상남도 밀양시 삼문동,경상사고,0,0,1,0,차대차 - 기타,안전운전불이행,건조,맑음,교차로 - 교차로안,이륜,남,62세,경상,화물,남,49세,상해없음
2020092900100332,2020년 9월 29일 13시,화요일,경상남도 창원시 의창구 봉곡동,경상사고,0,0,1,0,차대차 - 측면충돌,신호위반,건조,맑음,교차로 - 교차로안,승용,남,68세,상해없음,이륜,남,65세,경상
2020092900100392,2020년 9월 29일 14시,화요일,경상남도 창녕군 창녕읍,경상사고,0,0,1,0,차대차 - 후진중충돌,안전운전불이행,건조,맑음,단일로 - 기타,화물,남,66세,상해없음,자전거,남,11세,경상