사고번호,사고일시,요일,시군구,사고내용,사망자수,중상자수,경상자수,부상신고자수,사고유형,법규위반,노면상태,기상상태,도로형태,가해운전자 차종,가해운전자 성별,가해운전자 연령,가해운전자 상해정도,피해운전자 차종,피해운전자 성별,피해운전자 연령,피해운전자 상해정도
2020092900100393,2020년 9월 29일 14시,화요일,경상남도 고성군 고성읍,중상사고,0,1,0,0,차대차 - 측면충돌,교차로운행방법위반,건조,맑음,교차로 - 교차로안,승용,남,64세,상해없음,승용,남,68세,중상
2020092900100575,2020년 9월 29일 17시,화요일,경상남도 창원시 마산합포구 남성동,중상사고,0,1,0,0,차대차 - 기타,교차로운행방법위반,건조,맑음,교차로 - 교차로안,승용,남,58세,상해없음,이륜,남,43세,중상
2020092900100576,2020년 9월 29일 17시,화요일,경상남도 양산시 남부동,경상사고,0,0,1,0,차대차 - 측면충돌,직진우회전진행방해,건조,맑음,교차로 - 교차로안,승용,남,35세,상해없음,승합,남,47세,상해없음
2020092900100577,2020년 9월 29일 17시,화요일,경상남도 창원시 의창구 동읍,경상사고,0,0,3,0,차대차 - 추돌,안전운전불이행,건조,맑음,단일로 - 터널,승용,남,68세,상해없음,화물,남,60세,경상
2020092900100628,2020년 9월 29일 18시,화요일,경상남도 사천시 사천읍,중상사고,0,1,1,0,차대차 - 측면충돌,안전거리미확보,건조,맑음,단일로 - 기타,승용,여,28세,경상,승용,여,51세,중상
2020092900100629,2020년 9월 29일 18시,화요일,경상남도 김해시 내동,경상사고,0,0,1,0,차대차 - 기타,안전거리미확보,건조,맑음,단일로 - 기타,승용,남,62세,상해없음,승용,남,47세,경상
2020092900100630,2020년 9월 29일 18시,화요일,경상남도 창원시 의창구 대원동,경상사고,0,0,2,0,차대차 - 후진중충돌,안전운전불이행,건조,맑음,교차로 - 교차로안,승용,남,61세,상해없음,승용,남,29세,경상
2020092900100684,2020년 9월 29일 19시,화요일,경상남도 김해시 삼계동,중상사고,0,1,0,0,차대차 - 측면충돌,신호위반,건조,맑음,교차로 - 교차로안,승용,남,33세,상해없음,이륜,남,33세,중상
2020092900100685,2020년 9월 29일 19시,화요일,경상남도 산청군 생초면,중상사고,0,1,0,0,차대사람 - 횡단중,안전운전불이행,건조,맑음,교차로 - 교차로안,승용,여,41세,상해없음,보행자,여,64세,중상
2020092900100686,2020년 9월 29일 19시,화요일,경상남도 산청군 시천면,중상사고,0,1,0,0,차량단독 - 기타,안전운전불이행,건조,맑음,단일로 - 기타,농기계,남,81세,중상,,,,
2020092900100738,2020년 9월 29일 20시,화요일,경상남도 통영시 용남면,중상사고,0,2,0,0,차대사람 - 기타,안전운전불이행,건조,맑음,단일로 - 기타,이륜,남,28세,중상,보행자,남,45세,중상
2020092900100807,2020년 9월 29일 22시,화요일,경상남도 양산시 남부동,부상신고사고,0,0,0,2,차대차 - 기타,안전운전불이행,건조,맑음,교차로 - 교차로부근,승용,남,27세,상해없음,승용,남,39세,부상신고
2020092900100826,2020년 9월 29일 23시,화요일,경상남도 사천시 사남면,중상사고,0,1,0,0,차대사람 - 기타,안전운전불이행,건조,맑음,교차로 - 교차로안,승용,남,44세,상해없음,보행자,남,70세,중상
2020092900100827,2020년 9월 29일 23시,화요일,경상남도 거제시 아주동,경상사고,0,0,1,0,차대차 - 기타,안전운전불이행,건조,맑음,단일로 - 터널,승용,남,35세,상해없음,승용,여,42세,경상
2020092900100828,2020년 9월 29일 23시,화요일,경상남도 함안군 대산면,사망사고,1,0,0,0,차량단독 - 공작물충돌,안전운전불이행,건조,맑음,단일로 - 기타,승용,남,49세,사망,,,,
2020093000100017,2020년 9월 30일 00시,수요일,경상남도 창원시 성산구 대방동,경상사고,0,0,1,0,차대차 - 측면충돌,신호위반,건조,맑음,교차로 - 교차로안,승용,남,34세,상해없음,승용,남,28세,경상
2020093000100093,2020년 9월 30일 07시,수요일,경상남도 창원시 성산구 성주동,경상사고,0,0,1,0,차대차 - 측면충돌,신호위반,건조,맑음,교차로 - 교차로안,승용,남,60세,상해없음,승용,남,40세,경상
2020093000100113,2020년 9월 30일 08시,수요일,경상남도 거제시 연초면,중상사고,0,1,0,0,차대차 - 측면충돌,교차로운행방법위반,건조,맑음,교차로 - 교차로안,승용,남,54세,상해없음,이륜,남,42세,중상
2020093000100135,2020년 9월 30일 09시,수요일,경상남도 고성군 회화면,경상사고,0,0,1,0,차대차 - 기타,안전운전불이행,건조,맑음,교차로 - 교차로부근,승용,여,55세,경상,승합,남,60세,기타불명
2020093000100136,2020년 9월 30일 09시,수요일,경상남도 창원시 성산구 귀산동,경상사고,0,0,1,0,차대차 - 추돌,안전운전불이행,건조,맑음,단일로 - 기타,승용,여,31세,상해없음,승용,남,37세,상해없음
2020093000100161,2020년 9월 30일 10시,수요일,경상남도 진주시 상대동,중상사고,0,1,0,0,차대차 - 측면충돌,안전운전불이행,건조,맑음,교차로 - 교차로횡단보도내,승용,여,61세,상해없음,자전거,남,65세,중상
2020093000100162,2020년 9월 30일 10시,수요일,경상남도 남해군 남해읍,경상사고,0,0,1,0,차대차 - 측면충돌,안전운전불이행,건조,맑음,교차로 - 교차로안,승용,남,44세,상해없음,승용,남,44세,경상
2020093000100252,2020년 9월 30일 13시,수요일,경상남도 통영시 북신동,중상사고,0,1,0,0,차대차 - 기타,안전운전불이행,건조,맑음,단일로 - 기타,승용,남,49세,상해없음,이륜,남,41세,중상
2020093000100253,2020년 9월 30일 13시,수요일,경상남도 창녕군 창녕읍,경상사고,0,0,1,0,차대차 - 정면충돌,중앙선침범,건조,맑음,단일로 - 기타,원동기,남,80세,경상,승용,여,50세,상해없음
2020093000100283,2020년 9월 30일 14시,수요일,경상남도 거제시 고현동,경상사고,0,0,1,0,차대차 - 측면충돌,안전거리미확보,건조,맑음,단일로 - 기타,화물,남,41세,상해없음,승용,여,49세,경상
2020093000100325,2020년 9월 30일 15시,수요일,경상남도 창녕군 유어면,사망사고,1,0,0,0,차대차 - 측면충돌,중앙선침범,건조,맑음,단일로 - 기타,원동기,남,51세,사망,승용,여,58세,상해없음
2020093000100326,2020년 9월 30일 15시,수요일,경상남도 남해군 서면,경상사고,0,0,2,0,차대차 - 후진중충돌,안전운전불이행,건조,맑음,단일로 - 기타,승용,남,65세,상해없음,승용,남,36세,경상
2020093000100406,2020년 9월 30일 18시,수요일,경상남도 양산시 동면,중상사고,0,1,0,0,차대차 - 정면충돌,안전운전불이행,건조,맑음,기타 - 기타,승용,여,46세,상해없음,자전거,남,51세,중상
2020093000100407,2020년 9월 30일 18시,수요일,경상남도 거제시 장승포동,중상사고,0,1,0,0,차대사람 - 기타,안전운전불이행,건조,맑음,단일로 - 기타,승용,여,26세,상해없음,보행자,여,25세,중상
2020093000100442,2020년 9월 30일 19시,수요일,경상남도 사천시 사천읍,부상신고사고,0,0,0,1,차대차 - 기타,안전운전불이행,건조,맑음,교차로 - 교차로안,기타불명,기타불명,미분류,기타불명,원동기,남,20세,부상신고
2020093000100465,2020년 9월 30일 20시,수요일,경상남도 함안군 군북면,경상사고,0,0,2,0,차대차 - 추돌,안전운전불이행,건조,맑음,단일로 - 기타,승용,여,32세,상해없음,승용,남,59세,경상
2020100100100011,2020년 10월 1일 00시,목요일,경상남도 통영시 미수동,경상사고,0,0,5,0,차대차 - 기타,교차로운행방법위반,건조,맑음,교차로 - 교차로안,승용,여,53세,경상,승용,남,33세,경상
2020100100100048,2020년 10월 1일 07시,목요일,경상남도 창원시 진해구 용원동,경상사고,0,0,1,0,차대차 - 추돌,안전운전불이행,건조,맑음,교차로 - 교차로부근,승용,남,51세,상해없음,승용,여,24세,경상
2020100100100052,2020년 10월 1일 08시,목요일,경상남도 진주시 이현동,중상사고,0,1,0,0,차대차 - 기타,안전운전불이행,건조,맑음,기타 - 기타,승용,남,43세,상해없음,승용,남,40세,중상
2020100100100053,2020년 10월 1일 08시,목요일,경상남도 양산시 삼호동,경상사고,0,0,2,1,차대차 - 측면충돌,신호위반,건조,맑음,교차로 - 교차로안,승용,남,70세,부상신고,승용,남,39세,경상
2020100100100075,2020년 10월 1일 10시,목요일,경상남도 사천시 벌리동,경상사고,0,0,2,0,차대차 - 측면충돌,교차로운행방법위반,건조,맑음,교차로 - 교차로안,승용,남,65세,상해없음,승용,남,29세,경상
2020100100100076,2020년 10월 1일 10시,목요일,경상남도 거제시 장평동,경상사고,0,0,4,0,차대차 - 추돌,안전거리미확보,건조,맑음,교차로 - 교차로부근,승용,남,77세,상해없음,승용,여,45세,경상
2020100100100088,2020년 10월 1일 11시,목요일,경상남도 양산시 삼호동,부상신고사고,0,0,0,1,차대사람 - 기타,안전운전불이행,건조,맑음,기타 - 기타,기타불명,기타불명,미분류,기타불명,보행자,여,43세,부상신고
2020100100100108,2020년 10월 1일 12시,목요일,경상남도 밀양시 하남읍,중상사고,0,1,0,0,차대사람 - 기타,안전운전불이행,건조,맑음,단일로 - 기타,승용,남,40세,상해없음,보행자,남,57세,중상
2020100100100109,2020년 10월 1일 12시,목요일,경상남도 양산시 동면,경상사고,0,0,2,0,차대차 - 측면충돌,신호위반,건조,맑음,교차로 - 교차로안,원동기,남,24세,상해없음,승용,남,32세,경상
2020100100100143,2020년 10월 1일 13시,목요일,경상남도 진주시 대안동,경상사고,0,0,1,0,차대차 - 측면충돌,중앙선침범,건조,맑음,단일로 - 기타,승용,남,64세,상해없음,이륜,남,54세,경상
2020100100100144,2020년 10월 1일 13시,목요일,경상남도 밀양시 단장면,중상사고,0,1,0,0,차대사람 - 횡단중,안전운전불이행,건조,맑음,단일로 - 기타,승용,여,59세,상해없음,보행자,여,70세,중상
2020100100100145,2020년 10월 1일 13시,목요일,경상남도 의령군 지정면,경상사고,0,0,6,1,차대차 - 측면충돌,직진우회전진행방해,건조,맑음,교차로 - 교차로안,화물,여,39세,경상,승용,남,33세,부상신고
2020100100100162,2020년 10월 1일 14시,목요일,경상남도 의령군 유곡면,경상사고,0,0,1,0,차대차 - 측면충돌,안전운전불이행,건조,맑음,단일로 - 기타,승용,여,59세,상해없음,승용,남,45세,경상
2020100100100192,2020년 10월 1일 15시,목요일,경상남도 진주시 상대동,경상사고,0,0,1,0,차대차 - 측면충돌,신호위반,건조,맑음,교차로 - 교차로안,승용,남,70세,상해없음,승용,여,51세,경상
2020100100100193,2020년 10월 1일 15시,목요일,경상남도 거창군 가조면,부상신고사고,0,0,0,1,차대차 - 추돌,안전운전불이행,건조,맑음,단일로 - 기타,이륜,남,74세,부상신고,승용,남,45세,기타불명
2020100100100218,2020년 10월 1일 16시,목요일,경상남도 거제시 남부면,경상사고,0,0,1,0,차대사람 - 기타,안전운전불이행,건조,맑음,단일로 - 기타,승용,남,52세,상해없음,보행자,여,67세,경상
2020100100100219,2020년 10월 1일 16시,목요일,경상남도 창원시 의창구 봉곡동,경상사고,0,0,1,0,차대차 - 측면충돌,중앙선침범,건조,맑음,교차로 - 교차로안,승용,남,68세,상해없음,승용,남,28세,경상
2020100100100289,2020년 10월 1일 20시,목요일,경상남도 창원시 마산합포구 해운동,중상사고,0,1,0,0,차대사람 - 차도통행중,안전운전불이행,건조,맑음,단일로 - 기타,승용,남,33세,상해없음,보행자,여,51세,중상
2020100100100290,2020년 10월 1일 20시,목요일,경상남도 통영시 미수동,경상사고,0,0,1,0,차대차 - 측면충돌,안전거리미확보,건조,맑음,교차로 - 교차로안,승용,남,62세,상해없음,이륜,남,57세,경상
2020100100100319,2020년 10월 1일 22시,목요일,경상남도 진주시 내동면,중상사고,0,1,4,0,차대차 - 추돌,안전운전불이행,건조,맑음,단일로 - 기타,승용,남,32세,상해없음,승용,여,46세,중상
2020100100100320,2020년 10월 1일 22시,목요일,경상남도 김해시 부원동,경상사고,0,0,1,0,차대차 - 측면충돌,신호위반,건조,맑음,교차로 - 교차로안,승용,남,25세,상해없음,승용,남,21세,상해없음
2020100100100338,2020년 10월 1일 23시,목요일,경상남도 김해시 어방동,경상사고,0,0,1,0,차량단독 - 기타,안전운전불이행,건조,맑음,단일로 - 기타,승합,남,43세,상해없음,,,,
2020100200100008,2020년 10월 2일 00시,금요일,경상남도 통영시 광도면,경상사고,0,0,2,0,차대차 - 측면충돌,안전운전불이행,건조,맑음,교차로 - 교차로안,승용,남,22세,상해없음,승용,남,47세,경상
2020100200100046,2020년 10월 2일 07시,금요일,경상남도 김해시 수가동,경상사고,0,0,2,0,차대차 - 측면충돌,안전운전불이행,건조,맑음,단일로 - 기타,승용,남,20세,상해없음,승용,남,52세,경상
2020100200100099,2020년 10월 2일 11시,금요일,경상남도 통영시 산양읍,경상사고,0,0,1,0,차대사람 - 기타,안전운전불이행,건조,맑음,단일로 - 기타,승용,남,49세,상해없음,보행자,남,37세,경상
2020100200100100,2020년 10월 2일 11시,금요일,경상남도 밀양시 삼랑진읍,경상사고,0,0,1,0,차대사람 - 차도통행중,안전운전불이행,건조,맑음,단일로 - 기타,자전거,남,54세,상해없음,보행자,여,7세,경상
2020100200100101,2020년 10월 2일 11시,금요일,경상남도 남해군 창선면,부상신고사고,0,0,0,1,차대차 - 측면충돌,안전운전불이행,건조,맑음,교차로 - 교차로부근,승용,남,51세,상해없음,승용,남,50세,부상신고
2020100200100102,2020년 10월 2일 11시,금요일,경상남도 창원시 의창구 동읍,경상사고,0,0,1,0,차대차 - 추돌,안전거리미확보,건조,맑음,단일로 - 기타,승용,남,73세,상해없음,승용,남,30세,경상
2020100200100123,2020년 10월 2일 12시,금요일,경상남도 통영시 산양읍,경상사고,0,0,1,0,차대사람 - 기타,안전운전불이행,건조,맑음,단일로 - 기타,승용,남,53세,상해없음,보행자,여,53세,경상
2020100200100124,2020년 10월 2일 12시,금요일,경상남도 김해시 삼정동,경상사고,0,0,1,0,차대차 - 정면충돌,직진우회전진행방해,건조,맑음,교차로 - 교차로안,원동기,남,22세,경상,승용,여,26세,상해없음
2020100200100145,2020년 10월 2일 13시,금요일,경상남도 창원시 진해구 용원동,중상사고,0,1,0,0,차대차 - 기타,중앙선침범,건조,맑음,교차로 - 교차로부근,승용,남,57세,상해없음,이륜,남,45세,중상
2020100200100146,2020년 10월 2일 13시,금요일,경상남도 창원시 진해구 이동,중상사고,0,1,0,0,차대차 - 추돌,안전운전불이행,건조,맑음,단일로 - 기타,원동기,남,46세,중상,승용,남,67세,상해없음
2020100200100175,2020년 10월 2일 14시,금요일,경상남도 통영시 봉평동,부상신고사고,0,0,0,5,차대차 - 추돌,안전거리미확보,건조,맑음,교차로 - 교차로부근,이륜,남,24세,상해없음,승용,여,47세,부상신고
2020100200100176,2020년 10월 2일 14시,금요일,경상남도 양산시 북정동,경상사고,0,0,1,0,차대차 - 측면충돌,신호위반,건조,맑음,교차로 - 교차로안,승용,남,45세,상해없음,승용,남,65세,경상
2020100200100177,2020년 10월 2일 14시,금요일,경상남도 고성군 고성읍,중상사고,0,1,0,0,차대사람 - 기타,안전운전불이행,건조,맑음,단일로 - 기타,승용,여,47세,상해없음,보행자,남,44세,중상
2020100200100227,2020년 10월 2일 16시,금요일,경상남도 사천시 동동,경상사고,0,0,1,0,차대차 - 기타,안전운전불이행,건조,맑음,교차로 - 교차로안,화물,남,54세,상해없음,승용,남,52세,경상
2020100200100242,2020년 10월 2일 17시,금요일,경상남도 김해시 대동면,경상사고,0,0,3,0,차대차 - 추돌,안전거리미확보,건조,맑음,단일로 - 기타,승용,여,27세,경상,승용,남,44세,상해없음
2020100200100287,2020년 10월 2일 18시,금요일,경상남도 진주시 가좌동,중상사고,0,1,5,0,차대차 - 추돌,안전거리미확보,건조,맑음,단일로 - 기타,기타불명,기타불명,미분류,기타불명,승용,남,39세,상해없음
2020100200100324,2020년 10월 2일 19시,금요일,경상남도 창원시 마산합포구 해운동,경상사고,0,0,1,0,차대차 - 추돌,안전운전불이행,건조,맑음,교차로 - 교차로부근,화물,남,66세,기타불명,승용,남,30세,경상
2020100200100325,2020년 10월 2일 19시,금요일,경상남도 양산시 물금읍,사망사고,1,1,4,0,차대차 - 측면충돌,안전운전불이행,건조,맑음,교차로 - 교차로안,승용,여,21세,경상,승용,남,18세,경상
2020100200100326,2020년 10월 2일 19시,금요일,경상남도 함안군 가야읍,중상사고,0,1,0,0,차대사람 - 길가장자리구역통행중,안전운전불이행,건조,맑음,단일로 - 기타,승용,여,67세,상해없음,보행자,남,45세,중상
2020100200100354,2020년 10월 2일 20시,금요일,경상남도 창원시 진해구 두동,중상사고,0,1,0,0,차대차 - 정면충돌,중앙선침범,건조,맑음,단일로 - 기타,승용,남,35세,상해없음,이륜,남,52세,중상
2020100200100355,2020년 10월 2일 20시,금요일,경상남도 창원시 성산구 남산동,중상사고,0,1,0,0,차대차 - 측면충돌,신호위반,건조,맑음,교차로 - 교차로안,화물,남,56세,상해없음,이륜,남,42세,중상
2020100200100375,2020년 10월 2일 21시,금요일,경상남도 양산시 중부동,중상사고,0,1,0,0,차대차 - 측면충돌,교차로운행방법위반,건조,맑음,교차로 - 교차로안,승용,여,64세,상해없음,승용,여,44세,중상
2020100200100376,2020년 10월 2일 21시,금요일,경상남도 거제시 일운면,경상사고,0,0,1,0,차대차 - 추돌,안전운전불이행,건조,맑음,단일로 - 기타,승용,여,48세,상해없음,승용,남,28세,경상
2020100300100006,2020년 10월 3일 00시,토요일,경상남도 남해군 미조면,중상사고,0,1,0,2,차량단독 - 도로외이탈 - 추락,안전운전불이행,건조,맑음,단일로 - 기타,승용,남,22세,상해없음,,,,
2020100300100007,2020년 10월 3일 00시,토요일,경상남도 창녕군 영산면,경상사고,0,0,3,0,차대차 - 기타,중앙선침범,건조,맑음,단일로 - 기타,승용,여,19세,상해없음,승용,여,53세,경상
2020100300100042,2020년 10월 3일 03시,토요일,경상남도 김해시 외동,중상사고,0,1,0,0,차대차 - 측면충돌,신호위반,건조,맑음,교차로 - 교차로안,원동기,남,20세,상해없음,승용,여,53세,중상
2020100300100043,2020년 10월 3일 03시,토요일,경상남도 김해시 내동,중상사고,0,1,1,0,차대차 - 정면충돌,신호위반,건조,맑음,교차로 - 교차로안,원동기,남,34세,중상,승용,남,67세,경상
2020100300100044,2020년 10월 3일 03시,토요일,경상남도 거창군 가조면,중상사고,0,1,1,0,차량단독 - 전도전복 - 전복,안전운전불이행,젖음/습기,비,교차로 - 교차로부근,승용,남,26세,경상,,,,
2020100300100075,2020년 10월 3일 08시,토요일,경상남도 밀양시 산내면,부상신고사고,0,0,0,1,차대차 - 측면충돌,안전운전불이행,젖음/습기,흐림,교차로 - 교차로안,원동기,남,59세,부상신고,승용,여,57세,상해없음
2020100300100110,2020년 10월 3일 10시,토요일,경상남도 남해군 남해읍,경상사고,0,0,1,0,차량단독 - 도로외이탈 - 추락,안전운전불이행,건조,맑음,주차장 - 주차장,승용,여,70세,경상,,,,
2020100300100111,2020년 10월 3일 10시,토요일,경상남도 의령군 의령읍,경상사고,0,0,1,0,차대차 - 측면충돌,안전운전불이행,건조,맑음,교차로 - 교차로안,자전거,여,87세,경상,화물,남,72세,상해없음
2020100300100122,2020년 10월 3일 11시,토요일,경상남도 밀양시 내이동,경상사고,0,0,2,0,차대차 - 추돌,안전운전불이행,건조,맑음,교차로 - 교차로부근,승용,여,24세,상해없음,승용,남,50세,경상
2020100300100123,2020년 10월 3일 11시,토요일,경상남도 남해군 남해읍,경상사고,0,0,1,0,차대차 - 추돌,안전운전불이행,건조,맑음,교차로 - 교차로안,화물,남,65세,상해없음,승용,여,55세,경상
2020100300100155,2020년 10월 3일 12시,토요일,경상남도 김해시 삼계동,사망사고,1,0,1,1,차대차 - 기타,중앙선침범,건조,맑음,단일로 - 기타,승용,남,51세,상해없음,이륜,남,39세,사망
2020100300100166,2020년 10월 3일 13시,토요일,경상남도 김해시 진례면,중상사고,0,1,3,0,차대차 - 측면충돌,안전거리미확보,건조,맑음,단일로 - 기타,승용,여,52세,경상,승용,남,55세,경상
2020100300100182,2020년 10월 3일 13시,토요일,경상남도 창원시 성산구 가음동,경상사고,0,0,1,0,차대사람 - 차도통행중,안전운전불이행,건조,맑음,단일로 - 기타,승용,남,57세,상해없음,보행자,남,63세,경상
2020100300100217,2020년 10월 3일 14시,토요일,경상남도 창원시 진해구 경화동,경상사고,0,0,2,1,차대차 - 후진중충돌,안전운전불이행,건조,맑음,단일로 - 기타,화물,남,48세,상해없음,승용,남,32세,경상
2020100300100218,2020년 10월 3일 14시,토요일,경상남도 창원시 진해구 풍호동,경상사고,0,0,4,0,차대차 - 측면충돌,안전거리미확보,건조,맑음,교차로 - 교차로안,승용,남,65세,경상,승용,남,40세,경상
2020100300100219,2020년 10월 3일 14시,토요일,경상남도 양산시 물금읍,경상사고,0,0,3,0,차대차 - 측면충돌,직진우회전진행방해,건조,맑음,교차로 - 교차로안,승용,여,31세,상해없음,승용,여,49세,경상
2020100300100271,2020년 10월 3일 16시,토요일,경상남도 진주시 중안동,중상사고,0,2,0,0,차대차 - 기타,신호위반,건조,맑음,교차로 - 교차로안,승용,여,61세,상해없음,승용,여,35세,중상
2020100300100272,2020년 10월 3일 16시,토요일,경상남도 사천시 용강동,경상사고,0,0,1,0,차대차 - 측면충돌,교차로운행방법위반,건조,맑음,교차로 - 교차로안,원동기,남,83세,경상,승용,남,22세,상해없음
2020100300100273,2020년 10월 3일 16시,토요일,경상남도 창녕군 남지읍,중상사고,0,1,0,0,차대사람 - 기타,안전운전불이행,건조,맑음,단일로 - 기타,화물,남,47세,상해없음,보행자,남,5세,중상
2020100300100274,2020년 10월 3일 16시,토요일,경상남도 양산시 삼호동,중상사고,0,1,0,0,차대차 - 기타,교차로운행방법위반,건조,맑음,교차로 - 교차로부근,승용,남,80세,상해없음,승합,남,63세,상해없음
2020100300100275,2020년 10월 3일 16시,토요일,경상남도 거제시 일운면,사망사고,1,0,1,0,차대차 - 기타,기타,건조,맑음,교차로 - 교차로안,이륜,남,65세,사망,승합,남,54세,상해없음
2020100300100304,2020년 10월 3일 17시,토요일,경상남도 김해시 생림면,경상사고,0,0,1,0,차대차 - 기타,안전운전불이행,건조,맑음,교차로 - 교차로안,화물,남,69세,상해없음,승용,남,43세,경상
2020100300100305,2020년 10월 3일 17시,토요일,경상남도 양산시 중부동,경상사고,0,0,1,0,차대사람 - 횡단중,교차로운행방법위반,건조,맑음,교차로 - 교차로안,승합,남,55세,상해없음,보행자,여,84세,경상
2020100300100306,2020년 10월 3일 17시,토요일,경상남도 거제시 아주동,경상사고,0,0,1,0,차대차 - 측면충돌,안전운전불이행,건조,맑음,단일로 - 기타,승용,여,54세,상해없음,승용,여,38세,경상
2020100300100307,2020년 10월 3일 17시,토요일,경상남도 남해군 남해읍,중상사고,0,1,0,0,차대차 - 측면충돌,안전운전불이행,건조,맑음,단일로 - 기타,농기계,남,56세,상해없음,농기계,남,70세,중상
2020100300100323,2020년 10월 3일 18시,토요일,경상남도 밀양시 산외면,사망사고,1,0,0,0,차대차 - 기타,안전운전불이행,건조,맑음,단일로 - 기타,승용,여,63세,상해없음,승용,남,50세,상해없음
2020100300100335,2020년 10월 3일 18시,토요일,경상남도 김해시 삼방동,중상사고,0,1,0,0,차대차 - 추돌,안전운전불이행,건조,맑음,단일로 - 기타,승용,남,35세,상해없음,원동기,남,63세,중상
2020100300100336,2020년 10월 3일 18시,토요일,경상남도 창원시 의창구 북면,경상사고,0,0,2,0,차대차 - 측면충돌,중앙선침범,건조,맑음,단일로 - 기타,승용,남,45세,상해없음,승용,남,48세,경상
2020100300100338,2020년 10월 3일 18시,토요일,경상남도 김해시 진영읍,경상사고,0,0,1,0,차대사람 - 횡단중,보행자보호의무위반,건조,맑음,교차로 - 교차로횡단보도내,승용,남,58세,상해없음,보행자,남,36세,경상
2020100300100368,2020년 10월 3일 19시,토요일,경상남도 통영시 북신동,중상사고,0,1,0,0,차대차 - 기타,안전거리미확보,건조,맑음,단일로 - 기타,승용,여,42세,상해없음,이륜,남,52세,중상
2020100300100369,2020년 10월 3일 19시,토요일,경상남도 양산시 물금읍,경상사고,0,0,1,0,차대사람 - 기타,안전운전불이행,건조,맑음,교차로 - 교차로부근,기타불명,기타불명,미분류,기타불명,보행자,남,18세,경상
2020100300100370,2020년 10월 3일 19시,토요일,경상남도 양산시 명동,중상사고,0,1,3,0,차대차 - 추돌,안전운전불이행,건조,맑음,교차로 - 교차로부근,승용,남,52세,상해없음,승용,남,42세,중상
2020100300100401,2020년 10월 3일 20시,토요일,경상남도 김해시 외동,중상사고,0,1,0,0,차대차 - 기타,안전운전불이행,건조,맑음,교차로 - 교차로횡단보도내,승용,남,62세,상해없음,원동기,남,39세,중상
2020100300100432,2020년 10월 3일 22시,토요일,경상남도 양산시 하북면,부상신고사고,0,0,0,1,차량단독 - 공작물충돌,안전운전불이행,건조,맑음,단일로 - 기타,승용,남,49세,부상신고,,,,
2020100400100053,2020년 10월 4일 04시,일요일,경상남도 김해시 동상동,중상사고,0,1,1,0,차대차 - 측면충돌,안전거리미확보,건조,맑음,교차로 - 교차로안,승용,남,32세,상해없음,승용,남,45세,중상
2020100400100076,2020년 10월 4일 07시,일요일,경상남도 통영시 광도면,경상사고,0,0,1,0,차대차 - 추돌,안전운전불이행,건조,맑음,단일로 - 기타,이륜,남,27세,상해없음,승합,남,61세,상해없음
2020100400100084,2020년 10월 4일 08시,일요일,경상남도 창원시 진해구 풍호동,중상사고,0,1,1,0,차대차 - 기타,신호위반,건조,맑음,교차로 - 교차로부근,화물,여,51세,경상,승용,남,64세,중상
2020100400100115,2020년 10월 4일 11시,일요일,경상남도 양산시 하북면,경상사고,0,0,3,0,차대차 - 기타,안전운전불이행,건조,맑음,단일로 - 기타,승용,남,48세,상해없음,승용,남,45세,경상
2020100400100145,2020년 10월 4일 12시,일요일,경상남도 사천시 노룡동,사망사고,1,0,1,0,차대차 - 추돌,안전운전불이행,건조,맑음,교차로 - 교차로부근,이륜,남,35세,사망,승용,남,66세,상해없음
2020100400100146,2020년 10월 4일 12시,일요일,경상남도 함안군 함안면,경상사고,0,0,1,0,차대차 - 측면충돌,기타,건조,맑음,교차로 - 교차로안,승용,남,31세,상해없음,승용,남,52세,경상
2020100400100173,2020년 10월 4일 13시,일요일,경상남도 창원시 진해구 용원동,경상사고,0,0,3,0,차대차 - 측면충돌,안전운전불이행,건조,맑음,단일로 - 기타,승합,남,20세,상해없음,승용,남,42세,경상
2020100400100174,2020년 10월 4일 13시,일요일,경상남도 김해시 외동,중상사고,0,1,0,0,차대차 - 추돌,안전운전불이행,건조,맑음,교차로 - 교차로부근,이륜,남,19세,중상,승용,남,24세,상해없음
2020100400100199,2020년 10월 4일 14시,일요일,경상남도 양산시 물금읍,중상사고,0,1,0,0,차대차 - 측면충돌,안전운전불이행,건조,맑음,단일로 - 기타,화물,남,49세,상해없음,이륜,남,51세,중상
2020100400100200,2020년 10월 4일 14시,일요일,경상남도 거제시 고현동,경상사고,0,0,2,0,차대차 - 기타,신호위반,건조,맑음,교차로 - 교차로안,승용,여,59세,경상,화물,남,29세,경상
2020100400100229,2020년 10월 4일 15시,일요일,경상남도 진주시 평안동,경상사고,0,0,4,0,차대차 - 기타,안전운전불이행,건조,맑음,단일로 - 기타,승용,남,47세,상해없음,승용,남,45세,경상
2020100400100258,2020년 10월 4일 16시,일요일,경상남도 밀양시 무안면,중상사고,0,1,0,0,차대사람 - 기타,안전운전불이행,건조,맑음,단일로 - 기타,승용,남,68세,상해없음,보행자,남,66세,중상
2020100400100259,2020년 10월 4일 16시,일요일,경상남도 거창군 거창읍,중상사고,0,2,0,0,차대차 - 정면충돌,직진우회전진행방해,건조,맑음,단일로 - 기타,승용,남,62세,상해없음,승용,남,60세,중상