사고번호,사고일시,요일,시군구,사고내용,사망자수,중상자수,경상자수,부상신고자수,사고유형,법규위반,노면상태,기상상태,도로형태,가해운전자 차종,가해운전자 성별,가해운전자 연령,가해운전자 상해정도,피해운전자 차종,피해운전자 성별,피해운전자 연령,피해운전자 상해정도
2020100400100314,2020년 10월 4일 18시,일요일,경상남도 거제시 옥포동,경상사고,0,0,1,0,차대차 - 측면충돌,안전운전불이행,건조,맑음,단일로 - 기타,이륜,남,29세,상해없음,이륜,남,65세,경상
2020100400100315,2020년 10월 4일 18시,일요일,경상남도 창원시 의창구 대원동,경상사고,0,0,1,0,차량단독 - 기타,안전운전불이행,건조,맑음,단일로 - 기타,승합,남,57세,상해없음,,,,
2020100400100316,2020년 10월 4일 18시,일요일,경상남도 김해시 율하동,사망사고,1,0,0,0,차대사람 - 횡단중,신호위반,건조,맑음,교차로 - 교차로횡단보도내,승용,여,47세,상해없음,보행자,남,2세,사망
2020100400100343,2020년 10월 4일 19시,일요일,경상남도 김해시 무계동,경상사고,0,0,1,0,차대차 - 기타,안전운전불이행,건조,맑음,단일로 - 기타,이륜,남,32세,경상,승합,남,51세,상해없음
2020100400100411,2020년 10월 4일 23시,일요일,경상남도 고성군 상리면,경상사고,0,0,2,0,차대차 - 추돌,안전운전불이행,건조,맑음,단일로 - 기타,승용,남,52세,상해없음,승용,남,51세,경상
2020100500100014,2020년 10월 5일 01시,월요일,경상남도 창원시 진해구 용원동,중상사고,0,1,0,0,차대차 - 기타,안전운전불이행,건조,맑음,교차로 - 교차로부근,승용,남,29세,상해없음,승용,여,42세,중상
2020100500100031,2020년 10월 5일 05시,월요일,경상남도 양산시 신기동,중상사고,0,1,0,0,차대차 - 기타,신호위반,건조,맑음,교차로 - 교차로안,승용,남,61세,상해없음,승용,남,58세,중상
2020100500100035,2020년 10월 5일 06시,월요일,경상남도 김해시 진례면,중상사고,0,1,0,0,차대차 - 추돌,안전운전불이행,건조,맑음,단일로 - 기타,특수,남,66세,상해없음,승용,여,77세,중상
2020100500100112,2020년 10월 5일 08시,월요일,경상남도 창원시 마산합포구 우산동,경상사고,0,0,2,0,차대차 - 측면충돌,신호위반,건조,맑음,단일로 - 기타,화물,남,61세,상해없음,화물,남,54세,경상
2020100500100113,2020년 10월 5일 08시,월요일,경상남도 진주시 가좌동,중상사고,0,1,0,0,차대차 - 측면충돌,신호위반,건조,맑음,교차로 - 교차로횡단보도내,승용,여,32세,상해없음,자전거,여,58세,중상
2020100500100114,2020년 10월 5일 08시,월요일,경상남도 거창군 북상면,중상사고,0,1,0,0,차대차 - 추돌,안전운전불이행,건조,맑음,단일로 - 기타,화물,남,64세,상해없음,농기계,여,69세,중상
2020100500100115,2020년 10월 5일 08시,월요일,경상남도 합천군 대양면,경상사고,0,0,1,0,차대차 - 측면충돌,직진우회전진행방해,건조,맑음,교차로 - 교차로안,농기계,남,69세,경상,승합,남,58세,상해없음
2020100500100156,2020년 10월 5일 09시,월요일,경상남도 사천시 서포면,경상사고,0,0,1,0,차대차 - 측면충돌,신호위반,건조,맑음,교차로 - 교차로안,승용,남,60세,경상,건설기계,남,49세,상해없음
2020100500100157,2020년 10월 5일 09시,월요일,경상남도 김해시 구산동,부상신고사고,0,0,0,1,차대차 - 정면충돌,신호위반,건조,맑음,교차로 - 교차로안,승용,여,28세,상해없음,승용,남,48세,부상신고
2020100500100190,2020년 10월 5일 10시,월요일,경상남도 창녕군 남지읍,경상사고,0,0,1,0,차대차 - 측면충돌,안전운전불이행,건조,맑음,교차로 - 교차로안,자전거,여,75세,경상,이륜,여,60세,상해없음
2020100500100191,2020년 10월 5일 10시,월요일,경상남도 양산시 물금읍,중상사고,0,1,0,0,차대차 - 측면충돌,신호위반,건조,맑음,교차로 - 교차로안,승용,남,67세,상해없음,승용,여,45세,중상
2020100500100223,2020년 10월 5일 11시,월요일,경상남도 사천시 곤양면,경상사고,0,0,1,0,차대차 - 측면충돌,안전운전불이행,건조,맑음,교차로 - 교차로안,사륜오토바이(ATV),남,75세,경상,승용,여,52세,상해없음
2020100500100224,2020년 10월 5일 11시,월요일,경상남도 거제시 고현동,경상사고,0,0,1,0,차대차 - 기타,교차로운행방법위반,건조,맑음,교차로 - 교차로안,이륜,남,65세,경상,화물,남,58세,상해없음
2020100500100225,2020년 10월 5일 11시,월요일,경상남도 창원시 마산합포구 산호동,중상사고,0,1,0,0,차대차 - 정면충돌,안전운전불이행,건조,맑음,교차로 - 교차로안,승용,여,66세,상해없음,이륜,남,36세,중상
2020100500100260,2020년 10월 5일 12시,월요일,경상남도 진주시 초전동,중상사고,0,2,0,0,차대차 - 측면충돌,불법유턴,건조,맑음,단일로 - 기타,승용,여,36세,상해없음,이륜,남,65세,중상
2020100500100261,2020년 10월 5일 12시,월요일,경상남도 김해시 삼방동,중상사고,0,1,0,0,차대차 - 측면충돌,안전운전불이행,건조,맑음,단일로 - 기타,화물,남,41세,상해없음,승용,여,55세,상해없음
2020100500100263,2020년 10월 5일 12시,월요일,경상남도 양산시 명동,경상사고,0,0,1,0,차대사람 - 보도통행중,보행자보호의무위반,건조,맑음,기타 - 기타,승용,남,72세,상해없음,보행자,여,47세,경상
2020100500100264,2020년 10월 5일 12시,월요일,경상남도 김해시 진영읍,경상사고,0,0,2,0,차대차 - 추돌,안전거리미확보,건조,맑음,교차로 - 교차로부근,화물,남,38세,상해없음,승용,여,53세,경상
2020100500100305,2020년 10월 5일 13시,월요일,경상남도 사천시 선구동,경상사고,0,0,1,0,차대차 - 측면충돌,안전운전불이행,건조,맑음,교차로 - 교차로안,승용,여,59세,상해없음,이륜,남,65세,상해없음
2020100500100306,2020년 10월 5일 13시,월요일,경상남도 김해시 내동,경상사고,0,0,1,0,차대차 - 정면충돌,안전운전불이행,건조,맑음,단일로 - 기타,승용,남,64세,상해없음,자전거,남,66세,경상
2020100500100356,2020년 10월 5일 14시,월요일,경상남도 밀양시 삼문동,경상사고,0,0,1,0,차대차 - 측면충돌,안전운전불이행,건조,맑음,교차로 - 교차로안,승용,여,63세,상해없음,원동기,여,52세,경상
2020100500100357,2020년 10월 5일 14시,월요일,경상남도 함양군 함양읍,중상사고,0,1,1,0,차대차 - 정면충돌,교차로운행방법위반,건조,맑음,교차로 - 교차로안,화물,여,44세,중상,승용,여,59세,경상
2020100500100400,2020년 10월 5일 15시,월요일,경상남도 통영시 북신동,경상사고,0,0,1,0,차대사람 - 횡단중,안전운전불이행,건조,맑음,단일로 - 기타,승용,남,60세,상해없음,보행자,남,61세,경상
2020100500100425,2020년 10월 5일 16시,월요일,경상남도 양산시 물금읍,경상사고,0,0,1,0,차대차 - 기타,안전운전불이행,건조,맑음,단일로 - 기타,화물,남,45세,상해없음,승용,남,28세,경상
2020100500100442,2020년 10월 5일 16시,월요일,경상남도 밀양시 하남읍,경상사고,0,0,1,0,차대차 - 추돌,안전운전불이행,건조,맑음,교차로 - 교차로안,화물,남,71세,상해없음,승용,여,45세,경상
2020100500100444,2020년 10월 5일 16시,월요일,경상남도 창녕군 남지읍,경상사고,0,0,2,0,차대차 - 정면충돌,중앙선침범,건조,맑음,단일로 - 기타,승용,남,42세,상해없음,승용,여,50세,경상
2020100500100445,2020년 10월 5일 16시,월요일,경상남도 양산시 물금읍,중상사고,0,1,0,0,차량단독 - 기타,안전운전불이행,건조,맑음,교차로 - 교차로안,자전거,남,26세,중상,,,,
2020100500100446,2020년 10월 5일 16시,월요일,경상남도 김해시 흥동,중상사고,0,1,1,0,차대차 - 측면충돌,안전운전불이행,건조,맑음,교차로 - 교차로안,승용,여,61세,상해없음,승용,남,27세,경상
2020100500100488,2020년 10월 5일 17시,월요일,경상남도 진주시 내동면,중상사고,0,1,0,0,차대차 - 측면충돌,안전운전불이행,건조,맑음,단일로 - 기타,승용,여,59세,상해없음,이륜,남,26세,중상
2020100500100489,2020년 10월 5일 17시,월요일,경상남도 밀양시 초동면,중상사고,0,1,1,0,차대차 - 측면충돌,안전운전불이행,건조,맑음,단일로 - 기타,화물,남,73세,상해없음,승용,남,69세,경상
2020100500100490,2020년 10월 5일 17시,월요일,경상남도 거제시 고현동,중상사고,0,1,0,0,차대사람 - 보도통행중,안전운전불이행,건조,맑음,단일로 - 기타,자전거,남,13세,상해없음,보행자,여,68세,중상
2020100500100491,2020년 10월 5일 17시,월요일,경상남도 창원시 의창구 팔용동,경상사고,0,0,1,0,차대사람 - 기타,안전운전불이행,건조,맑음,단일로 - 기타,승용,여,64세,상해없음,보행자,여,55세,경상
2020100500100492,2020년 10월 5일 17시,월요일,경상남도 김해시 진례면,부상신고사고,0,0,0,1,차량단독 - 전도전복 - 전도,안전운전불이행,건조,맑음,단일로 - 기타,화물,남,66세,부상신고,,,,
2020100500100535,2020년 10월 5일 18시,월요일,경상남도 양산시 북부동,경상사고,0,0,1,0,차대차 - 측면충돌,안전운전불이행,건조,맑음,단일로 - 기타,화물,남,55세,상해없음,이륜,남,17세,경상
2020100500100536,2020년 10월 5일 18시,월요일,경상남도 거제시 사등면,중상사고,0,1,0,0,차대사람 - 차도통행중,안전운전불이행,건조,맑음,단일로 - 기타,승용,남,73세,상해없음,보행자,남,79세,중상
2020100500100537,2020년 10월 5일 18시,월요일,경상남도 함안군 가야읍,경상사고,0,0,1,0,차대차 - 측면충돌,안전운전불이행,건조,기타,교차로 - 교차로안,승용,여,47세,상해없음,승용,남,35세,경상
2020100500100573,2020년 10월 5일 19시,월요일,경상남도 진주시 집현면,중상사고,0,2,1,0,차대차 - 기타,안전운전불이행,건조,맑음,단일로 - 기타,승용,기타불명,미분류,기타불명,화물,남,62세,중상
2020100500100574,2020년 10월 5일 19시,월요일,경상남도 통영시 서호동,경상사고,0,0,1,0,차대차 - 측면충돌,안전운전불이행,건조,맑음,교차로 - 교차로안,승용,여,49세,상해없음,이륜,남,50세,경상
2020100500100575,2020년 10월 5일 19시,월요일,경상남도 고성군 고성읍,경상사고,0,0,1,0,차대차 - 측면충돌,안전운전불이행,건조,맑음,교차로 - 교차로안,승용,남,57세,상해없음,이륜,남,45세,경상
2020100500100576,2020년 10월 5일 19시,월요일,경상남도 고성군 거류면,중상사고,0,1,0,0,차대사람 - 보도통행중,보행자보호의무위반,건조,맑음,단일로 - 기타,승용,여,36세,상해없음,보행자,여,15세,중상
2020100500100577,2020년 10월 5일 19시,월요일,경상남도 거제시 고현동,중상사고,0,1,0,0,차대사람 - 기타,보행자보호의무위반,건조,맑음,교차로 - 교차로안,승합,남,44세,상해없음,보행자,여,26세,중상
2020100500100601,2020년 10월 5일 20시,월요일,경상남도 양산시 물금읍,부상신고사고,0,0,0,1,차대차 - 추돌,안전운전불이행,건조,맑음,단일로 - 기타,이륜,남,22세,부상신고,승용,남,56세,상해없음
2020100500100602,2020년 10월 5일 20시,월요일,경상남도 김해시 한림면,중상사고,0,1,0,0,차대사람 - 횡단중,안전운전불이행,건조,맑음,교차로 - 교차로부근,승용,여,47세,상해없음,보행자,남,64세,중상
2020100500100603,2020년 10월 5일 20시,월요일,경상남도 김해시 율하동,경상사고,0,0,1,0,차대차 - 기타,직진우회전진행방해,건조,맑음,교차로 - 교차로안,승용,남,54세,상해없음,이륜,남,18세,경상
2020100500100624,2020년 10월 5일 21시,월요일,경상남도 김해시 대성동,중상사고,0,1,0,0,차대차 - 측면충돌,직진우회전진행방해,건조,맑음,교차로 - 교차로안,승용,여,44세,상해없음,이륜,남,28세,중상
2020100500100625,2020년 10월 5일 21시,월요일,경상남도 김해시 삼문동,중상사고,0,1,0,0,차대차 - 기타,안전거리미확보,건조,맑음,교차로 - 교차로부근,이륜,남,41세,중상,승합,남,71세,상해없음
2020100500100654,2020년 10월 5일 23시,월요일,경상남도 거제시 장평동,사망사고,1,1,0,0,차대차 - 추돌,과속,건조,맑음,단일로 - 기타,승용,남,21세,사망,이륜,남,38세,중상
2020100600100037,2020년 10월 6일 05시,화요일,경상남도 사천시 사남면,중상사고,0,1,0,0,차대차 - 측면충돌,안전운전불이행,건조,맑음,교차로 - 교차로안,승용,여,58세,상해없음,자전거,남,70세,중상
2020100600100050,2020년 10월 6일 06시,화요일,경상남도 양산시 평산동,경상사고,0,0,1,0,차대차 - 측면충돌,신호위반,건조,맑음,미분류 - 미분류,승용,남,64세,상해없음,승용,남,47세,경상
2020100600100109,2020년 10월 6일 08시,화요일,경상남도 통영시 산양읍,중상사고,0,1,0,0,차대사람 - 기타,기타,건조,맑음,단일로 - 기타,화물,남,53세,상해없음,보행자,여,81세,중상
2020100600100110,2020년 10월 6일 08시,화요일,경상남도 김해시 불암동,경상사고,0,0,1,0,차대차 - 정면충돌,신호위반,건조,맑음,교차로 - 교차로안,승용,남,34세,상해없음,승용,여,55세,경상
2020100600100146,2020년 10월 6일 09시,화요일,경상남도 진주시 금산면,경상사고,0,0,1,0,차대차 - 기타,안전운전불이행,건조,맑음,교차로 - 교차로안,승용,남,63세,상해없음,이륜,남,49세,경상
2020100600100147,2020년 10월 6일 09시,화요일,경상남도 사천시 벌리동,경상사고,0,0,1,0,차대차 - 측면충돌,직진우회전진행방해,건조,맑음,교차로 - 교차로안,승용,여,50세,상해없음,이륜,남,74세,경상
2020100600100148,2020년 10월 6일 09시,화요일,경상남도 창녕군 대합면,경상사고,0,0,2,0,차대차 - 측면충돌,직진우회전진행방해,건조,맑음,교차로 - 교차로안,화물,남,76세,경상,승용,여,51세,경상
2020100600100183,2020년 10월 6일 10시,화요일,경상남도 창원시 마산합포구 중앙동3가,중상사고,0,1,0,0,차대사람 - 횡단중,보행자보호의무위반,건조,맑음,교차로 - 교차로횡단보도내,승용,남,73세,상해없음,보행자,여,67세,중상
2020100600100184,2020년 10월 6일 10시,화요일,경상남도 고성군 영오면,중상사고,0,1,1,0,차대차 - 기타,신호위반,건조,맑음,교차로 - 교차로안,승용,남,45세,상해없음,화물,남,66세,경상
2020100600100215,2020년 10월 6일 11시,화요일,경상남도 사천시 사천읍,중상사고,0,1,0,0,차대차 - 정면충돌,안전운전불이행,건조,맑음,단일로 - 기타,승합,여,42세,상해없음,이륜,남,71세,중상
2020100600100216,2020년 10월 6일 11시,화요일,경상남도 거제시 고현동,중상사고,0,1,0,0,차대사람 - 차도통행중,안전운전불이행,건조,맑음,교차로 - 교차로부근,화물,남,68세,상해없음,보행자,여,71세,중상
2020100600100256,2020년 10월 6일 12시,화요일,경상남도 밀양시 삼문동,경상사고,0,0,1,0,차대차 - 측면충돌,안전운전불이행,건조,맑음,단일로 - 기타,승합,남,58세,상해없음,승용,여,62세,상해없음
2020100600100257,2020년 10월 6일 12시,화요일,경상남도 함안군 가야읍,경상사고,0,0,1,0,차대차 - 기타,안전운전불이행,건조,맑음,교차로 - 교차로안,승용,남,47세,상해없음,이륜,남,70세,경상
2020100600100258,2020년 10월 6일 12시,화요일,경상남도 창원시 성산구 신촌동,중상사고,0,1,0,0,차대사람 - 차도통행중,안전운전불이행,건조,맑음,단일로 - 기타,승용,여,59세,상해없음,보행자,남,21세,중상
2020100600100286,2020년 10월 6일 13시,화요일,경상남도 통영시 광도면,경상사고,0,0,1,0,차대차 - 기타,안전운전불이행,건조,맑음,주차장 - 주차장,승용,남,34세,상해없음,화물,남,28세,경상
2020100600100287,2020년 10월 6일 13시,화요일,경상남도 거창군 거창읍,경상사고,0,0,1,0,차대차 - 기타,안전운전불이행,건조,맑음,교차로 - 교차로안,자전거,남,70세,경상,승용,남,55세,상해없음
2020100600100288,2020년 10월 6일 13시,화요일,경상남도 창녕군 남지읍,경상사고,0,0,1,1,차량단독 - 도로외이탈 - 기타,안전운전불이행,건조,맑음,단일로 - 기타,승용,여,69세,부상신고,,,,
2020100600100289,2020년 10월 6일 13시,화요일,경상남도 양산시 용당동,경상사고,0,0,1,0,차대사람 - 기타,안전운전불이행,건조,맑음,교차로 - 교차로안,화물,남,70세,상해없음,보행자,여,65세,경상
2020100600100335,2020년 10월 6일 14시,화요일,경상남도 창원시 진해구 태백동,중상사고,0,1,1,0,차대차 - 정면충돌,안전운전불이행,건조,맑음,단일로 - 기타,승용,여,62세,중상,승용,남,71세,경상
2020100600100336,2020년 10월 6일 14시,화요일,경상남도 밀양시 삼문동,경상사고,0,0,1,0,차대차 - 추돌,안전운전불이행,건조,맑음,단일로 - 기타,승용,남,31세,상해없음,승합,남,63세,경상
2020100600100337,2020년 10월 6일 14시,화요일,경상남도 함양군 서하면,부상신고사고,0,0,0,1,차량단독 - 공작물충돌,안전운전불이행,건조,맑음,단일로 - 기타,승용,남,34세,부상신고,,,,
2020100600100338,2020년 10월 6일 14시,화요일,경상남도 거제시 둔덕면,중상사고,0,2,0,0,차대차 - 측면충돌,안전운전불이행,건조,맑음,교차로 - 교차로부근,승용,남,51세,상해없음,승용,남,65세,중상
2020100600100339,2020년 10월 6일 14시,화요일,경상남도 김해시 진영읍,중상사고,0,1,0,0,차대차 - 측면충돌,안전운전불이행,건조,맑음,교차로 - 교차로안,화물,남,55세,상해없음,승용,남,58세,중상
2020100600100340,2020년 10월 6일 14시,화요일,경상남도 김해시 진영읍,사망사고,1,0,0,0,차대차 - 추돌,안전운전불이행,건조,맑음,단일로 - 기타,화물,남,48세,상해없음,자전거,여,70세,사망
2020100600100383,2020년 10월 6일 15시,화요일,경상남도 고성군 회화면,중상사고,0,1,1,0,차대차 - 기타,차로위반,건조,맑음,단일로 - 기타,이륜,남,72세,상해없음,이륜,남,75세,경상
2020100600100417,2020년 10월 6일 16시,화요일,경상남도 김해시 관동동,중상사고,0,1,0,0,차대사람 - 횡단중,안전운전불이행,건조,맑음,교차로 - 교차로안,승용,여,66세,상해없음,보행자,여,42세,중상
2020100600100465,2020년 10월 6일 17시,화요일,경상남도 창원시 진해구 덕산동,경상사고,0,0,1,0,차대차 - 측면충돌,직진우회전진행방해,건조,맑음,교차로 - 교차로안,승용,남,49세,상해없음,승용,남,69세,경상
2020100600100466,2020년 10월 6일 17시,화요일,경상남도 김해시 어방동,경상사고,0,0,1,0,차대차 - 측면충돌,안전운전불이행,건조,맑음,교차로 - 교차로안,화물,남,46세,상해없음,승용,여,28세,경상
2020100600100467,2020년 10월 6일 17시,화요일,경상남도 하동군 고전면,중상사고,0,1,0,0,차량단독 - 전도전복 - 전도,안전운전불이행,건조,맑음,단일로 - 기타,이륜,남,73세,중상,,,,
2020100600100489,2020년 10월 6일 18시,화요일,경상남도 김해시 상동면,사망사고,1,2,0,0,차량단독 - 전도전복 - 전복,안전운전불이행,젖음/습기,비,단일로 - 기타,화물,남,61세,사망,,,,
2020100600100513,2020년 10월 6일 18시,화요일,경상남도 진주시 금산면,중상사고,0,1,0,0,차대차 - 측면충돌,안전운전불이행,건조,맑음,교차로 - 교차로안,승용,여,34세,상해없음,승용,여,48세,중상
2020100600100514,2020년 10월 6일 18시,화요일,경상남도 통영시 용남면,경상사고,0,0,1,0,차대차 - 기타,안전운전불이행,건조,맑음,단일로 - 기타,화물,남,49세,경상,승용,여,42세,상해없음
2020100600100557,2020년 10월 6일 19시,화요일,경상남도 양산시 남부동,경상사고,0,0,1,0,차대차 - 측면충돌,안전운전불이행,건조,맑음,교차로 - 교차로부근,승용,여,41세,상해없음,승용,남,23세,경상
2020100600100596,2020년 10월 6일 20시,화요일,경상남도 양산시 평산동,중상사고,0,1,1,0,차대차 - 기타,신호위반,건조,맑음,교차로 - 교차로부근,승용,남,55세,중상,승용,남,39세,경상
2020100600100597,2020년 10월 6일 20시,화요일,경상남도 김해시 화목동,부상신고사고,0,0,0,1,차대차 - 측면충돌,안전운전불이행,건조,맑음,교차로 - 교차로안,자전거,남,51세,부상신고,원동기,여,48세,상해없음
2020100600100619,2020년 10월 6일 21시,화요일,경상남도 진주시 평거동,중상사고,0,1,0,0,차대차 - 측면충돌,신호위반,건조,맑음,교차로 - 교차로안,승용,남,23세,상해없음,승용,여,50세,중상
2020100700100022,2020년 10월 7일 02시,수요일,경상남도 창원시 마산합포구 신포동1가,사망사고,1,0,1,0,차대사람 - 횡단중,안전운전불이행,건조,맑음,교차로 - 교차로부근,승용,남,72세,상해없음,보행자,남,31세,사망
2020100700100033,2020년 10월 7일 05시,수요일,경상남도 진주시 명석면,사망사고,1,0,0,0,차대차 - 추돌,과속,젖음/습기,맑음,단일로 - 교량,화물,남,51세,상해없음,이륜,남,53세,사망
2020100700100034,2020년 10월 7일 05시,수요일,경상남도 김해시 진영읍,경상사고,0,0,1,0,차대차 - 추돌,안전운전불이행,건조,맑음,교차로 - 교차로부근,승용,여,38세,경상,건설기계,남,53세,상해없음
2020100700100043,2020년 10월 7일 06시,수요일,경상남도 창녕군 창녕읍,경상사고,0,0,1,0,차대차 - 측면충돌,신호위반,건조,맑음,교차로 - 교차로안,승용,여,59세,상해없음,승합,남,65세,경상
2020100700100070,2020년 10월 7일 07시,수요일,경상남도 창원시 진해구 남양동,중상사고,0,1,0,0,차대차 - 추돌,안전운전불이행,건조,맑음,단일로 - 기타,승용,여,28세,중상,건설기계,남,55세,상해없음
2020100700100071,2020년 10월 7일 07시,수요일,경상남도 창원시 의창구 동정동,경상사고,0,0,1,0,차대차 - 추돌,안전운전불이행,기타,기타,기타 - 기타,승용,남,36세,상해없음,승용,남,41세,경상
2020100700100103,2020년 10월 7일 08시,수요일,경상남도 함안군 칠원읍,중상사고,0,1,3,0,차대차 - 측면충돌,교차로운행방법위반,건조,맑음,교차로 - 교차로안,승용,남,33세,상해없음,승용,여,69세,중상
2020100700100137,2020년 10월 7일 09시,수요일,경상남도 거창군 거창읍,경상사고,0,0,1,0,차대차 - 측면충돌,안전운전불이행,건조,맑음,교차로 - 교차로안,이륜,남,55세,경상,승용,남,28세,상해없음
2020100700100138,2020년 10월 7일 09시,수요일,경상남도 양산시 물금읍,중상사고,0,1,0,0,차대차 - 측면충돌,안전거리미확보,건조,맑음,교차로 - 교차로안,승용,여,46세,상해없음,이륜,남,23세,중상
2020100700100167,2020년 10월 7일 10시,수요일,경상남도 진주시 주약동,중상사고,0,1,0,0,차대사람 - 기타,안전운전불이행,건조,맑음,단일로 - 기타,자전거,남,21세,상해없음,보행자,여,71세,중상
2020100700100168,2020년 10월 7일 10시,수요일,경상남도 김해시 전하동,경상사고,0,0,1,0,차대차 - 추돌,안전운전불이행,건조,맑음,교차로 - 교차로부근,승용,여,46세,상해없음,자전거,남,75세,경상
2020100700100169,2020년 10월 7일 10시,수요일,경상남도 김해시 삼정동,경상사고,0,0,1,0,차대차 - 추돌,중앙선침범,건조,맑음,단일로 - 기타,자전거,남,79세,경상,승용,남,46세,상해없음
2020100700100170,2020년 10월 7일 10시,수요일,경상남도 합천군 합천읍,경상사고,0,0,1,0,차대차 - 측면충돌,안전운전불이행,건조,맑음,교차로 - 교차로안,승용,남,61세,상해없음,승용,여,37세,경상
2020100700100197,2020년 10월 7일 11시,수요일,경상남도 김해시 생림면,경상사고,0,0,2,0,차대차 - 추돌,직진우회전진행방해,건조,맑음,교차로 - 교차로안,승용,여,45세,상해없음,화물,남,64세,경상
2020100700100198,2020년 10월 7일 11시,수요일,경상남도 합천군 청덕면,중상사고,0,1,0,0,차대차 - 정면충돌,중앙선침범,건조,맑음,단일로 - 기타,화물,남,45세,상해없음,승용,남,65세,중상
2020100700100199,2020년 10월 7일 11시,수요일,경상남도 창녕군 대지면,중상사고,0,1,2,0,차대차 - 기타,직진우회전진행방해,건조,맑음,교차로 - 교차로안,승용,여,62세,경상,화물,남,48세,중상
2020100700100200,2020년 10월 7일 11시,수요일,경상남도 창원시 의창구 동읍,경상사고,0,0,1,0,차대차 - 측면충돌,안전운전불이행,건조,맑음,단일로 - 기타,승용,남,69세,상해없음,이륜,남,80세,경상
2020100700100235,2020년 10월 7일 12시,수요일,경상남도 창원시 진해구 용원동,중상사고,0,1,0,0,차대차 - 측면충돌,안전운전불이행,건조,맑음,교차로 - 교차로안,승용,남,81세,기타불명,승용,남,41세,중상
2020100700100236,2020년 10월 7일 12시,수요일,경상남도 창녕군 대합면,중상사고,0,1,1,0,차대차 - 기타,신호위반,건조,맑음,교차로 - 교차로안,화물,남,43세,경상,화물,남,63세,중상
2020100700100237,2020년 10월 7일 12시,수요일,경상남도 고성군 고성읍,경상사고,0,0,1,0,차대차 - 측면충돌,신호위반,건조,맑음,교차로 - 교차로안,승용,남,68세,상해없음,승용,여,60세,경상
2020100700100238,2020년 10월 7일 12시,수요일,경상남도 함안군 가야읍,경상사고,0,0,1,0,차대사람 - 횡단중,보행자보호의무위반,건조,맑음,교차로 - 교차로부근,승용,여,45세,상해없음,보행자,여,83세,경상
2020100700100262,2020년 10월 7일 13시,수요일,경상남도 창원시 진해구 풍호동,경상사고,0,0,1,0,차대차 - 정면충돌,안전운전불이행,건조,맑음,교차로 - 교차로안,승용,남,25세,상해없음,승용,여,57세,경상
2020100700100263,2020년 10월 7일 13시,수요일,경상남도 사천시 사천읍,경상사고,0,0,1,0,차대차 - 추돌,안전운전불이행,건조,맑음,교차로 - 교차로부근,화물,남,69세,상해없음,승합,남,66세,경상
2020100700100264,2020년 10월 7일 13시,수요일,경상남도 고성군 마암면,중상사고,0,2,0,0,차대차 - 측면충돌,안전운전불이행,건조,맑음,단일로 - 기타,특수,남,60세,상해없음,화물,남,64세,중상
2020100700100265,2020년 10월 7일 13시,수요일,경상남도 창원시 성산구 성주동,중상사고,0,1,0,0,차대차 - 기타,안전운전불이행,건조,맑음,단일로 - 기타,승용,남,54세,상해없음,승용,여,56세,중상
2020100700100266,2020년 10월 7일 13시,수요일,경상남도 김해시 율하동,중상사고,0,1,0,0,차량단독 - 기타,안전운전불이행,건조,맑음,교차로 - 교차로부근,승용,여,76세,중상,,,,
2020100700100304,2020년 10월 7일 14시,수요일,경상남도 밀양시 내이동,경상사고,0,0,2,0,차대사람 - 횡단중,안전운전불이행,건조,맑음,단일로 - 기타,원동기,남,18세,경상,보행자,여,69세,경상
2020100700100305,2020년 10월 7일 14시,수요일,경상남도 양산시 소주동,부상신고사고,0,0,0,1,차대사람 - 기타,안전운전불이행,건조,맑음,기타 - 기타,기타불명,기타불명,미분류,기타불명,보행자,여,33세,부상신고
2020100700100306,2020년 10월 7일 14시,수요일,경상남도 양산시 평산동,부상신고사고,0,0,0,1,차대차 - 측면충돌,안전운전불이행,건조,맑음,교차로 - 교차로안,승용,여,40세,상해없음,승용,여,48세,부상신고
2020100700100341,2020년 10월 7일 15시,수요일,경상남도 통영시 용남면,경상사고,0,0,1,0,차대차 - 추돌,안전운전불이행,건조,맑음,기타 - 기타,승용,여,61세,상해없음,승용,남,68세,경상
2020100700100342,2020년 10월 7일 15시,수요일,경상남도 거창군 가조면,경상사고,0,0,1,0,차대차 - 측면충돌,기타,건조,맑음,교차로 - 교차로안,화물,남,68세,상해없음,승용,여,53세,경상
2020100700100377,2020년 10월 7일 16시,수요일,경상남도 통영시 광도면,경상사고,0,0,1,0,차대사람 - 횡단중,보행자보호의무위반,건조,맑음,교차로 - 교차로안,승용,여,44세,상해없음,보행자,남,44세,경상
2020100700100378,2020년 10월 7일 16시,수요일,경상남도 사천시 벌리동,경상사고,0,0,1,0,차대차 - 측면충돌,안전운전불이행,건조,맑음,단일로 - 기타,승용,남,52세,경상,승용,남,62세,상해없음
2020100700100426,2020년 10월 7일 17시,수요일,경상남도 김해시 봉황동,경상사고,0,0,1,0,차대사람 - 기타,안전운전불이행,건조,맑음,단일로 - 기타,승용,여,49세,상해없음,보행자,여,24세,경상
2020100700100427,2020년 10월 7일 17시,수요일,경상남도 창원시 의창구 팔용동,경상사고,0,0,1,0,차대사람 - 기타,안전운전불이행,건조,맑음,단일로 - 기타,화물,남,48세,상해없음,보행자,남,24세,경상