사고번호,사고일시,요일,시군구,사고내용,사망자수,중상자수,경상자수,부상신고자수,사고유형,법규위반,노면상태,기상상태,도로형태,가해운전자 차종,가해운전자 성별,가해운전자 연령,가해운전자 상해정도,피해운전자 차종,피해운전자 성별,피해운전자 연령,피해운전자 상해정도
2020101100100333,2020년 10월 11일 17시,일요일,경상남도 창원시 마산합포구 완월동,경상사고,0,0,1,0,차대사람 - 차도통행중,안전운전불이행,건조,맑음,단일로 - 기타,승용,남,24세,상해없음,보행자,남,52세,경상
2020101100100334,2020년 10월 11일 17시,일요일,경상남도 김해시 삼계동,경상사고,0,0,1,0,차대차 - 측면충돌,신호위반,건조,맑음,교차로 - 교차로부근,승용,여,61세,상해없음,이륜,남,26세,경상
2020101100100335,2020년 10월 11일 17시,일요일,경상남도 양산시 하북면,경상사고,0,0,1,0,차대차 - 기타,안전운전불이행,건조,맑음,단일로 - 기타,승용,남,29세,상해없음,원동기,남,51세,경상
2020101100100360,2020년 10월 11일 18시,일요일,경상남도 창원시 마산합포구 진동면,경상사고,0,0,1,0,차대차 - 추돌,안전운전불이행,건조,맑음,단일로 - 기타,특수,남,43세,상해없음,건설기계,남,59세,경상
2020101100100361,2020년 10월 11일 18시,일요일,경상남도 거창군 거창읍,경상사고,0,0,1,0,차대차 - 추돌,안전운전불이행,건조,맑음,교차로 - 교차로부근,화물,남,63세,상해없음,승용,남,43세,경상
2020101100100362,2020년 10월 11일 18시,일요일,경상남도 창녕군 창녕읍,중상사고,0,1,1,0,차대사람 - 기타,안전운전불이행,건조,맑음,단일로 - 기타,이륜,남,44세,경상,보행자,여,64세,중상
2020101100100363,2020년 10월 11일 18시,일요일,경상남도 고성군 고성읍,경상사고,0,0,1,0,차대차 - 측면충돌,중앙선침범,건조,맑음,교차로 - 교차로부근,승용,남,24세,상해없음,이륜,남,67세,경상
2020101100100395,2020년 10월 11일 19시,일요일,경상남도 양산시 동면,경상사고,0,0,1,0,차대차 - 추돌,안전운전불이행,건조,맑음,단일로 - 기타,원동기,남,17세,상해없음,승용,남,60세,경상
2020101100100396,2020년 10월 11일 19시,일요일,경상남도 창원시 마산회원구 구암동,사망사고,1,0,0,0,차대사람 - 차도통행중,과속,건조,맑음,단일로 - 기타,승용,남,54세,상해없음,보행자,남,59세,사망
2020101100100429,2020년 10월 11일 20시,일요일,경상남도 밀양시 산외면,경상사고,0,0,1,0,차대차 - 추돌,안전운전불이행,건조,맑음,단일로 - 기타,승용,남,52세,기타불명,화물,남,38세,경상
2020101100100430,2020년 10월 11일 20시,일요일,경상남도 거제시 고현동,중상사고,0,1,0,0,차량단독 - 기타,안전운전불이행,건조,맑음,단일로 - 기타,자전거,남,38세,중상,,,,
2020101200100007,2020년 10월 12일 00시,월요일,경상남도 진주시 충무공동,경상사고,0,0,1,0,차량단독 - 기타,안전운전불이행,건조,맑음,단일로 - 기타,개인형이동수단(PM),여,31세,경상,,,,
2020101200100028,2020년 10월 12일 03시,월요일,경상남도 창원시 진해구 화천동,중상사고,0,1,0,0,차대사람 - 기타,안전운전불이행,건조,맑음,교차로 - 교차로부근,승용,남,32세,상해없음,보행자,남,57세,중상
2020101200100055,2020년 10월 12일 06시,월요일,경상남도 사천시 축동면,중상사고,0,1,0,0,차대차 - 측면충돌,안전운전불이행,건조,맑음,단일로 - 기타,승용,남,51세,상해없음,이륜,남,45세,중상
2020101200100056,2020년 10월 12일 06시,월요일,경상남도 김해시 외동,경상사고,0,0,1,0,차대차 - 추돌,안전운전불이행,건조,맑음,단일로 - 기타,승용,남,24세,상해없음,승용,남,49세,경상
2020101200100124,2020년 10월 12일 08시,월요일,경상남도 김해시 부원동,경상사고,0,0,1,0,차대차 - 추돌,안전거리미확보,건조,맑음,교차로 - 교차로부근,승용,남,55세,상해없음,승용,여,28세,경상
2020101200100168,2020년 10월 12일 09시,월요일,경상남도 통영시 무전동,중상사고,0,1,1,0,차대차 - 기타,안전운전불이행,건조,맑음,단일로 - 기타,승용,남,62세,상해없음,화물,남,78세,경상
2020101200100169,2020년 10월 12일 09시,월요일,경상남도 양산시 삼호동,경상사고,0,0,1,0,차대차 - 측면충돌,안전운전불이행,건조,맑음,단일로 - 기타,화물,남,79세,상해없음,승용,남,41세,경상
2020101200100203,2020년 10월 12일 10시,월요일,경상남도 통영시 도천동,중상사고,0,1,0,0,차대차 - 측면충돌,직진우회전진행방해,건조,맑음,교차로 - 교차로안,화물,남,68세,상해없음,이륜,남,56세,중상
2020101200100204,2020년 10월 12일 10시,월요일,경상남도 고성군 거류면,사망사고,1,0,0,0,차량단독 - 공작물충돌,안전운전불이행,건조,맑음,단일로 - 기타,승용,남,52세,사망,,,,
2020101200100242,2020년 10월 12일 11시,월요일,경상남도 창원시 마산합포구 진동면,중상사고,0,1,0,0,차대사람 - 횡단중,안전운전불이행,건조,맑음,교차로 - 교차로횡단보도내,승용,남,55세,상해없음,보행자,남,82세,중상
2020101200100243,2020년 10월 12일 11시,월요일,경상남도 창녕군 창녕읍,경상사고,0,0,2,0,차대차 - 측면충돌,직진우회전진행방해,건조,맑음,교차로 - 교차로안,승용,여,50세,경상,승용,여,32세,경상
2020101200100244,2020년 10월 12일 11시,월요일,경상남도 창원시 의창구 대산면,경상사고,0,0,1,0,차대차 - 측면충돌,신호위반,건조,흐림,교차로 - 교차로안,승용,남,45세,상해없음,승용,남,57세,경상
2020101200100245,2020년 10월 12일 11시,월요일,경상남도 김해시 명법동,중상사고,0,1,0,0,차대차 - 측면충돌,중앙선침범,건조,맑음,교차로 - 교차로부근,승용,여,43세,상해없음,화물,남,65세,중상
2020101200100278,2020년 10월 12일 12시,월요일,경상남도 창원시 마산합포구 가포동,경상사고,0,0,2,0,차대차 - 측면충돌,안전운전불이행,건조,맑음,단일로 - 기타,승용,남,84세,상해없음,승용,남,27세,경상
2020101200100313,2020년 10월 12일 13시,월요일,경상남도 창원시 마산합포구 창동,경상사고,0,0,1,0,차대차 - 추돌,안전거리미확보,건조,맑음,교차로 - 교차로부근,승용,남,51세,상해없음,승용,남,51세,경상
2020101200100314,2020년 10월 12일 13시,월요일,경상남도 거창군 주상면,경상사고,0,0,1,0,차대차 - 정면충돌,중앙선침범,건조,맑음,단일로 - 기타,건설기계,남,60세,상해없음,승용,남,54세,경상
2020101200100315,2020년 10월 12일 13시,월요일,경상남도 창녕군 남지읍,중상사고,0,1,0,0,차대차 - 측면충돌,불법유턴,건조,맑음,단일로 - 기타,자전거,남,79세,중상,승용,남,47세,상해없음
2020101200100316,2020년 10월 12일 13시,월요일,경상남도 양산시 동면,경상사고,0,0,1,0,차대사람 - 기타,안전운전불이행,건조,맑음,단일로 - 기타,승용,남,59세,상해없음,보행자,여,60세,경상
2020101200100331,2020년 10월 12일 14시,월요일,경상남도 양산시 하북면,중상사고,0,1,1,0,차대차 - 추돌,안전거리미확보,건조,맑음,단일로 - 기타,화물,남,38세,상해없음,화물,남,58세,중상
2020101200100348,2020년 10월 12일 14시,월요일,경상남도 진주시 문산읍,중상사고,0,2,0,0,차대차 - 기타,기타,건조,맑음,단일로 - 기타,특수,남,57세,상해없음,승용,남,62세,중상
2020101200100350,2020년 10월 12일 14시,월요일,경상남도 하동군 진교면,중상사고,0,1,0,0,차대차 - 기타,안전운전불이행,건조,맑음,기타 - 기타,이륜,남,81세,중상,승용,여,44세,상해없음
2020101200100405,2020년 10월 12일 15시,월요일,경상남도 김해시 외동,경상사고,0,0,1,0,차대차 - 측면충돌,직진우회전진행방해,건조,맑음,교차로 - 교차로안,자전거,남,11세,경상,승용,여,54세,상해없음
2020101200100406,2020년 10월 12일 15시,월요일,경상남도 양산시 북부동,경상사고,0,0,1,0,차대차 - 측면충돌,신호위반,건조,맑음,교차로 - 교차로안,승용,남,61세,상해없음,이륜,남,79세,경상
2020101200100407,2020년 10월 12일 15시,월요일,경상남도 양산시 중부동,경상사고,0,0,1,0,차대차 - 측면충돌,중앙선침범,건조,맑음,단일로 - 기타,승용,여,46세,기타불명,승용,여,38세,경상
2020101200100448,2020년 10월 12일 16시,월요일,경상남도 사천시 향촌동,경상사고,0,0,1,0,차대차 - 기타,안전운전불이행,건조,맑음,교차로 - 교차로안,승용,남,32세,상해없음,자전거,남,98세 이상,경상
2020101200100449,2020년 10월 12일 16시,월요일,경상남도 사천시 사천읍,경상사고,0,0,1,0,차대차 - 측면충돌,안전운전불이행,건조,맑음,교차로 - 교차로부근,승용,여,66세,상해없음,승용,여,45세,경상
2020101200100450,2020년 10월 12일 16시,월요일,경상남도 양산시 동면,중상사고,0,1,0,0,차대차 - 추돌,안전거리미확보,건조,맑음,단일로 - 기타,승용,남,75세,상해없음,원동기,남,29세,중상
2020101200100451,2020년 10월 12일 16시,월요일,경상남도 함안군 칠원읍,중상사고,0,1,0,0,차대차 - 측면충돌,안전거리미확보,건조,맑음,교차로 - 교차로부근,자전거,남,65세,중상,승용,남,28세,상해없음
2020101200100497,2020년 10월 12일 17시,월요일,경상남도 진주시 평거동,중상사고,0,2,0,0,차대차 - 측면충돌,안전운전불이행,건조,맑음,단일로 - 기타,승용,여,39세,상해없음,승용,여,57세,중상
2020101200100498,2020년 10월 12일 17시,월요일,경상남도 창원시 진해구 용원동,부상신고사고,0,0,0,1,차대차 - 측면충돌,중앙선침범,건조,맑음,단일로 - 기타,자전거,남,26세,부상신고,승용,남,42세,상해없음
2020101200100559,2020년 10월 12일 18시,월요일,경상남도 창원시 진해구 석동,경상사고,0,0,1,0,차량단독 - 기타,안전운전불이행,건조,맑음,단일로 - 기타,승합,남,42세,기타불명,,,,
2020101200100560,2020년 10월 12일 18시,월요일,경상남도 통영시 광도면,부상신고사고,0,0,0,1,차대차 - 측면충돌,안전운전불이행,건조,맑음,교차로 - 교차로안,이륜,남,23세,부상신고,화물,남,40세,상해없음
2020101200100561,2020년 10월 12일 18시,월요일,경상남도 양산시 동면,경상사고,0,0,1,0,차대사람 - 횡단중,보행자보호의무위반,건조,맑음,교차로 - 교차로안,승용,남,47세,상해없음,보행자,여,39세,경상
2020101200100612,2020년 10월 12일 19시,월요일,경상남도 창원시 마산합포구 진동면,경상사고,0,0,1,0,차대사람 - 기타,안전운전불이행,건조,맑음,교차로 - 교차로안,승용,남,53세,상해없음,보행자,남,61세,경상
2020101200100613,2020년 10월 12일 19시,월요일,경상남도 김해시 불암동,경상사고,0,0,1,0,차대차 - 기타,안전운전불이행,건조,맑음,단일로 - 기타,개인형이동수단(PM),남,40세,경상,승용,남,44세,상해없음
2020101200100645,2020년 10월 12일 20시,월요일,경상남도 통영시 북신동,중상사고,0,1,1,0,차대차 - 추돌,안전운전불이행,건조,맑음,단일로 - 기타,승용,남,21세,상해없음,승용,여,56세,경상
2020101200100646,2020년 10월 12일 20시,월요일,경상남도 김해시 지내동,경상사고,0,0,1,0,차대차 - 추돌,신호위반,건조,맑음,교차로 - 교차로안,승용,여,50세,상해없음,승용,여,53세,경상
2020101200100647,2020년 10월 12일 20시,월요일,경상남도 창원시 의창구 명서동,중상사고,0,1,1,0,차대차 - 추돌,안전거리미확보,건조,기타,기타 - 기타,승용,남,47세,상해없음,원동기,남,19세,중상
2020101300100109,2020년 10월 13일 08시,화요일,경상남도 창원시 마산합포구 해운동,중상사고,0,1,0,0,차대차 - 추돌,안전운전불이행,건조,맑음,교차로 - 교차로안,승용,남,22세,상해없음,승용,남,27세,중상
2020101300100110,2020년 10월 13일 08시,화요일,경상남도 창원시 진해구 석동,경상사고,0,0,1,0,차대차 - 기타,안전운전불이행,건조,맑음,교차로 - 교차로부근,승용,여,35세,상해없음,화물,남,63세,경상
2020101300100111,2020년 10월 13일 08시,화요일,경상남도 거제시 문동동,경상사고,0,0,1,0,차대사람 - 횡단중,보행자보호의무위반,건조,맑음,교차로 - 교차로부근,승용,여,30세,상해없음,보행자,여,16세,경상
2020101300100142,2020년 10월 13일 09시,화요일,경상남도 밀양시 삼랑진읍,중상사고,0,1,1,0,차대차 - 측면충돌,안전운전불이행,건조,맑음,단일로 - 기타,이륜,남,86세,중상,승용,여,37세,경상
2020101300100143,2020년 10월 13일 09시,화요일,경상남도 김해시 지내동,경상사고,0,0,2,0,차대차 - 기타,안전운전불이행,건조,맑음,교차로 - 교차로안,화물,남,43세,상해없음,승용,여,44세,경상
2020101300100176,2020년 10월 13일 10시,화요일,경상남도 창원시 성산구 상남동,경상사고,0,0,1,0,차대차 - 기타,안전운전불이행,건조,맑음,주차장 - 주차장,승용,여,41세,상해없음,승용,여,26세,경상
2020101300100178,2020년 10월 13일 10시,화요일,경상남도 함안군 칠서면,중상사고,0,1,1,0,차대차 - 기타,안전거리미확보,건조,맑음,단일로 - 기타,승용,남,59세,상해없음,승용,남,61세,경상
2020101300100248,2020년 10월 13일 12시,화요일,경상남도 진주시 하대동,중상사고,0,1,0,0,차대사람 - 기타,안전운전불이행,건조,맑음,단일로 - 기타,승용,여,49세,상해없음,보행자,여,15세,중상
2020101300100249,2020년 10월 13일 12시,화요일,경상남도 고성군 고성읍,중상사고,0,1,0,0,차대차 - 정면충돌,안전운전불이행,건조,맑음,단일로 - 기타,승용,남,72세,상해없음,특수,남,33세,중상
2020101300100250,2020년 10월 13일 12시,화요일,경상남도 창원시 의창구 도계동,경상사고,0,0,1,0,차대사람 - 횡단중,보행자보호의무위반,건조,맑음,교차로 - 교차로안,승용,남,61세,상해없음,보행자,남,69세,경상
2020101300100294,2020년 10월 13일 13시,화요일,경상남도 양산시 물금읍,부상신고사고,0,0,0,1,차대차 - 기타,안전운전불이행,건조,맑음,교차로 - 교차로부근,이륜,남,17세,부상신고,승용,여,57세,상해없음
2020101300100295,2020년 10월 13일 13시,화요일,경상남도 창원시 의창구 신월동,경상사고,0,0,1,0,차대차 - 기타,안전운전불이행,건조,맑음,교차로 - 교차로안,승용,여,28세,상해없음,이륜,남,37세,경상
2020101300100322,2020년 10월 13일 14시,화요일,경상남도 진주시 정촌면,중상사고,0,1,0,0,차대차 - 기타,중앙선침범,건조,맑음,단일로 - 기타,승용,남,33세,상해없음,승용,여,58세,중상
2020101300100323,2020년 10월 13일 14시,화요일,경상남도 창원시 진해구 자은동,중상사고,0,1,0,0,차대차 - 기타,직진우회전진행방해,건조,맑음,교차로 - 교차로안,승용,남,70세,상해없음,이륜,남,28세,중상
2020101300100403,2020년 10월 13일 16시,화요일,경상남도 통영시 무전동,경상사고,0,0,1,0,차대차 - 기타,안전운전불이행,건조,맑음,단일로 - 기타,자전거,남,26세,경상,화물,여,52세,상해없음
2020101300100404,2020년 10월 13일 16시,화요일,경상남도 고성군 고성읍,중상사고,0,2,0,0,차대차 - 정면충돌,신호위반,건조,맑음,교차로 - 교차로부근,건설기계,남,72세,상해없음,승합,남,47세,중상
2020101300100405,2020년 10월 13일 16시,화요일,경상남도 함안군 가야읍,중상사고,0,1,0,0,차대차 - 측면충돌,교차로운행방법위반,건조,맑음,교차로 - 교차로안,승용,남,47세,상해없음,이륜,남,77세,중상
2020101300100406,2020년 10월 13일 16시,화요일,경상남도 김해시 주촌면,경상사고,0,0,1,0,차대차 - 측면충돌,신호위반,건조,맑음,교차로 - 교차로부근,승용,남,43세,상해없음,자전거,남,11세,경상
2020101300100449,2020년 10월 13일 17시,화요일,경상남도 창원시 진해구 용원동,경상사고,0,0,2,0,차대차 - 측면충돌,안전거리미확보,건조,맑음,단일로 - 기타,승용,남,58세,경상,승용,남,30세,경상
2020101300100450,2020년 10월 13일 17시,화요일,경상남도 통영시 항남동,부상신고사고,0,0,0,1,차대차 - 측면충돌,안전거리미확보,건조,맑음,단일로 - 기타,이륜,남,36세,기타불명,이륜,남,58세,부상신고
2020101300100451,2020년 10월 13일 17시,화요일,경상남도 양산시 물금읍,경상사고,0,0,1,0,차대차 - 측면충돌,안전운전불이행,건조,맑음,단일로 - 기타,승용,남,63세,상해없음,승용,여,50세,경상
2020101300100519,2020년 10월 13일 18시,화요일,경상남도 양산시 다방동,경상사고,0,0,1,0,차대차 - 기타,신호위반,건조,맑음,단일로 - 교량,이륜,남,41세,경상,승합,남,63세,상해없음
2020101300100520,2020년 10월 13일 18시,화요일,경상남도 거제시 수월동,중상사고,0,1,0,0,차대차 - 기타,안전운전불이행,건조,맑음,교차로 - 교차로안,승합,남,53세,상해없음,자전거,남,9세,중상
2020101300100521,2020년 10월 13일 18시,화요일,경상남도 창원시 성산구 외동,경상사고,0,0,1,0,차대차 - 측면충돌,안전운전불이행,건조,맑음,교차로 - 교차로안,화물,남,48세,상해없음,개인형이동수단(PM),여,30세,경상
2020101300100565,2020년 10월 13일 19시,화요일,경상남도 통영시 광도면,부상신고사고,0,0,0,1,차대차 - 측면충돌,신호위반,건조,맑음,단일로 - 기타,이륜,남,30세,부상신고,승용,여,30세,상해없음
2020101300100566,2020년 10월 13일 19시,화요일,경상남도 김해시 불암동,경상사고,0,0,3,0,차대차 - 기타,교차로운행방법위반,건조,맑음,교차로 - 교차로안,승용,남,67세,상해없음,승용,여,25세,경상
2020101300100567,2020년 10월 13일 19시,화요일,경상남도 양산시 덕계동,경상사고,0,0,2,0,차대차 - 정면충돌,교차로운행방법위반,건조,맑음,교차로 - 교차로안,승용,여,43세,상해없음,승용,남,41세,경상
2020101300100594,2020년 10월 13일 20시,화요일,경상남도 통영시 봉평동,경상사고,0,0,3,0,차대차 - 측면충돌,직진우회전진행방해,건조,맑음,교차로 - 교차로안,승용,남,21세,경상,승합,남,41세,경상
2020101300100595,2020년 10월 13일 20시,화요일,경상남도 김해시 내동,경상사고,0,0,1,0,차대차 - 기타,안전운전불이행,건조,맑음,단일로 - 기타,승용,남,34세,상해없음,원동기,남,56세,경상
2020101300100617,2020년 10월 13일 21시,화요일,경상남도 함양군 서하면,중상사고,0,1,0,0,차대사람 - 기타,안전운전불이행,건조,맑음,단일로 - 기타,화물,남,61세,상해없음,보행자,남,44세,중상
2020101300100621,2020년 10월 13일 21시,화요일,경상남도 통영시 광도면,경상사고,0,0,1,0,차대차 - 추돌,안전운전불이행,건조,맑음,단일로 - 기타,승용,남,58세,상해없음,승용,남,33세,경상
2020101300100623,2020년 10월 13일 21시,화요일,경상남도 양산시 물금읍,중상사고,0,1,0,2,차대차 - 기타,안전운전불이행,건조,맑음,단일로 - 기타,이륜,남,27세,중상,승용,여,43세,부상신고
2020101300100624,2020년 10월 13일 21시,화요일,경상남도 창원시 성산구 양곡동,중상사고,0,1,1,0,차대차 - 기타,기타,건조,흐림,기타 - 기타,자전거,남,58세,경상,자전거,남,29세,중상
2020101300100625,2020년 10월 13일 21시,화요일,경상남도 창원시 의창구 봉곡동,사망사고,1,0,0,0,차대차 - 추돌,안전운전불이행,건조,맑음,교차로 - 교차로부근,이륜,여,72세,사망,승용,여,46세,상해없음
2020101300100626,2020년 10월 13일 21시,화요일,경상남도 김해시 주촌면,경상사고,0,0,1,0,차량단독 - 기타,안전운전불이행,건조,맑음,단일로 - 기타,승합,남,37세,상해없음,,,,
2020101300100651,2020년 10월 13일 22시,화요일,경상남도 사천시 용강동,중상사고,0,2,0,0,차대차 - 기타,안전운전불이행,건조,맑음,단일로 - 기타,화물,남,56세,상해없음,승용,남,59세,기타불명
2020101400100037,2020년 10월 14일 04시,수요일,경상남도 밀양시 단장면,중상사고,0,1,0,0,차대사람 - 기타,안전운전불이행,건조,맑음,단일로 - 기타,승용,남,71세,상해없음,보행자,여,82세,중상
2020101400100058,2020년 10월 14일 06시,수요일,경상남도 거제시 상동동,중상사고,0,1,0,0,차대차 - 기타,안전운전불이행,건조,맑음,교차로 - 교차로부근,승용,남,49세,상해없음,승용,남,70세,중상
2020101400100079,2020년 10월 14일 07시,수요일,경상남도 사천시 서동,경상사고,0,0,1,0,차대사람 - 차도통행중,안전운전불이행,건조,맑음,교차로 - 교차로부근,승합,남,57세,상해없음,보행자,여,65세,경상
2020101400100080,2020년 10월 14일 07시,수요일,경상남도 합천군 율곡면,중상사고,0,1,0,0,차대차 - 측면충돌,신호위반,건조,맑음,교차로 - 교차로안,승용,남,27세,상해없음,농기계,남,76세,중상
2020101400100081,2020년 10월 14일 07시,수요일,경상남도 남해군 이동면,중상사고,0,1,0,0,차대차 - 추돌,안전운전불이행,건조,맑음,단일로 - 기타,화물,남,49세,상해없음,승용,남,49세,중상
2020101400100116,2020년 10월 14일 08시,수요일,경상남도 사천시 동림동,경상사고,0,0,1,0,차대차 - 측면충돌,안전운전불이행,건조,맑음,교차로 - 교차로안,화물,남,58세,상해없음,승용,여,48세,경상
2020101400100117,2020년 10월 14일 08시,수요일,경상남도 남해군 남해읍,중상사고,0,1,0,0,차대차 - 측면충돌,안전운전불이행,건조,맑음,교차로 - 교차로안,승용,여,50세,상해없음,농기계,남,80세,중상
2020101400100148,2020년 10월 14일 09시,수요일,경상남도 하동군 진교면,경상사고,0,0,1,0,차대차 - 측면충돌,교차로운행방법위반,건조,맑음,교차로 - 교차로안,이륜,남,72세,경상,승용,남,88세,상해없음
2020101400100149,2020년 10월 14일 09시,수요일,경상남도 거제시 연초면,중상사고,0,1,0,0,차대차 - 측면충돌,기타,건조,맑음,교차로 - 교차로안,화물,남,71세,상해없음,승용,여,60세,중상
2020101400100179,2020년 10월 14일 10시,수요일,경상남도 김해시 풍유동,중상사고,0,1,0,0,차대차 - 측면충돌,신호위반,건조,맑음,교차로 - 교차로안,승용,여,49세,상해없음,이륜,남,24세,중상
2020101400100219,2020년 10월 14일 11시,수요일,경상남도 창원시 진해구 장천동,경상사고,0,0,2,1,차대차 - 추돌,안전운전불이행,건조,맑음,단일로 - 기타,승용,여,63세,부상신고,화물,남,51세,경상
2020101400100220,2020년 10월 14일 11시,수요일,경상남도 양산시 원동면,중상사고,0,1,0,0,차대차 - 측면충돌,안전운전불이행,건조,맑음,교차로 - 교차로안,승용,남,36세,상해없음,자전거,여,51세,중상
2020101400100249,2020년 10월 14일 12시,수요일,경상남도 창녕군 대지면,중상사고,0,1,0,0,차량단독 - 전도전복 - 전도,안전운전불이행,건조,맑음,단일로 - 기타,이륜,남,87세,중상,,,,
2020101400100286,2020년 10월 14일 13시,수요일,경상남도 창원시 마산합포구 남성동,경상사고,0,0,1,0,차대차 - 기타,교차로운행방법위반,건조,맑음,교차로 - 교차로안,승용,남,45세,상해없음,이륜,남,20세,경상
2020101400100287,2020년 10월 14일 13시,수요일,경상남도 김해시 진영읍,중상사고,0,1,3,0,차대차 - 측면충돌,안전운전불이행,건조,맑음,교차로 - 교차로부근,승용,남,64세,상해없음,승용,남,45세,경상
2020101400100315,2020년 10월 14일 14시,수요일,경상남도 통영시 무전동,경상사고,0,0,1,0,차대차 - 측면충돌,교차로운행방법위반,건조,맑음,교차로 - 교차로부근,건설기계,남,60세,상해없음,승용,남,50세,경상
2020101400100316,2020년 10월 14일 14시,수요일,경상남도 김해시 동상동,경상사고,0,0,1,0,차대차 - 후진중충돌,안전운전불이행,건조,맑음,교차로 - 교차로안,승용,남,62세,상해없음,승용,여,55세,경상
2020101400100345,2020년 10월 14일 15시,수요일,경상남도 통영시 도천동,경상사고,0,0,2,0,차대차 - 측면충돌,직진우회전진행방해,건조,맑음,교차로 - 교차로안,승용,남,73세,상해없음,승용,남,77세,경상
2020101400100346,2020년 10월 14일 15시,수요일,경상남도 함양군 안의면,중상사고,0,1,0,0,차대차 - 측면충돌,교차로운행방법위반,건조,맑음,교차로 - 교차로안,화물,남,69세,상해없음,이륜,남,47세,중상
2020101400100385,2020년 10월 14일 16시,수요일,경상남도 밀양시 삼랑진읍,중상사고,0,1,0,0,차대차 - 측면충돌,교차로운행방법위반,건조,맑음,교차로 - 교차로안,화물,여,62세,상해없음,이륜,남,81세,중상
2020101400100386,2020년 10월 14일 16시,수요일,경상남도 창원시 의창구 소답동,경상사고,0,0,1,0,차대차 - 기타,안전운전불이행,건조,맑음,기타 - 기타,승용,여,61세,상해없음,승용,여,44세,경상
2020101400100418,2020년 10월 14일 17시,수요일,경상남도 거제시 연초면,경상사고,0,0,2,0,차대차 - 측면충돌,안전거리미확보,건조,맑음,단일로 - 기타,화물,남,63세,상해없음,승용,여,37세,경상
2020101400100419,2020년 10월 14일 17시,수요일,경상남도 창원시 마산회원구 회원동,중상사고,0,1,0,0,차대사람 - 보도통행중,기타,건조,맑음,기타 - 기타,화물,남,49세,상해없음,보행자,여,8세,중상
2020101400100480,2020년 10월 14일 18시,수요일,경상남도 창원시 진해구 안골동,경상사고,0,0,1,0,차대사람 - 기타,안전운전불이행,건조,맑음,교차로 - 교차로안,화물,남,65세,상해없음,보행자,여,70세,경상
2020101400100481,2020년 10월 14일 18시,수요일,경상남도 밀양시 삼문동,경상사고,0,0,2,0,차대차 - 측면충돌,안전운전불이행,건조,맑음,교차로 - 교차로안,승용,여,35세,상해없음,승용,여,37세,경상
2020101400100540,2020년 10월 14일 19시,수요일,경상남도 창원시 마산합포구 신포동2가,중상사고,0,1,0,0,차대사람 - 기타,안전운전불이행,건조,맑음,단일로 - 기타,승용,남,73세,상해없음,보행자,남,55세,중상
2020101400100541,2020년 10월 14일 19시,수요일,경상남도 창원시 마산합포구 상남동,경상사고,0,0,1,0,차대차 - 후진중충돌,안전운전불이행,건조,맑음,교차로 - 교차로부근,승합,남,59세,상해없음,승용,여,42세,경상
2020101400100542,2020년 10월 14일 19시,수요일,경상남도 거제시 장평동,중상사고,0,1,1,0,차대차 - 측면충돌,안전운전불이행,건조,맑음,단일로 - 기타,자전거,남,24세,경상,이륜,남,28세,중상
2020101400100564,2020년 10월 14일 20시,수요일,경상남도 김해시 외동,중상사고,0,1,0,0,차대차 - 측면충돌,중앙선침범,건조,맑음,단일로 - 기타,승용,여,30세,상해없음,이륜,남,49세,중상
2020101400100565,2020년 10월 14일 20시,수요일,경상남도 김해시 내동,중상사고,0,1,1,0,차대차 - 추돌,안전거리미확보,건조,맑음,단일로 - 기타,승합,남,73세,상해없음,승용,남,28세,상해없음
2020101400100597,2020년 10월 14일 21시,수요일,경상남도 함안군 칠원읍,중상사고,0,1,0,0,차대차 - 측면충돌,안전운전불이행,건조,기타,교차로 - 교차로안,이륜,남,40세,중상,특수,남,40세,상해없음
2020101500100011,2020년 10월 15일 00시,목요일,경상남도 김해시 외동,경상사고,0,0,2,0,차대차 - 측면충돌,차로위반,건조,맑음,단일로 - 기타,승용,남,24세,상해없음,승용,남,25세,경상
2020101500100058,2020년 10월 15일 06시,목요일,경상남도 창원시 진해구 용원동,중상사고,0,1,0,0,차대차 - 기타,신호위반,건조,맑음,교차로 - 교차로안,승용,남,71세,상해없음,화물,남,65세,중상
2020101500100113,2020년 10월 15일 08시,목요일,경상남도 창원시 진해구 덕산동,경상사고,0,0,1,0,차대차 - 측면충돌,신호위반,건조,맑음,교차로 - 교차로안,승용,여,37세,상해없음,승용,여,46세,경상
2020101500100225,2020년 10월 15일 11시,목요일,경상남도 김해시 삼계동,경상사고,0,0,1,0,차대차 - 측면충돌,차로위반,건조,맑음,교차로 - 교차로안,승용,남,59세,상해없음,화물,남,66세,경상
2020101500100264,2020년 10월 15일 12시,목요일,경상남도 거제시 고현동,경상사고,0,0,2,0,차대차 - 기타,기타,건조,맑음,교차로 - 교차로안,승용,여,44세,경상,승용,여,54세,경상
2020101500100308,2020년 10월 15일 13시,목요일,경상남도 창녕군 남지읍,중상사고,0,1,0,0,차대사람 - 기타,안전운전불이행,건조,맑음,주차장 - 주차장,승용,여,63세,상해없음,보행자,여,76세,중상