사고번호,사고일시,요일,시군구,사고내용,사망자수,중상자수,경상자수,부상신고자수,사고유형,법규위반,노면상태,기상상태,도로형태,가해운전자 차종,가해운전자 성별,가해운전자 연령,가해운전자 상해정도,피해운전자 차종,피해운전자 성별,피해운전자 연령,피해운전자 상해정도
2020101500100340,2020년 10월 15일 14시,목요일,경상남도 창원시 진해구 남문동,중상사고,0,1,0,0,차대차 - 기타,신호위반,건조,맑음,교차로 - 교차로안,화물,남,60세,기타불명,화물,남,67세,중상
2020101500100384,2020년 10월 15일 15시,목요일,경상남도 김해시 생림면,경상사고,0,0,1,0,차대차 - 후진중충돌,안전운전불이행,건조,맑음,단일로 - 기타,화물,남,35세,상해없음,화물,남,45세,경상
2020101500100424,2020년 10월 15일 16시,목요일,경상남도 창녕군 영산면,중상사고,0,1,2,0,차대차 - 기타,직진우회전진행방해,건조,맑음,교차로 - 교차로안,승용,여,51세,경상,승용,남,43세,경상
2020101500100478,2020년 10월 15일 17시,목요일,경상남도 창원시 마산합포구 중앙동2가,중상사고,0,1,0,0,차대사람 - 기타,안전운전불이행,건조,맑음,교차로 - 교차로안,승용,여,46세,상해없음,보행자,여,78세,중상
2020101500100479,2020년 10월 15일 17시,목요일,경상남도 창녕군 도천면,경상사고,0,0,2,0,차대차 - 측면충돌,신호위반,건조,맑음,교차로 - 교차로안,승용,남,30세,상해없음,승용,남,48세,경상
2020101500100480,2020년 10월 15일 17시,목요일,경상남도 양산시 동면,경상사고,0,0,1,0,차대차 - 추돌,안전운전불이행,건조,맑음,단일로 - 기타,승용,남,52세,상해없음,승용,남,62세,경상
2020101500100481,2020년 10월 15일 17시,목요일,경상남도 김해시 진영읍,중상사고,0,1,1,0,차대차 - 측면충돌,안전거리미확보,건조,맑음,단일로 - 기타,승용,여,53세,상해없음,승용,여,47세,중상
2020101500100513,2020년 10월 15일 18시,목요일,경상남도 양산시 물금읍,경상사고,0,0,1,0,차대차 - 측면충돌,안전운전불이행,건조,맑음,단일로 - 기타,승용,남,49세,상해없음,승용,남,36세,경상
2020101500100553,2020년 10월 15일 18시,목요일,경상남도 창원시 진해구 경화동,중상사고,0,1,0,0,차대차 - 정면충돌,안전운전불이행,건조,맑음,교차로 - 교차로안,승용,남,20세,상해없음,승용,남,44세,중상
2020101500100554,2020년 10월 15일 18시,목요일,경상남도 김해시 불암동,경상사고,0,0,2,0,차대차 - 추돌,안전거리미확보,건조,맑음,단일로 - 교량,승용,남,56세,상해없음,승합,남,67세,경상
2020101500100555,2020년 10월 15일 18시,목요일,경상남도 창녕군 창녕읍,경상사고,0,0,1,0,차대사람 - 기타,안전운전불이행,건조,맑음,단일로 - 기타,승용,여,46세,상해없음,보행자,여,76세,경상
2020101500100556,2020년 10월 15일 18시,목요일,경상남도 거제시 연초면,경상사고,0,0,2,0,차대차 - 추돌,안전운전불이행,건조,맑음,단일로 - 기타,승용,여,60세,경상,승용,여,46세,경상
2020101500100557,2020년 10월 15일 18시,목요일,경상남도 거제시 상동동,중상사고,0,1,0,0,차대차 - 기타,중앙선침범,건조,맑음,기타 - 기타,승용,남,66세,상해없음,이륜,남,39세,중상
2020101500100558,2020년 10월 15일 18시,목요일,경상남도 산청군 시천면,경상사고,0,0,1,0,차대차 - 기타,교차로운행방법위반,건조,맑음,교차로 - 교차로안,화물,남,47세,상해없음,자전거,남,9세,경상
2020101500100559,2020년 10월 15일 18시,목요일,경상남도 의령군 대의면,중상사고,0,1,0,0,차대차 - 정면충돌,중앙선침범,건조,맑음,단일로 - 기타,승용,여,49세,기타불명,승용,남,49세,중상
2020101500100560,2020년 10월 15일 18시,목요일,경상남도 김해시 대청동,중상사고,0,1,0,0,차대차 - 측면충돌,안전운전불이행,건조,맑음,교차로 - 교차로횡단보도내,승용,여,43세,상해없음,자전거,여,15세,중상
2020101500100610,2020년 10월 15일 19시,목요일,경상남도 통영시 욕지면,중상사고,0,1,0,0,차대차 - 기타,안전운전불이행,건조,맑음,단일로 - 기타,승용,남,27세,상해없음,이륜,남,63세,중상
2020101500100611,2020년 10월 15일 19시,목요일,경상남도 사천시 선구동,중상사고,0,1,0,0,차대차 - 측면충돌,안전운전불이행,건조,맑음,교차로 - 교차로안,승용,남,31세,기타불명,승용,남,46세,중상
2020101500100629,2020년 10월 15일 20시,목요일,경상남도 김해시 대동면,경상사고,0,0,1,0,차대차 - 측면충돌,안전거리미확보,건조,맑음,단일로 - 기타,화물,남,50세,상해없음,승용,여,35세,경상
2020101500100640,2020년 10월 15일 20시,목요일,경상남도 양산시 북정동,부상신고사고,0,0,0,1,차대사람 - 횡단중,안전운전불이행,건조,맑음,단일로 - 기타,승용,남,62세,상해없음,보행자,남,53세,부상신고
2020101500100659,2020년 10월 15일 21시,목요일,경상남도 통영시 정량동,중상사고,0,1,0,0,차대사람 - 횡단중,보행자보호의무위반,건조,맑음,교차로 - 교차로횡단보도내,승용,남,26세,상해없음,보행자,남,62세,중상
2020101500100660,2020년 10월 15일 21시,목요일,경상남도 김해시 어방동,경상사고,0,0,2,0,차대차 - 추돌,안전운전불이행,건조,맑음,단일로 - 기타,승용,남,54세,상해없음,승합,남,41세,경상
2020101500100661,2020년 10월 15일 21시,목요일,경상남도 거제시 상동동,중상사고,0,2,0,0,차대사람 - 횡단중,안전운전불이행,건조,맑음,교차로 - 교차로횡단보도내,승용,남,31세,상해없음,보행자,남,43세,중상
2020101600100053,2020년 10월 16일 06시,금요일,경상남도 김해시 상동면,경상사고,0,0,1,0,차대차 - 기타,안전거리미확보,건조,맑음,단일로 - 기타,화물,남,59세,상해없음,승용,남,66세,경상
2020101600100074,2020년 10월 16일 07시,금요일,경상남도 고성군 하이면,경상사고,0,0,1,0,차대차 - 측면충돌,교차로운행방법위반,건조,맑음,교차로 - 교차로안,승합,남,66세,상해없음,승용,남,49세,경상
2020101600100075,2020년 10월 16일 07시,금요일,경상남도 창원시 성산구 상남동,경상사고,0,0,1,0,차대차 - 측면충돌,안전운전불이행,건조,맑음,교차로 - 교차로부근,승용,남,37세,기타불명,승용,남,62세,경상
2020101600100192,2020년 10월 16일 11시,금요일,경상남도 창원시 마산합포구 월남동2가,중상사고,0,1,0,0,차량단독 - 공작물충돌,안전운전불이행,건조,맑음,주차장 - 주차장,승용,여,60세,중상,,,,
2020101600100227,2020년 10월 16일 12시,금요일,경상남도 함안군 가야읍,경상사고,0,0,5,0,차대차 - 측면충돌,안전운전불이행,건조,맑음,단일로 - 기타,승용,여,64세,상해없음,승용,남,57세,경상
2020101600100262,2020년 10월 16일 13시,금요일,경상남도 창녕군 이방면,경상사고,0,0,1,0,차대차 - 측면충돌,중앙선침범,건조,맑음,교차로 - 교차로부근,화물,남,62세,상해없음,자전거,남,42세,경상
2020101600100295,2020년 10월 16일 14시,금요일,경상남도 창원시 진해구 경화동,경상사고,0,0,1,0,차대차 - 측면충돌,신호위반,건조,맑음,교차로 - 교차로안,승용,남,71세,상해없음,이륜,여,55세,경상
2020101600100296,2020년 10월 16일 14시,금요일,경상남도 의령군 의령읍,경상사고,0,0,1,0,차대차 - 측면충돌,안전운전불이행,건조,맑음,단일로 - 기타,화물,남,68세,상해없음,승용,여,58세,경상
2020101600100331,2020년 10월 16일 15시,금요일,경상남도 거제시 옥포동,경상사고,0,0,1,0,차대차 - 측면충돌,교차로운행방법위반,건조,맑음,교차로 - 교차로안,승용,남,63세,상해없음,자전거,남,11세,경상
2020101600100370,2020년 10월 16일 16시,금요일,경상남도 창원시 마산합포구 중앙동3가,경상사고,0,0,1,0,차대차 - 추돌,안전운전불이행,건조,맑음,교차로 - 교차로부근,승용,여,40세,상해없음,이륜,남,19세,경상
2020101600100371,2020년 10월 16일 16시,금요일,경상남도 밀양시 부북면,경상사고,0,0,1,0,차대차 - 측면충돌,안전운전불이행,건조,맑음,단일로 - 기타,화물,남,72세,상해없음,승용,남,42세,경상
2020101600100422,2020년 10월 16일 17시,금요일,경상남도 창원시 마산회원구 구암동,경상사고,0,0,1,0,차대차 - 측면충돌,안전운전불이행,건조,맑음,단일로 - 기타,승용,남,46세,상해없음,승용,남,50세,경상
2020101600100496,2020년 10월 16일 18시,금요일,경상남도 진주시 신안동,경상사고,0,0,1,0,차대차 - 측면충돌,차로위반,건조,맑음,단일로 - 기타,승용,남,54세,상해없음,승용,여,60세,경상
2020101600100497,2020년 10월 16일 18시,금요일,경상남도 김해시 외동,중상사고,0,1,1,0,차대차 - 추돌,안전운전불이행,건조,맑음,기타 - 기타,승용,여,49세,상해없음,승용,여,26세,경상
2020101600100498,2020년 10월 16일 18시,금요일,경상남도 거제시 동부면,경상사고,0,0,1,0,차대차 - 측면충돌,중앙선침범,젖음/습기,비,교차로 - 교차로안,화물,남,63세,상해없음,승용,여,36세,경상
2020101600100499,2020년 10월 16일 18시,금요일,경상남도 김해시 관동동,중상사고,0,1,1,0,차대차 - 기타,안전운전불이행,건조,맑음,단일로 - 기타,승용,남,55세,중상,승용,남,37세,상해없음
2020101600100556,2020년 10월 16일 19시,금요일,경상남도 진주시 칠암동,경상사고,0,0,1,0,차대사람 - 보도통행중,기타,건조,맑음,단일로 - 기타,자전거,여,48세,상해없음,보행자,여,36세,경상
2020101600100557,2020년 10월 16일 19시,금요일,경상남도 진주시 문산읍,중상사고,0,2,2,0,차대차 - 측면충돌,신호위반,건조,맑음,교차로 - 교차로안,승용,여,39세,상해없음,승용,여,30세,중상
2020101600100558,2020년 10월 16일 19시,금요일,경상남도 김해시 삼방동,중상사고,0,1,0,0,차대차 - 측면충돌,안전운전불이행,건조,맑음,교차로 - 교차로안,승용,남,23세,상해없음,이륜,남,31세,중상
2020101600100559,2020년 10월 16일 19시,금요일,경상남도 창원시 성산구 대방동,중상사고,0,1,0,0,차대사람 - 횡단중,보행자보호의무위반,건조,맑음,교차로 - 교차로부근,이륜,남,23세,상해없음,보행자,여,23세,중상
2020101600100591,2020년 10월 16일 20시,금요일,경상남도 김해시 동상동,경상사고,0,0,1,0,차대차 - 측면충돌,차로위반,건조,맑음,단일로 - 기타,승용,여,52세,상해없음,승용,남,39세,경상
2020101600100592,2020년 10월 16일 20시,금요일,경상남도 창원시 마산회원구 합성동,중상사고,0,1,0,0,차대차 - 측면충돌,안전운전불이행,건조,맑음,단일로 - 기타,승용,남,60세,상해없음,승합,남,46세,중상
2020101600100620,2020년 10월 16일 21시,금요일,경상남도 김해시 삼방동,경상사고,0,0,1,0,차대사람 - 횡단중,안전운전불이행,건조,맑음,단일로 - 기타,승용,여,54세,상해없음,보행자,남,57세,경상
2020101600100621,2020년 10월 16일 21시,금요일,경상남도 거창군 거창읍,중상사고,0,1,1,0,차대차 - 기타,기타,건조,맑음,단일로 - 기타,화물,남,46세,상해없음,이륜,남,18세,중상
2020101600100656,2020년 10월 16일 22시,금요일,경상남도 밀양시 가곡동,경상사고,0,0,2,0,차대차 - 측면충돌,중앙선침범,건조,흐림,교차로 - 교차로안,승용,여,60세,상해없음,승용,여,60세,경상
2020101600100678,2020년 10월 16일 23시,금요일,경상남도 거제시 장승포동,중상사고,0,1,0,0,차대차 - 기타,불법유턴,건조,맑음,단일로 - 기타,승용,여,50세,상해없음,이륜,남,45세,중상
2020101700100021,2020년 10월 17일 00시,토요일,경상남도 사천시 동림동,경상사고,0,0,5,0,차대차 - 측면충돌,안전운전불이행,건조,맑음,교차로 - 교차로안,승용,남,66세,경상,승용,남,54세,경상
2020101700100022,2020년 10월 17일 00시,토요일,경상남도 김해시 어방동,중상사고,0,1,1,0,차대차 - 측면충돌,신호위반,건조,맑음,교차로 - 교차로안,이륜,남,52세,중상,승용,남,25세,경상
2020101700100028,2020년 10월 17일 01시,토요일,경상남도 김해시 진영읍,경상사고,0,0,2,0,차대차 - 기타,안전운전불이행,건조,맑음,단일로 - 기타,승용,남,21세,경상,화물,남,36세,상해없음
2020101700100079,2020년 10월 17일 06시,토요일,경상남도 김해시 외동,경상사고,0,0,1,0,차대차 - 정면충돌,신호위반,건조,맑음,교차로 - 교차로안,화물,남,52세,상해없음,승용,남,60세,경상
2020101700100080,2020년 10월 17일 06시,토요일,경상남도 김해시 삼계동,중상사고,0,2,0,0,차대차 - 측면충돌,신호위반,건조,맑음,교차로 - 교차로안,승용,남,44세,기타불명,승용,남,59세,중상
2020101700100081,2020년 10월 17일 06시,토요일,경상남도 합천군 덕곡면,중상사고,0,1,0,0,차대차 - 측면충돌,중앙선침범,건조,맑음,기타 - 기타,화물,남,53세,상해없음,화물,남,63세,중상
2020101700100082,2020년 10월 17일 06시,토요일,경상남도 양산시 동면,중상사고,0,1,1,0,차대차 - 기타,신호위반,건조,맑음,교차로 - 교차로안,승용,남,73세,중상,건설기계,남,46세,경상
2020101700100083,2020년 10월 17일 06시,토요일,경상남도 김해시 무계동,중상사고,0,1,0,0,차대차 - 측면충돌,안전운전불이행,건조,맑음,교차로 - 교차로안,승용,남,44세,상해없음,이륜,남,64세,중상
2020101700100098,2020년 10월 17일 07시,토요일,경상남도 김해시 생림면,경상사고,0,0,1,0,차대차 - 측면충돌,안전운전불이행,건조,맑음,교차로 - 교차로안,승용,남,36세,상해없음,승용,남,41세,경상
2020101700100215,2020년 10월 17일 11시,토요일,경상남도 김해시 생림면,경상사고,0,0,1,0,차대차 - 추돌,안전운전불이행,건조,맑음,단일로 - 기타,이륜,남,35세,경상,승용,남,59세,상해없음
2020101700100216,2020년 10월 17일 11시,토요일,경상남도 김해시 동상동,경상사고,0,0,1,0,차대차 - 추돌,안전운전불이행,건조,맑음,교차로 - 교차로부근,이륜,남,40세,경상,승용,남,30세,상해없음
2020101700100217,2020년 10월 17일 11시,토요일,경상남도 창원시 성산구 대방동,경상사고,0,0,1,0,차대차 - 측면충돌,신호위반,건조,맑음,교차로 - 교차로안,승용,남,56세,상해없음,승용,여,27세,경상
2020101700100218,2020년 10월 17일 11시,토요일,경상남도 창원시 성산구 반지동,경상사고,0,0,1,0,차대차 - 측면충돌,안전운전불이행,건조,맑음,단일로 - 기타,승용,남,64세,상해없음,승용,남,40세,경상
2020101700100267,2020년 10월 17일 12시,토요일,경상남도 사천시 벌리동,중상사고,0,1,0,0,차대사람 - 기타,안전운전불이행,건조,맑음,교차로 - 교차로안,승용,남,65세,상해없음,보행자,남,60세,중상
2020101700100268,2020년 10월 17일 12시,토요일,경상남도 밀양시 삼문동,중상사고,0,1,0,1,차대차 - 측면충돌,신호위반,건조,맑음,교차로 - 교차로안,승용,여,28세,상해없음,이륜,남,62세,중상
2020101700100299,2020년 10월 17일 13시,토요일,경상남도 김해시 대동면,중상사고,0,2,0,1,차대차 - 기타,안전운전불이행,건조,맑음,단일로 - 기타,승용,여,25세,상해없음,승용,남,33세,중상
2020101700100316,2020년 10월 17일 13시,토요일,경상남도 진주시 상평동,경상사고,0,0,1,0,차대차 - 측면충돌,안전거리미확보,건조,맑음,단일로 - 기타,승용,여,24세,상해없음,화물,남,40세,경상
2020101700100317,2020년 10월 17일 13시,토요일,경상남도 밀양시 삼문동,경상사고,0,0,1,0,차대차 - 측면충돌,안전운전불이행,건조,맑음,교차로 - 교차로안,승용,남,28세,상해없음,이륜,남,30세,경상
2020101700100318,2020년 10월 17일 13시,토요일,경상남도 고성군 고성읍,경상사고,0,0,1,0,차대차 - 측면충돌,중앙선침범,건조,맑음,교차로 - 교차로부근,승용,남,79세,상해없음,승용,여,63세,경상
2020101700100362,2020년 10월 17일 14시,토요일,경상남도 사천시 서금동,중상사고,0,1,1,0,차대차 - 기타,직진우회전진행방해,건조,맑음,교차로 - 교차로안,승합,여,43세,상해없음,승용,남,39세,경상
2020101700100363,2020년 10월 17일 14시,토요일,경상남도 양산시 다방동,중상사고,0,2,1,0,차대차 - 추돌,안전거리미확보,건조,맑음,단일로 - 기타,건설기계,남,42세,상해없음,승용,남,77세,경상
2020101700100364,2020년 10월 17일 14시,토요일,경상남도 거제시 거제면,경상사고,0,0,1,0,차대차 - 측면충돌,안전운전불이행,건조,맑음,단일로 - 기타,기타불명,기타불명,미분류,기타불명,자전거,남,61세,경상
2020101700100365,2020년 10월 17일 14시,토요일,경상남도 김해시 신문동,중상사고,0,1,0,0,차대차 - 측면충돌,안전운전불이행,건조,맑음,교차로 - 교차로안,승용,남,26세,상해없음,승용,여,19세,중상
2020101700100400,2020년 10월 17일 15시,토요일,경상남도 창녕군 영산면,중상사고,0,1,0,0,차대사람 - 기타,안전운전불이행,건조,맑음,교차로 - 교차로안,승용,남,33세,상해없음,보행자,남,49세,중상
2020101700100454,2020년 10월 17일 16시,토요일,경상남도 김해시 대동면,경상사고,0,0,1,0,차대차 - 추돌,안전운전불이행,건조,맑음,단일로 - 기타,승용,남,44세,상해없음,자전거,남,53세,경상
2020101700100455,2020년 10월 17일 16시,토요일,경상남도 양산시 북정동,경상사고,0,0,3,0,차대차 - 측면충돌,교차로운행방법위반,건조,맑음,교차로 - 교차로안,승용,남,66세,상해없음,승용,여,45세,경상
2020101700100456,2020년 10월 17일 16시,토요일,경상남도 남해군 남해읍,중상사고,0,1,0,0,차대차 - 측면충돌,안전운전불이행,건조,맑음,단일로 - 기타,승용,여,22세,상해없음,이륜,남,75세,중상
2020101700100492,2020년 10월 17일 17시,토요일,경상남도 창원시 진해구 석동,경상사고,0,0,1,0,차대차 - 측면충돌,교차로운행방법위반,건조,맑음,교차로 - 교차로안,승용,남,58세,기타불명,자전거,여,63세,경상
2020101700100550,2020년 10월 17일 18시,토요일,경상남도 김해시 삼방동,경상사고,0,0,1,0,차대사람 - 횡단중,안전운전불이행,건조,맑음,교차로 - 교차로횡단보도내,승용,남,25세,상해없음,보행자,남,59세,경상
2020101700100551,2020년 10월 17일 18시,토요일,경상남도 김해시 어방동,경상사고,0,0,1,0,차대차 - 측면충돌,안전운전불이행,건조,맑음,교차로 - 교차로안,승용,남,37세,상해없음,승용,남,63세,상해없음
2020101700100552,2020년 10월 17일 18시,토요일,경상남도 합천군 율곡면,경상사고,0,0,3,0,차대차 - 측면충돌,직진우회전진행방해,건조,맑음,교차로 - 교차로안,화물,남,67세,상해없음,승용,여,42세,경상
2020101700100553,2020년 10월 17일 18시,토요일,경상남도 하동군 금성면,경상사고,0,0,1,0,차대차 - 측면충돌,신호위반,건조,기타,교차로 - 교차로안,승용,남,64세,상해없음,승용,남,44세,경상
2020101700100614,2020년 10월 17일 19시,토요일,경상남도 김해시 삼계동,중상사고,0,1,0,0,차대차 - 정면충돌,안전거리미확보,건조,맑음,교차로 - 교차로부근,원동기,남,37세,상해없음,원동기,남,16세,중상
2020101700100615,2020년 10월 17일 19시,토요일,경상남도 거제시 고현동,경상사고,0,0,1,0,차대차 - 기타,안전운전불이행,건조,맑음,단일로 - 기타,기타불명,기타불명,미분류,기타불명,이륜,남,34세,경상
2020101700100652,2020년 10월 17일 20시,토요일,경상남도 양산시 동면,경상사고,0,0,1,0,차대차 - 측면충돌,신호위반,건조,맑음,교차로 - 교차로안,이륜,남,25세,상해없음,승용,남,49세,경상
2020101700100681,2020년 10월 17일 21시,토요일,경상남도 거제시 옥포동,중상사고,0,1,1,0,차대사람 - 기타,안전운전불이행,건조,맑음,교차로 - 교차로안,승용,여,53세,상해없음,보행자,남,64세,중상
2020101700100682,2020년 10월 17일 21시,토요일,경상남도 창원시 마산회원구 합성동,경상사고,0,0,2,0,차대차 - 측면충돌,신호위반,건조,기타,교차로 - 교차로부근,승용,여,48세,상해없음,승용,남,49세,경상
2020101700100704,2020년 10월 17일 22시,토요일,경상남도 사천시 곤양면,경상사고,0,0,1,0,차대사람 - 기타,안전운전불이행,건조,맑음,단일로 - 기타,화물,남,52세,상해없음,보행자,남,19세,경상
2020101700100729,2020년 10월 17일 23시,토요일,경상남도 양산시 중부동,중상사고,0,1,0,0,차대사람 - 횡단중,안전운전불이행,건조,맑음,교차로 - 교차로안,승용,남,61세,상해없음,보행자,남,25세,중상
2020101800100012,2020년 10월 18일 00시,일요일,경상남도 거제시 하청면,중상사고,0,1,0,0,차량단독 - 공작물충돌,안전운전불이행,건조,맑음,단일로 - 기타,이륜,남,30세,중상,,,,
2020101800100049,2020년 10월 18일 04시,일요일,경상남도 창원시 성산구 상남동,중상사고,0,1,0,0,차대사람 - 횡단중,안전운전불이행,건조,맑음,교차로 - 교차로안,승용,남,70세,상해없음,보행자,여,63세,중상
2020101800100075,2020년 10월 18일 06시,일요일,경상남도 밀양시 상동면,중상사고,0,1,0,0,차대사람 - 기타,안전운전불이행,건조,맑음,단일로 - 기타,화물,남,28세,상해없음,보행자,여,84세,중상
2020101800100120,2020년 10월 18일 09시,일요일,경상남도 김해시 삼방동,부상신고사고,0,0,0,1,차대사람 - 기타,안전운전불이행,건조,맑음,단일로 - 기타,승용,남,64세,상해없음,보행자,여,69세,부상신고
2020101800100121,2020년 10월 18일 09시,일요일,경상남도 창녕군 창녕읍,중상사고,0,1,0,0,차대차 - 측면충돌,신호위반,건조,맑음,교차로 - 교차로안,승합,여,62세,상해없음,화물,여,64세,중상
2020101800100148,2020년 10월 18일 10시,일요일,경상남도 통영시 도남동,경상사고,0,0,1,0,차대차 - 추돌,안전거리미확보,건조,맑음,교차로 - 교차로부근,이륜,남,29세,경상,승용,여,61세,상해없음
2020101800100149,2020년 10월 18일 10시,일요일,경상남도 남해군 남해읍,부상신고사고,0,0,0,1,차대사람 - 차도통행중,안전운전불이행,건조,맑음,교차로 - 교차로안,화물,남,60세,상해없음,보행자,여,63세,부상신고
2020101800100172,2020년 10월 18일 11시,일요일,경상남도 창원시 마산합포구 성호동,경상사고,0,0,1,0,차대차 - 측면충돌,안전거리미확보,건조,맑음,교차로 - 교차로부근,승용,남,41세,상해없음,이륜,남,20세,경상
2020101800100173,2020년 10월 18일 11시,일요일,경상남도 통영시 봉평동,경상사고,0,0,1,0,차대차 - 측면충돌,중앙선침범,건조,맑음,단일로 - 기타,이륜,여,64세,경상,승용,남,72세,상해없음
2020101800100204,2020년 10월 18일 12시,일요일,경상남도 창녕군 도천면,중상사고,0,1,0,0,차대차 - 정면충돌,안전운전불이행,건조,맑음,교차로 - 교차로부근,자전거,남,12세,중상,승용,남,30세,상해없음
2020101800100205,2020년 10월 18일 12시,일요일,경상남도 함양군 함양읍,부상신고사고,0,0,0,2,차대차 - 측면충돌,교차로운행방법위반,건조,맑음,교차로 - 교차로안,화물,남,65세,상해없음,승용,여,40세,부상신고
2020101800100206,2020년 10월 18일 12시,일요일,경상남도 양산시 원동면,중상사고,0,1,0,0,차대차 - 추돌,안전운전불이행,건조,맑음,단일로 - 기타,이륜,남,39세,상해없음,이륜,남,29세,상해없음
2020101800100228,2020년 10월 18일 13시,일요일,경상남도 김해시 삼방동,중상사고,0,1,0,0,차대사람 - 기타,안전운전불이행,건조,맑음,교차로 - 교차로안,승용,남,52세,상해없음,보행자,여,67세,중상
2020101800100229,2020년 10월 18일 13시,일요일,경상남도 김해시 어방동,경상사고,0,0,1,0,차대차 - 기타,안전운전불이행,건조,맑음,교차로 - 교차로안,승용,남,52세,상해없음,원동기,남,49세,경상
2020101800100230,2020년 10월 18일 13시,일요일,경상남도 양산시 동면,경상사고,0,0,1,0,차대차 - 추돌,안전거리미확보,건조,맑음,교차로 - 교차로안,승용,남,51세,상해없음,승용,남,47세,경상
2020101800100260,2020년 10월 18일 14시,일요일,경상남도 통영시 도천동,중상사고,0,1,0,0,차대차 - 정면충돌,기타,건조,맑음,교차로 - 교차로안,승용,여,36세,상해없음,이륜,남,24세,중상
2020101800100261,2020년 10월 18일 14시,일요일,경상남도 사천시 대방동,경상사고,0,0,1,0,차량단독 - 기타,안전운전불이행,건조,맑음,교차로 - 교차로안,승용,여,55세,경상,,,,
2020101800100262,2020년 10월 18일 14시,일요일,경상남도 밀양시 산외면,경상사고,0,0,1,0,차대차 - 기타,교차로운행방법위반,건조,맑음,교차로 - 교차로안,승합,여,35세,상해없음,이륜,남,39세,경상
2020101800100263,2020년 10월 18일 14시,일요일,경상남도 김해시 삼정동,경상사고,0,0,2,0,차대차 - 측면충돌,교차로운행방법위반,건조,맑음,교차로 - 교차로안,승용,남,60세,상해없음,승용,남,31세,경상
2020101800100264,2020년 10월 18일 14시,일요일,경상남도 창원시 의창구 용호동,중상사고,0,1,3,1,차대차 - 정면충돌,중앙선침범,건조,맑음,교차로 - 교차로부근,승용,여,59세,상해없음,승용,남,66세,경상
2020101800100302,2020년 10월 18일 15시,일요일,경상남도 밀양시 산외면,중상사고,0,1,0,0,차대차 - 측면충돌,안전운전불이행,건조,맑음,단일로 - 기타,승용,여,58세,상해없음,이륜,남,47세,중상
2020101800100303,2020년 10월 18일 15시,일요일,경상남도 남해군 창선면,중상사고,0,1,2,1,차대차 - 측면충돌,안전운전불이행,건조,맑음,단일로 - 기타,승용,남,55세,상해없음,승용,남,39세,상해없음
2020101800100361,2020년 10월 18일 16시,일요일,경상남도 창원시 마산합포구 서성동,경상사고,0,0,1,0,차대차 - 기타,신호위반,건조,맑음,교차로 - 교차로안,화물,남,30세,상해없음,승합,남,43세,경상
2020101800100362,2020년 10월 18일 16시,일요일,경상남도 창녕군 창녕읍,중상사고,0,1,0,0,차대차 - 측면충돌,안전운전불이행,건조,맑음,교차로 - 교차로안,승용,남,27세,상해없음,이륜,여,66세,중상
2020101800100363,2020년 10월 18일 16시,일요일,경상남도 양산시 동면,경상사고,0,0,1,0,차대차 - 추돌,안전운전불이행,건조,맑음,교차로 - 교차로부근,이륜,남,20세,경상,승용,남,59세,상해없음
2020101800100364,2020년 10월 18일 16시,일요일,경상남도 창원시 의창구 북면,중상사고,0,2,0,0,차대차 - 측면충돌,직진우회전진행방해,건조,맑음,교차로 - 교차로안,화물,남,37세,상해없음,화물,남,52세,중상
2020101800100401,2020년 10월 18일 17시,일요일,경상남도 창원시 진해구 장천동,경상사고,0,0,1,0,차대차 - 측면충돌,안전운전불이행,건조,맑음,단일로 - 기타,승용,여,48세,상해없음,원동기,남,35세,경상
2020101800100402,2020년 10월 18일 17시,일요일,경상남도 창원시 진해구 안골동,중상사고,0,2,0,0,차대차 - 측면충돌,중앙선침범,건조,맑음,교차로 - 교차로부근,승용,남,18세,상해없음,승용,여,47세,중상
2020101800100403,2020년 10월 18일 17시,일요일,경상남도 통영시 봉평동,중상사고,0,1,0,0,차대사람 - 차도통행중,안전운전불이행,건조,맑음,교차로 - 교차로부근,승용,남,53세,상해없음,보행자,여,75세,중상
2020101800100446,2020년 10월 18일 18시,일요일,경상남도 통영시 북신동,중상사고,0,1,0,0,차대사람 - 횡단중,안전운전불이행,건조,맑음,교차로 - 교차로횡단보도내,승용,여,58세,상해없음,보행자,여,62세,중상
2020101800100447,2020년 10월 18일 18시,일요일,경상남도 통영시 욕지면,중상사고,0,1,0,0,차대차 - 측면충돌,안전운전불이행,건조,맑음,단일로 - 기타,화물,남,67세,상해없음,승용,남,57세,중상
2020101800100450,2020년 10월 18일 18시,일요일,경상남도 김해시 무계동,중상사고,0,1,0,0,차대사람 - 횡단중,보행자보호의무위반,건조,맑음,교차로 - 교차로안,화물,남,33세,상해없음,보행자,여,56세,중상
2020101800100486,2020년 10월 18일 19시,일요일,경상남도 창원시 진해구 경화동,경상사고,0,0,1,0,차대사람 - 기타,안전운전불이행,건조,맑음,단일로 - 기타,승용,남,57세,상해없음,보행자,남,59세,경상
2020101800100487,2020년 10월 18일 19시,일요일,경상남도 창원시 의창구 북면,경상사고,0,0,1,0,차대차 - 기타,안전거리미확보,건조,맑음,교차로 - 교차로부근,이륜,남,39세,상해없음,이륜,남,57세,경상