사고번호,사고일시,요일,시군구,사고내용,사망자수,중상자수,경상자수,부상신고자수,사고유형,법규위반,노면상태,기상상태,도로형태,가해운전자 차종,가해운전자 성별,가해운전자 연령,가해운전자 상해정도,피해운전자 차종,피해운전자 성별,피해운전자 연령,피해운전자 상해정도
2020101800100488,2020년 10월 18일 19시,일요일,경상남도 김해시 진영읍,중상사고,0,1,0,0,차대차 - 측면충돌,안전운전불이행,건조,맑음,교차로 - 교차로부근,승용,남,44세,상해없음,원동기,남,34세,중상
2020101800100489,2020년 10월 18일 19시,일요일,경상남도 김해시 진영읍,중상사고,0,1,0,0,차대차 - 측면충돌,신호위반,건조,맑음,교차로 - 교차로부근,원동기,남,30세,상해없음,승용,남,65세,상해없음
2020101800100514,2020년 10월 18일 20시,일요일,경상남도 양산시 삼호동,경상사고,0,0,1,0,차대사람 - 횡단중,보행자보호의무위반,건조,맑음,교차로 - 교차로부근,승용,남,41세,상해없음,보행자,남,59세,경상
2020101800100547,2020년 10월 18일 22시,일요일,경상남도 양산시 북부동,부상신고사고,0,0,0,1,차대사람 - 길가장자리구역통행중,안전운전불이행,건조,맑음,교차로 - 교차로부근,승용,남,50세,상해없음,보행자,남,56세,부상신고
2020101800100548,2020년 10월 18일 22시,일요일,경상남도 창원시 의창구 팔용동,경상사고,0,0,1,0,차대차 - 추돌,안전운전불이행,건조,기타,기타 - 기타,승용,남,27세,상해없음,승용,남,38세,경상
2020101800100549,2020년 10월 18일 22시,일요일,경상남도 창원시 의창구 동읍,경상사고,0,0,1,0,차대차 - 기타,안전운전불이행,건조,맑음,기타 - 기타,승용,남,56세,기타불명,승합,남,60세,경상
2020101900100018,2020년 10월 19일 02시,월요일,경상남도 창원시 진해구 용원동,중상사고,0,1,1,0,차대차 - 측면충돌,신호위반,건조,맑음,교차로 - 교차로안,이륜,남,18세,경상,승용,남,30세,상해없음
2020101900100019,2020년 10월 19일 02시,월요일,경상남도 김해시 구산동,경상사고,0,0,1,0,차량단독 - 전도전복 - 전도,안전운전불이행,건조,맑음,단일로 - 기타,원동기,남,19세,경상,,,,
2020101900100030,2020년 10월 19일 04시,월요일,경상남도 창원시 성산구 상남동,경상사고,0,0,1,0,차대차 - 측면충돌,안전운전불이행,건조,맑음,교차로 - 교차로안,승용,남,36세,상해없음,승용,남,70세,경상
2020101900100052,2020년 10월 19일 06시,월요일,경상남도 창원시 진해구 여좌동,경상사고,0,0,2,0,차대차 - 측면충돌,안전운전불이행,건조,맑음,단일로 - 기타,승용,남,27세,경상,승용,남,24세,경상
2020101900100053,2020년 10월 19일 06시,월요일,경상남도 통영시 항남동,경상사고,0,0,1,0,차대차 - 측면충돌,안전거리미확보,건조,맑음,교차로 - 교차로부근,승용,남,44세,상해없음,이륜,남,62세,경상
2020101900100054,2020년 10월 19일 06시,월요일,경상남도 고성군 동해면,중상사고,0,1,0,0,차대사람 - 기타,안전운전불이행,건조,맑음,단일로 - 기타,승용,남,44세,상해없음,보행자,여,78세,중상
2020101900100084,2020년 10월 19일 07시,월요일,경상남도 창원시 진해구 장천동,경상사고,0,0,1,0,차대사람 - 횡단중,안전운전불이행,건조,맑음,교차로 - 교차로부근,승용,여,68세,상해없음,보행자,여,14세,경상
2020101900100128,2020년 10월 19일 08시,월요일,경상남도 고성군 고성읍,경상사고,0,0,1,0,차대차 - 측면충돌,직진우회전진행방해,건조,맑음,교차로 - 교차로안,화물,남,66세,상해없음,승용,여,62세,경상
2020101900100129,2020년 10월 19일 08시,월요일,경상남도 거제시 양정동,중상사고,0,1,2,0,차대차 - 추돌,안전운전불이행,건조,맑음,단일로 - 터널,화물,남,69세,상해없음,승용,여,49세,중상
2020101900100182,2020년 10월 19일 09시,월요일,경상남도 사천시 선구동,경상사고,0,0,1,0,차대사람 - 횡단중,안전운전불이행,건조,맑음,교차로 - 교차로안,승용,남,63세,상해없음,보행자,여,76세,경상
2020101900100184,2020년 10월 19일 09시,월요일,경상남도 창원시 마산회원구 내서읍,경상사고,0,0,3,0,차대차 - 추돌,안전운전불이행,건조,맑음,단일로 - 기타,승용,여,48세,상해없음,화물,남,51세,상해없음
2020101900100226,2020년 10월 19일 10시,월요일,경상남도 남해군 창선면,경상사고,0,0,1,0,차대차 - 정면충돌,교차로운행방법위반,건조,맑음,교차로 - 교차로안,승용,남,70세,상해없음,이륜,남,50세,경상
2020101900100299,2020년 10월 19일 12시,월요일,경상남도 사천시 곤명면,경상사고,0,0,3,0,차대차 - 측면충돌,신호위반,건조,맑음,교차로 - 교차로안,승용,남,82세,상해없음,승용,여,37세,경상
2020101900100300,2020년 10월 19일 12시,월요일,경상남도 양산시 신기동,중상사고,0,1,0,0,차대차 - 측면충돌,신호위반,젖음/습기,맑음,교차로 - 교차로안,승용,남,55세,기타불명,승용,남,48세,중상
2020101900100301,2020년 10월 19일 12시,월요일,경상남도 김해시 진영읍,중상사고,0,4,0,0,차량단독 - 공작물충돌,안전운전불이행,건조,맑음,단일로 - 고가도로위,승용,여,66세,중상,,,,
2020101900100436,2020년 10월 19일 15시,월요일,경상남도 창녕군 부곡면,사망사고,1,1,0,0,차대차 - 기타,중앙선침범,건조,맑음,단일로 - 기타,승합,남,69세,중상,화물,남,60세,사망
2020101900100437,2020년 10월 19일 15시,월요일,경상남도 양산시 물금읍,중상사고,0,1,0,0,차대사람 - 기타,안전운전불이행,건조,맑음,주차장 - 주차장,승용,남,50세,상해없음,보행자,여,62세,중상
2020101900100472,2020년 10월 19일 16시,월요일,경상남도 함양군 함양읍,경상사고,0,0,2,1,차대차 - 측면충돌,신호위반,건조,맑음,교차로 - 교차로안,화물,남,74세,부상신고,승합,남,42세,경상
2020101900100516,2020년 10월 19일 17시,월요일,경상남도 창원시 진해구 경화동,경상사고,0,0,1,0,차대차 - 측면충돌,불법유턴,건조,맑음,기타 - 기타,승용,여,37세,상해없음,자전거,여,70세,경상
2020101900100517,2020년 10월 19일 17시,월요일,경상남도 합천군 야로면,경상사고,0,0,1,0,차량단독 - 도로외이탈 - 추락,안전운전불이행,건조,맑음,기타 - 기타,승용,여,54세,경상,,,,
2020101900100518,2020년 10월 19일 17시,월요일,경상남도 양산시 물금읍,경상사고,0,0,1,0,차대차 - 기타,안전운전불이행,건조,맑음,교차로 - 교차로안,이륜,남,33세,상해없음,이륜,남,41세,경상
2020101900100571,2020년 10월 19일 18시,월요일,경상남도 창원시 마산합포구 월남동2가,경상사고,0,0,1,0,차량단독 - 기타,안전운전불이행,건조,맑음,단일로 - 기타,승용,여,69세,상해없음,,,,
2020101900100572,2020년 10월 19일 18시,월요일,경상남도 사천시 정동면,중상사고,0,1,0,0,차대사람 - 횡단중,보행자보호의무위반,건조,맑음,단일로 - 기타,승합,남,60세,상해없음,보행자,여,53세,중상
2020101900100573,2020년 10월 19일 18시,월요일,경상남도 사천시 사천읍,중상사고,0,2,0,0,차대차 - 추돌,안전운전불이행,건조,맑음,단일로 - 기타,승용,여,34세,상해없음,승용,남,30세,중상
2020101900100574,2020년 10월 19일 18시,월요일,경상남도 밀양시 내이동,중상사고,0,1,0,0,차대차 - 측면충돌,신호위반,건조,맑음,교차로 - 교차로안,승용,여,61세,상해없음,이륜,여,50세,중상
2020101900100575,2020년 10월 19일 18시,월요일,경상남도 거창군 거창읍,중상사고,0,4,5,0,차대차 - 추돌,안전거리미확보,건조,맑음,교차로 - 교차로부근,화물,남,60세,상해없음,승합,남,42세,중상
2020101900100659,2020년 10월 19일 20시,월요일,경상남도 김해시 동상동,경상사고,0,0,1,0,차대차 - 기타,직진우회전진행방해,건조,맑음,교차로 - 교차로안,이륜,기타불명,미분류,기타불명,이륜,남,43세,경상
2020101900100660,2020년 10월 19일 20시,월요일,경상남도 김해시 동상동,부상신고사고,0,0,0,2,차대차 - 추돌,안전거리미확보,건조,맑음,교차로 - 교차로부근,승용,여,46세,상해없음,승용,남,26세,부상신고
2020101900100686,2020년 10월 19일 21시,월요일,경상남도 창원시 마산합포구 상남동,경상사고,0,0,1,0,차대차 - 정면충돌,안전운전불이행,건조,맑음,교차로 - 교차로안,승용,남,54세,상해없음,승용,남,63세,경상
2020101900100687,2020년 10월 19일 21시,월요일,경상남도 김해시 진영읍,중상사고,0,1,0,0,차대사람 - 횡단중,안전운전불이행,건조,맑음,교차로 - 교차로안,승용,여,61세,상해없음,보행자,남,55세,중상
2020101900100697,2020년 10월 19일 22시,월요일,경상남도 김해시 풍유동,경상사고,0,0,2,0,차대차 - 추돌,안전운전불이행,건조,맑음,단일로 - 기타,승용,남,49세,상해없음,승용,여,45세,경상
2020102000100026,2020년 10월 20일 04시,화요일,경상남도 창원시 마산회원구 석전동,경상사고,0,0,1,0,차대차 - 측면충돌,신호위반,건조,맑음,교차로 - 교차로안,승용,여,27세,상해없음,승합,여,61세,경상
2020102000100042,2020년 10월 20일 05시,화요일,경상남도 진주시 이현동,중상사고,0,2,0,0,차대사람 - 횡단중,보행자보호의무위반,건조,맑음,교차로 - 교차로횡단보도내,승용,남,71세,상해없음,보행자,남,72세,중상
2020102000100043,2020년 10월 20일 05시,화요일,경상남도 김해시 진영읍,경상사고,0,0,1,0,차대차 - 정면충돌,신호위반,건조,맑음,교차로 - 교차로안,승용,여,58세,경상,승합,남,67세,상해없음
2020102000100072,2020년 10월 20일 07시,화요일,경상남도 진주시 신안동,사망사고,1,0,0,0,차대사람 - 횡단중,보행자보호의무위반,건조,맑음,교차로 - 교차로횡단보도내,승합,여,54세,상해없음,보행자,여,59세,사망
2020102000100073,2020년 10월 20일 07시,화요일,경상남도 김해시 내동,중상사고,0,1,0,0,차대사람 - 횡단중,신호위반,건조,맑음,단일로 - 기타,승합,남,64세,상해없음,보행자,여,67세,중상
2020102000100074,2020년 10월 20일 07시,화요일,경상남도 하동군 금남면,중상사고,0,2,1,0,차대차 - 추돌,안전운전불이행,건조,맑음,교차로 - 교차로부근,승용,남,54세,경상,화물,남,43세,상해없음
2020102000100112,2020년 10월 20일 08시,화요일,경상남도 함양군 함양읍,경상사고,0,0,1,1,차대차 - 기타,교차로운행방법위반,건조,맑음,교차로 - 교차로안,승용,여,51세,부상신고,승용,남,57세,경상
2020102000100153,2020년 10월 20일 09시,화요일,경상남도 김해시 부원동,경상사고,0,0,1,0,차대차 - 측면충돌,신호위반,건조,맑음,교차로 - 교차로안,승용,여,37세,상해없음,이륜,남,30세,경상
2020102000100187,2020년 10월 20일 10시,화요일,경상남도 창원시 의창구 소계동,경상사고,0,0,1,0,차대사람 - 횡단중,보행자보호의무위반,건조,맑음,교차로 - 교차로횡단보도내,특수,남,45세,상해없음,보행자,남,44세,경상
2020102000100188,2020년 10월 20일 10시,화요일,경상남도 창원시 의창구 동읍,중상사고,0,1,1,0,차대차 - 추돌,안전운전불이행,건조,맑음,단일로 - 터널,화물,남,53세,상해없음,화물,남,67세,중상
2020102000100221,2020년 10월 20일 11시,화요일,경상남도 밀양시 초동면,경상사고,0,0,1,0,차대차 - 측면충돌,안전운전불이행,건조,맑음,교차로 - 교차로안,화물,남,57세,상해없음,승용,여,60세,경상
2020102000100222,2020년 10월 20일 11시,화요일,경상남도 양산시 동면,경상사고,0,0,1,0,차대차 - 측면충돌,안전운전불이행,건조,맑음,기타 - 기타,화물,남,58세,상해없음,승용,남,30세,경상
2020102000100223,2020년 10월 20일 11시,화요일,경상남도 함안군 대산면,경상사고,0,0,1,0,차량단독 - 전도전복 - 전도,안전운전불이행,건조,맑음,교차로 - 교차로안,이륜,남,37세,경상,,,,
2020102000100224,2020년 10월 20일 11시,화요일,경상남도 창원시 성산구 반림동,경상사고,0,0,1,0,차대차 - 측면충돌,신호위반,건조,맑음,교차로 - 교차로안,승용,남,70세,상해없음,승합,남,39세,경상
2020102000100225,2020년 10월 20일 11시,화요일,경상남도 창원시 마산회원구 회성동,경상사고,0,0,1,0,차대차 - 추돌,안전운전불이행,건조,맑음,교차로 - 교차로부근,화물,남,54세,상해없음,승용,여,56세,경상
2020102000100259,2020년 10월 20일 12시,화요일,경상남도 양산시 명동,경상사고,0,0,1,0,차대차 - 기타,안전운전불이행,건조,맑음,단일로 - 기타,승용,여,68세,상해없음,승용,여,42세,경상
2020102000100294,2020년 10월 20일 13시,화요일,경상남도 사천시 서동,중상사고,0,1,0,0,차대사람 - 길가장자리구역통행중,안전운전불이행,건조,맑음,단일로 - 기타,승용,남,54세,상해없음,보행자,여,66세,중상
2020102000100295,2020년 10월 20일 13시,화요일,경상남도 거창군 마리면,사망사고,1,0,0,0,차대사람 - 차도통행중,안전운전불이행,건조,맑음,교차로 - 교차로안,화물,남,59세,상해없음,보행자,남,84세,사망
2020102000100296,2020년 10월 20일 13시,화요일,경상남도 창녕군 유어면,중상사고,0,1,0,0,차대차 - 측면충돌,신호위반,건조,맑음,교차로 - 교차로안,화물,남,49세,상해없음,농기계,남,43세,중상
2020102000100343,2020년 10월 20일 14시,화요일,경상남도 창원시 성산구 반지동,경상사고,0,0,1,0,차대차 - 측면충돌,안전운전불이행,건조,맑음,교차로 - 교차로안,원동기,남,37세,상해없음,승용,남,26세,경상
2020102000100344,2020년 10월 20일 14시,화요일,경상남도 창원시 의창구 대산면,경상사고,0,0,1,0,차대차 - 추돌,안전운전불이행,건조,맑음,교차로 - 교차로부근,승용,남,61세,상해없음,승용,남,68세,경상
2020102000100402,2020년 10월 20일 15시,화요일,경상남도 양산시 원동면,경상사고,0,0,2,0,차대차 - 정면충돌,중앙선침범,건조,맑음,기타 - 기타,승용,여,61세,기타불명,승용,남,70세,경상
2020102000100403,2020년 10월 20일 15시,화요일,경상남도 거제시 사등면,경상사고,0,0,1,0,차대차 - 측면충돌,신호위반,건조,맑음,교차로 - 교차로안,승용,여,59세,상해없음,화물,남,61세,경상
2020102000100404,2020년 10월 20일 15시,화요일,경상남도 함안군 칠원읍,경상사고,0,0,1,0,차대차 - 측면충돌,안전운전불이행,건조,맑음,교차로 - 교차로부근,화물,남,54세,상해없음,자전거,남,55세,경상
2020102000100405,2020년 10월 20일 15시,화요일,경상남도 창원시 의창구 동읍,중상사고,0,1,0,0,차대차 - 측면충돌,신호위반,건조,맑음,교차로 - 교차로안,승용,여,50세,상해없음,승용,여,59세,중상
2020102000100495,2020년 10월 20일 17시,화요일,경상남도 하동군 옥종면,경상사고,0,0,1,0,차대사람 - 기타,안전운전불이행,건조,맑음,기타 - 기타,기타불명,여,74세,상해없음,보행자,여,73세,경상
2020102000100562,2020년 10월 20일 18시,화요일,경상남도 진주시 문산읍,중상사고,0,1,0,0,차대차 - 측면충돌,신호위반,건조,맑음,교차로 - 교차로안,승용,남,36세,기타불명,승용,여,57세,중상
2020102000100563,2020년 10월 20일 18시,화요일,경상남도 거창군 남하면,경상사고,0,0,1,0,차대차 - 추돌,안전운전불이행,건조,맑음,단일로 - 기타,승용,여,20세,상해없음,농기계,남,52세,경상
2020102000100621,2020년 10월 20일 19시,화요일,경상남도 통영시 미수동,부상신고사고,0,0,0,2,차대사람 - 횡단중,보행자보호의무위반,건조,맑음,단일로 - 교량,이륜,남,28세,부상신고,보행자,여,41세,부상신고
2020102000100622,2020년 10월 20일 19시,화요일,경상남도 통영시 무전동,중상사고,0,1,1,1,차대차 - 측면충돌,신호위반,건조,맑음,교차로 - 교차로안,화물,남,54세,부상신고,화물,남,54세,경상
2020102000100661,2020년 10월 20일 20시,화요일,경상남도 통영시 용남면,경상사고,0,0,2,1,차대차 - 기타,안전운전불이행,건조,맑음,단일로 - 기타,승용,여,30세,부상신고,승용,여,44세,경상
2020102000100662,2020년 10월 20일 20시,화요일,경상남도 김해시 삼정동,경상사고,0,0,1,0,차대차 - 기타,안전운전불이행,건조,맑음,교차로 - 교차로안,승용,남,45세,상해없음,이륜,남,29세,경상
2020102000100663,2020년 10월 20일 20시,화요일,경상남도 남해군 창선면,중상사고,0,1,0,0,차대사람 - 길가장자리구역통행중,안전운전불이행,건조,흐림,단일로 - 기타,승용,남,71세,상해없음,보행자,남,61세,중상
2020102100100021,2020년 10월 21일 01시,수요일,경상남도 통영시 도천동,부상신고사고,0,0,0,1,차대사람 - 기타,기타,건조,맑음,단일로 - 기타,승용,남,62세,상해없음,보행자,남,61세,부상신고
2020102100100050,2020년 10월 21일 05시,수요일,경상남도 진주시 평거동,중상사고,0,3,0,0,차대차 - 측면충돌,신호위반,건조,맑음,교차로 - 교차로안,승용,남,25세,기타불명,승용,남,53세,중상
2020102100100051,2020년 10월 21일 05시,수요일,경상남도 김해시 삼계동,경상사고,0,0,1,0,차대차 - 측면충돌,안전운전불이행,건조,맑음,교차로 - 교차로부근,승용,남,67세,상해없음,승용,남,58세,경상
2020102100100052,2020년 10월 21일 05시,수요일,경상남도 산청군 생비량면,중상사고,0,2,1,0,차대차 - 측면충돌,중앙선침범,건조,맑음,단일로 - 기타,승용,남,55세,기타불명,승용,남,57세,중상
2020102100100102,2020년 10월 21일 07시,수요일,경상남도 사천시 사천읍,경상사고,0,0,1,0,차대차 - 측면충돌,안전운전불이행,건조,맑음,단일로 - 기타,승용,남,61세,상해없음,승용,남,25세,경상
2020102100100176,2020년 10월 21일 09시,수요일,경상남도 김해시 상동면,경상사고,0,0,1,0,차대차 - 측면충돌,안전운전불이행,건조,맑음,교차로 - 교차로안,특수,남,67세,상해없음,승용,여,33세,경상
2020102100100177,2020년 10월 21일 09시,수요일,경상남도 고성군 고성읍,중상사고,0,1,0,0,차대차 - 정면충돌,교차로운행방법위반,건조,흐림,교차로 - 교차로부근,승용,남,49세,상해없음,승용,여,58세,중상
2020102100100178,2020년 10월 21일 09시,수요일,경상남도 고성군 회화면,경상사고,0,0,1,0,차대차 - 정면충돌,중앙선침범,건조,맑음,교차로 - 교차로부근,화물,남,67세,상해없음,승용,남,65세,경상
2020102100100179,2020년 10월 21일 09시,수요일,경상남도 김해시 대청동,중상사고,0,3,0,0,차대차 - 측면충돌,안전운전불이행,건조,맑음,교차로 - 교차로안,승용,남,56세,중상,승용,여,50세,중상
2020102100100208,2020년 10월 21일 10시,수요일,경상남도 통영시 산양읍,경상사고,0,0,1,0,차대차 - 후진중충돌,안전운전불이행,건조,맑음,단일로 - 기타,화물,남,63세,상해없음,승용,여,45세,경상
2020102100100232,2020년 10월 21일 11시,수요일,경상남도 통영시 무전동,경상사고,0,0,1,0,차대사람 - 기타,안전운전불이행,건조,맑음,단일로 - 기타,승합,남,55세,상해없음,보행자,여,45세,경상
2020102100100233,2020년 10월 21일 11시,수요일,경상남도 창원시 의창구 도계동,중상사고,0,1,1,0,차대차 - 측면충돌,신호위반,건조,맑음,교차로 - 교차로횡단보도내,이륜,남,31세,중상,승합,여,33세,경상
2020102100100234,2020년 10월 21일 11시,수요일,경상남도 창녕군 남지읍,중상사고,0,1,0,0,차대차 - 기타,기타,건조,맑음,단일로 - 기타,특수,남,49세,상해없음,승용,남,46세,중상
2020102100100263,2020년 10월 21일 12시,수요일,경상남도 산청군 단성면,중상사고,0,1,1,0,차량단독 - 공작물충돌,안전운전불이행,건조,맑음,교차로 - 교차로부근,화물,남,80세,경상,,,,
2020102100100287,2020년 10월 21일 13시,수요일,경상남도 창원시 마산합포구 진동면,경상사고,0,0,1,0,차대차 - 추돌,안전운전불이행,건조,맑음,단일로 - 터널,승용,남,74세,상해없음,화물,남,66세,경상
2020102100100288,2020년 10월 21일 13시,수요일,경상남도 통영시 도산면,경상사고,0,0,1,0,차대차 - 추돌,안전운전불이행,건조,맑음,단일로 - 기타,승용,남,77세,상해없음,승용,여,35세,경상
2020102100100289,2020년 10월 21일 13시,수요일,경상남도 양산시 삼호동,경상사고,0,0,1,0,차대사람 - 기타,기타,건조,맑음,단일로 - 기타,승합,남,56세,기타불명,보행자,여,51세,경상
2020102100100310,2020년 10월 21일 14시,수요일,경상남도 창원시 마산합포구 자산동,경상사고,0,0,1,0,차대차 - 기타,신호위반,건조,맑음,교차로 - 교차로부근,이륜,남,65세,경상,승용,여,53세,상해없음
2020102100100311,2020년 10월 21일 14시,수요일,경상남도 창원시 마산합포구 교방동,경상사고,0,0,1,0,차대차 - 추돌,안전운전불이행,건조,맑음,교차로 - 교차로부근,승용,남,43세,상해없음,승합,여,27세,경상
2020102100100348,2020년 10월 21일 15시,수요일,경상남도 진주시 하대동,중상사고,0,1,0,0,차대사람 - 횡단중,안전운전불이행,건조,맑음,교차로 - 교차로안,특수,남,38세,상해없음,보행자,남,52세,중상
2020102100100349,2020년 10월 21일 15시,수요일,경상남도 진주시 상대동,중상사고,0,3,6,0,차대차 - 측면충돌,안전거리미확보,건조,맑음,단일로 - 기타,승합,남,44세,상해없음,승용,남,23세,경상
2020102100100350,2020년 10월 21일 15시,수요일,경상남도 창원시 진해구 자은동,경상사고,0,0,1,0,차대차 - 기타,안전운전불이행,건조,맑음,단일로 - 기타,승용,남,27세,상해없음,승합,남,54세,상해없음
2020102100100351,2020년 10월 21일 15시,수요일,경상남도 고성군 고성읍,경상사고,0,0,1,0,차대사람 - 보도통행중,안전운전불이행,젖음/습기,비,단일로 - 기타,승용,여,37세,상해없음,보행자,남,37세,경상
2020102100100391,2020년 10월 21일 16시,수요일,경상남도 합천군 율곡면,중상사고,0,1,0,0,차대차 - 측면충돌,신호위반,건조,맑음,교차로 - 교차로안,건설기계,남,41세,상해없음,승용,여,59세,중상
2020102100100392,2020년 10월 21일 16시,수요일,경상남도 하동군 횡천면,중상사고,0,1,0,0,차대사람 - 차도통행중,안전운전불이행,젖음/습기,비,교차로 - 교차로안,화물,남,63세,상해없음,보행자,여,85세,중상
2020102100100393,2020년 10월 21일 16시,수요일,경상남도 거제시 연초면,경상사고,0,0,2,0,차대차 - 기타,안전거리미확보,건조,맑음,단일로 - 기타,승용,여,33세,상해없음,승용,여,51세,경상
2020102100100394,2020년 10월 21일 16시,수요일,경상남도 창원시 마산회원구 내서읍,중상사고,0,1,0,0,차대사람 - 기타,안전운전불이행,건조,맑음,단일로 - 기타,화물,남,53세,상해없음,보행자,여,79세,중상
2020102100100429,2020년 10월 21일 17시,수요일,경상남도 김해시 외동,경상사고,0,0,1,0,차대차 - 추돌,신호위반,젖음/습기,비,교차로 - 교차로안,승합,여,44세,상해없음,이륜,남,22세,경상
2020102100100430,2020년 10월 21일 17시,수요일,경상남도 양산시 동면,경상사고,0,0,1,0,차대사람 - 횡단중,보행자보호의무위반,건조,맑음,교차로 - 교차로횡단보도내,화물,남,43세,상해없음,보행자,남,6세,경상
2020102100100431,2020년 10월 21일 17시,수요일,경상남도 함안군 군북면,중상사고,0,1,0,0,차대차 - 기타,중앙선침범,젖음/습기,흐림,단일로 - 기타,승용,남,49세,상해없음,이륜,남,65세,중상
2020102100100432,2020년 10월 21일 17시,수요일,경상남도 창원시 마산회원구 내서읍,경상사고,0,0,1,0,차대사람 - 횡단중,보행자보호의무위반,젖음/습기,비,교차로 - 교차로부근,승용,여,49세,상해없음,보행자,남,8세,경상
2020102100100433,2020년 10월 21일 17시,수요일,경상남도 창원시 의창구 팔용동,경상사고,0,0,1,0,차대차 - 추돌,안전거리미확보,젖음/습기,비,단일로 - 기타,승용,남,65세,상해없음,승용,남,37세,경상
2020102100100507,2020년 10월 21일 18시,수요일,경상남도 통영시 용남면,경상사고,0,0,1,1,차대차 - 추돌,안전운전불이행,젖음/습기,비,단일로 - 기타,승용,남,34세,경상,승용,여,45세,상해없음
2020102100100508,2020년 10월 21일 18시,수요일,경상남도 창원시 마산합포구 산호동,중상사고,0,1,0,0,차대사람 - 횡단중,안전운전불이행,젖음/습기,비,단일로 - 기타,승용,여,38세,상해없음,보행자,여,61세,중상
2020102100100509,2020년 10월 21일 18시,수요일,경상남도 창원시 의창구 명서동,중상사고,0,1,0,0,차대사람 - 횡단중,보행자보호의무위반,젖음/습기,비,교차로 - 교차로횡단보도내,승용,남,35세,상해없음,보행자,여,69세,중상
2020102100100510,2020년 10월 21일 18시,수요일,경상남도 김해시 부곡동,중상사고,0,1,0,0,차대사람 - 횡단중,안전운전불이행,젖음/습기,비,단일로 - 기타,승용,남,51세,상해없음,보행자,여,12세,중상
2020102100100511,2020년 10월 21일 18시,수요일,경상남도 김해시 진영읍,사망사고,1,0,0,0,차량단독 - 공작물충돌,안전운전불이행,젖음/습기,비,교차로 - 교차로부근,승용,남,61세,사망,,,,
2020102100100512,2020년 10월 21일 18시,수요일,경상남도 김해시 진영읍,경상사고,0,0,1,0,차대차 - 추돌,안전거리미확보,젖음/습기,비,교차로 - 교차로부근,승용,남,32세,상해없음,승용,남,64세,경상
2020102100100513,2020년 10월 21일 18시,수요일,경상남도 김해시 흥동,중상사고,0,1,0,0,차대차 - 측면충돌,중앙선침범,건조,맑음,단일로 - 기타,원동기,남,52세,상해없음,원동기,남,46세,중상
2020102100100554,2020년 10월 21일 19시,수요일,경상남도 김해시 부원동,경상사고,0,0,1,0,차대사람 - 횡단중,안전운전불이행,젖음/습기,비,기타 - 기타,승용,남,55세,상해없음,보행자,여,55세,경상
2020102100100555,2020년 10월 21일 19시,수요일,경상남도 김해시 삼계동,중상사고,0,1,1,0,차대차 - 측면충돌,신호위반,젖음/습기,비,교차로 - 교차로안,승용,여,40세,경상,승용,여,49세,중상
2020102100100556,2020년 10월 21일 19시,수요일,경상남도 거제시 고현동,중상사고,0,1,0,0,차대차 - 측면충돌,안전운전불이행,건조,맑음,단일로 - 기타,승용,남,52세,상해없음,이륜,남,30세,중상
2020102100100557,2020년 10월 21일 19시,수요일,경상남도 창원시 의창구 대원동,경상사고,0,0,1,0,차대차 - 측면충돌,차로위반,젖음/습기,비,단일로 - 기타,승용,남,68세,상해없음,승용,남,54세,경상
2020102100100558,2020년 10월 21일 19시,수요일,경상남도 김해시 주촌면,중상사고,0,1,0,0,차대사람 - 횡단중,보행자보호의무위반,젖음/습기,비,교차로 - 교차로횡단보도내,승합,남,59세,상해없음,보행자,남,56세,중상
2020102100100603,2020년 10월 21일 20시,수요일,경상남도 통영시 무전동,경상사고,0,0,1,0,차대차 - 측면충돌,교차로운행방법위반,젖음/습기,비,교차로 - 교차로안,승용,여,26세,상해없음,승용,여,38세,경상
2020102100100604,2020년 10월 21일 20시,수요일,경상남도 김해시 삼계동,경상사고,0,0,1,0,차대차 - 측면충돌,안전운전불이행,젖음/습기,비,교차로 - 교차로안,승용,여,19세,상해없음,승용,여,43세,경상
2020102100100605,2020년 10월 21일 20시,수요일,경상남도 거창군 거창읍,경상사고,0,0,1,0,차대차 - 측면충돌,안전운전불이행,젖음/습기,비,단일로 - 기타,승용,여,29세,상해없음,이륜,남,18세,경상
2020102100100606,2020년 10월 21일 20시,수요일,경상남도 거제시 고현동,중상사고,0,1,0,0,차대차 - 측면충돌,신호위반,젖음/습기,맑음,교차로 - 교차로안,이륜,남,28세,상해없음,이륜,남,38세,중상
2020102100100607,2020년 10월 21일 20시,수요일,경상남도 창원시 의창구 사림동,경상사고,0,0,1,0,차대사람 - 횡단중,보행자보호의무위반,건조,맑음,교차로 - 교차로횡단보도내,승용,남,58세,상해없음,보행자,남,59세,경상
2020102100100608,2020년 10월 21일 20시,수요일,경상남도 창원시 성산구 상남동,경상사고,0,0,1,0,차대차 - 측면충돌,중앙선침범,건조,맑음,교차로 - 교차로부근,승용,남,58세,상해없음,이륜,남,42세,경상
2020102100100609,2020년 10월 21일 20시,수요일,경상남도 창원시 의창구 도계동,경상사고,0,0,2,0,차대차 - 측면충돌,교차로운행방법위반,젖음/습기,비,교차로 - 교차로안,승용,남,63세,경상,승합,남,39세,경상