사고번호,사고일시,요일,시군구,사고내용,사망자수,중상자수,경상자수,부상신고자수,사고유형,법규위반,노면상태,기상상태,도로형태,가해운전자 차종,가해운전자 성별,가해운전자 연령,가해운전자 상해정도,피해운전자 차종,피해운전자 성별,피해운전자 연령,피해운전자 상해정도
2020102100100610,2020년 10월 21일 20시,수요일,경상남도 김해시 부곡동,경상사고,0,0,2,0,차대차 - 측면충돌,안전운전불이행,건조,맑음,교차로 - 교차로부근,승용,여,50세,경상,승용,남,41세,경상
2020102100100654,2020년 10월 21일 21시,수요일,경상남도 창원시 진해구 안골동,경상사고,0,0,1,0,차대차 - 추돌,안전거리미확보,젖음/습기,비,단일로 - 기타,승용,여,49세,상해없음,승용,여,60세,경상
2020102100100655,2020년 10월 21일 21시,수요일,경상남도 밀양시 삼문동,중상사고,0,1,1,0,차대차 - 측면충돌,신호위반,젖음/습기,비,교차로 - 교차로안,화물,남,54세,상해없음,특수,남,37세,경상
2020102100100656,2020년 10월 21일 21시,수요일,경상남도 김해시 내동,중상사고,0,1,0,0,차대차 - 측면충돌,신호위반,젖음/습기,비,교차로 - 교차로부근,승용,남,54세,상해없음,이륜,남,27세,중상
2020102100100657,2020년 10월 21일 21시,수요일,경상남도 양산시 명동,중상사고,0,1,0,0,차대사람 - 횡단중,기타,젖음/습기,비,단일로 - 기타,승용,여,52세,기타불명,보행자,여,55세,중상
2020102100100658,2020년 10월 21일 21시,수요일,경상남도 창원시 의창구 팔용동,경상사고,0,0,2,0,차대차 - 후진중충돌,안전운전불이행,건조,맑음,교차로 - 교차로부근,승용,여,30세,상해없음,승용,여,59세,경상
2020102100100712,2020년 10월 21일 23시,수요일,경상남도 진주시 평거동,중상사고,0,1,0,0,차대차 - 추돌,안전운전불이행,젖음/습기,비,단일로 - 기타,승용,남,38세,상해없음,승용,남,52세,중상
2020102100100713,2020년 10월 21일 23시,수요일,경상남도 통영시 산양읍,사망사고,1,0,0,0,차량단독 - 공작물충돌,안전운전불이행,젖음/습기,비,단일로 - 기타,승용,남,58세,상해없음,,,,
2020102200100010,2020년 10월 22일 00시,목요일,경상남도 창원시 의창구 동읍,경상사고,0,0,1,0,차량단독 - 공작물충돌,안전운전불이행,젖음/습기,비,단일로 - 터널,승용,남,51세,경상,,,,
2020102200100021,2020년 10월 22일 01시,목요일,경상남도 김해시 부곡동,중상사고,0,1,0,0,차대사람 - 횡단중,안전운전불이행,젖음/습기,비,교차로 - 교차로횡단보도내,승용,남,42세,기타불명,보행자,여,58세,중상
2020102200100032,2020년 10월 22일 02시,목요일,경상남도 진주시 상평동,사망사고,1,0,0,0,차량단독 - 공작물충돌,안전운전불이행,젖음/습기,비,단일로 - 기타,이륜,남,41세,사망,,,,
2020102200100037,2020년 10월 22일 03시,목요일,경상남도 거제시 사등면,중상사고,0,1,0,0,차량단독 - 공작물충돌,안전운전불이행,젖음/습기,비,단일로 - 기타,승용,남,36세,중상,,,,
2020102200100072,2020년 10월 22일 06시,목요일,경상남도 고성군 하이면,경상사고,0,0,3,0,차대차 - 추돌,안전운전불이행,젖음/습기,비,교차로 - 교차로부근,승용,남,49세,경상,특수,남,47세,경상
2020102200100088,2020년 10월 22일 07시,목요일,경상남도 창원시 진해구 태평동,중상사고,0,1,0,0,차대사람 - 기타,안전운전불이행,젖음/습기,흐림,단일로 - 기타,승용,여,50세,상해없음,보행자,남,59세,중상
2020102200100089,2020년 10월 22일 07시,목요일,경상남도 창원시 의창구 사림동,경상사고,0,0,1,0,차대차 - 측면충돌,신호위반,건조,맑음,교차로 - 교차로부근,승용,여,41세,상해없음,승용,남,52세,경상
2020102200100219,2020년 10월 22일 11시,목요일,경상남도 창원시 의창구 명서동,경상사고,0,0,1,0,차대차 - 측면충돌,신호위반,건조,맑음,교차로 - 교차로부근,승용,여,34세,기타불명,승용,여,59세,경상
2020102200100288,2020년 10월 22일 13시,목요일,경상남도 밀양시 내이동,부상신고사고,0,0,0,1,차대차 - 측면충돌,차로위반,건조,맑음,교차로 - 교차로안,이륜,남,83세,부상신고,화물,남,38세,상해없음
2020102200100289,2020년 10월 22일 13시,목요일,경상남도 창녕군 영산면,경상사고,0,0,1,1,차대차 - 측면충돌,신호위반,건조,맑음,교차로 - 교차로안,화물,남,56세,부상신고,화물,남,61세,경상
2020102200100290,2020년 10월 22일 13시,목요일,경상남도 창녕군 창녕읍,중상사고,0,1,0,0,차대차 - 측면충돌,직진우회전진행방해,건조,맑음,교차로 - 교차로안,승용,여,68세,상해없음,이륜,남,68세,중상
2020102200100351,2020년 10월 22일 15시,목요일,경상남도 합천군 봉산면,중상사고,0,1,0,0,차대차 - 측면충돌,신호위반,건조,맑음,단일로 - 기타,승용,여,54세,상해없음,원동기,남,72세,중상
2020102200100353,2020년 10월 22일 15시,목요일,경상남도 거제시 고현동,경상사고,0,0,1,0,차대차 - 측면충돌,중앙선침범,건조,맑음,교차로 - 교차로부근,이륜,남,51세,상해없음,이륜,남,43세,경상
2020102200100354,2020년 10월 22일 15시,목요일,경상남도 창원시 의창구 용호동,중상사고,0,1,0,0,차대차 - 측면충돌,신호위반,건조,맑음,교차로 - 교차로안,승용,남,25세,상해없음,자전거,여,59세,중상
2020102200100355,2020년 10월 22일 15시,목요일,경상남도 창원시 의창구 동읍,중상사고,0,1,1,0,차대차 - 추돌,안전운전불이행,건조,맑음,단일로 - 기타,화물,남,29세,상해없음,승용,남,35세,경상
2020102200100399,2020년 10월 22일 16시,목요일,경상남도 진주시 가좌동,중상사고,0,1,0,0,차대차 - 기타,안전운전불이행,건조,맑음,교차로 - 교차로횡단보도내,승용,남,37세,상해없음,자전거,남,45세,중상
2020102200100400,2020년 10월 22일 16시,목요일,경상남도 창원시 진해구 여좌동,경상사고,0,0,1,0,차대차 - 측면충돌,안전운전불이행,건조,맑음,교차로 - 교차로횡단보도내,승용,여,70세,상해없음,자전거,남,14세,경상
2020102200100401,2020년 10월 22일 16시,목요일,경상남도 창원시 진해구 자은동,경상사고,0,0,1,0,차량단독 - 기타,기타,건조,맑음,단일로 - 기타,승합,남,57세,상해없음,,,,
2020102200100402,2020년 10월 22일 16시,목요일,경상남도 양산시 물금읍,경상사고,0,0,1,0,차대차 - 측면충돌,기타,건조,맑음,단일로 - 기타,화물,남,57세,상해없음,승용,여,36세,경상
2020102200100403,2020년 10월 22일 16시,목요일,경상남도 창원시 성산구 남산동,경상사고,0,0,1,0,차대차 - 기타,안전운전불이행,건조,맑음,단일로 - 기타,승합,남,54세,상해없음,화물,남,46세,경상
2020102200100434,2020년 10월 22일 17시,목요일,경상남도 거창군 마리면,중상사고,0,1,0,0,차대차 - 추돌,안전운전불이행,건조,맑음,교차로 - 교차로부근,승용,여,59세,상해없음,화물,남,55세,중상
2020102200100435,2020년 10월 22일 17시,목요일,경상남도 거창군 거창읍,중상사고,0,1,0,0,차대차 - 측면충돌,안전운전불이행,건조,맑음,교차로 - 교차로부근,자전거,남,8세,상해없음,자전거,남,26세,중상
2020102200100436,2020년 10월 22일 17시,목요일,경상남도 양산시 상북면,경상사고,0,0,2,0,차대차 - 추돌,안전거리미확보,건조,맑음,단일로 - 기타,승용,남,57세,기타불명,승용,남,40세,경상
2020102200100499,2020년 10월 22일 18시,목요일,경상남도 김해시 삼방동,경상사고,0,0,1,0,차대사람 - 횡단중,안전운전불이행,건조,맑음,기타 - 기타,승용,남,50세,상해없음,보행자,여,50세,경상
2020102200100500,2020년 10월 22일 18시,목요일,경상남도 양산시 남부동,경상사고,0,0,1,0,차대차 - 추돌,신호위반,건조,맑음,단일로 - 기타,승용,남,78세,상해없음,원동기,남,21세,경상
2020102200100501,2020년 10월 22일 18시,목요일,경상남도 산청군 단성면,경상사고,0,0,1,0,차대차 - 기타,중앙선침범,건조,맑음,단일로 - 기타,승용,여,76세,상해없음,승용,여,29세,경상
2020102200100502,2020년 10월 22일 18시,목요일,경상남도 창원시 의창구 동읍,중상사고,0,1,0,0,차대차 - 기타,안전운전불이행,건조,흐림,교차로 - 교차로안,승용,남,50세,상해없음,기타불명,남,82세,중상
2020102200100549,2020년 10월 22일 19시,목요일,경상남도 김해시 어방동,경상사고,0,0,1,0,차대차 - 추돌,안전운전불이행,건조,맑음,교차로 - 교차로부근,이륜,남,16세,상해없음,승용,여,23세,경상
2020102200100550,2020년 10월 22일 19시,목요일,경상남도 함안군 가야읍,중상사고,0,1,0,0,차대차 - 측면충돌,신호위반,건조,맑음,교차로 - 교차로부근,승용,남,31세,상해없음,승용,남,41세,중상
2020102200100576,2020년 10월 22일 20시,목요일,경상남도 김해시 삼계동,경상사고,0,0,1,0,차대차 - 추돌,안전운전불이행,건조,맑음,단일로 - 기타,화물,남,68세,상해없음,승용,남,34세,경상
2020102200100599,2020년 10월 22일 21시,목요일,경상남도 양산시 동면,중상사고,0,1,6,0,차대차 - 측면충돌,신호위반,건조,맑음,교차로 - 교차로안,승용,남,30세,상해없음,승합,남,48세,경상
2020102200100632,2020년 10월 22일 22시,목요일,경상남도 창원시 마산합포구 추산동,경상사고,0,0,1,0,차대차 - 측면충돌,안전운전불이행,건조,맑음,교차로 - 교차로안,승용,여,30세,상해없음,이륜,남,72세,경상
2020102200100647,2020년 10월 22일 23시,목요일,경상남도 통영시 광도면,경상사고,0,0,1,0,차대차 - 측면충돌,안전운전불이행,건조,맑음,교차로 - 교차로부근,승용,남,31세,상해없음,자전거,남,42세,경상
2020102300100010,2020년 10월 23일 00시,금요일,경상남도 밀양시 내이동,경상사고,0,0,1,0,차대차 - 측면충돌,안전운전불이행,건조,맑음,교차로 - 교차로안,승용,남,40세,상해없음,승용,여,49세,경상
2020102300100011,2020년 10월 23일 00시,금요일,경상남도 창원시 성산구 성산동,경상사고,0,0,3,0,차대차 - 측면충돌,안전운전불이행,건조,맑음,단일로 - 기타,승용,남,58세,상해없음,승용,남,34세,경상
2020102300100024,2020년 10월 23일 01시,금요일,경상남도 산청군 신안면,중상사고,0,1,1,0,차량단독 - 공작물충돌,안전운전불이행,건조,흐림,단일로 - 기타,승용,여,52세,경상,,,,
2020102300100031,2020년 10월 23일 02시,금요일,경상남도 거제시 장평동,경상사고,0,0,1,0,차대사람 - 횡단중,안전운전불이행,건조,맑음,교차로 - 교차로안,승용,남,64세,상해없음,보행자,남,47세,경상
2020102300100040,2020년 10월 23일 04시,금요일,경상남도 거제시 상동동,중상사고,0,1,0,0,차량단독 - 전도전복 - 전도,안전운전불이행,건조,맑음,단일로 - 기타,이륜,남,37세,중상,,,,
2020102300100066,2020년 10월 23일 06시,금요일,경상남도 창원시 마산합포구 월남동1가,중상사고,0,1,0,0,차대차 - 측면충돌,신호위반,건조,맑음,교차로 - 교차로부근,승용,남,52세,상해없음,승용,남,62세,중상
2020102300100099,2020년 10월 23일 07시,금요일,경상남도 합천군 합천읍,경상사고,0,0,1,0,차대사람 - 기타,안전운전불이행,건조,맑음,단일로 - 기타,승용,여,62세,상해없음,보행자,여,45세,경상
2020102300100100,2020년 10월 23일 07시,금요일,경상남도 창원시 성산구 성주동,경상사고,0,0,1,0,차대차 - 측면충돌,교차로운행방법위반,건조,맑음,교차로 - 교차로안,건설기계,남,63세,상해없음,승용,여,50세,경상
2020102300100101,2020년 10월 23일 07시,금요일,경상남도 창원시 의창구 반계동,경상사고,0,0,1,0,차대차 - 측면충돌,신호위반,건조,맑음,교차로 - 교차로부근,승용,남,48세,상해없음,자전거,남,26세,경상
2020102300100144,2020년 10월 23일 08시,금요일,경상남도 밀양시 삼문동,경상사고,0,0,1,0,차대사람 - 보도통행중,기타,건조,맑음,단일로 - 기타,자전거,여,66세,상해없음,보행자,남,20세,경상
2020102300100145,2020년 10월 23일 08시,금요일,경상남도 김해시 삼정동,부상신고사고,0,0,0,2,차대차 - 기타,직진우회전진행방해,건조,맑음,교차로 - 교차로안,기타불명,기타불명,미분류,기타불명,자전거,남,78세,부상신고
2020102300100146,2020년 10월 23일 08시,금요일,경상남도 창원시 의창구 명서동,중상사고,0,1,0,0,차대사람 - 기타,안전운전불이행,건조,맑음,단일로 - 기타,승용,남,28세,상해없음,보행자,남,78세,중상
2020102300100186,2020년 10월 23일 09시,금요일,경상남도 사천시 벌리동,중상사고,0,1,0,0,차대차 - 측면충돌,직진우회전진행방해,건조,맑음,교차로 - 교차로안,화물,남,51세,기타불명,이륜,남,53세,중상
2020102300100187,2020년 10월 23일 09시,금요일,경상남도 밀양시 내이동,경상사고,0,0,1,0,차대차 - 추돌,안전운전불이행,건조,맑음,교차로 - 교차로부근,화물,남,48세,상해없음,승용,여,41세,경상
2020102300100188,2020년 10월 23일 09시,금요일,경상남도 밀양시 내이동,경상사고,0,0,1,0,차대차 - 측면충돌,신호위반,건조,맑음,교차로 - 교차로안,화물,여,59세,상해없음,승용,여,42세,경상
2020102300100189,2020년 10월 23일 09시,금요일,경상남도 밀양시 하남읍,경상사고,0,0,2,0,차대차 - 측면충돌,교차로운행방법위반,건조,맑음,교차로 - 교차로안,이륜,여,68세,경상,승용,여,49세,경상
2020102300100190,2020년 10월 23일 09시,금요일,경상남도 거창군 거창읍,중상사고,0,1,0,0,차대차 - 측면충돌,안전운전불이행,건조,맑음,교차로 - 교차로안,승용,여,44세,상해없음,이륜,남,73세,중상
2020102300100191,2020년 10월 23일 09시,금요일,경상남도 양산시 물금읍,부상신고사고,0,0,0,2,차대차 - 측면충돌,안전운전불이행,건조,맑음,단일로 - 기타,승용,여,35세,상해없음,승용,남,24세,부상신고
2020102300100225,2020년 10월 23일 10시,금요일,경상남도 합천군 율곡면,중상사고,0,1,0,0,차대차 - 추돌,안전운전불이행,건조,맑음,교차로 - 교차로부근,화물,남,48세,상해없음,승용,남,46세,중상
2020102300100226,2020년 10월 23일 10시,금요일,경상남도 양산시 용당동,경상사고,0,0,1,0,차대차 - 측면충돌,안전운전불이행,건조,맑음,교차로 - 교차로부근,승용,남,63세,상해없음,화물,남,64세,경상
2020102300100227,2020년 10월 23일 10시,금요일,경상남도 거제시 상동동,경상사고,0,0,3,0,차대차 - 추돌,안전거리미확보,건조,맑음,교차로 - 교차로부근,승용,남,61세,상해없음,승용,여,50세,경상
2020102300100228,2020년 10월 23일 10시,금요일,경상남도 창원시 마산회원구 내서읍,중상사고,0,1,0,0,차대사람 - 기타,안전운전불이행,건조,맑음,단일로 - 기타,승합,남,55세,상해없음,보행자,여,23세,중상
2020102300100229,2020년 10월 23일 10시,금요일,경상남도 김해시 한림면,중상사고,0,2,1,0,차대차 - 측면충돌,안전운전불이행,건조,맑음,교차로 - 교차로안,승용,남,61세,경상,승용,여,62세,중상
2020102300100264,2020년 10월 23일 11시,금요일,경상남도 거창군 주상면,사망사고,1,0,3,0,차대차 - 측면충돌,기타,건조,맑음,교차로 - 교차로안,화물,남,57세,경상,화물,남,51세,경상
2020102300100265,2020년 10월 23일 11시,금요일,경상남도 함안군 칠서면,경상사고,0,0,1,0,차대차 - 측면충돌,안전운전불이행,건조,맑음,교차로 - 교차로부근,화물,남,51세,상해없음,승용,여,52세,경상
2020102300100299,2020년 10월 23일 12시,금요일,경상남도 밀양시 삼랑진읍,경상사고,0,0,1,0,차대차 - 기타,안전운전불이행,건조,맑음,교차로 - 교차로부근,화물,남,70세,상해없음,승용,남,64세,경상
2020102300100300,2020년 10월 23일 12시,금요일,경상남도 거제시 옥포동,경상사고,0,0,1,0,차대차 - 추돌,안전운전불이행,건조,맑음,교차로 - 교차로부근,이륜,남,64세,경상,승용,남,68세,상해없음
2020102300100301,2020년 10월 23일 12시,금요일,경상남도 함안군 칠서면,경상사고,0,0,1,0,차대차 - 측면충돌,신호위반,건조,맑음,교차로 - 교차로안,화물,남,64세,상해없음,승용,여,58세,경상
2020102300100328,2020년 10월 23일 13시,금요일,경상남도 진주시 하대동,중상사고,0,1,0,0,차대사람 - 기타,안전운전불이행,건조,맑음,단일로 - 기타,승용,남,24세,상해없음,보행자,남,8세,중상
2020102300100329,2020년 10월 23일 13시,금요일,경상남도 산청군 산청읍,부상신고사고,0,0,0,2,차대차 - 측면충돌,교차로운행방법위반,건조,맑음,교차로 - 교차로안,승용,여,60세,부상신고,승용,남,57세,상해없음
2020102300100330,2020년 10월 23일 13시,금요일,경상남도 창원시 마산회원구 합성동,중상사고,0,1,1,0,차대사람 - 차도통행중,안전운전불이행,건조,맑음,교차로 - 교차로안,승용,남,63세,상해없음,보행자,남,21세,중상
2020102300100331,2020년 10월 23일 13시,금요일,경상남도 김해시 한림면,부상신고사고,0,0,0,1,차대차 - 측면충돌,안전운전불이행,건조,맑음,단일로 - 기타,원동기,남,37세,부상신고,승용,남,31세,상해없음
2020102300100377,2020년 10월 23일 14시,금요일,경상남도 김해시 불암동,경상사고,0,0,1,0,차대차 - 기타,안전운전불이행,건조,맑음,단일로 - 기타,화물,남,62세,상해없음,자전거,남,72세,경상
2020102300100434,2020년 10월 23일 15시,금요일,경상남도 창원시 의창구 대원동,경상사고,0,0,1,0,차대사람 - 차도통행중,안전운전불이행,건조,맑음,단일로 - 기타,승용,남,54세,상해없음,보행자,여,59세,경상
2020102300100435,2020년 10월 23일 15시,금요일,경상남도 창원시 성산구 상남동,경상사고,0,0,2,0,차대차 - 추돌,안전운전불이행,건조,맑음,단일로 - 기타,승용,여,35세,상해없음,승용,여,26세,경상
2020102300100480,2020년 10월 23일 16시,금요일,경상남도 진주시 망경동,경상사고,0,0,1,0,차대사람 - 기타,안전운전불이행,건조,맑음,교차로 - 교차로안,승용,남,74세,상해없음,보행자,여,71세,경상
2020102300100481,2020년 10월 23일 16시,금요일,경상남도 통영시 봉평동,경상사고,0,0,1,0,차대차 - 정면충돌,교차로운행방법위반,건조,맑음,교차로 - 교차로안,이륜,남,52세,상해없음,승용,남,57세,상해없음
2020102300100482,2020년 10월 23일 16시,금요일,경상남도 사천시 용현면,부상신고사고,0,0,0,1,차대차 - 기타,직진우회전진행방해,건조,맑음,교차로 - 교차로안,승용,남,86세,상해없음,이륜,남,52세,부상신고
2020102300100483,2020년 10월 23일 16시,금요일,경상남도 거창군 거창읍,경상사고,0,0,1,0,차대차 - 추돌,안전운전불이행,건조,맑음,교차로 - 교차로안,승용,남,64세,상해없음,승용,여,55세,경상
2020102300100484,2020년 10월 23일 16시,금요일,경상남도 고성군 고성읍,부상신고사고,0,0,0,1,차대사람 - 차도통행중,안전운전불이행,건조,맑음,교차로 - 교차로안,화물,남,62세,상해없음,보행자,여,41세,부상신고
2020102300100485,2020년 10월 23일 16시,금요일,경상남도 남해군 고현면,경상사고,0,0,1,0,차량단독 - 전도전복 - 전도,안전운전불이행,건조,맑음,단일로 - 기타,건설기계,남,70세,경상,,,,
2020102300100486,2020년 10월 23일 16시,금요일,경상남도 창원시 성산구 안민동,부상신고사고,0,0,0,1,차대사람 - 횡단중,안전운전불이행,건조,맑음,교차로 - 교차로안,승용,여,44세,상해없음,보행자,남,72세,부상신고
2020102300100554,2020년 10월 23일 17시,금요일,경상남도 진주시 인사동,경상사고,0,0,1,0,차대차 - 기타,중앙선침범,건조,맑음,단일로 - 기타,승용,남,34세,상해없음,이륜,남,34세,경상
2020102300100555,2020년 10월 23일 17시,금요일,경상남도 김해시 삼정동,중상사고,0,1,0,0,차대차 - 측면충돌,안전운전불이행,건조,맑음,교차로 - 교차로안,승용,남,65세,상해없음,자전거,남,23세,중상
2020102300100556,2020년 10월 23일 17시,금요일,경상남도 창녕군 고암면,경상사고,0,0,2,0,차대차 - 후진중충돌,안전운전불이행,건조,맑음,단일로 - 기타,화물,남,60세,상해없음,승용,남,47세,경상
2020102300100557,2020년 10월 23일 17시,금요일,경상남도 고성군 고성읍,중상사고,0,1,0,0,차대차 - 측면충돌,교차로운행방법위반,건조,맑음,교차로 - 교차로안,화물,남,64세,상해없음,승용,남,51세,중상
2020102300100641,2020년 10월 23일 18시,금요일,경상남도 창원시 마산합포구 현동,부상신고사고,0,0,0,6,차대차 - 추돌,안전거리미확보,건조,맑음,단일로 - 터널,승용,여,45세,부상신고,승용,남,58세,부상신고
2020102300100642,2020년 10월 23일 18시,금요일,경상남도 진주시 문산읍,경상사고,0,0,1,0,차대차 - 추돌,안전운전불이행,건조,맑음,단일로 - 기타,승용,남,44세,상해없음,승용,남,66세,경상
2020102300100643,2020년 10월 23일 18시,금요일,경상남도 창원시 진해구 용원동,중상사고,0,1,2,0,차대차 - 측면충돌,신호위반,건조,맑음,교차로 - 교차로안,승용,여,65세,경상,승용,여,42세,중상
2020102300100644,2020년 10월 23일 18시,금요일,경상남도 창녕군 남지읍,경상사고,0,0,2,0,차대차 - 기타,안전운전불이행,건조,맑음,단일로 - 기타,화물,남,64세,경상,농기계,여,65세,경상
2020102300100645,2020년 10월 23일 18시,금요일,경상남도 김해시 풍유동,경상사고,0,0,1,0,차대차 - 측면충돌,안전운전불이행,건조,맑음,교차로 - 교차로부근,특수,남,65세,상해없음,승용,남,26세,경상
2020102300100710,2020년 10월 23일 19시,금요일,경상남도 양산시 동면,경상사고,0,0,1,0,차대차 - 측면충돌,안전운전불이행,건조,맑음,교차로 - 교차로안,이륜,남,53세,경상,승용,남,59세,상해없음
2020102300100711,2020년 10월 23일 19시,금요일,경상남도 거제시 옥포동,경상사고,0,0,2,0,차대차 - 측면충돌,안전운전불이행,건조,맑음,교차로 - 교차로부근,승용,남,35세,기타불명,승용,남,39세,경상
2020102300100712,2020년 10월 23일 19시,금요일,경상남도 창원시 성산구 성주동,경상사고,0,0,1,0,차대차 - 측면충돌,신호위반,건조,맑음,교차로 - 교차로안,이륜,남,27세,상해없음,승용,남,50세,경상
2020102300100753,2020년 10월 23일 20시,금요일,경상남도 양산시 평산동,경상사고,0,0,1,0,차대차 - 측면충돌,안전운전불이행,건조,맑음,단일로 - 기타,승합,남,57세,상해없음,이륜,남,20세,경상
2020102300100791,2020년 10월 23일 21시,금요일,경상남도 통영시 광도면,중상사고,0,1,0,0,차대사람 - 횡단중,보행자보호의무위반,건조,맑음,단일로 - 기타,승용,남,44세,상해없음,보행자,남,13세,중상
2020102300100792,2020년 10월 23일 21시,금요일,경상남도 사천시 정동면,경상사고,0,0,1,0,차대차 - 기타,안전운전불이행,건조,맑음,단일로 - 기타,승용,남,29세,경상,건설기계,남,36세,기타불명
2020102300100793,2020년 10월 23일 21시,금요일,경상남도 양산시 명곡동,중상사고,0,1,1,0,차량단독 - 공작물충돌,안전운전불이행,건조,맑음,교차로 - 교차로안,승용,여,52세,경상,,,,
2020102300100794,2020년 10월 23일 21시,금요일,경상남도 양산시 명곡동,중상사고,0,2,0,0,차량단독 - 공작물충돌,안전운전불이행,건조,맑음,교차로 - 교차로안,승용,여,52세,중상,,,,
2020102300100818,2020년 10월 23일 22시,금요일,경상남도 사천시 사천읍,중상사고,0,1,0,0,차대사람 - 횡단중,안전운전불이행,건조,맑음,단일로 - 기타,승용,여,41세,상해없음,보행자,남,70세,중상
2020102400100020,2020년 10월 24일 00시,토요일,경상남도 사천시 사천읍,부상신고사고,0,0,0,1,차대차 - 기타,교차로운행방법위반,건조,맑음,교차로 - 교차로안,이륜,남,62세,부상신고,승용,남,48세,상해없음
2020102400100034,2020년 10월 24일 01시,토요일,경상남도 김해시 신문동,중상사고,0,2,0,0,차대차 - 측면충돌,신호위반,건조,맑음,교차로 - 교차로안,승용,남,25세,상해없음,승용,남,51세,중상
2020102400100057,2020년 10월 24일 03시,토요일,경상남도 함안군 가야읍,중상사고,0,1,0,0,차대차 - 추돌,안전운전불이행,건조,맑음,교차로 - 교차로안,승합,남,38세,상해없음,승용,남,43세,중상
2020102400100092,2020년 10월 24일 06시,토요일,경상남도 창원시 진해구 석동,경상사고,0,0,2,0,차대차 - 기타,안전운전불이행,건조,맑음,교차로 - 교차로부근,화물,남,51세,상해없음,승용,남,62세,경상
2020102400100110,2020년 10월 24일 07시,토요일,경상남도 창원시 성산구 내동,중상사고,0,1,0,0,차대차 - 측면충돌,안전운전불이행,건조,맑음,교차로 - 교차로횡단보도내,승용,여,60세,상해없음,자전거,남,28세,중상
2020102400100126,2020년 10월 24일 08시,토요일,경상남도 양산시 원동면,중상사고,0,1,0,0,차대차 - 기타,안전운전불이행,건조,맑음,단일로 - 기타,승용,남,68세,상해없음,자전거,남,42세,중상
2020102400100154,2020년 10월 24일 09시,토요일,경상남도 창원시 진해구 장천동,경상사고,0,0,2,0,차대차 - 측면충돌,안전운전불이행,건조,맑음,단일로 - 기타,건설기계,남,52세,경상,승용,남,59세,경상
2020102400100155,2020년 10월 24일 09시,토요일,경상남도 창원시 마산회원구 양덕동,경상사고,0,0,2,0,차대차 - 추돌,안전운전불이행,건조,맑음,단일로 - 기타,승용,남,26세,상해없음,화물,남,48세,경상
2020102400100183,2020년 10월 24일 10시,토요일,경상남도 김해시 외동,중상사고,0,1,0,0,차대차 - 측면충돌,중앙선침범,건조,맑음,단일로 - 기타,개인형이동수단(PM),남,38세,중상,승용,남,72세,상해없음
2020102400100184,2020년 10월 24일 10시,토요일,경상남도 합천군 대병면,중상사고,0,1,0,0,차대차 - 측면충돌,직진우회전진행방해,건조,맑음,교차로 - 교차로안,승용,남,39세,상해없음,승용,남,61세,상해없음
2020102400100271,2020년 10월 24일 12시,토요일,경상남도 창원시 진해구 용원동,경상사고,0,0,3,0,차대차 - 측면충돌,신호위반,건조,맑음,교차로 - 교차로안,승용,남,64세,상해없음,승용,남,38세,경상
2020102400100272,2020년 10월 24일 12시,토요일,경상남도 통영시 광도면,경상사고,0,0,1,0,차대차 - 기타,교차로운행방법위반,건조,맑음,교차로 - 교차로안,승용,남,23세,상해없음,승합,남,57세,상해없음
2020102400100314,2020년 10월 24일 13시,토요일,경상남도 창원시 마산회원구 합성동,중상사고,0,1,0,0,차대차 - 추돌,안전운전불이행,건조,맑음,교차로 - 교차로부근,승용,남,59세,상해없음,화물,남,56세,중상
2020102400100315,2020년 10월 24일 13시,토요일,경상남도 김해시 진영읍,중상사고,0,1,0,0,차대사람 - 차도통행중,안전운전불이행,건조,맑음,교차로 - 교차로부근,승용,여,64세,상해없음,보행자,여,84세,중상
2020102400100371,2020년 10월 24일 14시,토요일,경상남도 창원시 진해구 자은동,경상사고,0,0,1,0,차대차 - 측면충돌,안전운전불이행,건조,맑음,교차로 - 교차로부근,승용,남,38세,상해없음,승용,여,38세,경상
2020102400100372,2020년 10월 24일 14시,토요일,경상남도 양산시 하북면,경상사고,0,0,1,0,차대사람 - 기타,안전운전불이행,건조,맑음,단일로 - 기타,기타불명,기타불명,미분류,기타불명,보행자,남,57세,경상
2020102400100373,2020년 10월 24일 14시,토요일,경상남도 양산시 신기동,경상사고,0,0,1,0,차대차 - 측면충돌,신호위반,건조,맑음,교차로 - 교차로안,승용,남,43세,상해없음,승용,남,54세,경상
2020102400100426,2020년 10월 24일 15시,토요일,경상남도 함양군 안의면,중상사고,0,1,0,0,차대차 - 기타,안전운전불이행,건조,맑음,단일로 - 지하차도(도로)내,화물,남,67세,상해없음,승합,남,61세,중상
2020102400100427,2020년 10월 24일 15시,토요일,경상남도 김해시 대청동,경상사고,0,0,1,0,차대차 - 추돌,안전운전불이행,건조,맑음,단일로 - 기타,승용,남,24세,상해없음,화물,남,41세,경상
2020102400100462,2020년 10월 24일 16시,토요일,경상남도 김해시 내동,중상사고,0,1,0,0,차대차 - 기타,교차로운행방법위반,건조,맑음,교차로 - 교차로안,승용,남,46세,상해없음,이륜,남,78세,중상