사고번호,사고일시,요일,시군구,사고내용,사망자수,중상자수,경상자수,부상신고자수,사고유형,법규위반,노면상태,기상상태,도로형태,가해운전자 차종,가해운전자 성별,가해운전자 연령,가해운전자 상해정도,피해운전자 차종,피해운전자 성별,피해운전자 연령,피해운전자 상해정도
2020102400100463,2020년 10월 24일 16시,토요일,경상남도 함양군 함양읍,중상사고,0,1,0,0,차대차 - 측면충돌,안전운전불이행,건조,맑음,단일로 - 지하차도(도로)내,승용,남,38세,상해없음,이륜,남,28세,중상
2020102400100464,2020년 10월 24일 16시,토요일,경상남도 양산시 원동면,중상사고,0,1,0,0,차대차 - 측면충돌,기타,건조,맑음,단일로 - 기타,자전거,남,60세,중상,자전거,남,31세,상해없음
2020102400100465,2020년 10월 24일 16시,토요일,경상남도 산청군 산청읍,사망사고,1,0,2,1,차대차 - 기타,안전운전불이행,건조,맑음,단일로 - 기타,농기계,남,89세,부상신고,승용,남,73세,경상
2020102400100499,2020년 10월 24일 17시,토요일,경상남도 양산시 물금읍,경상사고,0,0,5,0,차대차 - 측면충돌,신호위반,건조,맑음,교차로 - 교차로안,승용,남,56세,상해없음,승용,남,56세,경상
2020102400100500,2020년 10월 24일 17시,토요일,경상남도 거제시 연초면,경상사고,0,0,2,0,차대차 - 기타,안전운전불이행,건조,맑음,단일로 - 기타,승용,남,59세,상해없음,승용,여,48세,경상
2020102400100538,2020년 10월 24일 18시,토요일,경상남도 거제시 고현동,중상사고,0,1,0,0,차대차 - 기타,안전운전불이행,건조,맑음,교차로 - 교차로안,승용,남,38세,상해없음,자전거,남,47세,중상
2020102400100539,2020년 10월 24일 18시,토요일,경상남도 거제시 거제면,중상사고,0,1,0,0,차대사람 - 횡단중,안전운전불이행,건조,맑음,단일로 - 기타,승용,남,68세,상해없음,보행자,남,73세,중상
2020102400100579,2020년 10월 24일 19시,토요일,경상남도 사천시 동금동,경상사고,0,0,1,0,차대사람 - 기타,안전운전불이행,건조,맑음,교차로 - 교차로안,승용,여,63세,상해없음,보행자,여,82세,경상
2020102400100580,2020년 10월 24일 19시,토요일,경상남도 사천시 사천읍,경상사고,0,0,1,0,차대차 - 측면충돌,안전운전불이행,건조,맑음,단일로 - 기타,원동기,여,28세,경상,승용,여,48세,상해없음
2020102400100581,2020년 10월 24일 19시,토요일,경상남도 밀양시 삼문동,중상사고,0,1,0,0,차대차 - 측면충돌,안전운전불이행,건조,흐림,교차로 - 교차로안,화물,남,46세,상해없음,원동기,남,56세,중상
2020102400100582,2020년 10월 24일 19시,토요일,경상남도 김해시 대동면,사망사고,1,0,0,0,차대사람 - 횡단중,보행자보호의무위반,건조,맑음,단일로 - 기타,승합,남,28세,상해없음,보행자,여,68세,사망
2020102400100583,2020년 10월 24일 19시,토요일,경상남도 김해시 구산동,경상사고,0,0,1,0,차대차 - 측면충돌,신호위반,건조,맑음,교차로 - 교차로안,이륜,남,22세,상해없음,승용,남,51세,경상
2020102400100616,2020년 10월 24일 20시,토요일,경상남도 김해시 삼계동,중상사고,0,1,1,0,차대차 - 측면충돌,신호위반,건조,맑음,교차로 - 교차로안,원동기,남,19세,중상,승용,여,47세,경상
2020102400100661,2020년 10월 24일 22시,토요일,경상남도 함양군 수동면,중상사고,0,1,0,0,차량단독 - 공작물충돌,안전운전불이행,건조,맑음,단일로 - 지하차도(도로)내,승용,여,18세,상해없음,,,,
2020102400100682,2020년 10월 24일 23시,토요일,경상남도 함안군 대산면,경상사고,0,0,1,0,차량단독 - 공작물충돌,안전운전불이행,건조,맑음,교차로 - 교차로부근,승용,여,67세,경상,,,,
2020102500100091,2020년 10월 25일 07시,일요일,경상남도 양산시 소주동,중상사고,0,1,0,0,차대사람 - 횡단중,안전운전불이행,건조,맑음,단일로 - 기타,승합,남,39세,상해없음,보행자,남,82세,중상
2020102500100125,2020년 10월 25일 09시,일요일,경상남도 창원시 의창구 명서동,경상사고,0,0,1,0,차대차 - 측면충돌,교차로운행방법위반,건조,맑음,교차로 - 교차로안,승용,남,36세,상해없음,승용,여,65세,경상
2020102500100151,2020년 10월 25일 10시,일요일,경상남도 밀양시 내일동,중상사고,0,1,0,0,차대사람 - 기타,기타,건조,맑음,단일로 - 기타,승합,남,57세,상해없음,보행자,여,70세,중상
2020102500100169,2020년 10월 25일 11시,일요일,경상남도 김해시 동상동,중상사고,0,1,0,0,차대사람 - 횡단중,보행자보호의무위반,건조,맑음,교차로 - 교차로안,이륜,남,23세,상해없음,보행자,남,29세,중상
2020102500100170,2020년 10월 25일 11시,일요일,경상남도 양산시 삼호동,경상사고,0,0,1,0,차대사람 - 횡단중,안전운전불이행,건조,맑음,교차로 - 교차로안,승용,기타불명,미분류,기타불명,보행자,남,10세,경상
2020102500100201,2020년 10월 25일 12시,일요일,경상남도 창원시 마산합포구 월영동,경상사고,0,0,1,0,차대차 - 추돌,안전거리미확보,건조,맑음,단일로 - 기타,승용,여,38세,상해없음,승용,남,64세,경상
2020102500100202,2020년 10월 25일 12시,일요일,경상남도 통영시 서호동,경상사고,0,0,1,0,차대차 - 기타,중앙선침범,건조,맑음,교차로 - 교차로안,승용,남,69세,상해없음,이륜,남,32세,경상
2020102500100203,2020년 10월 25일 12시,일요일,경상남도 김해시 전하동,중상사고,0,1,0,0,차대차 - 측면충돌,교차로운행방법위반,건조,맑음,교차로 - 교차로안,승용,남,64세,상해없음,이륜,남,55세,중상
2020102500100204,2020년 10월 25일 12시,일요일,경상남도 김해시 삼계동,경상사고,0,0,2,0,차대차 - 정면충돌,신호위반,건조,맑음,교차로 - 교차로안,이륜,남,41세,경상,승용,남,23세,경상
2020102500100205,2020년 10월 25일 12시,일요일,경상남도 양산시 물금읍,경상사고,0,0,1,0,차대차 - 기타,신호위반,건조,맑음,교차로 - 교차로안,이륜,남,19세,상해없음,자전거,여,11세,경상
2020102500100206,2020년 10월 25일 12시,일요일,경상남도 함안군 가야읍,경상사고,0,0,1,0,차대차 - 측면충돌,안전운전불이행,건조,맑음,교차로 - 교차로안,화물,남,74세,상해없음,이륜,남,29세,경상
2020102500100246,2020년 10월 25일 13시,일요일,경상남도 김해시 진영읍,경상사고,0,0,1,0,차대차 - 측면충돌,기타,건조,맑음,단일로 - 기타,승용,남,41세,상해없음,자전거,여,8세,경상
2020102500100306,2020년 10월 25일 15시,일요일,경상남도 김해시 부원동,경상사고,0,0,3,0,차대차 - 추돌,안전운전불이행,건조,맑음,단일로 - 기타,승용,여,38세,경상,승용,여,45세,경상
2020102500100307,2020년 10월 25일 15시,일요일,경상남도 거제시 장평동,경상사고,0,0,2,0,차대차 - 측면충돌,안전운전불이행,건조,맑음,단일로 - 기타,승용,남,42세,경상,승용,여,55세,경상
2020102500100308,2020년 10월 25일 15시,일요일,경상남도 창원시 성산구 상남동,경상사고,0,0,1,0,차대차 - 후진중충돌,안전운전불이행,건조,맑음,단일로 - 기타,승용,여,49세,상해없음,승용,남,37세,경상
2020102500100385,2020년 10월 25일 17시,일요일,경상남도 진주시 유곡동,경상사고,0,0,1,0,차대차 - 측면충돌,안전운전불이행,건조,맑음,단일로 - 기타,이륜,남,77세,경상,화물,남,66세,상해없음
2020102500100386,2020년 10월 25일 17시,일요일,경상남도 산청군 생초면,경상사고,0,0,1,1,차대차 - 추돌,안전거리미확보,건조,맑음,교차로 - 교차로부근,화물,남,32세,부상신고,승용,남,39세,경상
2020102500100441,2020년 10월 25일 18시,일요일,경상남도 통영시 북신동,경상사고,0,0,1,0,차대차 - 측면충돌,안전거리미확보,건조,맑음,기타 - 기타,승용,남,62세,상해없음,승용,여,37세,경상
2020102500100442,2020년 10월 25일 18시,일요일,경상남도 사천시 용현면,중상사고,0,2,4,0,차대차 - 기타,신호위반,건조,맑음,교차로 - 교차로안,화물,남,62세,상해없음,승용,남,47세,중상
2020102500100443,2020년 10월 25일 18시,일요일,경상남도 사천시 용현면,경상사고,0,0,1,0,차대차 - 추돌,안전운전불이행,건조,맑음,단일로 - 기타,승용,남,39세,상해없음,승용,여,50세,경상
2020102500100444,2020년 10월 25일 18시,일요일,경상남도 김해시 외동,중상사고,0,1,0,0,차대차 - 측면충돌,직진우회전진행방해,건조,맑음,교차로 - 교차로안,승용,여,60세,상해없음,이륜,남,27세,중상
2020102500100496,2020년 10월 25일 19시,일요일,경상남도 창원시 진해구 석동,경상사고,0,0,1,0,차대사람 - 횡단중,안전운전불이행,건조,맑음,단일로 - 기타,승용,남,38세,상해없음,보행자,남,57세,경상
2020102500100518,2020년 10월 25일 20시,일요일,경상남도 김해시 내동,중상사고,0,1,1,0,차대차 - 측면충돌,직진우회전진행방해,건조,맑음,교차로 - 교차로안,이륜,남,24세,경상,이륜,남,25세,중상
2020102500100519,2020년 10월 25일 20시,일요일,경상남도 창녕군 고암면,중상사고,0,1,0,0,차대사람 - 기타,안전운전불이행,건조,맑음,기타 - 기타,승용,여,31세,상해없음,보행자,남,59세,중상
2020102500100520,2020년 10월 25일 20시,일요일,경상남도 양산시 북부동,경상사고,0,0,1,0,차대차 - 측면충돌,신호위반,건조,맑음,교차로 - 교차로안,승용,남,25세,상해없음,승용,여,31세,경상
2020102500100551,2020년 10월 25일 21시,일요일,경상남도 거제시 아주동,경상사고,0,0,2,0,차대차 - 측면충돌,교차로운행방법위반,건조,맑음,교차로 - 교차로안,승용,남,22세,상해없음,승용,남,42세,경상
2020102500100565,2020년 10월 25일 22시,일요일,경상남도 양산시 북정동,중상사고,0,1,0,0,차대사람 - 차도통행중,안전운전불이행,건조,맑음,교차로 - 교차로안,승용,남,40세,상해없음,보행자,남,60세,중상
2020102600100010,2020년 10월 26일 01시,월요일,경상남도 하동군 옥종면,중상사고,0,1,0,0,차대사람 - 기타,안전운전불이행,건조,맑음,교차로 - 교차로안,승합,남,28세,상해없음,보행자,남,64세,중상
2020102600100079,2020년 10월 26일 07시,월요일,경상남도 거창군 거창읍,중상사고,0,1,0,0,차대차 - 측면충돌,안전운전불이행,건조,맑음,교차로 - 교차로부근,화물,남,56세,상해없음,승용,남,29세,중상
2020102600100080,2020년 10월 26일 07시,월요일,경상남도 양산시 삼호동,중상사고,0,2,1,0,차대차 - 추돌,안전운전불이행,건조,맑음,기타 - 기타,승용,남,63세,상해없음,화물,남,65세,경상
2020102600100081,2020년 10월 26일 07시,월요일,경상남도 양산시 북정동,경상사고,0,0,1,0,차대사람 - 기타,안전운전불이행,건조,맑음,단일로 - 기타,승용,남,53세,상해없음,보행자,여,20세,경상
2020102600100124,2020년 10월 26일 08시,월요일,경상남도 창원시 진해구 태백동,중상사고,0,1,2,0,차대차 - 추돌,안전운전불이행,건조,맑음,단일로 - 기타,승용,남,25세,상해없음,승용,남,46세,상해없음
2020102600100125,2020년 10월 26일 08시,월요일,경상남도 밀양시 내이동,경상사고,0,0,1,0,차대차 - 측면충돌,신호위반,건조,맑음,교차로 - 교차로안,승용,여,25세,상해없음,승용,남,50세,경상
2020102600100126,2020년 10월 26일 08시,월요일,경상남도 거창군 거창읍,중상사고,0,1,0,0,차량단독 - 주/정차차량 충돌,안전운전불이행,건조,맑음,단일로 - 기타,원동기,남,79세,중상,,,,
2020102600100127,2020년 10월 26일 08시,월요일,경상남도 양산시 남부동,중상사고,0,1,0,0,차대사람 - 기타,기타,건조,맑음,단일로 - 기타,승용,남,69세,상해없음,보행자,남,13세,중상
2020102600100128,2020년 10월 26일 08시,월요일,경상남도 양산시 북부동,중상사고,0,1,0,0,차대차 - 기타,안전운전불이행,건조,맑음,단일로 - 기타,승용,남,68세,상해없음,자전거,남,16세,중상
2020102600100129,2020년 10월 26일 08시,월요일,경상남도 김해시 명법동,중상사고,0,1,2,0,차대차 - 측면충돌,차로위반,건조,맑음,교차로 - 교차로부근,건설기계,남,52세,상해없음,승용,여,48세,중상
2020102600100179,2020년 10월 26일 09시,월요일,경상남도 거창군 거창읍,중상사고,0,1,0,0,차대차 - 측면충돌,안전운전불이행,건조,맑음,교차로 - 교차로안,승용,남,91세,상해없음,화물,남,69세,중상
2020102600100180,2020년 10월 26일 09시,월요일,경상남도 고성군 동해면,경상사고,0,0,1,0,차대차 - 측면충돌,안전운전불이행,건조,맑음,단일로 - 기타,승합,남,55세,상해없음,원동기,남,84세,경상
2020102600100181,2020년 10월 26일 09시,월요일,경상남도 창원시 의창구 명서동,경상사고,0,0,1,0,차대차 - 정면충돌,신호위반,건조,맑음,교차로 - 교차로안,승용,여,49세,상해없음,승용,남,51세,경상
2020102600100224,2020년 10월 26일 10시,월요일,경상남도 밀양시 상남면,중상사고,0,1,0,0,차대차 - 측면충돌,안전운전불이행,건조,맑음,단일로 - 기타,화물,남,75세,상해없음,화물,남,42세,중상
2020102600100267,2020년 10월 26일 11시,월요일,경상남도 함안군 법수면,경상사고,0,0,1,0,차대차 - 기타,중앙선침범,건조,맑음,단일로 - 기타,승용,남,84세,상해없음,화물,남,39세,경상
2020102600100268,2020년 10월 26일 11시,월요일,경상남도 의령군 지정면,경상사고,0,0,2,0,차대차 - 측면충돌,교차로운행방법위반,건조,맑음,교차로 - 교차로부근,승용,남,75세,상해없음,승용,남,62세,경상
2020102600100305,2020년 10월 26일 12시,월요일,경상남도 밀양시 내일동,중상사고,0,1,0,0,차대사람 - 횡단중,안전운전불이행,건조,맑음,단일로 - 기타,승용,여,49세,상해없음,보행자,여,73세,중상
2020102600100336,2020년 10월 26일 13시,월요일,경상남도 밀양시 하남읍,중상사고,0,1,0,0,차대차 - 측면충돌,안전운전불이행,건조,맑음,교차로 - 교차로안,농기계,남,74세,상해없음,자전거,여,87세,중상
2020102600100337,2020년 10월 26일 13시,월요일,경상남도 밀양시 용평동,경상사고,0,0,1,0,차대차 - 측면충돌,안전운전불이행,건조,맑음,교차로 - 교차로안,농기계,남,52세,상해없음,승용,남,50세,경상
2020102600100338,2020년 10월 26일 13시,월요일,경상남도 창녕군 이방면,중상사고,0,1,0,0,차대사람 - 횡단중,중앙선침범,건조,맑음,교차로 - 교차로부근,승용,남,47세,상해없음,보행자,여,65세,중상
2020102600100339,2020년 10월 26일 13시,월요일,경상남도 거제시 사등면,중상사고,0,1,0,0,차대사람 - 기타,기타,건조,맑음,기타 - 기타,승용,남,55세,상해없음,보행자,여,77세,중상
2020102600100340,2020년 10월 26일 13시,월요일,경상남도 남해군 남해읍,경상사고,0,0,1,0,차대차 - 측면충돌,안전운전불이행,건조,맑음,단일로 - 기타,승용,여,43세,상해없음,원동기,여,54세,경상
2020102600100413,2020년 10월 26일 15시,월요일,경상남도 합천군 용주면,중상사고,0,1,0,0,차대차 - 측면충돌,안전운전불이행,건조,맑음,단일로 - 기타,농기계,남,72세,중상,화물,남,55세,상해없음
2020102600100414,2020년 10월 26일 15시,월요일,경상남도 창녕군 유어면,경상사고,0,0,3,0,차대차 - 측면충돌,안전운전불이행,건조,맑음,교차로 - 교차로안,승용,여,59세,경상,승용,남,43세,경상
2020102600100461,2020년 10월 26일 16시,월요일,경상남도 진주시 신안동,중상사고,0,1,0,0,차대사람 - 횡단중,안전운전불이행,건조,맑음,단일로 - 기타,승용,여,65세,상해없음,보행자,남,63세,중상
2020102600100462,2020년 10월 26일 16시,월요일,경상남도 김해시 삼정동,경상사고,0,0,1,0,차대사람 - 기타,안전운전불이행,건조,맑음,단일로 - 기타,승용,남,61세,상해없음,보행자,여,30세,경상
2020102600100504,2020년 10월 26일 17시,월요일,경상남도 창원시 진해구 안골동,중상사고,0,1,4,0,차대차 - 정면충돌,중앙선침범,건조,맑음,교차로 - 교차로부근,승용,남,70세,상해없음,승용,남,36세,경상
2020102600100505,2020년 10월 26일 17시,월요일,경상남도 통영시 도남동,경상사고,0,0,1,0,차대차 - 정면충돌,직진우회전진행방해,건조,맑음,교차로 - 교차로안,승용,남,57세,상해없음,승용,남,66세,경상
2020102600100506,2020년 10월 26일 17시,월요일,경상남도 창녕군 창녕읍,경상사고,0,0,1,0,차대사람 - 기타,안전운전불이행,건조,맑음,단일로 - 기타,승용,남,18세,상해없음,보행자,여,84세,경상
2020102600100507,2020년 10월 26일 17시,월요일,경상남도 거제시 옥포동,부상신고사고,0,0,0,1,차대차 - 정면충돌,안전운전불이행,건조,맑음,단일로 - 기타,기타불명,기타불명,미분류,기타불명,자전거,남,10세,부상신고
2020102600100571,2020년 10월 26일 18시,월요일,경상남도 창원시 마산합포구 완월동,중상사고,0,1,1,0,차대사람 - 횡단중,신호위반,건조,맑음,교차로 - 교차로횡단보도내,승용,남,59세,상해없음,보행자,여,17세,중상
2020102600100572,2020년 10월 26일 18시,월요일,경상남도 진주시 하대동,경상사고,0,0,1,0,차대차 - 측면충돌,안전운전불이행,건조,맑음,교차로 - 교차로안,승용,남,51세,상해없음,이륜,남,60세,경상
2020102600100573,2020년 10월 26일 18시,월요일,경상남도 진주시 남성동,경상사고,0,0,1,0,차대차 - 측면충돌,안전운전불이행,건조,맑음,교차로 - 교차로안,승용,여,42세,상해없음,자전거,남,10세,경상
2020102600100574,2020년 10월 26일 18시,월요일,경상남도 창녕군 창녕읍,경상사고,0,0,1,0,차대차 - 측면충돌,안전운전불이행,건조,맑음,단일로 - 기타,승용,여,55세,상해없음,승용,여,59세,경상
2020102600100614,2020년 10월 26일 19시,월요일,경상남도 창원시 진해구 이동,경상사고,0,0,3,0,차대차 - 추돌,안전운전불이행,건조,맑음,단일로 - 기타,승용,여,51세,상해없음,승용,남,57세,경상
2020102600100615,2020년 10월 26일 19시,월요일,경상남도 양산시 중부동,중상사고,0,1,0,0,차대사람 - 기타,안전운전불이행,건조,맑음,단일로 - 기타,승용,여,46세,기타불명,보행자,남,49세,중상
2020102600100648,2020년 10월 26일 20시,월요일,경상남도 합천군 초계면,경상사고,0,0,1,0,차량단독 - 전도전복 - 전도,안전운전불이행,건조,맑음,단일로 - 기타,원동기,남,65세,경상,,,,
2020102600100667,2020년 10월 26일 21시,월요일,경상남도 밀양시 가곡동,중상사고,0,1,0,0,차대사람 - 횡단중,안전운전불이행,건조,흐림,단일로 - 기타,승용,남,64세,상해없음,보행자,여,62세,중상
2020102600100668,2020년 10월 26일 21시,월요일,경상남도 의령군 의령읍,중상사고,0,1,0,0,차대차 - 추돌,안전운전불이행,건조,맑음,교차로 - 교차로부근,이륜,남,21세,중상,승용,여,29세,상해없음
2020102600100676,2020년 10월 26일 22시,월요일,경상남도 창원시 진해구 용원동,경상사고,0,0,1,0,차대차 - 측면충돌,신호위반,건조,맑음,단일로 - 기타,승용,남,44세,상해없음,자전거,남,32세,경상
2020102600100700,2020년 10월 26일 23시,월요일,경상남도 통영시 북신동,부상신고사고,0,0,0,1,차대차 - 정면충돌,안전운전불이행,건조,맑음,교차로 - 교차로안,승용,남,47세,상해없음,이륜,남,20세,부상신고
2020102600100701,2020년 10월 26일 23시,월요일,경상남도 김해시 삼문동,중상사고,0,1,0,0,차대차 - 추돌,안전운전불이행,건조,맑음,교차로 - 교차로부근,승용,남,42세,상해없음,승용,남,30세,중상
2020102700100024,2020년 10월 27일 02시,화요일,경상남도 의령군 의령읍,경상사고,0,0,1,1,차대차 - 측면충돌,직진우회전진행방해,건조,맑음,교차로 - 교차로안,승용,남,68세,부상신고,화물,남,60세,경상
2020102700100063,2020년 10월 27일 06시,화요일,경상남도 양산시 삼호동,경상사고,0,0,1,0,차대차 - 기타,교차로운행방법위반,건조,맑음,교차로 - 교차로안,승용,남,52세,상해없음,화물,남,40세,경상
2020102700100117,2020년 10월 27일 08시,화요일,경상남도 김해시 어방동,경상사고,0,0,1,0,차대사람 - 기타,중앙선침범,건조,맑음,단일로 - 기타,승용,여,45세,상해없음,보행자,남,53세,경상
2020102700100118,2020년 10월 27일 08시,화요일,경상남도 합천군 대병면,중상사고,0,1,0,0,차량단독 - 공작물충돌,안전운전불이행,건조,맑음,단일로 - 기타,화물,남,56세,중상,,,,
2020102700100153,2020년 10월 27일 09시,화요일,경상남도 거제시 연초면,경상사고,0,0,2,0,차대차 - 측면충돌,중앙선침범,건조,맑음,단일로 - 기타,승용,남,20세,상해없음,승합,여,44세,경상
2020102700100194,2020년 10월 27일 10시,화요일,경상남도 진주시 주약동,경상사고,0,0,1,0,차대사람 - 보도통행중,기타,건조,맑음,단일로 - 기타,승용,남,61세,상해없음,보행자,여,64세,경상
2020102700100195,2020년 10월 27일 10시,화요일,경상남도 고성군 고성읍,중상사고,0,1,0,0,차대차 - 측면충돌,신호위반,건조,맑음,교차로 - 교차로안,승용,남,68세,상해없음,승용,남,70세,중상
2020102700100234,2020년 10월 27일 11시,화요일,경상남도 김해시 부원동,경상사고,0,0,1,0,차대차 - 추돌,안전운전불이행,건조,맑음,교차로 - 교차로부근,이륜,남,29세,경상,화물,남,61세,상해없음
2020102700100260,2020년 10월 27일 12시,화요일,경상남도 창원시 진해구 풍호동,중상사고,0,1,0,0,차대사람 - 차도통행중,안전운전불이행,건조,맑음,교차로 - 교차로부근,화물,남,63세,상해없음,보행자,남,68세,중상
2020102700100261,2020년 10월 27일 12시,화요일,경상남도 사천시 용현면,중상사고,0,1,0,0,차량단독 - 기타,안전운전불이행,건조,맑음,교차로 - 교차로부근,승합,남,69세,상해없음,,,,
2020102700100305,2020년 10월 27일 13시,화요일,경상남도 거제시 고현동,경상사고,0,0,1,0,차대차 - 기타,신호위반,건조,맑음,교차로 - 교차로안,승용,여,32세,상해없음,승용,여,37세,경상
2020102700100339,2020년 10월 27일 14시,화요일,경상남도 김해시 구산동,중상사고,0,1,1,0,차대차 - 추돌,신호위반,건조,맑음,교차로 - 교차로안,승용,여,36세,중상,승합,여,51세,경상
2020102700100340,2020년 10월 27일 14시,화요일,경상남도 하동군 금성면,경상사고,0,0,3,0,차대차 - 측면충돌,안전운전불이행,건조,맑음,교차로 - 교차로부근,승용,남,76세,상해없음,승용,여,51세,경상
2020102700100373,2020년 10월 27일 15시,화요일,경상남도 거창군 거창읍,중상사고,0,1,0,0,차대사람 - 횡단중,보행자보호의무위반,건조,맑음,교차로 - 교차로부근,승용,여,82세,상해없음,보행자,여,64세,중상
2020102700100374,2020년 10월 27일 15시,화요일,경상남도 양산시 어곡동,경상사고,0,0,2,0,차대차 - 추돌,안전운전불이행,건조,맑음,단일로 - 기타,화물,남,39세,상해없음,승용,남,77세,경상
2020102700100375,2020년 10월 27일 15시,화요일,경상남도 창원시 성산구 중앙동,경상사고,0,0,1,0,차대사람 - 횡단중,보행자보호의무위반,건조,맑음,교차로 - 교차로안,승용,남,61세,상해없음,보행자,여,14세,경상
2020102700100419,2020년 10월 27일 16시,화요일,경상남도 양산시 중부동,경상사고,0,0,2,0,차대차 - 측면충돌,안전거리미확보,건조,맑음,단일로 - 기타,승용,여,53세,상해없음,승합,남,51세,경상
2020102700100420,2020년 10월 27일 16시,화요일,경상남도 양산시 동면,경상사고,0,0,1,0,차대사람 - 횡단중,안전운전불이행,건조,맑음,교차로 - 교차로안,승용,여,27세,상해없음,보행자,여,34세,경상
2020102700100421,2020년 10월 27일 16시,화요일,경상남도 양산시 중부동,경상사고,0,0,1,0,차대차 - 추돌,안전운전불이행,건조,맑음,단일로 - 기타,승용,남,52세,상해없음,승용,남,32세,상해없음
2020102700100422,2020년 10월 27일 16시,화요일,경상남도 양산시 물금읍,경상사고,0,0,1,0,차대차 - 추돌,안전운전불이행,건조,맑음,단일로 - 기타,승용,남,27세,상해없음,승용,남,31세,경상
2020102700100423,2020년 10월 27일 16시,화요일,경상남도 의령군 대의면,중상사고,0,1,0,0,차대차 - 추돌,안전운전불이행,건조,맑음,교차로 - 교차로부근,화물,남,68세,상해없음,승용,여,48세,중상
2020102700100462,2020년 10월 27일 17시,화요일,경상남도 창녕군 남지읍,경상사고,0,0,1,0,차대차 - 기타,안전운전불이행,건조,맑음,교차로 - 교차로부근,농기계,남,83세,경상,승용,여,69세,상해없음
2020102700100463,2020년 10월 27일 17시,화요일,경상남도 양산시 삼호동,경상사고,0,0,1,0,차대차 - 측면충돌,안전운전불이행,건조,맑음,교차로 - 교차로안,원동기,남,41세,상해없음,화물,남,54세,경상
2020102700100464,2020년 10월 27일 17시,화요일,경상남도 양산시 산막동,경상사고,0,0,1,0,차대차 - 측면충돌,안전거리미확보,건조,맑음,단일로 - 기타,승용,여,56세,상해없음,화물,남,32세,경상
2020102700100465,2020년 10월 27일 17시,화요일,경상남도 거제시 아주동,중상사고,0,1,0,0,차대차 - 측면충돌,안전운전불이행,건조,맑음,주차장 - 주차장,승용,여,41세,상해없음,자전거,남,9세,중상
2020102700100513,2020년 10월 27일 18시,화요일,경상남도 창원시 마산합포구 덕동동,경상사고,0,0,2,0,차대차 - 측면충돌,안전운전불이행,건조,맑음,교차로 - 교차로안,화물,남,63세,상해없음,승용,남,26세,경상
2020102700100514,2020년 10월 27일 18시,화요일,경상남도 진주시 정촌면,중상사고,0,1,0,0,차대차 - 추돌,안전거리미확보,건조,맑음,단일로 - 기타,화물,남,69세,상해없음,승용,여,46세,중상
2020102700100515,2020년 10월 27일 18시,화요일,경상남도 사천시 벌리동,중상사고,0,1,0,0,차대차 - 측면충돌,안전운전불이행,건조,맑음,단일로 - 기타,승용,남,29세,상해없음,자전거,남,52세,중상
2020102700100516,2020년 10월 27일 18시,화요일,경상남도 거창군 거창읍,중상사고,0,1,0,0,차대차 - 측면충돌,신호위반,건조,맑음,교차로 - 교차로안,승합,여,72세,상해없음,이륜,남,55세,중상
2020102700100517,2020년 10월 27일 18시,화요일,경상남도 창원시 의창구 봉곡동,경상사고,0,0,2,0,차대차 - 측면충돌,신호위반,건조,맑음,교차로 - 교차로부근,이륜,남,21세,경상,승용,남,51세,경상
2020102700100518,2020년 10월 27일 18시,화요일,경상남도 김해시 관동동,경상사고,0,0,2,0,차대차 - 측면충돌,안전운전불이행,건조,맑음,교차로 - 교차로안,승용,여,53세,경상,승용,여,32세,경상
2020102700100569,2020년 10월 27일 19시,화요일,경상남도 창원시 진해구 이동,경상사고,0,0,1,0,차대차 - 추돌,안전운전불이행,건조,맑음,교차로 - 교차로부근,승용,남,57세,상해없음,승용,남,28세,경상
2020102700100612,2020년 10월 27일 20시,화요일,경상남도 양산시 북정동,경상사고,0,0,1,0,차대차 - 측면충돌,직진우회전진행방해,건조,맑음,교차로 - 교차로안,승용,남,52세,상해없음,이륜,남,48세,경상
2020102700100637,2020년 10월 27일 21시,화요일,경상남도 창원시 마산합포구 가포동,경상사고,0,0,1,0,차대차 - 추돌,안전운전불이행,건조,맑음,교차로 - 교차로부근,승용,남,28세,상해없음,승용,여,39세,경상
2020102700100638,2020년 10월 27일 21시,화요일,경상남도 창원시 진해구 용원동,중상사고,0,1,0,0,차대사람 - 차도통행중,안전운전불이행,건조,맑음,단일로 - 기타,승용,남,21세,상해없음,보행자,남,62세,중상
2020102700100639,2020년 10월 27일 21시,화요일,경상남도 거제시 하청면,중상사고,0,1,0,0,차대사람 - 기타,안전운전불이행,건조,맑음,단일로 - 기타,승용,남,67세,상해없음,보행자,남,63세,중상
2020102700100665,2020년 10월 27일 22시,화요일,경상남도 진주시 금산면,중상사고,0,1,0,0,차대사람 - 횡단중,안전운전불이행,건조,맑음,단일로 - 기타,승용,남,36세,상해없음,보행자,여,21세,중상
2020102700100666,2020년 10월 27일 22시,화요일,경상남도 김해시 주촌면,중상사고,0,1,0,0,차대차 - 정면충돌,중앙선침범,건조,맑음,교차로 - 교차로부근,화물,남,48세,상해없음,이륜,남,26세,중상