사고번호,사고일시,요일,시군구,사고내용,사망자수,중상자수,경상자수,부상신고자수,사고유형,법규위반,노면상태,기상상태,도로형태,가해운전자 차종,가해운전자 성별,가해운전자 연령,가해운전자 상해정도,피해운전자 차종,피해운전자 성별,피해운전자 연령,피해운전자 상해정도
2020102800100045,2020년 10월 28일 04시,수요일,경상남도 창원시 의창구 봉곡동,경상사고,0,0,1,0,차대사람 - 기타,안전운전불이행,건조,맑음,단일로 - 기타,승용,남,71세,상해없음,보행자,여,47세,경상
2020102800100046,2020년 10월 28일 04시,수요일,경상남도 김해시 화목동,경상사고,0,0,1,0,차량단독 - 공작물충돌,안전운전불이행,건조,맑음,교차로 - 교차로부근,승용,남,37세,경상,,,,
2020102800100073,2020년 10월 28일 06시,수요일,경상남도 함안군 칠서면,경상사고,0,0,1,0,차대차 - 측면충돌,안전운전불이행,건조,맑음,교차로 - 교차로부근,화물,남,62세,상해없음,승용,남,71세,경상
2020102800100118,2020년 10월 28일 08시,수요일,경상남도 사천시 사남면,경상사고,0,0,1,0,차대차 - 측면충돌,안전운전불이행,건조,맑음,교차로 - 교차로안,승용,여,38세,상해없음,승용,남,36세,경상
2020102800100119,2020년 10월 28일 08시,수요일,경상남도 거창군 거창읍,경상사고,0,0,1,0,차대차 - 추돌,안전운전불이행,건조,맑음,교차로 - 교차로안,승용,남,65세,상해없음,원동기,여,57세,경상
2020102800100120,2020년 10월 28일 08시,수요일,경상남도 합천군 율곡면,중상사고,0,1,1,0,차대차 - 측면충돌,중앙선침범,건조,맑음,교차로 - 교차로안,승용,여,55세,경상,화물,남,61세,중상
2020102800100121,2020년 10월 28일 08시,수요일,경상남도 고성군 하일면,경상사고,0,0,2,3,차대차 - 측면충돌,교차로운행방법위반,건조,맑음,교차로 - 교차로안,승합,남,62세,상해없음,화물,남,57세,경상
2020102800100122,2020년 10월 28일 08시,수요일,경상남도 함안군 가야읍,경상사고,0,0,1,0,차대차 - 측면충돌,안전운전불이행,건조,맑음,단일로 - 기타,승용,남,36세,상해없음,승용,여,33세,경상
2020102800100123,2020년 10월 28일 08시,수요일,경상남도 창원시 의창구 동읍,중상사고,0,2,2,0,차대차 - 추돌,안전운전불이행,건조,맑음,단일로 - 기타,화물,남,31세,상해없음,승용,남,51세,중상
2020102800100240,2020년 10월 28일 11시,수요일,경상남도 통영시 무전동,중상사고,0,1,0,0,차량단독 - 전도전복 - 전도,안전운전불이행,건조,맑음,단일로 - 기타,자전거,여,70세,중상,,,,
2020102800100241,2020년 10월 28일 11시,수요일,경상남도 양산시 북정동,경상사고,0,0,1,0,차대차 - 측면충돌,교차로운행방법위반,건조,맑음,교차로 - 교차로부근,건설기계,남,64세,상해없음,화물,남,52세,경상
2020102800100242,2020년 10월 28일 11시,수요일,경상남도 창원시 의창구 봉곡동,중상사고,0,2,0,0,차대차 - 추돌,과속,건조,맑음,단일로 - 기타,승용,남,74세,중상,승용,여,41세,중상
2020102800100275,2020년 10월 28일 12시,수요일,경상남도 창원시 진해구 속천동,경상사고,0,0,4,0,차대차 - 기타,교차로운행방법위반,건조,맑음,교차로 - 교차로부근,승용,남,73세,경상,승용,여,62세,경상
2020102800100276,2020년 10월 28일 12시,수요일,경상남도 김해시 외동,중상사고,0,1,0,0,차대차 - 기타,안전운전불이행,건조,맑음,단일로 - 기타,원동기,여,30세,중상,승용,여,29세,상해없음
2020102800100277,2020년 10월 28일 12시,수요일,경상남도 산청군 단성면,경상사고,0,0,1,0,차량단독 - 기타,안전운전불이행,건조,맑음,단일로 - 기타,승용,남,46세,상해없음,,,,
2020102800100316,2020년 10월 28일 13시,수요일,경상남도 김해시 동상동,중상사고,0,1,0,0,차대차 - 기타,안전운전불이행,건조,맑음,교차로 - 교차로안,승용,여,60세,상해없음,원동기,남,36세,중상
2020102800100351,2020년 10월 28일 14시,수요일,경상남도 김해시 신문동,중상사고,0,2,0,0,차대차 - 측면충돌,안전운전불이행,건조,맑음,교차로 - 교차로안,승용,남,26세,중상,승용,남,59세,중상
2020102800100385,2020년 10월 28일 15시,수요일,경상남도 통영시 용남면,부상신고사고,0,0,0,1,차량단독 - 공작물충돌,안전운전불이행,건조,맑음,단일로 - 기타,화물,남,59세,부상신고,,,,
2020102800100433,2020년 10월 28일 16시,수요일,경상남도 김해시 지내동,중상사고,0,1,0,0,차대차 - 기타,안전운전불이행,건조,맑음,단일로 - 기타,화물,남,25세,상해없음,원동기,남,21세,중상
2020102800100471,2020년 10월 28일 17시,수요일,경상남도 밀양시 삼문동,경상사고,0,0,2,0,차대차 - 측면충돌,신호위반,건조,맑음,교차로 - 교차로안,승용,남,72세,상해없음,승용,여,28세,경상
2020102800100472,2020년 10월 28일 17시,수요일,경상남도 의령군 의령읍,경상사고,0,0,1,0,차대차 - 측면충돌,안전운전불이행,건조,맑음,단일로 - 기타,승용,여,22세,상해없음,승용,남,52세,경상
2020102800100537,2020년 10월 28일 18시,수요일,경상남도 창원시 마산합포구 신월동,경상사고,0,0,2,0,차대차 - 기타,안전운전불이행,건조,맑음,단일로 - 기타,화물,남,49세,경상,승용,남,46세,경상
2020102800100538,2020년 10월 28일 18시,수요일,경상남도 사천시 사천읍,경상사고,0,0,1,0,차대차 - 측면충돌,안전운전불이행,건조,맑음,단일로 - 기타,자전거,남,13세,경상,승용,여,45세,상해없음
2020102800100539,2020년 10월 28일 18시,수요일,경상남도 양산시 북부동,중상사고,0,1,0,1,차대사람 - 횡단중,보행자보호의무위반,건조,맑음,단일로 - 기타,승용,여,41세,상해없음,보행자,남,17세,중상
2020102800100540,2020년 10월 28일 18시,수요일,경상남도 양산시 물금읍,중상사고,0,1,0,0,차대사람 - 횡단중,안전운전불이행,건조,맑음,단일로 - 기타,승용,여,59세,상해없음,보행자,여,96세,중상
2020102800100541,2020년 10월 28일 18시,수요일,경상남도 양산시 상북면,중상사고,0,1,0,0,차대차 - 추돌,안전운전불이행,건조,맑음,단일로 - 기타,화물,남,50세,상해없음,승용,여,51세,중상
2020102800100542,2020년 10월 28일 18시,수요일,경상남도 창원시 성산구 상남동,경상사고,0,0,1,0,차대차 - 측면충돌,신호위반,건조,맑음,교차로 - 교차로안,승용,여,21세,상해없음,이륜,남,26세,경상
2020102800100585,2020년 10월 28일 19시,수요일,경상남도 김해시 관동동,중상사고,0,1,0,0,차대차 - 추돌,중앙선침범,건조,맑음,단일로 - 기타,승용,남,57세,상해없음,승용,남,42세,중상
2020102800100616,2020년 10월 28일 20시,수요일,경상남도 창원시 의창구 팔용동,경상사고,0,0,1,0,차대차 - 측면충돌,신호위반,건조,맑음,교차로 - 교차로안,승용,남,25세,상해없음,원동기,남,38세,경상
2020102800100647,2020년 10월 28일 21시,수요일,경상남도 김해시 무계동,경상사고,0,0,1,0,차대차 - 측면충돌,안전운전불이행,건조,맑음,교차로 - 교차로안,승용,남,54세,상해없음,승용,남,63세,경상
2020102800100666,2020년 10월 28일 22시,수요일,경상남도 거제시 연초면,중상사고,0,1,0,0,차대사람 - 기타,보행자보호의무위반,건조,맑음,교차로 - 교차로횡단보도내,승용,여,55세,상해없음,보행자,남,37세,중상
2020102800100667,2020년 10월 28일 22시,수요일,경상남도 김해시 무계동,경상사고,0,0,1,0,차대차 - 측면충돌,안전운전불이행,건조,맑음,교차로 - 교차로안,승용,남,53세,상해없음,승합,남,40세,경상
2020102900100019,2020년 10월 29일 01시,목요일,경상남도 창원시 마산합포구 월포동,경상사고,0,0,1,0,차량단독 - 공작물충돌,안전운전불이행,건조,맑음,교차로 - 교차로부근,승용,남,28세,경상,,,,
2020102900100039,2020년 10월 29일 03시,목요일,경상남도 창원시 성산구 상남동,경상사고,0,0,1,0,차대사람 - 기타,안전운전불이행,건조,맑음,단일로 - 기타,승용,남,52세,상해없음,보행자,여,39세,경상
2020102900100043,2020년 10월 29일 04시,목요일,경상남도 김해시 주촌면,경상사고,0,0,1,0,차량단독 - 공작물충돌,안전운전불이행,건조,맑음,단일로 - 기타,이륜,남,17세,경상,,,,
2020102900100097,2020년 10월 29일 07시,목요일,경상남도 진주시 평거동,중상사고,0,1,0,0,차대사람 - 횡단중,안전운전불이행,건조,맑음,교차로 - 교차로안,승용,남,60세,상해없음,보행자,여,64세,중상
2020102900100098,2020년 10월 29일 07시,목요일,경상남도 창원시 진해구 경화동,중상사고,0,1,0,0,차대차 - 측면충돌,안전운전불이행,건조,맑음,교차로 - 교차로부근,승용,남,74세,상해없음,승용,남,48세,중상
2020102900100099,2020년 10월 29일 07시,목요일,경상남도 거제시 연초면,경상사고,0,0,1,0,차대차 - 기타,기타,건조,맑음,단일로 - 기타,화물,남,54세,상해없음,승용,남,41세,경상
2020102900100100,2020년 10월 29일 07시,목요일,경상남도 창원시 의창구 북면,경상사고,0,0,1,0,차대차 - 추돌,안전거리미확보,건조,맑음,단일로 - 기타,승용,여,59세,상해없음,승용,남,57세,경상
2020102900100130,2020년 10월 29일 08시,목요일,경상남도 창녕군 대합면,중상사고,0,1,0,0,차대차 - 측면충돌,신호위반,건조,맑음,교차로 - 교차로안,이륜,남,40세,중상,화물,남,73세,상해없음
2020102900100131,2020년 10월 29일 08시,목요일,경상남도 창원시 마산회원구 봉암동,경상사고,0,0,2,0,차대차 - 측면충돌,안전운전불이행,건조,맑음,단일로 - 기타,승용,남,60세,상해없음,특수,남,54세,경상
2020102900100171,2020년 10월 29일 09시,목요일,경상남도 사천시 동금동,중상사고,0,1,0,0,차대차 - 측면충돌,과속,건조,맑음,교차로 - 교차로안,승용,남,56세,상해없음,승용,남,78세,중상
2020102900100172,2020년 10월 29일 09시,목요일,경상남도 사천시 사남면,사망사고,1,0,0,0,차량단독 - 기타,안전운전불이행,건조,맑음,교차로 - 교차로안,승용,남,81세,사망,,,,
2020102900100173,2020년 10월 29일 09시,목요일,경상남도 밀양시 가곡동,경상사고,0,0,1,0,차대차 - 측면충돌,신호위반,건조,맑음,교차로 - 교차로안,승합,여,47세,상해없음,화물,남,60세,경상
2020102900100174,2020년 10월 29일 09시,목요일,경상남도 김해시 삼계동,경상사고,0,0,1,0,차대차 - 측면충돌,교차로운행방법위반,건조,맑음,교차로 - 교차로안,승용,남,23세,상해없음,승용,남,72세,상해없음
2020102900100210,2020년 10월 29일 10시,목요일,경상남도 김해시 내동,경상사고,0,0,1,0,차대차 - 측면충돌,안전운전불이행,건조,맑음,단일로 - 기타,승용,남,49세,상해없음,특수,남,33세,경상
2020102900100211,2020년 10월 29일 10시,목요일,경상남도 고성군 영오면,중상사고,0,1,1,0,차대차 - 측면충돌,교차로운행방법위반,건조,맑음,교차로 - 교차로부근,승용,남,70세,경상,농기계,남,84세,상해없음
2020102900100212,2020년 10월 29일 10시,목요일,경상남도 함안군 칠원읍,경상사고,0,0,1,0,차대차 - 추돌,안전운전불이행,건조,맑음,교차로 - 교차로부근,건설기계,남,42세,상해없음,화물,남,39세,경상
2020102900100251,2020년 10월 29일 11시,목요일,경상남도 진주시 초전동,경상사고,0,0,1,0,차대사람 - 횡단중,안전운전불이행,건조,맑음,단일로 - 기타,승용,남,54세,상해없음,보행자,여,4세,경상
2020102900100252,2020년 10월 29일 11시,목요일,경상남도 창녕군 남지읍,부상신고사고,0,0,0,1,차대차 - 기타,안전운전불이행,건조,맑음,단일로 - 기타,승용,남,68세,상해없음,자전거,여,80세,부상신고
2020102900100284,2020년 10월 29일 12시,목요일,경상남도 양산시 평산동,경상사고,0,0,1,0,차대차 - 측면충돌,교차로운행방법위반,건조,맑음,교차로 - 교차로안,승용,남,27세,상해없음,승용,여,45세,경상
2020102900100358,2020년 10월 29일 14시,목요일,경상남도 밀양시 삼문동,경상사고,0,0,1,0,차대차 - 추돌,안전운전불이행,건조,맑음,단일로 - 기타,승용,남,56세,상해없음,승용,여,55세,경상
2020102900100359,2020년 10월 29일 14시,목요일,경상남도 김해시 어방동,경상사고,0,0,2,0,차대차 - 추돌,안전운전불이행,건조,맑음,단일로 - 기타,화물,남,46세,상해없음,승합,여,40세,경상
2020102900100360,2020년 10월 29일 14시,목요일,경상남도 창녕군 창녕읍,경상사고,0,0,1,0,차대사람 - 기타,안전운전불이행,건조,맑음,단일로 - 기타,승용,여,61세,상해없음,보행자,여,53세,경상
2020102900100395,2020년 10월 29일 15시,목요일,경상남도 사천시 향촌동,경상사고,0,0,2,0,차대차 - 정면충돌,안전운전불이행,건조,맑음,교차로 - 교차로안,승용,남,58세,상해없음,승용,남,47세,경상
2020102900100498,2020년 10월 29일 17시,목요일,경상남도 통영시 북신동,경상사고,0,0,1,0,차대차 - 측면충돌,안전운전불이행,건조,맑음,교차로 - 교차로안,화물,남,64세,기타불명,자전거,남,58세,경상
2020102900100499,2020년 10월 29일 17시,목요일,경상남도 통영시 광도면,경상사고,0,0,1,0,차대차 - 측면충돌,안전운전불이행,건조,맑음,단일로 - 기타,이륜,남,31세,경상,승용,남,56세,상해없음
2020102900100500,2020년 10월 29일 17시,목요일,경상남도 김해시 어방동,경상사고,0,0,3,0,차대차 - 측면충돌,신호위반,건조,맑음,단일로 - 기타,승용,남,60세,상해없음,승용,남,32세,경상
2020102900100501,2020년 10월 29일 17시,목요일,경상남도 양산시 소주동,경상사고,0,0,1,0,차대차 - 측면충돌,안전운전불이행,건조,맑음,교차로 - 교차로부근,승용,남,75세,상해없음,자전거,남,85세,경상
2020102900100502,2020년 10월 29일 17시,목요일,경상남도 양산시 중부동,중상사고,0,1,0,0,차대차 - 측면충돌,신호위반,건조,맑음,교차로 - 교차로안,승용,여,62세,기타불명,승용,남,42세,중상
2020102900100562,2020년 10월 29일 18시,목요일,경상남도 창원시 진해구 중앙동,경상사고,0,0,1,0,차대사람 - 보도통행중,기타,건조,맑음,기타 - 기타,자전거,남,68세,상해없음,보행자,여,15세,경상
2020102900100563,2020년 10월 29일 18시,목요일,경상남도 밀양시 삼문동,중상사고,0,1,0,0,차대차 - 측면충돌,중앙선침범,건조,맑음,단일로 - 기타,승용,여,51세,상해없음,이륜,남,54세,중상
2020102900100565,2020년 10월 29일 18시,목요일,경상남도 의령군 용덕면,중상사고,0,1,0,0,차대차 - 추돌,교차로운행방법위반,건조,맑음,교차로 - 교차로부근,농기계,남,65세,상해없음,이륜,남,63세,중상
2020102900100566,2020년 10월 29일 18시,목요일,경상남도 창원시 마산합포구 산호동,경상사고,0,0,2,0,차대차 - 측면충돌,안전운전불이행,건조,맑음,단일로 - 기타,승용,남,63세,상해없음,승용,남,25세,경상
2020102900100567,2020년 10월 29일 18시,목요일,경상남도 김해시 관동동,경상사고,0,0,1,0,차대차 - 측면충돌,직진우회전진행방해,건조,맑음,교차로 - 교차로안,승용,여,44세,상해없음,승합,남,49세,경상
2020102900100611,2020년 10월 29일 19시,목요일,경상남도 김해시 진영읍,중상사고,0,1,0,0,차대사람 - 횡단중,안전운전불이행,건조,맑음,단일로 - 기타,승용,남,31세,상해없음,보행자,남,68세,중상
2020102900100612,2020년 10월 29일 19시,목요일,경상남도 김해시 진영읍,중상사고,0,1,0,0,차대차 - 측면충돌,직진우회전진행방해,건조,맑음,교차로 - 교차로안,승합,남,64세,상해없음,이륜,남,36세,중상
2020102900100642,2020년 10월 29일 20시,목요일,경상남도 사천시 사남면,경상사고,0,0,2,0,차대차 - 추돌,안전운전불이행,건조,맑음,단일로 - 기타,승용,남,40세,경상,농기계,남,44세,경상
2020102900100643,2020년 10월 29일 20시,목요일,경상남도 거창군 주상면,중상사고,0,1,0,0,차량단독 - 공작물충돌,안전운전불이행,건조,맑음,단일로 - 기타,화물,남,59세,상해없음,,,,
2020102900100644,2020년 10월 29일 20시,목요일,경상남도 합천군 합천읍,경상사고,0,0,2,0,차대차 - 측면충돌,기타,건조,맑음,교차로 - 교차로안,승용,남,28세,경상,승용,남,48세,경상
2020102900100645,2020년 10월 29일 20시,목요일,경상남도 양산시 명동,경상사고,0,0,1,0,차대차 - 측면충돌,신호위반,건조,맑음,교차로 - 교차로안,승용,남,64세,상해없음,승용,남,23세,경상
2020103000100031,2020년 10월 30일 02시,금요일,경상남도 진주시 정촌면,경상사고,0,0,1,0,차대차 - 기타,안전운전불이행,건조,맑음,단일로 - 기타,승용,남,36세,상해없음,이륜,남,28세,경상
2020103000100032,2020년 10월 30일 02시,금요일,경상남도 창원시 성산구 상남동,부상신고사고,0,0,0,1,차대사람 - 횡단중,안전운전불이행,건조,맑음,교차로 - 교차로안,승용,여,23세,상해없음,보행자,남,34세,부상신고
2020103000100069,2020년 10월 30일 06시,금요일,경상남도 고성군 상리면,경상사고,0,0,1,0,차대차 - 기타,안전운전불이행,건조,맑음,단일로 - 기타,승용,남,29세,상해없음,화물,남,79세,경상
2020103000100070,2020년 10월 30일 06시,금요일,경상남도 거제시 연초면,중상사고,0,1,0,0,차대차 - 기타,기타,건조,맑음,교차로 - 교차로부근,승용,여,65세,상해없음,이륜,남,42세,중상
2020103000100098,2020년 10월 30일 07시,금요일,경상남도 창원시 마산회원구 양덕동,중상사고,0,1,0,0,차대차 - 기타,안전운전불이행,건조,맑음,단일로 - 기타,승용,남,45세,상해없음,자전거,남,42세,중상
2020103000100133,2020년 10월 30일 08시,금요일,경상남도 창원시 마산합포구 덕동동,경상사고,0,0,2,0,차대차 - 측면충돌,신호위반,건조,맑음,교차로 - 교차로안,화물,여,57세,경상,화물,남,48세,경상
2020103000100134,2020년 10월 30일 08시,금요일,경상남도 창원시 진해구 이동,경상사고,0,0,2,0,차대차 - 측면충돌,안전거리미확보,건조,맑음,교차로 - 교차로안,승용,여,51세,상해없음,승용,남,37세,경상
2020103000100135,2020년 10월 30일 08시,금요일,경상남도 창녕군 부곡면,경상사고,0,0,3,0,차대차 - 측면충돌,안전운전불이행,건조,맑음,기타 - 기타,화물,남,78세,경상,승용,여,45세,경상
2020103000100182,2020년 10월 30일 09시,금요일,경상남도 양산시 유산동,경상사고,0,0,1,0,차대차 - 추돌,안전운전불이행,건조,맑음,기타 - 기타,화물,남,60세,기타불명,화물,남,39세,경상
2020103000100214,2020년 10월 30일 10시,금요일,경상남도 진주시 장대동,중상사고,0,1,0,0,차대사람 - 기타,안전운전불이행,건조,맑음,기타 - 기타,이륜,남,63세,상해없음,보행자,여,86세,중상
2020103000100248,2020년 10월 30일 11시,금요일,경상남도 사천시 사천읍,경상사고,0,0,2,0,차대차 - 측면충돌,신호위반,건조,맑음,교차로 - 교차로안,특수,남,71세,경상,승용,여,44세,경상
2020103000100249,2020년 10월 30일 11시,금요일,경상남도 창원시 의창구 북면,중상사고,0,1,0,0,차대차 - 추돌,안전운전불이행,건조,맑음,기타 - 기타,승합,여,40세,상해없음,승용,남,71세,상해없음
2020103000100292,2020년 10월 30일 12시,금요일,경상남도 창원시 마산합포구 홍문동,경상사고,0,0,1,0,차대차 - 측면충돌,안전운전불이행,건조,맑음,교차로 - 교차로안,승용,여,45세,상해없음,이륜,남,34세,경상
2020103000100293,2020년 10월 30일 12시,금요일,경상남도 창원시 진해구 용원동,경상사고,0,0,1,0,차대차 - 기타,교차로운행방법위반,건조,맑음,교차로 - 교차로횡단보도내,승용,남,73세,상해없음,자전거,여,22세,경상
2020103000100333,2020년 10월 30일 13시,금요일,경상남도 창원시 진해구 용원동,경상사고,0,0,1,0,차대차 - 후진중충돌,안전운전불이행,건조,맑음,단일로 - 기타,화물,남,60세,상해없음,화물,남,39세,경상
2020103000100334,2020년 10월 30일 13시,금요일,경상남도 사천시 선구동,경상사고,0,0,1,0,차대차 - 추돌,안전운전불이행,건조,맑음,교차로 - 교차로부근,화물,남,65세,상해없음,자전거,남,73세,경상
2020103000100335,2020년 10월 30일 13시,금요일,경상남도 창녕군 창녕읍,경상사고,0,0,1,0,차대차 - 측면충돌,직진우회전진행방해,건조,맑음,교차로 - 교차로안,승용,남,81세,상해없음,승용,여,46세,경상
2020103000100336,2020년 10월 30일 13시,금요일,경상남도 양산시 덕계동,경상사고,0,0,1,0,차대차 - 측면충돌,직진우회전진행방해,건조,맑음,교차로 - 교차로안,이륜,남,75세,경상,승용,여,48세,상해없음
2020103000100382,2020년 10월 30일 14시,금요일,경상남도 양산시 남부동,중상사고,0,2,0,0,차대차 - 측면충돌,안전운전불이행,건조,맑음,기타 - 기타,건설기계,남,57세,상해없음,승용,여,58세,중상
2020103000100383,2020년 10월 30일 14시,금요일,경상남도 거제시 장평동,중상사고,0,1,0,0,차대차 - 측면충돌,안전운전불이행,건조,맑음,교차로 - 교차로안,승용,남,31세,상해없음,이륜,남,46세,중상
2020103000100384,2020년 10월 30일 14시,금요일,경상남도 김해시 한림면,경상사고,0,0,1,0,차대차 - 측면충돌,교차로운행방법위반,건조,맑음,교차로 - 교차로안,화물,남,43세,상해없음,승용,남,31세,경상
2020103000100420,2020년 10월 30일 15시,금요일,경상남도 사천시 선구동,경상사고,0,0,3,0,차대차 - 측면충돌,직진우회전진행방해,건조,맑음,교차로 - 교차로안,승용,남,29세,경상,승용,남,46세,경상
2020103000100421,2020년 10월 30일 15시,금요일,경상남도 함양군 함양읍,중상사고,0,1,0,0,차대차 - 측면충돌,교차로운행방법위반,건조,맑음,교차로 - 교차로안,승용,여,53세,상해없음,이륜,남,13세,중상
2020103000100422,2020년 10월 30일 15시,금요일,경상남도 양산시 동면,경상사고,0,0,1,0,차대차 - 측면충돌,직진우회전진행방해,건조,맑음,기타 - 기타,승용,여,70세,상해없음,승용,남,34세,경상
2020103000100423,2020년 10월 30일 15시,금요일,경상남도 거제시 옥포동,경상사고,0,0,1,0,차대사람 - 횡단중,신호위반,건조,맑음,교차로 - 교차로횡단보도내,승용,여,52세,상해없음,보행자,여,7세,경상
2020103000100467,2020년 10월 30일 16시,금요일,경상남도 진주시 금곡면,경상사고,0,0,1,0,차대차 - 측면충돌,안전운전불이행,건조,맑음,기타 - 기타,승용,남,25세,상해없음,이륜,여,70세,경상
2020103000100468,2020년 10월 30일 16시,금요일,경상남도 통영시 항남동,중상사고,0,1,2,0,차대사람 - 횡단중,보행자보호의무위반,건조,맑음,단일로 - 기타,이륜,남,18세,상해없음,보행자,남,74세,중상
2020103000100469,2020년 10월 30일 16시,금요일,경상남도 김해시 외동,중상사고,0,2,0,0,차대차 - 측면충돌,안전운전불이행,건조,맑음,교차로 - 교차로부근,개인형이동수단(PM),여,32세,중상,승용,여,52세,중상
2020103000100470,2020년 10월 30일 16시,금요일,경상남도 김해시 어방동,경상사고,0,0,1,0,차대사람 - 차도통행중,안전운전불이행,건조,맑음,교차로 - 교차로부근,승용,남,31세,상해없음,보행자,여,57세,경상
2020103000100471,2020년 10월 30일 16시,금요일,경상남도 양산시 물금읍,경상사고,0,0,1,0,차대차 - 기타,안전운전불이행,건조,맑음,기타 - 기타,승용,남,26세,상해없음,자전거,남,7세,경상
2020103000100521,2020년 10월 30일 17시,금요일,경상남도 거제시 고현동,중상사고,0,1,2,0,차대차 - 정면충돌,안전운전불이행,건조,맑음,단일로 - 기타,승용,여,52세,상해없음,승용,남,44세,중상
2020103000100595,2020년 10월 30일 18시,금요일,경상남도 진주시 금곡면,사망사고,1,0,0,0,차대차 - 추돌,안전운전불이행,건조,맑음,단일로 - 기타,이륜,남,90세,사망,승용,남,60세,기타불명
2020103000100597,2020년 10월 30일 18시,금요일,경상남도 사천시 사천읍,부상신고사고,0,0,0,1,차대사람 - 횡단중,안전운전불이행,건조,맑음,교차로 - 교차로부근,승용,남,57세,상해없음,보행자,남,63세,부상신고
2020103000100598,2020년 10월 30일 18시,금요일,경상남도 사천시 서포면,경상사고,0,0,4,0,차대차 - 추돌,안전운전불이행,건조,맑음,단일로 - 기타,승용,남,74세,경상,승용,여,49세,경상
2020103000100599,2020년 10월 30일 18시,금요일,경상남도 밀양시 하남읍,중상사고,0,1,0,0,차대차 - 추돌,안전운전불이행,건조,흐림,단일로 - 기타,화물,남,34세,상해없음,농기계,남,71세,중상
2020103000100600,2020년 10월 30일 18시,금요일,경상남도 김해시 내동,경상사고,0,0,1,0,차대차 - 정면충돌,신호위반,건조,맑음,교차로 - 교차로안,승용,여,44세,상해없음,승용,여,38세,경상
2020103000100601,2020년 10월 30일 18시,금요일,경상남도 하동군 화개면,중상사고,0,1,0,0,차대사람 - 길가장자리구역통행중,안전운전불이행,건조,맑음,단일로 - 기타,승용,남,26세,상해없음,보행자,남,64세,중상
2020103000100602,2020년 10월 30일 18시,금요일,경상남도 남해군 이동면,중상사고,0,1,0,0,차대사람 - 횡단중,보행자보호의무위반,건조,맑음,단일로 - 기타,승용,남,36세,상해없음,보행자,남,69세,중상
2020103000100652,2020년 10월 30일 19시,금요일,경상남도 창원시 진해구 경화동,경상사고,0,0,1,0,차대차 - 후진중충돌,안전운전불이행,건조,맑음,교차로 - 교차로안,화물,남,50세,상해없음,승용,여,32세,경상
2020103000100653,2020년 10월 30일 19시,금요일,경상남도 양산시 물금읍,중상사고,0,1,0,0,차대차 - 측면충돌,안전운전불이행,건조,맑음,기타 - 기타,승용,여,28세,상해없음,이륜,남,39세,중상
2020103000100654,2020년 10월 30일 19시,금요일,경상남도 창원시 성산구 남산동,사망사고,1,0,0,0,차대사람 - 차도통행중,과속,건조,맑음,단일로 - 기타,승용,남,40세,상해없음,보행자,남,61세,사망
2020103000100696,2020년 10월 30일 20시,금요일,경상남도 고성군 회화면,경상사고,0,0,1,0,차대차 - 후진중충돌,안전운전불이행,건조,맑음,단일로 - 기타,승용,남,48세,상해없음,승용,남,44세,경상
2020103000100697,2020년 10월 30일 20시,금요일,경상남도 함안군 군북면,경상사고,0,0,1,0,차대차 - 측면충돌,신호위반,건조,맑음,교차로 - 교차로안,승용,남,58세,상해없음,승용,남,25세,경상
2020103000100698,2020년 10월 30일 20시,금요일,경상남도 창원시 성산구 가음동,부상신고사고,0,0,0,1,차대사람 - 횡단중,안전운전불이행,건조,맑음,교차로 - 교차로부근,승용,남,44세,기타불명,보행자,남,51세,부상신고
2020103000100732,2020년 10월 30일 21시,금요일,경상남도 의령군 의령읍,경상사고,0,0,1,0,차대사람 - 길가장자리구역통행중,안전운전불이행,건조,맑음,단일로 - 기타,기타불명,기타불명,미분류,기타불명,보행자,여,23세,경상
2020103000100733,2020년 10월 30일 21시,금요일,경상남도 김해시 진영읍,경상사고,0,0,2,0,차대차 - 추돌,안전운전불이행,건조,맑음,교차로 - 교차로부근,화물,남,46세,상해없음,승용,여,51세,경상
2020103000100771,2020년 10월 30일 22시,금요일,경상남도 통영시 당동,경상사고,0,0,2,0,차대차 - 추돌,안전운전불이행,건조,맑음,교차로 - 교차로부근,승용,남,51세,상해없음,승용,남,53세,경상
2020103000100772,2020년 10월 30일 22시,금요일,경상남도 창원시 성산구 성산동,사망사고,1,0,0,0,차대사람 - 횡단중,안전운전불이행,건조,맑음,단일로 - 기타,승용,남,23세,상해없음,보행자,남,38세,사망
2020103000100802,2020년 10월 30일 23시,금요일,경상남도 김해시 동상동,경상사고,0,0,1,0,차대차 - 추돌,안전운전불이행,건조,맑음,단일로 - 기타,승용,남,33세,상해없음,승용,남,51세,상해없음
2020103100100030,2020년 10월 31일 01시,토요일,경상남도 창원시 의창구 명서동,중상사고,0,1,0,0,차량단독 - 전도전복 - 전도,안전운전불이행,건조,기타,기타 - 기타,이륜,남,30세,중상,,,,
2020103100100051,2020년 10월 31일 03시,토요일,경상남도 양산시 물금읍,중상사고,0,1,1,0,차대차 - 추돌,안전운전불이행,건조,맑음,기타 - 기타,승용,남,22세,상해없음,승용,남,39세,중상