사고번호,사고일시,요일,시군구,사고내용,사망자수,중상자수,경상자수,부상신고자수,사고유형,법규위반,노면상태,기상상태,도로형태,가해운전자 차종,가해운전자 성별,가해운전자 연령,가해운전자 상해정도,피해운전자 차종,피해운전자 성별,피해운전자 연령,피해운전자 상해정도
2020110300100316,2020년 11월 3일 13시,화요일,경상남도 김해시 진영읍,경상사고,0,0,1,0,차대차 - 측면충돌,안전운전불이행,건조,맑음,교차로 - 교차로안,승용,여,30세,상해없음,승용,여,73세,경상
2020110300100344,2020년 11월 3일 14시,화요일,경상남도 밀양시 하남읍,경상사고,0,0,2,0,차대차 - 측면충돌,교차로운행방법위반,건조,맑음,교차로 - 교차로안,승용,여,37세,경상,승용,남,41세,경상
2020110300100345,2020년 11월 3일 14시,화요일,경상남도 거창군 거창읍,중상사고,0,1,0,0,차대차 - 후진중충돌,안전운전불이행,건조,맑음,단일로 - 기타,화물,남,57세,상해없음,이륜,남,17세,중상
2020110300100346,2020년 11월 3일 14시,화요일,경상남도 양산시 명동,중상사고,0,1,1,0,차대차 - 추돌,안전거리미확보,건조,맑음,교차로 - 교차로부근,승용,남,59세,기타불명,승용,여,38세,경상
2020110300100387,2020년 11월 3일 15시,화요일,경상남도 통영시 명정동,경상사고,0,0,3,0,차대차 - 기타,안전거리미확보,건조,맑음,교차로 - 교차로안,승용,여,40세,상해없음,승용,남,45세,경상
2020110300100388,2020년 11월 3일 15시,화요일,경상남도 의령군 부림면,부상신고사고,0,0,0,1,차대사람 - 횡단중,보행자보호의무위반,건조,맑음,단일로 - 기타,기타불명,기타불명,미분류,기타불명,보행자,여,9세,부상신고
2020110300100389,2020년 11월 3일 15시,화요일,경상남도 김해시 진영읍,경상사고,0,0,1,0,차대사람 - 길가장자리구역통행중,안전운전불이행,건조,맑음,단일로 - 기타,승용,남,74세,상해없음,보행자,여,13세,경상
2020110300100432,2020년 11월 3일 16시,화요일,경상남도 진주시 이반성면,부상신고사고,0,0,0,1,차량단독 - 공작물충돌,안전운전불이행,건조,맑음,단일로 - 기타,승용,남,61세,부상신고,,,,
2020110300100433,2020년 11월 3일 16시,화요일,경상남도 김해시 진영읍,경상사고,0,0,1,0,차대차 - 추돌,안전운전불이행,건조,맑음,교차로 - 교차로안,건설기계,남,56세,상해없음,화물,남,63세,경상
2020110300100476,2020년 11월 3일 17시,화요일,경상남도 진주시 망경동,중상사고,0,1,0,0,차대사람 - 횡단중,안전운전불이행,건조,맑음,교차로 - 교차로부근,승용,여,58세,상해없음,보행자,여,29세,중상
2020110300100477,2020년 11월 3일 17시,화요일,경상남도 양산시 어곡동,경상사고,0,0,1,0,차대차 - 측면충돌,신호위반,건조,맑음,교차로 - 교차로안,화물,남,68세,상해없음,승용,남,40세,경상
2020110300100478,2020년 11월 3일 17시,화요일,경상남도 거제시 장평동,경상사고,0,0,1,0,차대사람 - 횡단중,안전운전불이행,건조,맑음,교차로 - 교차로부근,기타불명,기타불명,미분류,기타불명,보행자,여,23세,경상
2020110300100536,2020년 11월 3일 18시,화요일,경상남도 창원시 진해구 석동,경상사고,0,0,1,0,차량단독 - 전도전복 - 전도,안전거리미확보,건조,맑음,단일로 - 기타,원동기,남,19세,경상,,,,
2020110300100537,2020년 11월 3일 18시,화요일,경상남도 통영시 무전동,경상사고,0,0,1,0,차대차 - 정면충돌,중앙선침범,건조,맑음,단일로 - 기타,승용,여,51세,상해없음,이륜,남,21세,경상
2020110300100593,2020년 11월 3일 19시,화요일,경상남도 거창군 거창읍,중상사고,0,1,0,0,차대차 - 기타,안전운전불이행,건조,맑음,교차로 - 교차로안,화물,남,45세,상해없음,이륜,남,15세,중상
2020110300100594,2020년 11월 3일 19시,화요일,경상남도 창녕군 창녕읍,경상사고,0,0,2,1,차대차 - 측면충돌,신호위반,건조,맑음,교차로 - 교차로안,승용,여,51세,부상신고,승용,여,50세,경상
2020110300100673,2020년 11월 3일 22시,화요일,경상남도 통영시 광도면,경상사고,0,0,2,0,차대차 - 추돌,안전운전불이행,건조,맑음,단일로 - 기타,승용,남,38세,상해없음,승용,여,19세,경상
2020110400100053,2020년 11월 4일 06시,수요일,경상남도 김해시 내동,경상사고,0,0,1,0,차대차 - 측면충돌,교차로운행방법위반,건조,맑음,교차로 - 교차로부근,승용,남,65세,상해없음,승합,남,50세,경상
2020110400100069,2020년 11월 4일 07시,수요일,경상남도 통영시 도남동,중상사고,0,1,0,0,차대차 - 기타,직진우회전진행방해,건조,맑음,교차로 - 교차로안,승용,남,72세,상해없음,이륜,남,56세,중상
2020110400100070,2020년 11월 4일 07시,수요일,경상남도 창녕군 계성면,경상사고,0,0,1,0,차대차 - 추돌,안전운전불이행,건조,맑음,단일로 - 기타,승용,여,60세,상해없음,자전거,여,66세,경상
2020110400100071,2020년 11월 4일 07시,수요일,경상남도 양산시 물금읍,경상사고,0,0,1,0,차대차 - 기타,안전운전불이행,건조,맑음,교차로 - 교차로부근,승용,남,25세,상해없음,승용,남,35세,경상
2020110400100072,2020년 11월 4일 07시,수요일,경상남도 창원시 마산회원구 내서읍,중상사고,0,1,0,0,차대사람 - 횡단중,안전운전불이행,건조,맑음,단일로 - 기타,승용,여,52세,상해없음,보행자,여,74세,중상
2020110400100128,2020년 11월 4일 08시,수요일,경상남도 밀양시 무안면,경상사고,0,0,2,0,차대차 - 추돌,안전운전불이행,건조,맑음,단일로 - 기타,승용,남,28세,상해없음,승용,여,35세,경상
2020110400100129,2020년 11월 4일 08시,수요일,경상남도 창원시 성산구 가음동,경상사고,0,0,1,0,차대차 - 측면충돌,신호위반,건조,맑음,교차로 - 교차로안,승용,여,59세,상해없음,승용,남,35세,경상
2020110400100180,2020년 11월 4일 09시,수요일,경상남도 김해시 부원동,중상사고,0,1,0,0,차대사람 - 횡단중,안전운전불이행,건조,맑음,단일로 - 기타,화물,남,46세,상해없음,보행자,여,81세,중상
2020110400100222,2020년 11월 4일 10시,수요일,경상남도 창녕군 계성면,경상사고,0,0,2,0,차대차 - 기타,안전운전불이행,건조,맑음,단일로 - 기타,승용,남,63세,상해없음,승용,남,65세,경상
2020110400100223,2020년 11월 4일 10시,수요일,경상남도 거제시 수월동,경상사고,0,0,1,0,차대차 - 측면충돌,신호위반,건조,맑음,교차로 - 교차로안,승용,여,58세,상해없음,승용,남,65세,경상
2020110400100306,2020년 11월 4일 12시,수요일,경상남도 진주시 인사동,중상사고,0,1,0,0,차대차 - 측면충돌,신호위반,건조,맑음,교차로 - 교차로안,자전거,남,15세,중상,화물,남,56세,상해없음
2020110400100307,2020년 11월 4일 12시,수요일,경상남도 통영시 도산면,중상사고,0,2,0,0,차대차 - 추돌,안전운전불이행,건조,맑음,단일로 - 기타,화물,남,49세,상해없음,승용,남,41세,기타불명
2020110400100308,2020년 11월 4일 12시,수요일,경상남도 김해시 대청동,중상사고,0,1,0,0,차대차 - 측면충돌,안전운전불이행,건조,맑음,교차로 - 교차로안,승용,남,27세,상해없음,이륜,남,39세,중상
2020110400100350,2020년 11월 4일 13시,수요일,경상남도 창원시 의창구 북면,경상사고,0,0,1,0,차대차 - 측면충돌,안전운전불이행,건조,맑음,교차로 - 교차로안,승용,여,61세,상해없음,승용,여,50세,경상
2020110400100376,2020년 11월 4일 14시,수요일,경상남도 사천시 벌리동,경상사고,0,0,1,0,차대차 - 추돌,교차로운행방법위반,건조,맑음,교차로 - 교차로안,승용,여,21세,상해없음,승용,여,43세,경상
2020110400100377,2020년 11월 4일 14시,수요일,경상남도 거제시 장목면,중상사고,0,1,0,0,차대차 - 기타,안전운전불이행,건조,맑음,기타 - 기타,승용,여,62세,상해없음,승합,남,50세,상해없음
2020110400100378,2020년 11월 4일 14시,수요일,경상남도 창원시 성산구 창곡동,중상사고,0,1,0,0,차대차 - 추돌,안전운전불이행,건조,맑음,단일로 - 기타,화물,남,56세,상해없음,승용,남,53세,중상
2020110400100413,2020년 11월 4일 15시,수요일,경상남도 김해시 외동,중상사고,0,1,0,0,차대차 - 기타,안전운전불이행,건조,맑음,단일로 - 기타,승합,남,56세,상해없음,기타불명,여,81세,중상
2020110400100414,2020년 11월 4일 15시,수요일,경상남도 거창군 거창읍,경상사고,0,0,2,1,차대차 - 후진중충돌,안전운전불이행,건조,맑음,교차로 - 교차로안,승용,남,58세,상해없음,승용,여,38세,경상
2020110400100415,2020년 11월 4일 15시,수요일,경상남도 남해군 미조면,중상사고,0,1,0,0,차대차 - 추돌,교차로운행방법위반,건조,맑음,교차로 - 교차로안,건설기계,남,45세,상해없음,승용,여,46세,중상
2020110400100416,2020년 11월 4일 15시,수요일,경상남도 창원시 성산구 상남동,경상사고,0,0,1,0,차량단독 - 기타,안전운전불이행,건조,맑음,교차로 - 교차로부근,승합,남,42세,상해없음,,,,
2020110400100452,2020년 11월 4일 16시,수요일,경상남도 진주시 계동,중상사고,0,2,0,0,차대사람 - 횡단중,신호위반,건조,맑음,교차로 - 교차로횡단보도내,이륜,남,25세,상해없음,보행자,여,67세,중상
2020110400100453,2020년 11월 4일 16시,수요일,경상남도 김해시 부원동,경상사고,0,0,1,0,차대차 - 측면충돌,신호위반,건조,맑음,교차로 - 교차로안,승용,여,52세,상해없음,승용,여,42세,경상
2020110400100454,2020년 11월 4일 16시,수요일,경상남도 김해시 진영읍,경상사고,0,0,1,0,차대차 - 기타,신호위반,건조,맑음,교차로 - 교차로안,승용,여,27세,상해없음,자전거,남,10세,경상
2020110400100455,2020년 11월 4일 16시,수요일,경상남도 김해시 진영읍,경상사고,0,0,1,0,차대차 - 측면충돌,신호위반,건조,맑음,교차로 - 교차로안,승용,여,38세,상해없음,자전거,남,14세,경상
2020110400100511,2020년 11월 4일 17시,수요일,경상남도 밀양시 하남읍,경상사고,0,0,1,0,차대차 - 추돌,안전운전불이행,건조,맑음,교차로 - 교차로부근,승합,남,56세,상해없음,승용,남,66세,경상
2020110400100512,2020년 11월 4일 17시,수요일,경상남도 양산시 남부동,경상사고,0,0,1,0,차대차 - 기타,안전운전불이행,건조,맑음,교차로 - 교차로안,승용,여,29세,상해없음,자전거,남,13세,경상
2020110400100513,2020년 11월 4일 17시,수요일,경상남도 창원시 성산구 남산동,중상사고,0,1,1,0,차대차 - 측면충돌,신호위반,건조,맑음,교차로 - 교차로안,승용,남,66세,상해없음,이륜,남,41세,중상
2020110400100564,2020년 11월 4일 18시,수요일,경상남도 통영시 무전동,경상사고,0,0,1,0,차대차 - 기타,직진우회전진행방해,건조,맑음,교차로 - 교차로안,승용,남,40세,상해없음,이륜,남,38세,경상
2020110400100565,2020년 11월 4일 18시,수요일,경상남도 김해시 진례면,경상사고,0,0,1,0,차대차 - 측면충돌,신호위반,건조,맑음,교차로 - 교차로안,화물,남,65세,상해없음,승용,여,45세,경상
2020110400100615,2020년 11월 4일 19시,수요일,경상남도 진주시 금곡면,사망사고,1,0,0,0,차대차 - 기타,안전운전불이행,건조,맑음,단일로 - 기타,이륜,남,50세,사망,농기계,남,63세,상해없음
2020110400100616,2020년 11월 4일 19시,수요일,경상남도 창원시 진해구 경화동,경상사고,0,0,1,0,차대차 - 추돌,안전운전불이행,건조,맑음,단일로 - 기타,승용,남,69세,상해없음,이륜,남,46세,경상
2020110400100617,2020년 11월 4일 19시,수요일,경상남도 거제시 고현동,중상사고,0,1,0,0,차대차 - 추돌,안전운전불이행,건조,맑음,단일로 - 기타,승용,남,39세,상해없음,이륜,남,45세,중상
2020110400100681,2020년 11월 4일 21시,수요일,경상남도 김해시 어방동,중상사고,0,1,0,0,차대차 - 추돌,안전운전불이행,건조,맑음,교차로 - 교차로부근,승용,남,49세,상해없음,승용,남,55세,중상
2020110400100682,2020년 11월 4일 21시,수요일,경상남도 거제시 고현동,중상사고,0,1,0,0,차대차 - 추돌,안전운전불이행,건조,맑음,단일로 - 기타,이륜,남,27세,상해없음,승용,남,26세,중상
2020110400100683,2020년 11월 4일 21시,수요일,경상남도 김해시 신문동,부상신고사고,0,0,0,1,차대차 - 추돌,안전운전불이행,건조,맑음,교차로 - 교차로부근,이륜,남,21세,부상신고,승합,남,61세,상해없음
2020110500100012,2020년 11월 5일 00시,목요일,경상남도 거제시 고현동,경상사고,0,0,1,0,차대차 - 추돌,안전거리미확보,건조,맑음,교차로 - 교차로부근,이륜,남,32세,상해없음,이륜,남,25세,경상
2020110500100081,2020년 11월 5일 07시,목요일,경상남도 거창군 거창읍,중상사고,0,1,0,0,차대사람 - 횡단중,보행자보호의무위반,건조,맑음,교차로 - 교차로횡단보도내,승용,남,61세,상해없음,보행자,여,73세,중상
2020110500100082,2020년 11월 5일 07시,목요일,경상남도 김해시 진영읍,중상사고,0,1,0,0,차대사람 - 기타,안전운전불이행,건조,맑음,교차로 - 교차로부근,화물,남,25세,상해없음,보행자,남,50세,중상
2020110500100125,2020년 11월 5일 08시,목요일,경상남도 창원시 진해구 용원동,경상사고,0,0,1,0,차대차 - 기타,안전운전불이행,건조,맑음,단일로 - 기타,자전거,여,29세,경상,승용,남,41세,상해없음
2020110500100126,2020년 11월 5일 08시,목요일,경상남도 창원시 진해구 자은동,경상사고,0,0,2,0,차대차 - 추돌,안전거리미확보,건조,맑음,교차로 - 교차로부근,승용,남,45세,상해없음,승용,남,61세,경상
2020110500100127,2020년 11월 5일 08시,목요일,경상남도 고성군 상리면,중상사고,0,1,0,0,차대차 - 기타,안전운전불이행,건조,맑음,교차로 - 교차로부근,화물,남,73세,상해없음,승용,남,25세,중상
2020110500100128,2020년 11월 5일 08시,목요일,경상남도 함안군 산인면,중상사고,0,1,0,0,차대차 - 기타,신호위반,건조,맑음,교차로 - 교차로안,승용,남,64세,상해없음,승용,여,48세,중상
2020110500100157,2020년 11월 5일 09시,목요일,경상남도 창원시 진해구 경화동,경상사고,0,0,1,0,차대사람 - 기타,안전운전불이행,건조,맑음,기타 - 기타,승용,남,44세,상해없음,보행자,남,56세,경상
2020110500100158,2020년 11월 5일 09시,목요일,경상남도 합천군 가회면,중상사고,0,1,0,0,차량단독 - 도로외이탈 - 추락,안전운전불이행,건조,맑음,단일로 - 기타,원동기,남,59세,중상,,,,
2020110500100159,2020년 11월 5일 09시,목요일,경상남도 양산시 중부동,중상사고,0,1,0,0,차대차 - 기타,안전운전불이행,건조,맑음,단일로 - 기타,자전거,여,63세,중상,승용,여,35세,상해없음
2020110500100214,2020년 11월 5일 11시,목요일,경상남도 김해시 지내동,경상사고,0,0,2,0,차대차 - 측면충돌,안전운전불이행,건조,맑음,교차로 - 교차로부근,승용,남,64세,상해없음,승용,남,60세,경상
2020110500100215,2020년 11월 5일 11시,목요일,경상남도 양산시 중부동,사망사고,1,0,0,0,차대사람 - 보도통행중,안전운전불이행,건조,맑음,교차로 - 교차로안,승합,남,52세,상해없음,보행자,남,72세,사망
2020110500100254,2020년 11월 5일 12시,목요일,경상남도 창원시 마산합포구 중앙동2가,경상사고,0,0,1,2,차대차 - 측면충돌,불법유턴,건조,맑음,단일로 - 기타,승용,남,47세,부상신고,승용,남,24세,경상
2020110500100278,2020년 11월 5일 13시,목요일,경상남도 진주시 가좌동,경상사고,0,0,1,0,차대차 - 측면충돌,안전운전불이행,건조,맑음,교차로 - 교차로안,승용,여,52세,상해없음,원동기,남,22세,경상
2020110500100279,2020년 11월 5일 13시,목요일,경상남도 통영시 명정동,부상신고사고,0,0,0,1,차대차 - 측면충돌,과속,건조,맑음,교차로 - 교차로안,이륜,남,41세,부상신고,승용,여,59세,상해없음
2020110500100280,2020년 11월 5일 13시,목요일,경상남도 사천시 동금동,경상사고,0,0,1,0,차대차 - 기타,안전운전불이행,건조,맑음,교차로 - 교차로안,자전거,남,77세,경상,승용,남,63세,상해없음
2020110500100281,2020년 11월 5일 13시,목요일,경상남도 남해군 상주면,경상사고,0,0,2,1,차대차 - 측면충돌,안전운전불이행,건조,맑음,교차로 - 교차로안,승합,남,69세,부상신고,승용,남,75세,경상
2020110500100310,2020년 11월 5일 14시,목요일,경상남도 통영시 북신동,부상신고사고,0,0,0,1,차대차 - 측면충돌,안전운전불이행,건조,맑음,교차로 - 교차로안,이륜,남,77세,부상신고,승용,여,41세,상해없음
2020110500100311,2020년 11월 5일 14시,목요일,경상남도 고성군 고성읍,경상사고,0,0,1,0,차대차 - 측면충돌,안전운전불이행,건조,맑음,단일로 - 기타,이륜,남,75세,경상,승용,여,50세,상해없음
2020110500100312,2020년 11월 5일 14시,목요일,경상남도 의령군 가례면,경상사고,0,0,1,0,차대사람 - 길가장자리구역통행중,안전운전불이행,건조,맑음,단일로 - 기타,승용,여,55세,상해없음,보행자,여,71세,경상
2020110500100348,2020년 11월 5일 15시,목요일,경상남도 창원시 진해구 경화동,중상사고,0,1,0,0,차대차 - 측면충돌,신호위반,건조,맑음,교차로 - 교차로횡단보도내,승용,남,48세,상해없음,자전거,여,64세,중상
2020110500100349,2020년 11월 5일 15시,목요일,경상남도 거창군 거창읍,중상사고,0,1,0,0,차대사람 - 횡단중,안전운전불이행,건조,맑음,단일로 - 기타,승합,남,49세,상해없음,보행자,여,4세,중상
2020110500100350,2020년 11월 5일 15시,목요일,경상남도 거제시 거제면,경상사고,0,0,1,0,차량단독 - 공작물충돌,안전운전불이행,건조,맑음,단일로 - 기타,이륜,남,60세,경상,,,,
2020110500100377,2020년 11월 5일 16시,목요일,경상남도 창원시 진해구 도천동,경상사고,0,0,1,1,차대차 - 측면충돌,교차로운행방법위반,건조,맑음,교차로 - 교차로안,승용,여,49세,부상신고,승합,여,57세,경상
2020110500100378,2020년 11월 5일 16시,목요일,경상남도 통영시 정량동,경상사고,0,0,1,0,차대사람 - 기타,안전운전불이행,건조,맑음,단일로 - 기타,화물,남,46세,상해없음,보행자,여,86세,경상
2020110500100426,2020년 11월 5일 17시,목요일,경상남도 거제시 고현동,중상사고,0,1,0,0,차대사람 - 횡단중,안전운전불이행,건조,맑음,단일로 - 기타,승용,여,48세,상해없음,보행자,여,61세,중상
2020110500100427,2020년 11월 5일 17시,목요일,경상남도 창원시 성산구 상남동,경상사고,0,0,1,0,차대사람 - 차도통행중,안전운전불이행,건조,맑음,단일로 - 기타,승용,남,57세,상해없음,보행자,남,21세,경상
2020110500100428,2020년 11월 5일 17시,목요일,경상남도 창원시 의창구 대원동,경상사고,0,0,1,0,차대차 - 정면충돌,중앙선침범,건조,맑음,단일로 - 기타,원동기,남,65세,상해없음,승용,여,23세,경상
2020110500100490,2020년 11월 5일 18시,목요일,경상남도 창원시 마산합포구 중앙동3가,경상사고,0,0,1,0,차대차 - 기타,안전거리미확보,건조,맑음,교차로 - 교차로부근,승용,여,51세,상해없음,승합,남,53세,상해없음
2020110500100491,2020년 11월 5일 18시,목요일,경상남도 양산시 중부동,경상사고,0,0,3,0,차대차 - 측면충돌,기타,건조,맑음,교차로 - 교차로부근,승용,여,60세,상해없음,승용,남,29세,경상
2020110500100492,2020년 11월 5일 18시,목요일,경상남도 거제시 고현동,중상사고,0,2,3,0,차대차 - 측면충돌,차로위반,건조,맑음,교차로 - 교차로안,승용,여,39세,상해없음,승용,여,49세,경상
2020110500100493,2020년 11월 5일 18시,목요일,경상남도 김해시 진례면,중상사고,0,1,0,0,차대차 - 측면충돌,안전운전불이행,건조,맑음,교차로 - 교차로부근,화물,남,65세,상해없음,화물,남,66세,중상
2020110500100542,2020년 11월 5일 19시,목요일,경상남도 밀양시 부북면,경상사고,0,0,1,0,차대차 - 추돌,안전거리미확보,건조,흐림,단일로 - 기타,승용,남,27세,상해없음,승용,여,47세,경상
2020110500100543,2020년 11월 5일 19시,목요일,경상남도 김해시 삼계동,경상사고,0,0,1,0,차대차 - 측면충돌,안전운전불이행,건조,맑음,교차로 - 교차로안,승용,여,50세,상해없음,승용,남,48세,경상
2020110500100544,2020년 11월 5일 19시,목요일,경상남도 양산시 중부동,경상사고,0,0,2,0,차대차 - 측면충돌,안전운전불이행,건조,맑음,기타 - 기타,승용,여,45세,기타불명,승용,여,28세,경상
2020110500100545,2020년 11월 5일 19시,목요일,경상남도 창원시 마산회원구 내서읍,경상사고,0,0,2,0,차대차 - 추돌,안전운전불이행,건조,맑음,단일로 - 기타,승용,여,56세,상해없음,승용,남,18세,경상
2020110500100588,2020년 11월 5일 20시,목요일,경상남도 김해시 삼방동,경상사고,0,0,1,0,차대사람 - 기타,안전운전불이행,건조,맑음,교차로 - 교차로안,승용,여,60세,상해없음,보행자,여,49세,경상
2020110500100589,2020년 11월 5일 20시,목요일,경상남도 양산시 물금읍,경상사고,0,0,1,0,차대차 - 기타,안전운전불이행,건조,맑음,교차로 - 교차로안,승용,남,30세,상해없음,승용,남,26세,경상
2020110500100643,2020년 11월 5일 22시,목요일,경상남도 양산시 남부동,경상사고,0,0,1,0,차대차 - 기타,안전운전불이행,건조,맑음,단일로 - 교량,이륜,남,18세,상해없음,자전거,남,61세,경상
2020110600100011,2020년 11월 6일 00시,금요일,경상남도 진주시 봉곡동,중상사고,0,1,0,0,차대사람 - 횡단중,보행자보호의무위반,건조,맑음,단일로 - 기타,승용,남,58세,상해없음,보행자,여,69세,중상
2020110600100026,2020년 11월 6일 01시,금요일,경상남도 양산시 물금읍,경상사고,0,0,2,0,차대차 - 기타,교차로운행방법위반,건조,맑음,교차로 - 교차로안,이륜,남,17세,경상,승용,남,26세,상해없음
2020110600100066,2020년 11월 6일 06시,금요일,경상남도 김해시 강동,중상사고,0,1,0,0,차대사람 - 기타,안전운전불이행,건조,맑음,단일로 - 기타,승용,남,46세,상해없음,보행자,여,85세,중상
2020110600100092,2020년 11월 6일 07시,금요일,경상남도 진주시 명석면,경상사고,0,0,2,0,차대차 - 추돌,안전운전불이행,건조,맑음,단일로 - 기타,승용,남,49세,상해없음,승용,남,57세,경상
2020110600100093,2020년 11월 6일 07시,금요일,경상남도 거창군 가조면,경상사고,0,0,1,0,차대차 - 측면충돌,직진우회전진행방해,건조,맑음,교차로 - 교차로안,승용,남,67세,상해없음,화물,남,64세,경상
2020110600100114,2020년 11월 6일 08시,금요일,경상남도 진주시 수정동,경상사고,0,0,1,0,차대사람 - 기타,안전운전불이행,건조,맑음,교차로 - 교차로안,승용,남,73세,상해없음,보행자,여,59세,경상
2020110600100115,2020년 11월 6일 08시,금요일,경상남도 산청군 산청읍,경상사고,0,0,1,0,차대차 - 추돌,안전거리미확보,건조,맑음,단일로 - 기타,승용,남,27세,상해없음,승용,여,48세,경상
2020110600100116,2020년 11월 6일 08시,금요일,경상남도 김해시 진영읍,경상사고,0,0,1,0,차대차 - 추돌,안전운전불이행,건조,맑음,단일로 - 기타,승용,남,47세,상해없음,승용,남,53세,경상
2020110600100145,2020년 11월 6일 09시,금요일,경상남도 양산시 동면,경상사고,0,0,1,0,차대차 - 기타,안전거리미확보,건조,맑음,단일로 - 기타,승용,여,51세,상해없음,화물,남,43세,경상
2020110600100196,2020년 11월 6일 11시,금요일,경상남도 창원시 진해구 풍호동,경상사고,0,0,1,0,차대차 - 측면충돌,직진우회전진행방해,건조,맑음,교차로 - 교차로안,승용,남,51세,상해없음,이륜,남,76세,경상
2020110600100222,2020년 11월 6일 12시,금요일,경상남도 양산시 동면,경상사고,0,0,1,0,차대차 - 측면충돌,신호위반,건조,맑음,교차로 - 교차로안,승용,남,77세,상해없음,승용,남,41세,경상
2020110600100223,2020년 11월 6일 12시,금요일,경상남도 창원시 마산회원구 내서읍,경상사고,0,0,1,0,차대차 - 추돌,안전운전불이행,건조,맑음,교차로 - 교차로부근,화물,남,64세,상해없음,승용,남,41세,경상
2020110600100252,2020년 11월 6일 13시,금요일,경상남도 창녕군 영산면,중상사고,0,1,0,0,차대차 - 측면충돌,신호위반,건조,맑음,교차로 - 교차로안,건설기계,남,55세,상해없음,승용,남,62세,중상
2020110600100253,2020년 11월 6일 13시,금요일,경상남도 거제시 사등면,경상사고,0,0,2,0,차대차 - 측면충돌,안전운전불이행,건조,맑음,단일로 - 기타,화물,남,54세,상해없음,승용,남,39세,경상
2020110600100271,2020년 11월 6일 14시,금요일,경상남도 밀양시 교동,중상사고,0,1,2,0,차대차 - 추돌,안전운전불이행,건조,맑음,단일로 - 기타,화물,남,49세,중상,승용,남,72세,경상
2020110600100272,2020년 11월 6일 14시,금요일,경상남도 양산시 북정동,부상신고사고,0,0,0,1,차대사람 - 기타,안전운전불이행,건조,맑음,교차로 - 교차로안,승용,남,52세,상해없음,보행자,남,49세,부상신고
2020110600100273,2020년 11월 6일 14시,금요일,경상남도 창원시 마산회원구 구암동,경상사고,0,0,1,0,차대차 - 정면충돌,안전운전불이행,건조,맑음,교차로 - 교차로안,승용,남,69세,상해없음,승합,여,39세,경상
2020110600100319,2020년 11월 6일 15시,금요일,경상남도 고성군 고성읍,중상사고,0,1,2,0,차대차 - 측면충돌,교차로운행방법위반,건조,맑음,교차로 - 교차로부근,승용,여,55세,경상,승용,남,41세,중상
2020110600100320,2020년 11월 6일 15시,금요일,경상남도 창원시 의창구 봉곡동,경상사고,0,0,1,0,차대사람 - 기타,안전운전불이행,건조,맑음,단일로 - 기타,승용,남,71세,상해없음,보행자,여,49세,경상
2020110600100357,2020년 11월 6일 16시,금요일,경상남도 양산시 북부동,중상사고,0,1,0,0,차대차 - 측면충돌,직진우회전진행방해,건조,맑음,교차로 - 교차로안,승용,남,47세,상해없음,이륜,남,73세,중상
2020110600100395,2020년 11월 6일 17시,금요일,경상남도 양산시 중부동,경상사고,0,0,1,0,차대차 - 기타,직진우회전진행방해,건조,맑음,교차로 - 교차로안,승용,남,65세,상해없음,승용,여,60세,경상
2020110600100396,2020년 11월 6일 17시,금요일,경상남도 양산시 평산동,부상신고사고,0,0,0,1,차대사람 - 기타,안전운전불이행,건조,맑음,단일로 - 기타,기타불명,기타불명,미분류,기타불명,보행자,여,69세,부상신고
2020110600100397,2020년 11월 6일 17시,금요일,경상남도 고성군 하이면,경상사고,0,0,1,0,차대차 - 측면충돌,교차로운행방법위반,건조,맑음,교차로 - 교차로부근,승용,남,61세,상해없음,화물,남,65세,경상
2020110600100458,2020년 11월 6일 18시,금요일,경상남도 양산시 동면,부상신고사고,0,0,0,1,차대사람 - 기타,안전운전불이행,건조,맑음,교차로 - 교차로횡단보도내,기타불명,기타불명,미분류,기타불명,보행자,남,21세,부상신고
2020110600100459,2020년 11월 6일 18시,금요일,경상남도 하동군 북천면,중상사고,0,1,1,0,차대차 - 추돌,안전운전불이행,건조,맑음,단일로 - 기타,승용,남,54세,경상,농기계,남,76세,중상
2020110600100460,2020년 11월 6일 18시,금요일,경상남도 창원시 의창구 동읍,경상사고,0,0,1,0,차대사람 - 기타,안전운전불이행,건조,맑음,단일로 - 기타,승합,남,44세,상해없음,보행자,여,70세,경상
2020110600100461,2020년 11월 6일 18시,금요일,경상남도 창원시 의창구 도계동,경상사고,0,0,1,0,차대차 - 기타,안전운전불이행,건조,맑음,단일로 - 기타,승용,남,72세,상해없음,승용,남,62세,상해없음
2020110600100462,2020년 11월 6일 18시,금요일,경상남도 진주시 가좌동,경상사고,0,0,1,0,차대차 - 추돌,안전운전불이행,건조,맑음,단일로 - 기타,화물,남,50세,상해없음,승용,남,27세,상해없음
2020110600100522,2020년 11월 6일 19시,금요일,경상남도 사천시 사남면,경상사고,0,0,1,0,차대차 - 추돌,안전운전불이행,건조,맑음,단일로 - 기타,승용,남,36세,상해없음,승용,남,55세,경상
2020110600100523,2020년 11월 6일 19시,금요일,경상남도 창녕군 남지읍,중상사고,0,1,0,0,차대차 - 측면충돌,신호위반,건조,맑음,교차로 - 교차로안,승용,남,57세,상해없음,승용,여,67세,중상
2020110600100524,2020년 11월 6일 19시,금요일,경상남도 양산시 상북면,경상사고,0,0,1,0,차대차 - 측면충돌,안전운전불이행,건조,맑음,단일로 - 기타,승용,여,59세,상해없음,화물,남,40세,경상