사고번호,사고일시,요일,시군구,사고내용,사망자수,중상자수,경상자수,부상신고자수,사고유형,법규위반,노면상태,기상상태,도로형태,가해운전자 차종,가해운전자 성별,가해운전자 연령,가해운전자 상해정도,피해운전자 차종,피해운전자 성별,피해운전자 연령,피해운전자 상해정도
2020110600100557,2020년 11월 6일 20시,금요일,경상남도 창원시 의창구 신월동,경상사고,0,0,1,0,차대차 - 기타,안전운전불이행,건조,흐림,단일로 - 기타,승용,남,39세,상해없음,승용,남,36세,경상
2020110600100590,2020년 11월 6일 21시,금요일,경상남도 김해시 어방동,경상사고,0,0,1,0,차대사람 - 횡단중,안전운전불이행,건조,흐림,교차로 - 교차로안,승용,남,51세,상해없음,보행자,여,57세,경상
2020110600100591,2020년 11월 6일 21시,금요일,경상남도 창원시 마산회원구 양덕동,경상사고,0,0,1,0,차대차 - 정면충돌,신호위반,건조,맑음,교차로 - 교차로안,이륜,남,47세,상해없음,승용,남,49세,상해없음
2020110600100617,2020년 11월 6일 22시,금요일,경상남도 양산시 교동,경상사고,0,0,1,0,차대차 - 측면충돌,신호위반,건조,맑음,교차로 - 교차로안,이륜,남,40세,상해없음,자전거,남,37세,경상
2020110600100643,2020년 11월 6일 23시,금요일,경상남도 창원시 마산회원구 석전동,중상사고,0,2,0,0,차대사람 - 횡단중,안전운전불이행,건조,맑음,단일로 - 기타,승용,남,24세,상해없음,보행자,여,45세,중상
2020110700100021,2020년 11월 7일 00시,토요일,경상남도 창원시 의창구 명서동,중상사고,0,1,0,0,차대사람 - 기타,안전운전불이행,건조,맑음,단일로 - 기타,승용,남,60세,상해없음,보행자,남,41세,중상
2020110700100034,2020년 11월 7일 01시,토요일,경상남도 창원시 마산합포구 화영동,중상사고,0,1,0,0,차대차 - 측면충돌,신호위반,건조,맑음,교차로 - 교차로안,이륜,남,19세,상해없음,개인형이동수단(PM),남,23세,중상
2020110700100057,2020년 11월 7일 03시,토요일,경상남도 김해시 동상동,경상사고,0,0,2,0,차대차 - 추돌,안전운전불이행,건조,맑음,교차로 - 교차로안,승용,남,46세,상해없음,승용,남,52세,경상
2020110700100065,2020년 11월 7일 05시,토요일,경상남도 창원시 성산구 신촌동,중상사고,0,1,0,0,차대사람 - 기타,안전운전불이행,건조,흐림,단일로 - 기타,승용,여,25세,상해없음,보행자,남,45세,중상
2020110700100078,2020년 11월 7일 06시,토요일,경상남도 김해시 주촌면,중상사고,0,1,0,0,차대차 - 추돌,안전운전불이행,건조,맑음,단일로 - 기타,승용,남,49세,상해없음,이륜,남,55세,중상
2020110700100108,2020년 11월 7일 08시,토요일,경상남도 창원시 마산합포구 예곡동,부상신고사고,0,0,0,1,차대차 - 추돌,안전거리미확보,건조,맑음,단일로 - 기타,화물,남,81세,부상신고,승용,남,54세,상해없음
2020110700100109,2020년 11월 7일 08시,토요일,경상남도 남해군 이동면,경상사고,0,0,2,0,차대차 - 정면충돌,안전운전불이행,건조,맑음,교차로 - 교차로안,화물,남,69세,경상,화물,남,45세,경상
2020110700100132,2020년 11월 7일 09시,토요일,경상남도 하동군 하동읍,경상사고,0,0,1,0,차대차 - 측면충돌,신호위반,건조,맑음,교차로 - 교차로안,원동기,남,81세,경상,승용,남,80세,상해없음
2020110700100144,2020년 11월 7일 10시,토요일,경상남도 김해시 풍유동,경상사고,0,0,2,0,차대차 - 추돌,안전운전불이행,건조,맑음,단일로 - 기타,승용,남,19세,상해없음,승용,남,26세,경상
2020110700100162,2020년 11월 7일 10시,토요일,경상남도 김해시 어방동,부상신고사고,0,0,0,1,차대사람 - 횡단중,신호위반,건조,맑음,교차로 - 교차로횡단보도내,승용,남,54세,상해없음,보행자,남,26세,부상신고
2020110700100163,2020년 11월 7일 10시,토요일,경상남도 함안군 칠원읍,경상사고,0,0,2,0,차대차 - 추돌,안전거리미확보,건조,맑음,단일로 - 기타,화물,남,64세,상해없음,승용,남,64세,경상
2020110700100204,2020년 11월 7일 11시,토요일,경상남도 창원시 마산합포구 우산동,경상사고,0,0,1,0,차대차 - 측면충돌,안전운전불이행,건조,맑음,단일로 - 기타,승용,남,66세,상해없음,승용,여,28세,경상
2020110700100205,2020년 11월 7일 11시,토요일,경상남도 고성군 고성읍,경상사고,0,0,3,0,차대차 - 기타,안전거리미확보,건조,맑음,단일로 - 기타,화물,남,49세,상해없음,승용,여,49세,경상
2020110700100324,2020년 11월 7일 14시,토요일,경상남도 창원시 진해구 여좌동,중상사고,0,1,2,0,차대차 - 기타,안전운전불이행,건조,맑음,교차로 - 교차로부근,승용,여,25세,기타불명,승용,남,63세,경상
2020110700100325,2020년 11월 7일 14시,토요일,경상남도 합천군 용주면,경상사고,0,0,1,0,차대차 - 정면충돌,안전운전불이행,건조,맑음,단일로 - 기타,화물,남,55세,경상,승용,남,55세,상해없음
2020110700100327,2020년 11월 7일 14시,토요일,경상남도 거제시 고현동,중상사고,0,1,0,0,차대사람 - 차도통행중,안전운전불이행,건조,맑음,교차로 - 교차로안,승용,남,31세,상해없음,보행자,여,85세,중상
2020110700100328,2020년 11월 7일 14시,토요일,경상남도 함안군 칠원읍,중상사고,0,1,0,0,차량단독 - 공작물충돌,안전운전불이행,건조,맑음,단일로 - 기타,승용,여,60세,중상,,,,
2020110700100378,2020년 11월 7일 15시,토요일,경상남도 창원시 성산구 안민동,경상사고,0,0,1,0,차대차 - 측면충돌,안전운전불이행,건조,맑음,단일로 - 터널,승용,남,39세,상해없음,자전거,남,55세,경상
2020110700100422,2020년 11월 7일 16시,토요일,경상남도 창원시 진해구 이동,경상사고,0,0,1,0,차대차 - 기타,직진우회전진행방해,건조,맑음,교차로 - 교차로부근,승용,남,41세,상해없음,승합,남,38세,상해없음
2020110700100423,2020년 11월 7일 16시,토요일,경상남도 함안군 군북면,경상사고,0,0,1,0,차량단독 - 도로외이탈 - 추락,안전운전불이행,건조,맑음,단일로 - 기타,사륜오토바이(ATV),여,71세,경상,,,,
2020110700100424,2020년 11월 7일 16시,토요일,경상남도 창원시 의창구 동읍,중상사고,0,1,0,0,차대차 - 기타,중앙선침범,건조,맑음,단일로 - 기타,승합,남,65세,상해없음,화물,남,77세,중상
2020110700100470,2020년 11월 7일 17시,토요일,경상남도 창원시 마산합포구 동성동,부상신고사고,0,0,0,1,차대차 - 기타,안전거리미확보,건조,맑음,단일로 - 기타,이륜,남,72세,부상신고,승용,남,74세,상해없음
2020110700100471,2020년 11월 7일 17시,토요일,경상남도 합천군 봉산면,경상사고,0,0,3,0,차대차 - 측면충돌,중앙선침범,건조,맑음,단일로 - 기타,이륜,남,39세,상해없음,승합,남,59세,경상
2020110700100472,2020년 11월 7일 17시,토요일,경상남도 거제시 장목면,경상사고,0,0,1,0,차대차 - 측면충돌,안전운전불이행,건조,맑음,단일로 - 기타,승용,남,29세,상해없음,승용,남,28세,경상
2020110700100473,2020년 11월 7일 17시,토요일,경상남도 산청군 단성면,중상사고,0,1,1,0,차대차 - 측면충돌,안전운전불이행,건조,맑음,교차로 - 교차로안,화물,남,72세,상해없음,승용,남,86세,상해없음
2020110700100474,2020년 11월 7일 17시,토요일,경상남도 창원시 의창구 동읍,사망사고,1,0,0,0,차대사람 - 횡단중,안전운전불이행,건조,맑음,교차로 - 교차로안,승용,남,22세,상해없음,보행자,여,60세,사망
2020110700100475,2020년 11월 7일 17시,토요일,경상남도 김해시 무계동,경상사고,0,0,1,0,차대사람 - 횡단중,신호위반,건조,맑음,교차로 - 교차로횡단보도내,이륜,남,42세,상해없음,보행자,여,28세,경상
2020110700100529,2020년 11월 7일 18시,토요일,경상남도 밀양시 가곡동,경상사고,0,0,3,0,차대차 - 측면충돌,교차로운행방법위반,건조,맑음,교차로 - 교차로안,승용,여,52세,상해없음,승용,남,20세,경상
2020110700100530,2020년 11월 7일 18시,토요일,경상남도 김해시 생림면,중상사고,0,2,2,0,차대차 - 추돌,안전운전불이행,건조,맑음,교차로 - 교차로안,승용,여,35세,상해없음,승용,남,56세,경상
2020110700100531,2020년 11월 7일 18시,토요일,경상남도 양산시 물금읍,경상사고,0,0,1,0,차대차 - 정면충돌,교차로운행방법위반,건조,맑음,교차로 - 교차로안,승용,남,46세,상해없음,이륜,남,29세,경상
2020110700100573,2020년 11월 7일 19시,토요일,경상남도 통영시 북신동,경상사고,0,0,1,0,차대차 - 기타,신호위반,건조,맑음,교차로 - 교차로안,승용,남,66세,기타불명,승용,남,34세,상해없음
2020110700100574,2020년 11월 7일 19시,토요일,경상남도 함안군 대산면,경상사고,0,0,2,0,차대차 - 측면충돌,안전운전불이행,건조,기타,교차로 - 교차로안,승용,남,60세,상해없음,승용,남,40세,경상
2020110700100637,2020년 11월 7일 21시,토요일,경상남도 밀양시 삼문동,경상사고,0,0,1,0,차대사람 - 길가장자리구역통행중,안전운전불이행,건조,맑음,단일로 - 기타,승용,남,64세,상해없음,보행자,남,46세,경상
2020110700100638,2020년 11월 7일 21시,토요일,경상남도 밀양시 내이동,경상사고,0,0,2,0,차대차 - 측면충돌,안전운전불이행,건조,흐림,교차로 - 교차로안,승용,여,25세,상해없음,승용,여,45세,경상
2020110700100682,2020년 11월 7일 23시,토요일,경상남도 산청군 시천면,중상사고,0,3,2,0,차량단독 - 공작물충돌,중앙선침범,건조,맑음,단일로 - 기타,승용,남,23세,경상,,,,
2020110800100019,2020년 11월 8일 00시,일요일,경상남도 남해군 이동면,부상신고사고,0,0,0,3,차대차 - 추돌,안전운전불이행,건조,맑음,단일로 - 기타,승용,남,25세,상해없음,승용,남,54세,부상신고
2020110800100020,2020년 11월 8일 00시,일요일,경상남도 창원시 의창구 봉곡동,중상사고,0,1,0,0,차대차 - 측면충돌,안전운전불이행,건조,맑음,교차로 - 교차로안,승용,남,41세,상해없음,자전거,남,18세,중상
2020110800100048,2020년 11월 8일 02시,일요일,경상남도 하동군 금남면,중상사고,0,1,0,0,차대사람 - 길가장자리구역통행중,안전운전불이행,건조,맑음,단일로 - 기타,승용,남,40세,상해없음,보행자,남,71세,중상
2020110800100081,2020년 11월 8일 07시,일요일,경상남도 하동군 고전면,사망사고,1,0,0,0,차량단독 - 기타,안전운전불이행,건조,맑음,단일로 - 교량,화물,남,23세,상해없음,,,,
2020110800100092,2020년 11월 8일 08시,일요일,경상남도 밀양시 하남읍,경상사고,0,0,1,0,차대차 - 측면충돌,안전운전불이행,건조,맑음,교차로 - 교차로안,화물,남,47세,상해없음,화물,남,60세,경상
2020110800100093,2020년 11월 8일 08시,일요일,경상남도 김해시 대청동,경상사고,0,0,2,0,차대차 - 추돌,신호위반,건조,맑음,단일로 - 터널,승용,여,27세,경상,특수,남,43세,경상
2020110800100111,2020년 11월 8일 09시,일요일,경상남도 밀양시 삼문동,경상사고,0,0,1,0,차대차 - 측면충돌,안전운전불이행,건조,맑음,교차로 - 교차로안,승용,남,64세,상해없음,승용,여,33세,경상
2020110800100112,2020년 11월 8일 09시,일요일,경상남도 양산시 물금읍,경상사고,0,0,1,0,차대차 - 추돌,안전운전불이행,건조,맑음,교차로 - 교차로부근,승용,남,31세,상해없음,승용,남,63세,상해없음
2020110800100135,2020년 11월 8일 10시,일요일,경상남도 창녕군 부곡면,중상사고,0,1,0,0,차대차 - 기타,안전운전불이행,건조,맑음,교차로 - 교차로안,자전거,남,46세,중상,승용,남,52세,상해없음
2020110800100136,2020년 11월 8일 10시,일요일,경상남도 창녕군 남지읍,경상사고,0,0,1,0,차대차 - 기타,중앙선침범,건조,맑음,단일로 - 기타,이륜,남,52세,경상,화물,남,68세,상해없음
2020110800100162,2020년 11월 8일 11시,일요일,경상남도 양산시 물금읍,경상사고,0,0,1,2,차대차 - 추돌,안전운전불이행,건조,맑음,단일로 - 기타,건설기계,남,31세,상해없음,승합,남,53세,상해없음
2020110800100193,2020년 11월 8일 12시,일요일,경상남도 사천시 늑도동,중상사고,0,3,3,0,차대차 - 기타,중앙선침범,건조,맑음,단일로 - 기타,승용,남,49세,기타불명,승용,여,53세,중상
2020110800100194,2020년 11월 8일 12시,일요일,경상남도 거제시 옥포동,경상사고,0,0,1,0,차대사람 - 기타,안전운전불이행,건조,맑음,단일로 - 기타,승용,여,25세,상해없음,보행자,남,15세,경상
2020110800100195,2020년 11월 8일 12시,일요일,경상남도 의령군 봉수면,중상사고,0,1,0,0,차대차 - 정면충돌,안전운전불이행,건조,맑음,단일로 - 기타,승용,남,61세,상해없음,이륜,남,75세,중상
2020110800100224,2020년 11월 8일 13시,일요일,경상남도 밀양시 가곡동,중상사고,0,1,0,0,차대차 - 추돌,안전운전불이행,건조,맑음,단일로 - 기타,승용,남,49세,상해없음,자전거,남,83세,중상
2020110800100225,2020년 11월 8일 13시,일요일,경상남도 의령군 의령읍,경상사고,0,0,2,0,차대차 - 추돌,신호위반,건조,맑음,단일로 - 교량,승용,여,60세,상해없음,승용,남,61세,경상
2020110800100276,2020년 11월 8일 14시,일요일,경상남도 창원시 진해구 석동,경상사고,0,0,1,0,차대사람 - 횡단중,보행자보호의무위반,건조,맑음,교차로 - 교차로횡단보도내,이륜,남,17세,상해없음,보행자,여,60세,경상
2020110800100277,2020년 11월 8일 14시,일요일,경상남도 하동군 적량면,경상사고,0,0,1,0,차대차 - 정면충돌,중앙선침범,건조,맑음,단일로 - 기타,농기계,남,82세,경상,승용,여,42세,상해없음
2020110800100295,2020년 11월 8일 15시,일요일,경상남도 김해시 진례면,경상사고,0,0,1,0,차대차 - 측면충돌,안전거리미확보,건조,맑음,단일로 - 기타,승용,여,47세,상해없음,승용,남,44세,경상
2020110800100351,2020년 11월 8일 16시,일요일,경상남도 창원시 의창구 봉곡동,경상사고,0,0,2,0,차대차 - 측면충돌,교차로운행방법위반,건조,맑음,교차로 - 교차로안,화물,남,50세,경상,승용,남,30세,경상
2020110800100397,2020년 11월 8일 17시,일요일,경상남도 김해시 외동,경상사고,0,0,1,0,차대차 - 측면충돌,중앙선침범,건조,맑음,단일로 - 기타,승용,남,71세,상해없음,이륜,남,23세,경상
2020110800100398,2020년 11월 8일 17시,일요일,경상남도 양산시 물금읍,중상사고,0,1,0,0,차대차 - 측면충돌,안전운전불이행,건조,맑음,기타 - 기타,자전거,남,52세,상해없음,자전거,남,39세,중상
2020110800100443,2020년 11월 8일 18시,일요일,경상남도 거제시 하청면,중상사고,0,1,0,0,차대사람 - 기타,보행자보호의무위반,건조,맑음,교차로 - 교차로횡단보도내,승용,여,68세,상해없음,보행자,남,65세,중상
2020110800100489,2020년 11월 8일 19시,일요일,경상남도 김해시 율하동,경상사고,0,0,1,0,차대차 - 측면충돌,안전운전불이행,건조,맑음,단일로 - 기타,승용,남,50세,상해없음,원동기,남,44세,경상
2020110800100490,2020년 11월 8일 19시,일요일,경상남도 김해시 무계동,중상사고,0,1,0,0,차대차 - 측면충돌,신호위반,건조,맑음,교차로 - 교차로안,이륜,남,17세,중상,승용,여,49세,상해없음
2020110800100528,2020년 11월 8일 21시,일요일,경상남도 통영시 용남면,경상사고,0,0,2,0,차대차 - 추돌,안전운전불이행,건조,맑음,교차로 - 교차로부근,승용,남,66세,기타불명,승용,남,65세,경상
2020110800100560,2020년 11월 8일 23시,일요일,경상남도 창원시 마산합포구 상남동,경상사고,0,0,1,0,차대차 - 정면충돌,중앙선침범,건조,맑음,단일로 - 기타,승용,여,22세,상해없음,이륜,남,23세,경상
2020110900100008,2020년 11월 9일 00시,월요일,경상남도 밀양시 삼문동,중상사고,0,1,1,0,차대사람 - 횡단중,신호위반,건조,맑음,교차로 - 교차로안,승용,남,35세,상해없음,보행자,남,56세,중상
2020110900100025,2020년 11월 9일 02시,월요일,경상남도 거제시 장승포동,경상사고,0,0,1,0,차량단독 - 기타,안전운전불이행,건조,맑음,기타 - 기타,이륜,남,54세,경상,,,,
2020110900100026,2020년 11월 9일 02시,월요일,경상남도 함안군 가야읍,중상사고,0,1,0,0,차대사람 - 기타,안전운전불이행,건조,맑음,교차로 - 교차로안,승용,남,61세,상해없음,보행자,여,90세,중상
2020110900100076,2020년 11월 9일 07시,월요일,경상남도 거제시 거제면,경상사고,0,0,1,0,차대차 - 기타,안전운전불이행,건조,맑음,단일로 - 기타,승용,여,61세,상해없음,승용,남,40세,경상
2020110900100077,2020년 11월 9일 07시,월요일,경상남도 함안군 칠북면,중상사고,0,1,0,0,차대차 - 추돌,안전운전불이행,건조,맑음,교차로 - 교차로부근,승용,남,28세,상해없음,승용,여,66세,중상
2020110900100078,2020년 11월 9일 07시,월요일,경상남도 김해시 주촌면,중상사고,0,1,0,0,차대차 - 추돌,안전거리미확보,건조,맑음,교차로 - 교차로부근,승용,여,38세,상해없음,승용,남,34세,중상
2020110900100121,2020년 11월 9일 08시,월요일,경상남도 김해시 삼계동,경상사고,0,0,1,0,차대사람 - 횡단중,안전운전불이행,건조,맑음,단일로 - 기타,승용,여,47세,상해없음,보행자,남,12세,경상
2020110900100122,2020년 11월 9일 08시,월요일,경상남도 거창군 거창읍,중상사고,0,1,0,0,차대차 - 측면충돌,신호위반,건조,맑음,교차로 - 교차로안,승용,남,39세,상해없음,이륜,남,17세,중상
2020110900100123,2020년 11월 9일 08시,월요일,경상남도 거창군 거창읍,중상사고,0,1,0,0,차대차 - 측면충돌,안전운전불이행,건조,맑음,기타 - 기타,승용,남,59세,상해없음,자전거,남,14세,중상
2020110900100124,2020년 11월 9일 08시,월요일,경상남도 창녕군 도천면,경상사고,0,0,1,0,차대차 - 측면충돌,안전운전불이행,건조,맑음,단일로 - 기타,농기계,남,58세,상해없음,승용,여,36세,경상
2020110900100125,2020년 11월 9일 08시,월요일,경상남도 함양군 서하면,사망사고,1,0,0,0,차대사람 - 기타,안전운전불이행,건조,맑음,단일로 - 기타,승용,남,20세,상해없음,보행자,남,68세,사망
2020110900100164,2020년 11월 9일 09시,월요일,경상남도 양산시 물금읍,경상사고,0,0,1,0,차대차 - 측면충돌,안전운전불이행,건조,맑음,기타 - 기타,승용,여,40세,상해없음,이륜,남,26세,경상
2020110900100205,2020년 11월 9일 10시,월요일,경상남도 양산시 남부동,경상사고,0,0,2,0,차대차 - 기타,안전운전불이행,건조,맑음,미분류 - 미분류,승용,여,47세,상해없음,승용,여,34세,경상
2020110900100237,2020년 11월 9일 11시,월요일,경상남도 밀양시 삼문동,중상사고,0,1,0,0,차대차 - 측면충돌,안전운전불이행,건조,맑음,교차로 - 교차로횡단보도내,화물,남,62세,상해없음,자전거,여,64세,중상
2020110900100285,2020년 11월 9일 12시,월요일,경상남도 김해시 동상동,중상사고,0,2,0,0,차대차 - 측면충돌,신호위반,건조,맑음,교차로 - 교차로안,승용,여,45세,상해없음,승용,여,31세,중상
2020110900100286,2020년 11월 9일 12시,월요일,경상남도 김해시 봉황동,중상사고,0,2,0,0,차대차 - 추돌,안전운전불이행,건조,맑음,교차로 - 교차로부근,승용,여,50세,상해없음,승용,여,48세,중상
2020110900100287,2020년 11월 9일 12시,월요일,경상남도 거제시 양정동,중상사고,0,1,0,0,차대사람 - 횡단중,안전운전불이행,젖음/습기,맑음,단일로 - 기타,승용,남,39세,상해없음,보행자,남,8세,중상
2020110900100288,2020년 11월 9일 12시,월요일,경상남도 창원시 의창구 북면,경상사고,0,0,1,0,차대차 - 측면충돌,안전운전불이행,기타,기타,기타 - 기타,승용,여,59세,상해없음,승용,남,59세,경상
2020110900100325,2020년 11월 9일 13시,월요일,경상남도 창원시 성산구 가음정동,경상사고,0,0,2,0,차대차 - 측면충돌,안전운전불이행,건조,맑음,교차로 - 교차로부근,승용,여,62세,기타불명,승용,여,37세,경상
2020110900100355,2020년 11월 9일 14시,월요일,경상남도 거제시 옥포동,경상사고,0,0,1,0,차대차 - 측면충돌,안전운전불이행,건조,맑음,교차로 - 교차로부근,승용,여,40세,상해없음,화물,남,41세,경상
2020110900100356,2020년 11월 9일 14시,월요일,경상남도 창원시 마산회원구 구암동,중상사고,0,1,0,0,차대사람 - 횡단중,안전운전불이행,건조,맑음,교차로 - 교차로부근,승용,여,61세,상해없음,보행자,여,73세,중상
2020110900100408,2020년 11월 9일 15시,월요일,경상남도 사천시 용강동,부상신고사고,0,0,0,1,차대차 - 기타,안전운전불이행,건조,맑음,교차로 - 교차로안,건설기계,남,60세,부상신고,승용,여,41세,상해없음
2020110900100409,2020년 11월 9일 15시,월요일,경상남도 김해시 동상동,경상사고,0,0,3,0,차대차 - 측면충돌,안전운전불이행,건조,맑음,교차로 - 교차로부근,화물,남,75세,상해없음,이륜,남,26세,경상
2020110900100410,2020년 11월 9일 15시,월요일,경상남도 양산시 물금읍,중상사고,0,1,0,0,차대사람 - 횡단중,교차로운행방법위반,건조,맑음,기타 - 기타,승합,남,62세,상해없음,보행자,여,66세,중상
2020110900100411,2020년 11월 9일 15시,월요일,경상남도 창원시 의창구 사림동,중상사고,0,1,0,0,차대차 - 측면충돌,기타,건조,맑음,단일로 - 기타,승용,남,32세,상해없음,승용,여,54세,중상
2020110900100450,2020년 11월 9일 16시,월요일,경상남도 창원시 진해구 석동,중상사고,0,1,0,0,차대사람 - 기타,안전운전불이행,건조,맑음,단일로 - 기타,자전거,남,44세,상해없음,보행자,여,72세,중상
2020110900100451,2020년 11월 9일 16시,월요일,경상남도 김해시 봉황동,중상사고,0,1,0,0,차대사람 - 횡단중,안전운전불이행,건조,맑음,단일로 - 기타,승용,남,33세,상해없음,보행자,여,4세,중상
2020110900100487,2020년 11월 9일 17시,월요일,경상남도 양산시 덕계동,중상사고,0,1,0,0,차대차 - 추돌,차로위반,건조,맑음,단일로 - 기타,화물,남,65세,상해없음,승용,남,58세,중상
2020110900100561,2020년 11월 9일 18시,월요일,경상남도 양산시 평산동,중상사고,0,1,0,0,차대사람 - 횡단중,안전운전불이행,건조,맑음,교차로 - 교차로안,승용,남,37세,상해없음,보행자,여,53세,중상
2020110900100562,2020년 11월 9일 18시,월요일,경상남도 거제시 옥포동,중상사고,0,1,0,0,차대사람 - 횡단중,신호위반,건조,맑음,교차로 - 교차로안,승용,여,45세,상해없음,보행자,여,11세,중상
2020110900100563,2020년 11월 9일 18시,월요일,경상남도 김해시 부곡동,중상사고,0,1,0,0,차대차 - 추돌,안전운전불이행,건조,맑음,단일로 - 기타,승용,여,51세,상해없음,이륜,남,34세,중상
2020110900100632,2020년 11월 9일 20시,월요일,경상남도 통영시 광도면,경상사고,0,0,1,0,차대차 - 기타,교차로운행방법위반,건조,맑음,교차로 - 교차로안,승용,남,71세,상해없음,승합,남,58세,상해없음
2020110900100633,2020년 11월 9일 20시,월요일,경상남도 거창군 거창읍,경상사고,0,0,1,0,차대차 - 기타,직진우회전진행방해,건조,맑음,교차로 - 교차로안,승용,남,45세,상해없음,사륜오토바이(ATV),여,59세,경상
2020110900100634,2020년 11월 9일 20시,월요일,경상남도 김해시 진영읍,경상사고,0,0,1,0,차대차 - 추돌,신호위반,건조,맑음,교차로 - 교차로안,이륜,남,18세,경상,승용,남,35세,상해없음
2020110900100654,2020년 11월 9일 21시,월요일,경상남도 고성군 고성읍,중상사고,0,1,1,0,차대사람 - 보도통행중,안전운전불이행,건조,맑음,단일로 - 기타,이륜,남,18세,경상,보행자,여,55세,중상
2020110900100655,2020년 11월 9일 21시,월요일,경상남도 거제시 고현동,경상사고,0,0,2,0,차대차 - 측면충돌,안전운전불이행,건조,맑음,교차로 - 교차로안,승용,남,37세,상해없음,승용,남,57세,경상
2020110900100665,2020년 11월 9일 22시,월요일,경상남도 김해시 부원동,중상사고,0,2,2,0,차대차 - 추돌,안전운전불이행,건조,맑음,단일로 - 기타,승합,남,73세,상해없음,승용,남,50세,경상
2020110900100688,2020년 11월 9일 23시,월요일,경상남도 진주시 정촌면,경상사고,0,0,1,0,차대차 - 측면충돌,안전운전불이행,건조,맑음,단일로 - 기타,승용,남,62세,상해없음,승용,여,52세,경상
2020111000100010,2020년 11월 10일 00시,화요일,경상남도 함안군 칠서면,중상사고,0,1,0,0,차대차 - 측면충돌,신호위반,건조,맑음,교차로 - 교차로안,승용,남,35세,상해없음,승용,여,51세,중상
2020111000100019,2020년 11월 10일 01시,화요일,경상남도 김해시 무계동,중상사고,0,2,0,0,차대차 - 측면충돌,과속,건조,맑음,단일로 - 기타,승용,남,25세,상해없음,승용,남,39세,중상
2020111000100027,2020년 11월 10일 02시,화요일,경상남도 사천시 이홀동,중상사고,0,1,0,0,차대차 - 기타,안전운전불이행,건조,맑음,단일로 - 기타,승용,남,19세,상해없음,승용,남,68세,기타불명
2020111000100039,2020년 11월 10일 04시,화요일,경상남도 김해시 어방동,경상사고,0,0,2,0,차대차 - 기타,불법유턴,건조,맑음,교차로 - 교차로부근,승용,남,60세,상해없음,승용,남,26세,경상
2020111000100066,2020년 11월 10일 06시,화요일,경상남도 창원시 의창구 명서동,중상사고,0,1,0,0,차대차 - 기타,안전운전불이행,건조,맑음,교차로 - 교차로횡단보도내,승용,남,54세,상해없음,자전거,남,76세,중상
2020111000100087,2020년 11월 10일 07시,화요일,경상남도 양산시 동면,경상사고,0,0,1,0,차대차 - 측면충돌,신호위반,건조,맑음,교차로 - 교차로부근,화물,남,33세,상해없음,승용,여,51세,경상
2020111000100088,2020년 11월 10일 07시,화요일,경상남도 양산시 북정동,중상사고,0,1,0,0,차대차 - 정면충돌,안전운전불이행,건조,맑음,기타 - 기타,승용,남,25세,상해없음,이륜,남,38세,중상
2020111000100089,2020년 11월 10일 07시,화요일,경상남도 남해군 이동면,중상사고,0,1,0,0,차대사람 - 횡단중,안전운전불이행,건조,맑음,단일로 - 기타,화물,남,59세,상해없음,보행자,여,77세,중상
2020111000100090,2020년 11월 10일 07시,화요일,경상남도 산청군 신안면,경상사고,0,0,1,0,차대차 - 측면충돌,안전운전불이행,건조,맑음,단일로 - 기타,화물,남,67세,상해없음,이륜,남,82세,경상
2020111000100172,2020년 11월 10일 09시,화요일,경상남도 창원시 성산구 중앙동,경상사고,0,0,1,0,차대차 - 기타,안전운전불이행,건조,맑음,단일로 - 기타,승용,남,80세,상해없음,승합,남,52세,상해없음
2020111000100217,2020년 11월 10일 10시,화요일,경상남도 함양군 지곡면,경상사고,0,0,1,0,차대사람 - 기타,안전운전불이행,건조,맑음,주차장 - 주차장,화물,남,59세,상해없음,보행자,남,45세,경상
2020111000100248,2020년 11월 10일 11시,화요일,경상남도 합천군 합천읍,중상사고,0,1,0,0,차대사람 - 기타,안전운전불이행,건조,맑음,주차장 - 주차장,화물,남,51세,상해없음,보행자,남,85세,중상
2020111000100285,2020년 11월 10일 12시,화요일,경상남도 사천시 사천읍,중상사고,0,1,0,0,차대사람 - 기타,보행자보호의무위반,건조,맑음,교차로 - 교차로횡단보도내,승용,여,42세,상해없음,보행자,여,59세,중상
2020111000100286,2020년 11월 10일 12시,화요일,경상남도 양산시 평산동,경상사고,0,0,2,0,차대차 - 측면충돌,안전운전불이행,건조,맑음,교차로 - 교차로부근,승용,남,81세,기타불명,승용,여,47세,경상
2020111000100315,2020년 11월 10일 13시,화요일,경상남도 진주시 가좌동,경상사고,0,0,1,0,차대사람 - 차도통행중,안전운전불이행,건조,맑음,단일로 - 기타,승용,남,57세,상해없음,보행자,여,20세,경상
2020111000100316,2020년 11월 10일 13시,화요일,경상남도 김해시 부원동,경상사고,0,0,1,0,차대차 - 측면충돌,신호위반,건조,맑음,교차로 - 교차로부근,승용,여,48세,상해없음,승용,여,61세,경상
2020111000100317,2020년 11월 10일 13시,화요일,경상남도 창원시 의창구 명서동,경상사고,0,0,3,0,차대차 - 정면충돌,안전운전불이행,건조,맑음,교차로 - 교차로안,승용,여,61세,경상,승용,남,37세,경상