사고번호,사고일시,요일,시군구,사고내용,사망자수,중상자수,경상자수,부상신고자수,사고유형,법규위반,노면상태,기상상태,도로형태,가해운전자 차종,가해운전자 성별,가해운전자 연령,가해운전자 상해정도,피해운전자 차종,피해운전자 성별,피해운전자 연령,피해운전자 상해정도
2020111300100436,2020년 11월 13일 17시,금요일,경상남도 진주시 하대동,경상사고,0,0,1,0,차대사람 - 기타,안전운전불이행,건조,맑음,교차로 - 교차로부근,승용,남,37세,상해없음,보행자,남,26세,경상
2020111300100437,2020년 11월 13일 17시,금요일,경상남도 창원시 진해구 청안동,경상사고,0,0,2,0,차대차 - 기타,안전운전불이행,건조,맑음,단일로 - 기타,승용,여,27세,상해없음,승용,여,39세,경상
2020111300100438,2020년 11월 13일 17시,금요일,경상남도 창원시 진해구 경화동,경상사고,0,0,4,0,차대차 - 측면충돌,신호위반,건조,맑음,교차로 - 교차로안,승용,남,74세,상해없음,승용,여,43세,경상
2020111300100439,2020년 11월 13일 17시,금요일,경상남도 양산시 북정동,경상사고,0,0,2,0,차대차 - 측면충돌,안전운전불이행,건조,맑음,교차로 - 교차로안,원동기,남,17세,경상,승용,여,56세,경상
2020111300100440,2020년 11월 13일 17시,금요일,경상남도 거제시 상동동,중상사고,0,1,0,0,차대차 - 기타,교차로운행방법위반,건조,맑음,교차로 - 교차로안,승용,남,51세,상해없음,이륜,남,47세,중상
2020111300100441,2020년 11월 13일 17시,금요일,경상남도 산청군 신안면,경상사고,0,0,1,0,차대차 - 측면충돌,안전운전불이행,건조,맑음,교차로 - 교차로안,승용,남,64세,상해없음,승용,여,63세,경상
2020111300100504,2020년 11월 13일 18시,금요일,경상남도 함안군 칠원읍,중상사고,0,2,4,0,차대차 - 추돌,안전운전불이행,건조,맑음,단일로 - 기타,승용,남,48세,상해없음,화물,남,44세,경상
2020111300100558,2020년 11월 13일 19시,금요일,경상남도 김해시 구산동,중상사고,0,1,0,0,차대차 - 측면충돌,신호위반,건조,맑음,교차로 - 교차로안,승용,남,61세,상해없음,이륜,남,37세,중상
2020111300100594,2020년 11월 13일 20시,금요일,경상남도 창원시 마산합포구 장군동5가,경상사고,0,0,1,0,차량단독 - 기타,안전운전불이행,건조,맑음,교차로 - 교차로부근,승합,남,59세,상해없음,,,,
2020111300100595,2020년 11월 13일 20시,금요일,경상남도 양산시 북부동,경상사고,0,0,2,0,차대차 - 측면충돌,교차로운행방법위반,건조,맑음,교차로 - 교차로안,승용,여,29세,상해없음,승용,남,30세,경상
2020111300100596,2020년 11월 13일 20시,금요일,경상남도 의령군 유곡면,경상사고,0,0,1,0,차대차 - 측면충돌,교차로운행방법위반,건조,맑음,교차로 - 교차로부근,승용,남,76세,상해없음,승용,남,36세,경상
2020111300100597,2020년 11월 13일 20시,금요일,경상남도 김해시 진영읍,중상사고,0,1,0,0,차대차 - 추돌,안전운전불이행,건조,맑음,단일로 - 기타,기타불명,기타불명,미분류,기타불명,승용,여,45세,중상
2020111300100635,2020년 11월 13일 21시,금요일,경상남도 창원시 의창구 소계동,경상사고,0,0,2,0,차대차 - 기타,안전운전불이행,건조,맑음,교차로 - 교차로부근,승용,남,36세,상해없음,승용,여,23세,경상
2020111300100636,2020년 11월 13일 21시,금요일,경상남도 김해시 부곡동,중상사고,0,1,0,0,차대차 - 측면충돌,차로위반,건조,맑음,단일로 - 기타,승용,여,54세,상해없음,이륜,남,29세,중상
2020111300100679,2020년 11월 13일 23시,금요일,경상남도 김해시 외동,경상사고,0,0,1,0,차대사람 - 기타,안전운전불이행,건조,맑음,단일로 - 기타,승용,남,60세,상해없음,보행자,남,30세,경상
2020111300100680,2020년 11월 13일 23시,금요일,경상남도 창원시 의창구 동읍,중상사고,0,1,0,0,차대사람 - 기타,안전운전불이행,건조,맑음,기타 - 기타,승용,남,40세,상해없음,보행자,여,63세,중상
2020111400100035,2020년 11월 14일 01시,토요일,경상남도 창원시 성산구 안민동,중상사고,0,1,0,0,차대차 - 정면충돌,중앙선침범,건조,맑음,교차로 - 교차로안,승용,남,54세,상해없음,승용,남,61세,상해없음
2020111400100046,2020년 11월 14일 02시,토요일,경상남도 창원시 진해구 석동,경상사고,0,0,4,0,차대차 - 기타,안전운전불이행,건조,맑음,단일로 - 기타,승용,여,40세,상해없음,승용,남,27세,경상
2020111400100047,2020년 11월 14일 02시,토요일,경상남도 창원시 의창구 봉곡동,경상사고,0,0,1,0,차대차 - 기타,차로위반,건조,맑음,단일로 - 기타,승합,남,32세,상해없음,승용,남,64세,경상
2020111400100061,2020년 11월 14일 03시,토요일,경상남도 김해시 부원동,중상사고,0,1,0,0,차량단독 - 공작물충돌,안전운전불이행,건조,맑음,단일로 - 기타,이륜,여,44세,중상,,,,
2020111400100062,2020년 11월 14일 03시,토요일,경상남도 김해시 내동,중상사고,0,1,1,0,차대사람 - 횡단중,안전운전불이행,건조,맑음,교차로 - 교차로부근,승용,남,35세,경상,보행자,남,18세,중상
2020111400100073,2020년 11월 14일 04시,토요일,경상남도 진주시 평거동,중상사고,0,1,0,0,차대사람 - 횡단중,신호위반,건조,맑음,교차로 - 교차로횡단보도내,승용,남,37세,상해없음,보행자,남,36세,중상
2020111400100099,2020년 11월 14일 06시,토요일,경상남도 함안군 가야읍,중상사고,0,1,0,0,차대사람 - 횡단중,보행자보호의무위반,건조,맑음,교차로 - 교차로횡단보도내,승용,남,60세,상해없음,보행자,남,59세,중상
2020111400100187,2020년 11월 14일 10시,토요일,경상남도 창원시 마산합포구 진전면,중상사고,0,1,0,0,차대차 - 기타,안전운전불이행,건조,맑음,단일로 - 기타,화물,남,67세,상해없음,자전거,남,41세,중상
2020111400100225,2020년 11월 14일 11시,토요일,경상남도 창원시 마산회원구 석전동,경상사고,0,0,1,0,차대차 - 측면충돌,안전운전불이행,건조,맑음,단일로 - 기타,승용,남,66세,상해없음,승용,남,45세,경상
2020111400100267,2020년 11월 14일 12시,토요일,경상남도 사천시 곤양면,중상사고,0,1,7,0,차대차 - 추돌,안전운전불이행,건조,맑음,단일로 - 기타,승용,남,36세,상해없음,승용,남,31세,중상
2020111400100268,2020년 11월 14일 12시,토요일,경상남도 양산시 명동,중상사고,0,1,0,0,차대차 - 측면충돌,안전운전불이행,건조,맑음,기타 - 기타,승용,여,43세,상해없음,이륜,남,29세,중상
2020111400100342,2020년 11월 14일 14시,토요일,경상남도 창원시 의창구 팔용동,경상사고,0,0,2,0,차대차 - 측면충돌,교차로운행방법위반,건조,맑음,교차로 - 교차로안,승용,남,59세,경상,승용,남,66세,경상
2020111400100385,2020년 11월 14일 15시,토요일,경상남도 거제시 하청면,사망사고,1,0,0,0,차대차 - 기타,안전운전불이행,건조,맑음,단일로 - 기타,농기계,남,80세,사망,건설기계,남,60세,상해없음
2020111400100386,2020년 11월 14일 15시,토요일,경상남도 산청군 생초면,중상사고,0,1,1,0,차대차 - 정면충돌,중앙선침범,건조,맑음,단일로 - 기타,승용,여,57세,중상,승합,남,34세,경상
2020111400100430,2020년 11월 14일 16시,토요일,경상남도 창원시 진해구 남문동,경상사고,0,0,3,0,차대차 - 기타,중앙선침범,건조,맑음,단일로 - 기타,화물,남,55세,상해없음,승용,여,31세,경상
2020111400100431,2020년 11월 14일 16시,토요일,경상남도 창원시 의창구 도계동,경상사고,0,0,1,0,차대차 - 측면충돌,신호위반,건조,맑음,교차로 - 교차로안,이륜,남,65세,경상,승용,여,48세,상해없음
2020111400100467,2020년 11월 14일 17시,토요일,경상남도 진주시 강남동,경상사고,0,0,1,0,차대차 - 측면충돌,안전운전불이행,건조,맑음,교차로 - 교차로안,승용,여,65세,상해없음,자전거,남,15세,경상
2020111400100468,2020년 11월 14일 17시,토요일,경상남도 창원시 진해구 제덕동,경상사고,0,0,1,0,차대차 - 측면충돌,안전운전불이행,건조,맑음,교차로 - 교차로부근,승용,여,48세,상해없음,자전거,남,13세,경상
2020111400100469,2020년 11월 14일 17시,토요일,경상남도 통영시 무전동,경상사고,0,0,1,0,차대차 - 측면충돌,안전운전불이행,건조,맑음,교차로 - 교차로안,승용,남,78세,상해없음,이륜,남,37세,경상
2020111400100470,2020년 11월 14일 17시,토요일,경상남도 통영시 용남면,중상사고,0,1,0,0,차량단독 - 기타,안전운전불이행,건조,맑음,단일로 - 기타,승합,남,55세,상해없음,,,,
2020111400100471,2020년 11월 14일 17시,토요일,경상남도 함양군 함양읍,경상사고,0,0,1,0,차대차 - 측면충돌,교차로운행방법위반,건조,기타,교차로 - 교차로안,화물,남,64세,상해없음,이륜,남,30세,경상
2020111400100472,2020년 11월 14일 17시,토요일,경상남도 남해군 창선면,경상사고,0,0,1,0,차대차 - 측면충돌,안전운전불이행,건조,맑음,단일로 - 기타,이륜,남,21세,경상,승용,남,68세,상해없음
2020111400100501,2020년 11월 14일 18시,토요일,경상남도 김해시 삼문동,경상사고,0,0,1,0,차대차 - 추돌,안전거리미확보,건조,맑음,단일로 - 기타,화물,남,31세,상해없음,승용,여,58세,경상
2020111400100516,2020년 11월 14일 18시,토요일,경상남도 김해시 삼방동,중상사고,0,1,0,0,차대사람 - 기타,안전운전불이행,건조,맑음,교차로 - 교차로안,화물,남,59세,상해없음,보행자,남,62세,중상
2020111400100517,2020년 11월 14일 18시,토요일,경상남도 거제시 아양동,경상사고,0,0,2,0,차대차 - 기타,안전거리미확보,건조,맑음,단일로 - 기타,승합,여,41세,상해없음,승용,남,33세,경상
2020111400100582,2020년 11월 14일 20시,토요일,경상남도 거제시 사등면,사망사고,1,0,0,0,차대사람 - 횡단중,안전운전불이행,건조,맑음,단일로 - 기타,승용,남,59세,상해없음,보행자,여,56세,사망
2020111400100622,2020년 11월 14일 22시,토요일,경상남도 의령군 용덕면,사망사고,1,0,0,0,차량단독 - 공작물충돌,안전운전불이행,건조,맑음,단일로 - 기타,화물,남,68세,사망,,,,
2020111500100062,2020년 11월 15일 08시,일요일,경상남도 합천군 용주면,경상사고,0,0,1,0,차대차 - 추돌,안전운전불이행,건조,맑음,단일로 - 기타,화물,남,62세,상해없음,원동기,남,27세,경상
2020111500100063,2020년 11월 15일 08시,일요일,경상남도 양산시 동면,경상사고,0,0,1,0,차대차 - 기타,신호위반,건조,맑음,교차로 - 교차로안,승용,남,39세,상해없음,승용,남,60세,경상
2020111500100081,2020년 11월 15일 09시,일요일,경상남도 김해시 구산동,경상사고,0,0,1,0,차대사람 - 횡단중,안전운전불이행,건조,맑음,단일로 - 기타,승용,남,36세,상해없음,보행자,남,12세,경상
2020111500100102,2020년 11월 15일 10시,일요일,경상남도 김해시 내동,중상사고,0,1,0,0,차대사람 - 보도통행중,안전운전불이행,건조,맑음,기타 - 기타,승용,남,42세,상해없음,보행자,여,61세,중상
2020111500100103,2020년 11월 15일 10시,일요일,경상남도 김해시 진영읍,경상사고,0,0,2,0,차대차 - 추돌,안전운전불이행,건조,맑음,주차장 - 주차장,승용,남,83세,상해없음,승용,남,34세,상해없음
2020111500100122,2020년 11월 15일 11시,일요일,경상남도 통영시 서호동,경상사고,0,0,2,0,차대차 - 측면충돌,교차로운행방법위반,건조,맑음,교차로 - 교차로안,승용,남,31세,상해없음,승용,남,44세,경상
2020111500100123,2020년 11월 15일 11시,일요일,경상남도 양산시 원동면,경상사고,0,0,1,0,차대차 - 기타,안전운전불이행,건조,맑음,단일로 - 기타,승용,남,57세,기타불명,자전거,남,42세,경상
2020111500100148,2020년 11월 15일 12시,일요일,경상남도 창원시 진해구 용원동,경상사고,0,0,1,0,차대차 - 측면충돌,중앙선침범,건조,맑음,단일로 - 기타,자전거,남,9세,경상,승용,여,43세,상해없음
2020111500100149,2020년 11월 15일 12시,일요일,경상남도 창원시 의창구 동읍,경상사고,0,0,2,0,차대차 - 후진중충돌,안전운전불이행,건조,맑음,단일로 - 기타,승용,남,67세,상해없음,승용,남,34세,경상
2020111500100181,2020년 11월 15일 13시,일요일,경상남도 양산시 하북면,부상신고사고,0,0,0,1,차량단독 - 기타,안전운전불이행,건조,맑음,기타 - 기타,이륜,남,52세,부상신고,,,,
2020111500100182,2020년 11월 15일 13시,일요일,경상남도 양산시 덕계동,경상사고,0,0,2,0,차대차 - 기타,신호위반,건조,맑음,교차로 - 교차로안,승용,남,34세,상해없음,승용,남,69세,경상
2020111500100192,2020년 11월 15일 14시,일요일,경상남도 양산시 동면,경상사고,0,0,1,0,차대차 - 측면충돌,안전거리미확보,건조,맑음,단일로 - 기타,승용,여,35세,상해없음,승용,남,37세,경상
2020111500100217,2020년 11월 15일 14시,일요일,경상남도 창원시 마산합포구 신포동1가,경상사고,0,0,1,0,차대사람 - 기타,안전운전불이행,건조,맑음,주차장 - 주차장,승용,남,86세,상해없음,보행자,여,53세,경상
2020111500100218,2020년 11월 15일 14시,일요일,경상남도 밀양시 하남읍,중상사고,0,1,0,0,차대차 - 측면충돌,안전운전불이행,건조,맑음,교차로 - 교차로안,승용,여,58세,상해없음,이륜,남,82세,중상
2020111500100245,2020년 11월 15일 15시,일요일,경상남도 창원시 진해구 대죽동,중상사고,0,1,0,0,차대사람 - 기타,안전운전불이행,건조,맑음,단일로 - 기타,승용,여,27세,상해없음,보행자,남,75세,중상
2020111500100246,2020년 11월 15일 15시,일요일,경상남도 김해시 부원동,경상사고,0,0,1,0,차대차 - 기타,안전운전불이행,건조,맑음,교차로 - 교차로안,승용,남,43세,상해없음,이륜,남,35세,경상
2020111500100247,2020년 11월 15일 15시,일요일,경상남도 김해시 동상동,중상사고,0,1,0,0,차대차 - 측면충돌,신호위반,건조,맑음,교차로 - 교차로부근,승용,남,28세,상해없음,이륜,남,44세,중상
2020111500100282,2020년 11월 15일 16시,일요일,경상남도 창원시 진해구 남문동,중상사고,0,1,0,0,차대차 - 측면충돌,직진우회전진행방해,건조,맑음,교차로 - 교차로안,승용,남,54세,상해없음,이륜,남,44세,중상
2020111500100283,2020년 11월 15일 16시,일요일,경상남도 김해시 진영읍,경상사고,0,0,2,0,차대차 - 추돌,신호위반,건조,맑음,기타 - 기타,이륜,남,26세,상해없음,화물,남,55세,경상
2020111500100306,2020년 11월 15일 17시,일요일,경상남도 통영시 용남면,중상사고,0,1,0,0,차대차 - 추돌,안전거리미확보,건조,맑음,단일로 - 기타,승용,여,55세,상해없음,승용,남,52세,중상
2020111500100307,2020년 11월 15일 17시,일요일,경상남도 사천시 용현면,사망사고,1,0,0,0,차대사람 - 기타,안전운전불이행,건조,맑음,단일로 - 기타,승용,남,73세,상해없음,보행자,여,91세,사망
2020111500100351,2020년 11월 15일 18시,일요일,경상남도 진주시 내동면,중상사고,0,1,0,0,차대차 - 측면충돌,신호위반,건조,맑음,교차로 - 교차로안,자전거,남,73세,중상,승용,남,50세,상해없음
2020111500100352,2020년 11월 15일 18시,일요일,경상남도 김해시 대동면,중상사고,0,1,0,0,차대사람 - 기타,안전운전불이행,건조,맑음,단일로 - 기타,승합,남,49세,상해없음,보행자,남,59세,중상
2020111500100353,2020년 11월 15일 18시,일요일,경상남도 김해시 어방동,중상사고,0,1,0,0,차대사람 - 횡단중,안전운전불이행,건조,맑음,교차로 - 교차로안,승용,여,52세,상해없음,보행자,여,54세,중상
2020111500100355,2020년 11월 15일 18시,일요일,경상남도 고성군 고성읍,중상사고,0,1,0,0,차대차 - 기타,직진우회전진행방해,건조,맑음,교차로 - 교차로안,승용,여,50세,상해없음,이륜,여,58세,중상
2020111500100356,2020년 11월 15일 18시,일요일,경상남도 남해군 창선면,중상사고,0,3,2,0,차대차 - 추돌,안전운전불이행,건조,맑음,단일로 - 기타,화물,남,45세,경상,승용,남,53세,중상
2020111500100398,2020년 11월 15일 19시,일요일,경상남도 양산시 삼호동,경상사고,0,0,2,0,차대차 - 기타,신호위반,건조,맑음,교차로 - 교차로안,화물,남,50세,경상,승용,여,50세,경상
2020111500100399,2020년 11월 15일 19시,일요일,경상남도 김해시 신문동,경상사고,0,0,1,0,차대차 - 추돌,안전운전불이행,건조,맑음,교차로 - 교차로안,승용,남,30세,기타불명,승용,남,53세,경상
2020111500100424,2020년 11월 15일 20시,일요일,경상남도 김해시 외동,경상사고,0,0,1,0,차대사람 - 기타,안전운전불이행,건조,맑음,교차로 - 교차로부근,승용,남,30세,상해없음,보행자,남,37세,경상
2020111600100016,2020년 11월 16일 03시,월요일,경상남도 양산시 물금읍,경상사고,0,0,2,1,차대차 - 기타,신호위반,건조,맑음,교차로 - 교차로안,이륜,남,41세,부상신고,승용,여,29세,경상
2020111600100057,2020년 11월 16일 06시,월요일,경상남도 합천군 용주면,중상사고,0,1,0,0,차량단독 - 도로외이탈 - 추락,안전운전불이행,건조,맑음,단일로 - 기타,건설기계,남,54세,중상,,,,
2020111600100058,2020년 11월 16일 06시,월요일,경상남도 창원시 의창구 명서동,부상신고사고,0,0,0,1,차대사람 - 기타,안전운전불이행,건조,맑음,교차로 - 교차로안,승용,남,65세,상해없음,보행자,남,59세,부상신고
2020111600100083,2020년 11월 16일 07시,월요일,경상남도 양산시 유산동,중상사고,0,2,0,0,차대차 - 기타,교차로운행방법위반,건조,맑음,교차로 - 교차로부근,승용,남,69세,상해없음,승용,남,64세,중상
2020111600100084,2020년 11월 16일 07시,월요일,경상남도 고성군 회화면,경상사고,0,0,2,0,차대차 - 추돌,차로위반,건조,맑음,단일로 - 기타,승용,남,67세,상해없음,화물,여,60세,경상
2020111600100118,2020년 11월 16일 08시,월요일,경상남도 산청군 시천면,중상사고,0,1,1,0,차대차 - 추돌,안전운전불이행,건조,맑음,단일로 - 기타,화물,남,53세,경상,건설기계,남,59세,상해없음
2020111600100158,2020년 11월 16일 09시,월요일,경상남도 창원시 마산회원구 봉암동,경상사고,0,0,2,0,차대차 - 측면충돌,안전운전불이행,건조,맑음,단일로 - 기타,특수,남,30세,상해없음,승용,여,35세,경상
2020111600100188,2020년 11월 16일 10시,월요일,경상남도 창원시 진해구 이동,경상사고,0,0,1,0,차대차 - 추돌,안전운전불이행,건조,맑음,단일로 - 기타,승용,남,43세,상해없음,승용,남,52세,경상
2020111600100189,2020년 11월 16일 10시,월요일,경상남도 창녕군 영산면,중상사고,0,2,1,0,차대차 - 기타,신호위반,건조,맑음,교차로 - 교차로안,승용,남,56세,경상,승용,남,70세,중상
2020111600100191,2020년 11월 16일 10시,월요일,경상남도 창원시 성산구 남양동,경상사고,0,0,1,0,차대차 - 측면충돌,신호위반,건조,맑음,교차로 - 교차로안,승용,남,68세,상해없음,화물,남,31세,경상
2020111600100237,2020년 11월 16일 11시,월요일,경상남도 양산시 물금읍,중상사고,0,1,0,0,차대차 - 측면충돌,신호위반,건조,맑음,교차로 - 교차로횡단보도내,승합,남,59세,상해없음,자전거,남,78세,중상
2020111600100276,2020년 11월 16일 12시,월요일,경상남도 창원시 마산합포구 상남동,중상사고,0,1,0,0,차대사람 - 기타,안전운전불이행,건조,맑음,단일로 - 기타,승용,여,60세,상해없음,보행자,남,81세,중상
2020111600100277,2020년 11월 16일 12시,월요일,경상남도 양산시 삼호동,중상사고,0,1,0,0,차대사람 - 횡단중,보행자보호의무위반,건조,맑음,교차로 - 교차로안,승용,남,74세,상해없음,보행자,남,62세,중상
2020111600100309,2020년 11월 16일 13시,월요일,경상남도 김해시 대동면,경상사고,0,0,1,0,차대차 - 추돌,직진우회전진행방해,건조,맑음,교차로 - 교차로안,건설기계,남,56세,상해없음,승용,남,46세,경상
2020111600100341,2020년 11월 16일 14시,월요일,경상남도 창원시 진해구 이동,경상사고,0,0,1,0,차대차 - 기타,직진우회전진행방해,건조,맑음,교차로 - 교차로안,원동기,남,21세,경상,승용,남,58세,상해없음
2020111600100342,2020년 11월 16일 14시,월요일,경상남도 밀양시 삼문동,중상사고,0,1,0,0,차대사람 - 횡단중,보행자보호의무위반,건조,맑음,교차로 - 교차로안,승용,여,51세,상해없음,보행자,남,82세,중상
2020111600100343,2020년 11월 16일 14시,월요일,경상남도 김해시 대동면,중상사고,0,1,0,0,차대차 - 추돌,직진우회전진행방해,건조,맑음,교차로 - 교차로안,화물,남,57세,상해없음,이륜,남,68세,중상
2020111600100378,2020년 11월 16일 15시,월요일,경상남도 진주시 가좌동,경상사고,0,0,1,0,차대차 - 측면충돌,중앙선침범,건조,맑음,단일로 - 기타,이륜,남,84세,경상,승용,여,56세,상해없음
2020111600100379,2020년 11월 16일 15시,월요일,경상남도 합천군 합천읍,부상신고사고,0,0,0,1,차대차 - 측면충돌,안전운전불이행,건조,맑음,교차로 - 교차로부근,자전거,남,51세,부상신고,화물,남,68세,상해없음
2020111600100419,2020년 11월 16일 16시,월요일,경상남도 창원시 진해구 충무동,경상사고,0,0,1,0,차대차 - 측면충돌,안전운전불이행,건조,맑음,교차로 - 교차로안,화물,남,45세,상해없음,자전거,남,78세,경상
2020111600100420,2020년 11월 16일 16시,월요일,경상남도 거창군 거창읍,중상사고,0,1,0,0,차대차 - 측면충돌,안전운전불이행,건조,맑음,단일로 - 기타,승용,남,26세,상해없음,이륜,남,14세,중상
2020111600100463,2020년 11월 16일 17시,월요일,경상남도 거창군 가조면,중상사고,0,1,0,0,차대차 - 측면충돌,직진우회전진행방해,건조,맑음,교차로 - 교차로안,화물,남,69세,상해없음,이륜,남,60세,중상
2020111600100464,2020년 11월 16일 17시,월요일,경상남도 창녕군 도천면,경상사고,0,0,1,0,차대차 - 측면충돌,안전운전불이행,건조,맑음,주차장 - 주차장,화물,남,64세,상해없음,화물,남,62세,경상
2020111600100465,2020년 11월 16일 17시,월요일,경상남도 거제시 상동동,경상사고,0,0,2,0,차대차 - 기타,신호위반,건조,맑음,교차로 - 교차로안,승용,남,55세,상해없음,승용,남,43세,경상
2020111600100525,2020년 11월 16일 18시,월요일,경상남도 밀양시 내이동,중상사고,0,1,0,0,차대사람 - 기타,안전운전불이행,건조,맑음,교차로 - 교차로안,승용,여,66세,상해없음,보행자,여,67세,중상
2020111600100526,2020년 11월 16일 18시,월요일,경상남도 김해시 삼정동,경상사고,0,0,2,0,차대차 - 정면충돌,안전운전불이행,건조,맑음,교차로 - 교차로부근,승용,여,40세,상해없음,승용,남,37세,경상
2020111600100527,2020년 11월 16일 18시,월요일,경상남도 양산시 북부동,경상사고,0,0,1,0,차대사람 - 횡단중,보행자보호의무위반,건조,맑음,교차로 - 교차로횡단보도내,화물,남,59세,상해없음,보행자,여,46세,경상
2020111600100528,2020년 11월 16일 18시,월요일,경상남도 양산시 물금읍,부상신고사고,0,0,0,1,차대차 - 측면충돌,직진우회전진행방해,건조,맑음,교차로 - 교차로안,승용,남,30세,상해없음,승용,여,62세,부상신고
2020111600100529,2020년 11월 16일 18시,월요일,경상남도 거제시 아주동,경상사고,0,0,2,0,차대차 - 추돌,안전거리미확보,건조,맑음,단일로 - 기타,승용,여,50세,상해없음,승용,여,28세,경상
2020111600100581,2020년 11월 16일 19시,월요일,경상남도 창원시 진해구 석동,경상사고,0,0,4,0,차대차 - 기타,안전운전불이행,건조,맑음,교차로 - 교차로안,승용,여,75세,상해없음,승용,여,61세,경상
2020111600100582,2020년 11월 16일 19시,월요일,경상남도 거제시 고현동,중상사고,0,1,1,0,차대차 - 기타,교차로운행방법위반,건조,맑음,교차로 - 교차로안,승용,남,57세,상해없음,이륜,남,36세,경상
2020111600100583,2020년 11월 16일 19시,월요일,경상남도 창원시 마산합포구 산호동,중상사고,0,1,0,0,차대사람 - 횡단중,신호위반,건조,맑음,단일로 - 기타,이륜,남,40세,상해없음,보행자,여,50세,중상
2020111600100584,2020년 11월 16일 19시,월요일,경상남도 김해시 진영읍,경상사고,0,0,1,0,차대차 - 측면충돌,안전운전불이행,건조,맑음,교차로 - 교차로안,승용,남,62세,상해없음,승용,남,46세,경상
2020111600100636,2020년 11월 16일 21시,월요일,경상남도 창원시 마산합포구 진전면,사망사고,1,0,0,0,차량단독 - 공작물충돌,안전운전불이행,건조,맑음,교차로 - 교차로안,화물,남,65세,사망,,,,
2020111600100637,2020년 11월 16일 21시,월요일,경상남도 창원시 마산합포구 교방동,경상사고,0,0,1,0,차대차 - 기타,신호위반,건조,맑음,교차로 - 교차로부근,승용,남,67세,상해없음,승용,남,61세,경상
2020111600100638,2020년 11월 16일 21시,월요일,경상남도 거제시 일운면,경상사고,0,0,1,0,차대차 - 추돌,안전운전불이행,건조,맑음,단일로 - 기타,승용,여,65세,상해없음,승용,여,64세,경상
2020111600100657,2020년 11월 16일 22시,월요일,경상남도 진주시 신안동,중상사고,0,1,0,0,차대차 - 정면충돌,신호위반,건조,맑음,교차로 - 교차로안,원동기,남,24세,중상,승용,남,52세,상해없음
2020111600100658,2020년 11월 16일 22시,월요일,경상남도 김해시 어방동,경상사고,0,0,1,0,차대사람 - 횡단중,보행자보호의무위반,건조,흐림,교차로 - 교차로횡단보도내,승용,남,29세,상해없음,보행자,여,16세,경상
2020111700100045,2020년 11월 17일 05시,화요일,경상남도 창원시 진해구 석동,사망사고,2,0,0,0,차량단독 - 공작물충돌,차로위반,건조,맑음,단일로 - 터널,원동기,남,17세,사망,,,,
2020111700100046,2020년 11월 17일 05시,화요일,경상남도 양산시 물금읍,경상사고,0,0,1,0,차대차 - 측면충돌,신호위반,건조,맑음,교차로 - 교차로안,승용,남,61세,상해없음,화물,남,31세,경상
2020111700100059,2020년 11월 17일 06시,화요일,경상남도 통영시 명정동,사망사고,1,0,1,0,차대차 - 추돌,과속,건조,맑음,단일로 - 기타,승용,남,47세,경상,승용,남,42세,상해없음
2020111700100075,2020년 11월 17일 07시,화요일,경상남도 양산시 물금읍,경상사고,0,0,1,0,차대차 - 측면충돌,신호위반,건조,맑음,교차로 - 교차로안,화물,남,36세,상해없음,화물,남,35세,경상
2020111700100109,2020년 11월 17일 08시,화요일,경상남도 진주시 평안동,중상사고,0,1,0,0,차대사람 - 횡단중,보행자보호의무위반,건조,맑음,교차로 - 교차로횡단보도내,승용,남,28세,상해없음,보행자,여,70세,중상
2020111700100110,2020년 11월 17일 08시,화요일,경상남도 양산시 명동,경상사고,0,0,1,0,차대차 - 측면충돌,안전거리미확보,건조,맑음,단일로 - 기타,승용,남,78세,상해없음,승용,남,29세,경상
2020111700100111,2020년 11월 17일 08시,화요일,경상남도 산청군 산청읍,경상사고,0,0,1,0,차대차 - 추돌,안전운전불이행,건조,맑음,교차로 - 교차로부근,농기계,남,79세,상해없음,승용,남,31세,경상
2020111700100150,2020년 11월 17일 09시,화요일,경상남도 창원시 마산회원구 내서읍,경상사고,0,0,8,0,차대차 - 측면충돌,신호위반,건조,맑음,교차로 - 교차로안,승용,여,50세,상해없음,승합,남,53세,경상
2020111700100183,2020년 11월 17일 10시,화요일,경상남도 창원시 의창구 신월동,경상사고,0,0,1,0,차대사람 - 차도통행중,안전운전불이행,건조,맑음,단일로 - 기타,승용,여,56세,상해없음,보행자,남,28세,경상
2020111700100221,2020년 11월 17일 11시,화요일,경상남도 창원시 의창구 중동,중상사고,0,1,0,0,차대차 - 측면충돌,신호위반,건조,맑음,교차로 - 교차로안,승용,남,45세,상해없음,원동기,남,40세,중상
2020111700100240,2020년 11월 17일 12시,화요일,경상남도 창원시 진해구 용원동,경상사고,0,0,1,0,차대차 - 측면충돌,안전거리미확보,건조,맑음,교차로 - 교차로안,승용,남,59세,상해없음,승용,여,43세,경상
2020111700100301,2020년 11월 17일 14시,화요일,경상남도 창원시 마산합포구 진동면,경상사고,0,0,1,0,차대차 - 기타,신호위반,건조,맑음,교차로 - 교차로부근,화물,남,42세,상해없음,승용,남,28세,경상