사고번호,사고일시,요일,시군구,사고내용,사망자수,중상자수,경상자수,부상신고자수,사고유형,법규위반,노면상태,기상상태,도로형태,가해운전자 차종,가해운전자 성별,가해운전자 연령,가해운전자 상해정도,피해운전자 차종,피해운전자 성별,피해운전자 연령,피해운전자 상해정도
2020111700100302,2020년 11월 17일 14시,화요일,경상남도 창원시 진해구 이동,경상사고,0,0,1,0,차대차 - 추돌,안전운전불이행,건조,맑음,교차로 - 교차로부근,승용,여,42세,상해없음,승용,남,52세,경상
2020111700100303,2020년 11월 17일 14시,화요일,경상남도 창녕군 창녕읍,중상사고,0,1,1,0,차대차 - 추돌,안전운전불이행,건조,맑음,단일로 - 기타,건설기계,남,55세,경상,건설기계,남,58세,중상
2020111700100304,2020년 11월 17일 14시,화요일,경상남도 양산시 상북면,중상사고,0,1,0,0,차대차 - 측면충돌,안전운전불이행,건조,맑음,단일로 - 기타,승합,남,66세,상해없음,이륜,남,79세,중상
2020111700100305,2020년 11월 17일 14시,화요일,경상남도 고성군 고성읍,중상사고,0,2,0,0,차대차 - 측면충돌,안전운전불이행,건조,맑음,교차로 - 교차로안,이륜,여,69세,중상,화물,남,58세,상해없음
2020111700100339,2020년 11월 17일 15시,화요일,경상남도 진주시 금산면,중상사고,0,1,0,0,차대차 - 기타,안전운전불이행,건조,맑음,교차로 - 교차로안,이륜,남,81세,중상,승용,남,66세,상해없음
2020111700100371,2020년 11월 17일 16시,화요일,경상남도 통영시 명정동,경상사고,0,0,4,1,차대차 - 기타,안전운전불이행,건조,맑음,교차로 - 교차로안,화물,남,48세,경상,승용,여,20세,경상
2020111700100421,2020년 11월 17일 17시,화요일,경상남도 창녕군 남지읍,경상사고,0,0,1,0,차대차 - 측면충돌,직진우회전진행방해,건조,맑음,교차로 - 교차로안,승용,남,65세,상해없음,화물,남,61세,경상
2020111700100422,2020년 11월 17일 17시,화요일,경상남도 양산시 덕계동,경상사고,0,0,3,1,차대차 - 추돌,안전운전불이행,건조,맑음,단일로 - 기타,승용,남,77세,부상신고,승용,여,68세,경상
2020111700100423,2020년 11월 17일 17시,화요일,경상남도 창원시 성산구 상남동,경상사고,0,0,1,0,차대사람 - 차도통행중,안전운전불이행,건조,맑음,단일로 - 기타,승용,남,61세,상해없음,보행자,여,8세,경상
2020111700100498,2020년 11월 17일 18시,화요일,경상남도 양산시 평산동,중상사고,0,1,0,0,차대차 - 측면충돌,신호위반,건조,맑음,교차로 - 교차로안,승용,여,25세,상해없음,이륜,남,31세,중상
2020111700100499,2020년 11월 17일 18시,화요일,경상남도 창원시 성산구 반지동,부상신고사고,0,0,0,1,차대사람 - 차도통행중,안전운전불이행,건조,맑음,교차로 - 교차로안,승용,남,41세,상해없음,보행자,여,50세,부상신고
2020111700100553,2020년 11월 17일 19시,화요일,경상남도 김해시 삼계동,경상사고,0,0,1,0,차대차 - 정면충돌,안전운전불이행,건조,맑음,교차로 - 교차로안,승용,남,27세,상해없음,승용,여,51세,경상
2020111700100554,2020년 11월 17일 19시,화요일,경상남도 양산시 물금읍,경상사고,0,0,1,0,차대차 - 기타,교차로운행방법위반,젖음/습기,비,교차로 - 교차로부근,승용,여,55세,상해없음,승용,여,25세,경상
2020111700100555,2020년 11월 17일 19시,화요일,경상남도 함안군 가야읍,사망사고,2,4,3,0,차대차 - 정면충돌,과속,젖음/습기,흐림,단일로 - 기타,승용,남,59세,사망,화물,남,57세,중상
2020111700100556,2020년 11월 17일 19시,화요일,경상남도 창원시 의창구 북면,중상사고,0,1,0,0,차대사람 - 기타,신호위반,젖음/습기,기타,교차로 - 교차로안,승용,남,32세,상해없음,보행자,남,69세,중상
2020111700100557,2020년 11월 17일 19시,화요일,경상남도 김해시 풍유동,경상사고,0,0,1,0,차대차 - 추돌,안전운전불이행,건조,맑음,교차로 - 교차로안,승용,남,33세,상해없음,승용,여,51세,경상
2020111700100594,2020년 11월 17일 20시,화요일,경상남도 함안군 가야읍,경상사고,0,0,1,0,차대차 - 추돌,안전거리미확보,건조,맑음,교차로 - 교차로부근,승용,남,39세,상해없음,승용,남,47세,경상
2020111700100595,2020년 11월 17일 20시,화요일,경상남도 창원시 마산회원구 합성동,경상사고,0,0,1,0,차대차 - 측면충돌,안전운전불이행,건조,맑음,교차로 - 교차로안,승용,남,65세,상해없음,승용,여,53세,경상
2020111700100596,2020년 11월 17일 20시,화요일,경상남도 김해시 주촌면,중상사고,0,1,0,0,차량단독 - 공작물충돌,안전운전불이행,건조,맑음,단일로 - 기타,승용,남,58세,중상,,,,
2020111700100659,2020년 11월 17일 23시,화요일,경상남도 창원시 의창구 소계동,경상사고,0,0,1,0,차대차 - 측면충돌,신호위반,건조,기타,교차로 - 교차로안,승용,남,47세,상해없음,화물,남,48세,경상
2020111800100011,2020년 11월 18일 00시,수요일,경상남도 통영시 당동,중상사고,0,1,1,0,차대차 - 기타,교차로운행방법위반,건조,맑음,교차로 - 교차로안,승용,남,41세,경상,승용,남,61세,상해없음
2020111800100031,2020년 11월 18일 02시,수요일,경상남도 고성군 고성읍,부상신고사고,0,0,0,1,차대차 - 추돌,안전운전불이행,건조,맑음,단일로 - 기타,승용,여,46세,부상신고,이륜,남,54세,기타불명
2020111800100135,2020년 11월 18일 08시,수요일,경상남도 통영시 무전동,경상사고,0,0,2,0,차대차 - 측면충돌,교차로운행방법위반,건조,맑음,교차로 - 교차로안,승용,여,39세,경상,승용,남,44세,경상
2020111800100136,2020년 11월 18일 08시,수요일,경상남도 김해시 대성동,경상사고,0,0,1,0,차대사람 - 차도통행중,안전운전불이행,건조,맑음,단일로 - 기타,화물,남,50세,상해없음,보행자,남,21세,경상
2020111800100137,2020년 11월 18일 08시,수요일,경상남도 양산시 물금읍,경상사고,0,0,2,0,차대차 - 기타,안전운전불이행,건조,맑음,교차로 - 교차로안,화물,남,32세,경상,승용,남,31세,경상
2020111800100138,2020년 11월 18일 08시,수요일,경상남도 창원시 의창구 중동,경상사고,0,0,2,0,차대차 - 추돌,안전운전불이행,건조,맑음,단일로 - 기타,승용,남,67세,상해없음,승용,남,39세,경상
2020111800100174,2020년 11월 18일 09시,수요일,경상남도 창원시 진해구 경화동,중상사고,0,1,0,0,차대차 - 기타,안전운전불이행,건조,맑음,단일로 - 기타,승용,남,70세,상해없음,이륜,남,52세,중상
2020111800100175,2020년 11월 18일 09시,수요일,경상남도 함안군 가야읍,중상사고,0,1,0,0,차대사람 - 횡단중,안전운전불이행,건조,흐림,교차로 - 교차로안,승용,남,23세,상해없음,보행자,여,79세,중상
2020111800100209,2020년 11월 18일 10시,수요일,경상남도 진주시 봉곡동,경상사고,0,0,1,0,차대차 - 추돌,안전운전불이행,건조,맑음,교차로 - 교차로안,화물,남,65세,상해없음,자전거,남,59세,경상
2020111800100210,2020년 11월 18일 10시,수요일,경상남도 사천시 정동면,중상사고,0,1,0,0,차대차 - 기타,신호위반,건조,맑음,교차로 - 교차로안,승용,남,73세,상해없음,화물,남,62세,중상
2020111800100211,2020년 11월 18일 10시,수요일,경상남도 거제시 하청면,경상사고,0,0,2,0,차대차 - 측면충돌,안전운전불이행,건조,맑음,교차로 - 교차로안,승용,남,64세,경상,승용,남,28세,경상
2020111800100244,2020년 11월 18일 11시,수요일,경상남도 양산시 삼호동,중상사고,0,1,0,0,차대사람 - 횡단중,안전운전불이행,건조,맑음,교차로 - 교차로안,승용,남,55세,상해없음,보행자,남,73세,중상
2020111800100306,2020년 11월 18일 13시,수요일,경상남도 함안군 칠서면,중상사고,0,1,2,0,차대차 - 측면충돌,신호위반,건조,맑음,교차로 - 교차로안,승용,남,77세,경상,화물,남,68세,경상
2020111800100336,2020년 11월 18일 14시,수요일,경상남도 사천시 용강동,중상사고,0,1,0,0,차대사람 - 기타,안전운전불이행,건조,맑음,교차로 - 교차로부근,화물,남,54세,상해없음,보행자,남,81세,중상
2020111800100371,2020년 11월 18일 15시,수요일,경상남도 창녕군 창녕읍,중상사고,0,1,0,0,차대차 - 기타,기타,건조,흐림,단일로 - 기타,승용,남,45세,상해없음,자전거,남,77세,중상
2020111800100372,2020년 11월 18일 15시,수요일,경상남도 창원시 의창구 명서동,중상사고,0,1,0,0,차대사람 - 기타,안전운전불이행,건조,맑음,교차로 - 교차로안,승용,남,61세,상해없음,보행자,남,72세,중상
2020111800100373,2020년 11월 18일 15시,수요일,경상남도 김해시 대청동,중상사고,0,1,1,0,차대차 - 추돌,안전운전불이행,건조,맑음,단일로 - 기타,이륜,남,26세,중상,승합,남,61세,상해없음
2020111800100410,2020년 11월 18일 16시,수요일,경상남도 창원시 진해구 태백동,중상사고,0,1,0,1,차대차 - 측면충돌,중앙선침범,건조,맑음,단일로 - 기타,화물,남,70세,부상신고,화물,남,38세,중상
2020111800100411,2020년 11월 18일 16시,수요일,경상남도 김해시 생림면,경상사고,0,0,1,0,차대차 - 후진중충돌,불법유턴,건조,맑음,단일로 - 기타,승용,남,59세,상해없음,화물,남,38세,경상
2020111800100412,2020년 11월 18일 16시,수요일,경상남도 함안군 칠원읍,경상사고,0,0,3,0,차대사람 - 기타,안전운전불이행,건조,맑음,단일로 - 기타,화물,남,63세,상해없음,보행자,여,15세,경상
2020111800100456,2020년 11월 18일 17시,수요일,경상남도 통영시 미수동,중상사고,0,1,0,0,차대사람 - 횡단중,안전운전불이행,건조,맑음,기타 - 기타,승용,남,72세,상해없음,보행자,남,79세,중상
2020111800100457,2020년 11월 18일 17시,수요일,경상남도 통영시 무전동,경상사고,0,0,4,0,차대차 - 기타,신호위반,건조,맑음,교차로 - 교차로안,승용,남,58세,상해없음,승용,여,34세,경상
2020111800100458,2020년 11월 18일 17시,수요일,경상남도 남해군 남해읍,중상사고,0,1,0,0,차대차 - 측면충돌,교차로운행방법위반,젖음/습기,흐림,교차로 - 교차로안,승용,여,44세,상해없음,승용,여,47세,중상
2020111800100521,2020년 11월 18일 18시,수요일,경상남도 사천시 사천읍,중상사고,0,1,0,0,차대차 - 측면충돌,직진우회전진행방해,젖음/습기,비,교차로 - 교차로안,이륜,남,59세,중상,승용,여,50세,상해없음
2020111800100522,2020년 11월 18일 18시,수요일,경상남도 창녕군 계성면,중상사고,0,1,0,0,차대차 - 측면충돌,중앙선침범,젖음/습기,비,단일로 - 기타,건설기계,남,56세,상해없음,승용,여,63세,중상
2020111800100523,2020년 11월 18일 18시,수요일,경상남도 양산시 물금읍,중상사고,0,1,0,0,차대차 - 측면충돌,직진우회전진행방해,건조,맑음,교차로 - 교차로안,승용,남,32세,상해없음,자전거,남,12세,중상
2020111800100583,2020년 11월 18일 19시,수요일,경상남도 창원시 진해구 여좌동,경상사고,0,0,1,0,차대차 - 추돌,안전운전불이행,건조,맑음,교차로 - 교차로부근,승용,남,48세,상해없음,승용,남,43세,경상
2020111800100584,2020년 11월 18일 19시,수요일,경상남도 통영시 당동,경상사고,0,0,3,0,차대차 - 추돌,안전운전불이행,건조,맑음,기타 - 기타,승용,남,31세,상해없음,승합,여,61세,경상
2020111800100585,2020년 11월 18일 19시,수요일,경상남도 창녕군 대합면,경상사고,0,0,1,0,차대차 - 추돌,안전운전불이행,젖음/습기,비,단일로 - 기타,화물,남,73세,상해없음,승용,여,54세,경상
2020111800100586,2020년 11월 18일 19시,수요일,경상남도 양산시 물금읍,중상사고,0,1,0,0,차대차 - 측면충돌,안전운전불이행,젖음/습기,비,교차로 - 교차로안,이륜,남,29세,상해없음,자전거,남,80세,중상
2020111800100587,2020년 11월 18일 19시,수요일,경상남도 거제시 상동동,경상사고,0,0,1,0,차대차 - 측면충돌,안전운전불이행,건조,맑음,교차로 - 교차로안,승합,남,64세,상해없음,승용,남,63세,경상
2020111800100588,2020년 11월 18일 19시,수요일,경상남도 김해시 한림면,중상사고,0,1,1,0,차대차 - 추돌,신호위반,젖음/습기,비,단일로 - 교량,화물,남,51세,상해없음,승용,남,50세,경상
2020111800100619,2020년 11월 18일 20시,수요일,경상남도 김해시 대청동,중상사고,0,2,1,0,차대차 - 측면충돌,안전운전불이행,젖음/습기,비,단일로 - 기타,승합,남,60세,상해없음,승용,여,27세,중상
2020111800100649,2020년 11월 18일 21시,수요일,경상남도 사천시 서포면,경상사고,0,0,1,1,차량단독 - 기타,안전운전불이행,젖음/습기,비,단일로 - 기타,이륜,남,23세,경상,,,,
2020111800100650,2020년 11월 18일 21시,수요일,경상남도 창원시 마산회원구 두척동,경상사고,0,0,2,0,차대차 - 측면충돌,중앙선침범,젖음/습기,비,교차로 - 교차로부근,승용,남,58세,상해없음,승용,여,36세,경상
2020111800100674,2020년 11월 18일 22시,수요일,경상남도 진주시 평거동,중상사고,0,1,0,0,차대사람 - 횡단중,안전운전불이행,젖음/습기,비,교차로 - 교차로부근,승용,남,35세,상해없음,보행자,여,59세,중상
2020111800100675,2020년 11월 18일 22시,수요일,경상남도 김해시 풍유동,중상사고,0,1,1,0,차대차 - 측면충돌,안전운전불이행,젖음/습기,비,교차로 - 교차로부근,화물,남,47세,중상,화물,남,49세,경상
2020111800100697,2020년 11월 18일 23시,수요일,경상남도 사천시 선구동,중상사고,0,1,0,0,차대사람 - 기타,안전운전불이행,젖음/습기,흐림,교차로 - 교차로안,승용,남,59세,상해없음,보행자,남,53세,중상
2020111900100026,2020년 11월 19일 01시,목요일,경상남도 거제시 고현동,중상사고,0,1,0,0,차대사람 - 횡단중,안전운전불이행,젖음/습기,비,교차로 - 교차로부근,승합,남,60세,상해없음,보행자,남,54세,중상
2020111900100063,2020년 11월 19일 05시,목요일,경상남도 거제시 옥포동,중상사고,0,1,0,0,차대사람 - 횡단중,보행자보호의무위반,건조,맑음,기타 - 기타,승용,남,62세,상해없음,보행자,여,59세,중상
2020111900100106,2020년 11월 19일 07시,목요일,경상남도 양산시 하북면,경상사고,0,0,1,0,차대차 - 추돌,안전거리미확보,젖음/습기,맑음,단일로 - 기타,화물,남,58세,상해없음,화물,남,38세,경상
2020111900100128,2020년 11월 19일 07시,목요일,경상남도 양산시 상북면,중상사고,0,1,0,0,차대사람 - 횡단중,보행자보호의무위반,젖음/습기,비,교차로 - 교차로횡단보도내,화물,남,60세,상해없음,보행자,여,55세,중상
2020111900100129,2020년 11월 19일 07시,목요일,경상남도 고성군 고성읍,경상사고,0,0,2,0,차대차 - 측면충돌,교차로운행방법위반,젖음/습기,비,교차로 - 교차로부근,승용,남,58세,경상,승용,남,63세,경상
2020111900100178,2020년 11월 19일 08시,목요일,경상남도 사천시 송포동,중상사고,0,1,1,0,차대차 - 추돌,안전운전불이행,건조,맑음,단일로 - 기타,화물,남,53세,상해없음,승용,남,33세,상해없음
2020111900100179,2020년 11월 19일 08시,목요일,경상남도 의령군 칠곡면,중상사고,0,1,0,0,차대차 - 기타,안전운전불이행,젖음/습기,흐림,단일로 - 기타,기타불명,기타불명,미분류,기타불명,화물,남,33세,중상
2020111900100223,2020년 11월 19일 09시,목요일,경상남도 함양군 함양읍,경상사고,0,0,2,0,차대차 - 추돌,안전운전불이행,건조,맑음,단일로 - 지하차도(도로)내,승용,남,27세,경상,화물,남,45세,경상
2020111900100224,2020년 11월 19일 09시,목요일,경상남도 하동군 옥종면,중상사고,0,1,0,0,차대차 - 추돌,안전운전불이행,젖음/습기,흐림,단일로 - 기타,승용,남,40세,상해없음,농기계,남,80세,중상
2020111900100225,2020년 11월 19일 09시,목요일,경상남도 거제시 연초면,중상사고,0,1,3,0,차대차 - 추돌,안전운전불이행,건조,맑음,교차로 - 교차로부근,화물,남,53세,상해없음,승용,여,38세,경상
2020111900100227,2020년 11월 19일 09시,목요일,경상남도 김해시 진영읍,경상사고,0,0,1,0,차대차 - 측면충돌,안전운전불이행,건조,맑음,교차로 - 교차로부근,승용,여,20세,경상,화물,남,50세,상해없음
2020111900100260,2020년 11월 19일 10시,목요일,경상남도 거창군 거창읍,중상사고,0,1,1,0,차대차 - 측면충돌,직진우회전진행방해,건조,맑음,교차로 - 교차로안,화물,남,56세,경상,승용,여,60세,중상
2020111900100294,2020년 11월 19일 11시,목요일,경상남도 밀양시 삼문동,경상사고,0,0,1,0,차대사람 - 보도통행중,안전운전불이행,건조,맑음,교차로 - 교차로안,승용,여,23세,상해없음,보행자,남,52세,경상
2020111900100394,2020년 11월 19일 14시,목요일,경상남도 창원시 마산합포구 진북면,중상사고,0,1,0,0,차대차 - 측면충돌,안전운전불이행,젖음/습기,흐림,교차로 - 교차로안,승용,여,48세,상해없음,이륜,남,55세,중상
2020111900100395,2020년 11월 19일 14시,목요일,경상남도 창원시 진해구 풍호동,경상사고,0,0,1,0,차대차 - 측면충돌,직진우회전진행방해,건조,맑음,교차로 - 교차로부근,승용,남,66세,상해없음,승용,여,55세,경상
2020111900100458,2020년 11월 19일 16시,목요일,경상남도 김해시 주촌면,경상사고,0,0,1,0,차량단독 - 전도전복 - 전도,안전운전불이행,젖음/습기,비,단일로 - 기타,화물,남,72세,경상,,,,
2020111900100500,2020년 11월 19일 17시,목요일,경상남도 밀양시 삼문동,중상사고,0,1,0,0,차대사람 - 횡단중,안전운전불이행,건조,흐림,단일로 - 기타,승용,남,66세,상해없음,보행자,여,66세,중상
2020111900100550,2020년 11월 19일 18시,목요일,경상남도 진주시 상평동,중상사고,0,1,0,0,차대사람 - 기타,안전운전불이행,젖음/습기,흐림,기타 - 기타,승용,남,52세,상해없음,보행자,남,38세,중상
2020111900100622,2020년 11월 19일 20시,목요일,경상남도 양산시 삼호동,부상신고사고,0,0,0,1,차대사람 - 기타,안전운전불이행,건조,맑음,단일로 - 기타,승합,남,60세,상해없음,보행자,여,70세,부상신고
2020111900100623,2020년 11월 19일 20시,목요일,경상남도 김해시 진영읍,중상사고,0,1,0,0,차대사람 - 횡단중,안전운전불이행,건조,맑음,교차로 - 교차로안,승용,남,73세,상해없음,보행자,여,72세,중상
2020111900100653,2020년 11월 19일 21시,목요일,경상남도 창원시 진해구 안골동,중상사고,0,1,0,0,차량단독 - 기타,안전운전불이행,건조,맑음,단일로 - 기타,이륜,남,40세,상해없음,,,,
2020111900100654,2020년 11월 19일 21시,목요일,경상남도 김해시 삼정동,중상사고,0,1,0,0,차대사람 - 횡단중,안전운전불이행,건조,맑음,단일로 - 기타,승용,남,63세,상해없음,보행자,여,77세,중상
2020111900100655,2020년 11월 19일 21시,목요일,경상남도 김해시 부원동,경상사고,0,0,1,0,차대차 - 정면충돌,교차로운행방법위반,건조,맑음,교차로 - 교차로안,승용,여,58세,상해없음,이륜,남,41세,경상
2020111900100656,2020년 11월 19일 21시,목요일,경상남도 거제시 일운면,경상사고,0,0,2,0,차대차 - 정면충돌,중앙선침범,건조,맑음,교차로 - 교차로안,승용,여,56세,상해없음,승용,남,25세,경상
2020111900100676,2020년 11월 19일 22시,목요일,경상남도 거제시 옥포동,중상사고,0,2,2,0,차대차 - 측면충돌,신호위반,건조,맑음,교차로 - 교차로안,이륜,남,40세,중상,승용,남,34세,경상
2020112000100012,2020년 11월 20일 00시,금요일,경상남도 창원시 마산합포구 추산동,경상사고,0,0,1,0,차대차 - 추돌,안전운전불이행,건조,맑음,단일로 - 기타,승용,남,62세,상해없음,승용,남,29세,경상
2020112000100013,2020년 11월 20일 00시,금요일,경상남도 창원시 성산구 웅남동,경상사고,0,0,2,0,차대차 - 추돌,안전운전불이행,건조,맑음,교차로 - 교차로부근,승용,남,44세,상해없음,승용,남,33세,경상
2020112000100123,2020년 11월 20일 08시,금요일,경상남도 양산시 동면,중상사고,0,1,0,0,차대차 - 기타,안전운전불이행,건조,맑음,단일로 - 기타,승용,여,53세,기타불명,승용,여,35세,중상
2020112000100124,2020년 11월 20일 08시,금요일,경상남도 양산시 상북면,중상사고,0,1,0,0,차대차 - 기타,안전운전불이행,건조,맑음,단일로 - 기타,승용,남,35세,상해없음,이륜,남,22세,중상
2020112000100125,2020년 11월 20일 08시,금요일,경상남도 거제시 거제면,중상사고,0,1,0,0,차대차 - 측면충돌,안전운전불이행,건조,맑음,교차로 - 교차로안,이륜,남,52세,상해없음,화물,남,74세,상해없음
2020112000100126,2020년 11월 20일 08시,금요일,경상남도 거제시 고현동,중상사고,0,1,0,0,차대사람 - 기타,안전운전불이행,건조,맑음,단일로 - 기타,승용,남,54세,기타불명,보행자,남,75세,중상
2020112000100155,2020년 11월 20일 09시,금요일,경상남도 김해시 풍유동,경상사고,0,0,1,0,차대차 - 측면충돌,신호위반,건조,맑음,교차로 - 교차로안,승용,남,48세,상해없음,승용,여,37세,경상
2020112000100176,2020년 11월 20일 10시,금요일,경상남도 함양군 휴천면,중상사고,0,1,1,0,차량단독 - 도로외이탈 - 기타,안전운전불이행,건조,맑음,단일로 - 기타,승용,여,64세,경상,,,,
2020112000100212,2020년 11월 20일 11시,금요일,경상남도 양산시 동면,경상사고,0,0,1,0,차대차 - 기타,안전운전불이행,건조,맑음,교차로 - 교차로안,승용,남,77세,상해없음,승용,남,36세,경상
2020112000100213,2020년 11월 20일 11시,금요일,경상남도 함안군 가야읍,중상사고,0,1,0,0,차대차 - 기타,안전운전불이행,건조,맑음,주차장 - 주차장,화물,남,32세,상해없음,자전거,남,87세,중상
2020112000100288,2020년 11월 20일 13시,금요일,경상남도 진주시 대곡면,경상사고,0,0,2,0,차대차 - 정면충돌,중앙선침범,건조,맑음,단일로 - 기타,화물,남,53세,상해없음,화물,남,54세,경상
2020112000100289,2020년 11월 20일 13시,금요일,경상남도 밀양시 삼문동,중상사고,0,1,1,0,차대차 - 측면충돌,신호위반,건조,맑음,교차로 - 교차로안,승용,남,44세,경상,승용,여,35세,중상
2020112000100290,2020년 11월 20일 13시,금요일,경상남도 밀양시 상남면,경상사고,0,0,1,0,차대차 - 추돌,안전운전불이행,건조,맑음,단일로 - 기타,승용,여,59세,상해없음,승용,여,57세,경상
2020112000100291,2020년 11월 20일 13시,금요일,경상남도 양산시 상북면,중상사고,0,1,0,0,차대차 - 기타,안전운전불이행,건조,맑음,단일로 - 고가도로위,기타불명,기타불명,미분류,기타불명,원동기,남,72세,중상
2020112000100292,2020년 11월 20일 13시,금요일,경상남도 거제시 일운면,중상사고,0,3,2,0,차대차 - 측면충돌,안전운전불이행,건조,맑음,교차로 - 교차로안,승용,여,33세,경상,승용,남,61세,중상
2020112000100354,2020년 11월 20일 15시,금요일,경상남도 창원시 진해구 충무동,경상사고,0,0,1,0,차대사람 - 기타,안전운전불이행,건조,맑음,단일로 - 기타,승용,남,65세,상해없음,보행자,여,63세,경상
2020112000100355,2020년 11월 20일 15시,금요일,경상남도 사천시 사천읍,경상사고,0,0,1,0,차대차 - 정면충돌,중앙선침범,건조,맑음,단일로 - 기타,승용,여,61세,상해없음,승용,남,65세,경상
2020112000100356,2020년 11월 20일 15시,금요일,경상남도 함양군 함양읍,경상사고,0,0,1,0,차대차 - 기타,안전거리미확보,건조,맑음,단일로 - 기타,원동기,남,83세,경상,화물,남,40세,상해없음
2020112000100357,2020년 11월 20일 15시,금요일,경상남도 거제시 장평동,경상사고,0,0,1,0,차대차 - 기타,중앙선침범,건조,맑음,교차로 - 교차로부근,승용,남,63세,상해없음,자전거,남,43세,경상
2020112000100358,2020년 11월 20일 15시,금요일,경상남도 거제시 사등면,경상사고,0,0,2,0,차대차 - 기타,안전거리미확보,건조,맑음,단일로 - 기타,화물,남,46세,상해없음,승용,여,56세,경상
2020112000100359,2020년 11월 20일 15시,금요일,경상남도 거제시 아주동,경상사고,0,0,3,0,차대차 - 추돌,안전거리미확보,건조,맑음,단일로 - 터널,승합,남,18세,상해없음,승용,여,32세,경상
2020112000100398,2020년 11월 20일 16시,금요일,경상남도 통영시 무전동,경상사고,0,0,3,0,차대차 - 추돌,안전운전불이행,건조,맑음,단일로 - 기타,화물,남,47세,상해없음,화물,남,70세,상해없음
2020112000100399,2020년 11월 20일 16시,금요일,경상남도 밀양시 내일동,중상사고,0,1,0,0,차대차 - 측면충돌,교차로운행방법위반,건조,맑음,교차로 - 교차로안,승용,남,27세,상해없음,자전거,남,44세,중상
2020112000100400,2020년 11월 20일 16시,금요일,경상남도 김해시 대동면,경상사고,0,0,1,0,차대차 - 측면충돌,안전운전불이행,건조,맑음,단일로 - 기타,승용,여,35세,상해없음,자전거,남,56세,경상
2020112000100401,2020년 11월 20일 16시,금요일,경상남도 양산시 물금읍,경상사고,0,0,1,0,차대사람 - 기타,안전운전불이행,건조,맑음,단일로 - 기타,승용,여,77세,상해없음,보행자,여,15세,경상
2020112000100460,2020년 11월 20일 17시,금요일,경상남도 창원시 마산합포구 완월동,경상사고,0,0,1,0,차대사람 - 차도통행중,안전운전불이행,건조,맑음,교차로 - 교차로부근,승용,남,40세,상해없음,보행자,여,17세,경상
2020112000100461,2020년 11월 20일 17시,금요일,경상남도 진주시 봉곡동,중상사고,0,1,0,0,차대사람 - 횡단중,보행자보호의무위반,건조,맑음,단일로 - 기타,승용,남,63세,상해없음,보행자,남,68세,중상
2020112000100462,2020년 11월 20일 17시,금요일,경상남도 함양군 함양읍,중상사고,0,1,0,0,차대차 - 측면충돌,교차로운행방법위반,건조,맑음,교차로 - 교차로안,승용,남,46세,상해없음,이륜,남,84세,중상
2020112000100463,2020년 11월 20일 17시,금요일,경상남도 의령군 의령읍,경상사고,0,0,1,0,차대차 - 측면충돌,중앙선침범,건조,맑음,교차로 - 교차로부근,승용,남,28세,상해없음,승용,여,58세,상해없음
2020112000100536,2020년 11월 20일 18시,금요일,경상남도 진주시 칠암동,중상사고,0,1,0,0,차대사람 - 횡단중,보행자보호의무위반,건조,맑음,단일로 - 기타,승용,남,58세,상해없음,보행자,여,66세,중상
2020112000100537,2020년 11월 20일 18시,금요일,경상남도 거창군 거창읍,중상사고,0,1,0,0,차대사람 - 차도통행중,안전운전불이행,건조,기타,단일로 - 기타,이륜,남,66세,상해없음,보행자,남,77세,중상
2020112000100538,2020년 11월 20일 18시,금요일,경상남도 창녕군 창녕읍,경상사고,0,0,1,0,차대사람 - 기타,안전운전불이행,건조,맑음,교차로 - 교차로안,승용,남,42세,상해없음,보행자,남,61세,경상
2020112000100539,2020년 11월 20일 18시,금요일,경상남도 양산시 덕계동,중상사고,0,1,0,0,차대사람 - 횡단중,안전운전불이행,건조,맑음,기타 - 기타,승용,남,33세,상해없음,보행자,남,68세,중상
2020112000100540,2020년 11월 20일 18시,금요일,경상남도 창원시 성산구 사파동,경상사고,0,0,1,0,차대차 - 측면충돌,안전운전불이행,건조,맑음,교차로 - 교차로안,기타불명,기타불명,미분류,기타불명,승용,남,47세,경상
2020112000100541,2020년 11월 20일 18시,금요일,경상남도 창원시 의창구 대원동,경상사고,0,0,2,0,차대차 - 측면충돌,차로위반,건조,맑음,단일로 - 기타,승용,남,46세,상해없음,승용,남,25세,경상
2020112000100542,2020년 11월 20일 18시,금요일,경상남도 창원시 의창구 팔용동,경상사고,0,0,2,0,차대차 - 측면충돌,교차로운행방법위반,건조,맑음,교차로 - 교차로안,승용,남,25세,경상,승용,여,38세,경상
2020112000100543,2020년 11월 20일 18시,금요일,경상남도 김해시 진영읍,경상사고,0,0,1,0,차대차 - 측면충돌,안전운전불이행,건조,맑음,단일로 - 기타,승용,여,36세,상해없음,승용,남,34세,경상
2020112000100693,2020년 11월 20일 22시,금요일,경상남도 양산시 남부동,중상사고,0,1,0,0,차량단독 - 기타,안전운전불이행,건조,맑음,단일로 - 기타,자전거,남,15세,중상,,,,