사고번호,사고일시,요일,시군구,사고내용,사망자수,중상자수,경상자수,부상신고자수,사고유형,법규위반,노면상태,기상상태,도로형태,가해운전자 차종,가해운전자 성별,가해운전자 연령,가해운전자 상해정도,피해운전자 차종,피해운전자 성별,피해운전자 연령,피해운전자 상해정도
2020112000100694,2020년 11월 20일 22시,금요일,경상남도 창원시 의창구 서상동,경상사고,0,0,1,0,차대사람 - 횡단중,안전운전불이행,건조,맑음,교차로 - 교차로횡단보도내,이륜,남,35세,상해없음,보행자,여,56세,경상
2020112000100722,2020년 11월 20일 23시,금요일,경상남도 통영시 무전동,경상사고,0,0,3,0,차대차 - 측면충돌,안전운전불이행,건조,맑음,단일로 - 기타,승용,여,35세,경상,승용,여,45세,경상
2020112100100014,2020년 11월 21일 00시,토요일,경상남도 김해시 응달동,중상사고,0,1,0,0,차대사람 - 기타,안전운전불이행,건조,맑음,교차로 - 교차로부근,화물,남,38세,상해없음,보행자,남,37세,중상
2020112100100034,2020년 11월 21일 01시,토요일,경상남도 남해군 이동면,중상사고,0,1,1,0,차대차 - 정면충돌,안전운전불이행,건조,맑음,단일로 - 기타,승용,남,55세,상해없음,승용,남,62세,중상
2020112100100070,2020년 11월 21일 05시,토요일,경상남도 양산시 중부동,사망사고,1,1,0,0,차량단독 - 기타,안전운전불이행,건조,맑음,단일로 - 터널,이륜,남,24세,중상,,,,
2020112100100082,2020년 11월 21일 06시,토요일,경상남도 남해군 고현면,경상사고,0,0,2,1,차대차 - 추돌,안전운전불이행,건조,맑음,단일로 - 기타,승용,여,60세,상해없음,승용,여,54세,부상신고
2020112100100101,2020년 11월 21일 07시,토요일,경상남도 거제시 아주동,경상사고,0,0,1,0,차대차 - 기타,안전운전불이행,건조,맑음,교차로 - 교차로부근,승용,남,36세,상해없음,이륜,남,32세,경상
2020112100100115,2020년 11월 21일 08시,토요일,경상남도 창원시 의창구 사림동,경상사고,0,0,1,0,차대차 - 측면충돌,안전운전불이행,건조,맑음,교차로 - 교차로안,승용,여,26세,상해없음,승용,여,49세,경상
2020112100100136,2020년 11월 21일 09시,토요일,경상남도 통영시 무전동,경상사고,0,0,1,0,차대차 - 측면충돌,신호위반,건조,맑음,교차로 - 교차로안,승용,여,58세,상해없음,승용,여,41세,경상
2020112100100137,2020년 11월 21일 09시,토요일,경상남도 합천군 쌍백면,중상사고,0,1,0,0,차대차 - 기타,직진우회전진행방해,건조,맑음,교차로 - 교차로안,화물,남,49세,상해없음,승합,남,46세,상해없음
2020112100100161,2020년 11월 21일 10시,토요일,경상남도 남해군 창선면,경상사고,0,0,3,1,차대차 - 측면충돌,안전운전불이행,건조,맑음,단일로 - 기타,승용,남,48세,부상신고,승용,남,58세,경상
2020112100100234,2020년 11월 21일 12시,토요일,경상남도 김해시 내동,중상사고,0,1,0,0,차대차 - 기타,안전거리미확보,건조,맑음,단일로 - 기타,승용,남,46세,상해없음,원동기,남,33세,중상
2020112100100235,2020년 11월 21일 12시,토요일,경상남도 양산시 물금읍,경상사고,0,0,1,0,차대차 - 측면충돌,신호위반,건조,맑음,교차로 - 교차로안,원동기,남,32세,상해없음,원동기,남,36세,경상
2020112100100236,2020년 11월 21일 12시,토요일,경상남도 양산시 어곡동,경상사고,0,0,1,0,차대차 - 측면충돌,안전운전불이행,건조,맑음,교차로 - 교차로안,승용,남,56세,기타불명,승용,남,45세,경상
2020112100100237,2020년 11월 21일 12시,토요일,경상남도 남해군 삼동면,경상사고,0,0,1,0,차대차 - 측면충돌,중앙선침범,건조,맑음,단일로 - 기타,승용,남,75세,상해없음,이륜,남,44세,경상
2020112100100274,2020년 11월 21일 13시,토요일,경상남도 창원시 마산합포구 진동면,중상사고,0,1,0,0,차량단독 - 전도전복 - 전도,안전운전불이행,건조,맑음,단일로 - 기타,이륜,남,59세,중상,,,,
2020112100100275,2020년 11월 21일 13시,토요일,경상남도 양산시 물금읍,중상사고,0,1,4,0,차대차 - 측면충돌,교차로운행방법위반,건조,맑음,교차로 - 교차로안,승용,남,29세,상해없음,승용,여,50세,중상
2020112100100276,2020년 11월 21일 13시,토요일,경상남도 창원시 성산구 외동,경상사고,0,0,1,0,차대차 - 측면충돌,신호위반,건조,맑음,교차로 - 교차로안,화물,남,28세,상해없음,원동기,남,30세,경상
2020112100100277,2020년 11월 21일 13시,토요일,경상남도 창원시 성산구 중앙동,경상사고,0,0,1,0,차대차 - 기타,안전운전불이행,건조,맑음,단일로 - 기타,승용,남,41세,상해없음,승용,남,26세,경상
2020112100100278,2020년 11월 21일 13시,토요일,경상남도 창원시 의창구 동읍,경상사고,0,0,1,0,차대차 - 기타,안전운전불이행,건조,맑음,단일로 - 교량,승용,남,41세,상해없음,승용,남,46세,경상
2020112100100324,2020년 11월 21일 14시,토요일,경상남도 창원시 성산구 외동,중상사고,0,1,0,0,차대차 - 측면충돌,신호위반,건조,맑음,교차로 - 교차로안,승용,남,27세,기타불명,이륜,남,53세,중상
2020112100100355,2020년 11월 21일 15시,토요일,경상남도 창원시 마산합포구 동성동,중상사고,0,1,1,0,차대차 - 정면충돌,신호위반,건조,맑음,교차로 - 교차로안,이륜,남,80세,중상,승용,여,50세,상해없음
2020112100100421,2020년 11월 21일 17시,토요일,경상남도 창원시 마산합포구 교방동,중상사고,0,1,0,0,차대차 - 측면충돌,안전운전불이행,건조,맑음,교차로 - 교차로안,승용,여,56세,상해없음,이륜,남,57세,중상
2020112100100422,2020년 11월 21일 17시,토요일,경상남도 사천시 정동면,중상사고,0,1,0,0,차대차 - 측면충돌,기타,건조,맑음,교차로 - 교차로안,승용,남,50세,상해없음,승용,여,60세,중상
2020112100100423,2020년 11월 21일 17시,토요일,경상남도 양산시 물금읍,경상사고,0,0,1,0,차대차 - 측면충돌,안전운전불이행,건조,맑음,교차로 - 교차로안,승용,여,63세,상해없음,자전거,여,50세,경상
2020112100100465,2020년 11월 21일 18시,토요일,경상남도 사천시 사천읍,부상신고사고,0,0,0,1,차대사람 - 기타,안전운전불이행,건조,맑음,단일로 - 기타,승용,남,62세,상해없음,보행자,남,20세,부상신고
2020112100100503,2020년 11월 21일 19시,토요일,경상남도 거창군 거창읍,경상사고,0,0,1,0,차대차 - 정면충돌,안전운전불이행,건조,맑음,교차로 - 교차로안,승용,남,56세,상해없음,승용,여,47세,경상
2020112100100504,2020년 11월 21일 19시,토요일,경상남도 남해군 남해읍,경상사고,0,0,2,0,차대차 - 후진중충돌,안전운전불이행,건조,흐림,주차장 - 주차장,화물,남,54세,상해없음,승용,남,33세,경상
2020112100100505,2020년 11월 21일 19시,토요일,경상남도 창원시 성산구 대방동,경상사고,0,0,1,0,차대차 - 후진중충돌,안전운전불이행,건조,맑음,교차로 - 교차로안,승용,남,65세,상해없음,승용,남,31세,경상
2020112100100533,2020년 11월 21일 20시,토요일,경상남도 양산시 동면,경상사고,0,0,2,0,차대차 - 측면충돌,신호위반,건조,맑음,교차로 - 교차로안,승용,남,58세,기타불명,승용,남,28세,경상
2020112100100554,2020년 11월 21일 21시,토요일,경상남도 남해군 서면,경상사고,0,0,1,0,차대차 - 추돌,안전운전불이행,건조,흐림,단일로 - 기타,승용,남,41세,경상,승용,남,45세,기타불명
2020112100100555,2020년 11월 21일 21시,토요일,경상남도 창원시 마산회원구 양덕동,경상사고,0,0,1,0,차대차 - 측면충돌,신호위반,건조,맑음,교차로 - 교차로안,승합,남,47세,상해없음,승용,여,33세,경상
2020112100100569,2020년 11월 21일 22시,토요일,경상남도 고성군 거류면,부상신고사고,0,0,0,1,차량단독 - 도로외이탈 - 추락,안전운전불이행,건조,맑음,단일로 - 기타,승용,남,54세,부상신고,,,,
2020112100100570,2020년 11월 21일 22시,토요일,경상남도 창원시 의창구 명서동,사망사고,1,0,0,0,차대사람 - 차도통행중,안전운전불이행,건조,맑음,교차로 - 교차로부근,승용,남,23세,상해없음,보행자,남,47세,사망
2020112100100594,2020년 11월 21일 23시,토요일,경상남도 창원시 의창구 사림동,경상사고,0,0,1,0,차대차 - 측면충돌,신호위반,건조,맑음,교차로 - 교차로안,승용,여,60세,상해없음,승용,여,55세,경상
2020112100100595,2020년 11월 21일 23시,토요일,경상남도 창원시 마산회원구 석전동,경상사고,0,0,1,0,차대차 - 추돌,안전운전불이행,건조,맑음,교차로 - 교차로부근,승용,남,51세,상해없음,이륜,남,57세,경상
2020112200100009,2020년 11월 22일 00시,일요일,경상남도 창녕군 영산면,경상사고,0,0,1,0,차량단독 - 기타,안전운전불이행,건조,맑음,단일로 - 기타,승용,남,50세,경상,,,,
2020112200100010,2020년 11월 22일 00시,일요일,경상남도 김해시 진영읍,부상신고사고,0,0,0,1,차대사람 - 기타,안전운전불이행,건조,맑음,단일로 - 기타,원동기,남,16세,부상신고,보행자,남,58세,상해없음
2020112200100044,2020년 11월 22일 02시,일요일,경상남도 김해시 외동,경상사고,0,0,1,0,차대사람 - 기타,기타,젖음/습기,비,단일로 - 기타,승용,남,27세,상해없음,보행자,여,40세,경상
2020112200100076,2020년 11월 22일 05시,일요일,경상남도 밀양시 산외면,중상사고,0,1,2,0,차대차 - 추돌,안전운전불이행,건조,맑음,단일로 - 기타,승용,남,22세,경상,건설기계,남,54세,경상
2020112200100113,2020년 11월 22일 09시,일요일,경상남도 창원시 마산합포구 중성동,경상사고,0,0,1,0,차대차 - 추돌,보행자보호의무위반,젖음/습기,비,단일로 - 기타,승용,남,32세,상해없음,승용,남,58세,상해없음
2020112200100114,2020년 11월 22일 09시,일요일,경상남도 함안군 산인면,중상사고,0,1,2,0,차대차 - 추돌,안전운전불이행,젖음/습기,비,단일로 - 기타,승용,남,55세,상해없음,승용,여,33세,중상
2020112200100123,2020년 11월 22일 10시,일요일,경상남도 통영시 서호동,중상사고,0,1,0,0,차대사람 - 횡단중,안전운전불이행,젖음/습기,비,단일로 - 기타,이륜,남,79세,상해없음,보행자,여,76세,중상
2020112200100124,2020년 11월 22일 10시,일요일,경상남도 밀양시 내이동,경상사고,0,0,1,0,차량단독 - 전도전복 - 전도,안전운전불이행,젖음/습기,비,단일로 - 기타,이륜,남,54세,경상,,,,
2020112200100125,2020년 11월 22일 10시,일요일,경상남도 김해시 삼정동,경상사고,0,0,2,1,차대차 - 기타,안전운전불이행,건조,흐림,단일로 - 기타,승용,남,71세,상해없음,승용,남,66세,상해없음
2020112200100126,2020년 11월 22일 10시,일요일,경상남도 양산시 물금읍,경상사고,0,0,1,0,차대차 - 추돌,안전운전불이행,건조,맑음,단일로 - 기타,승용,남,25세,상해없음,승용,남,38세,경상
2020112200100127,2020년 11월 22일 10시,일요일,경상남도 양산시 덕계동,중상사고,0,1,0,0,차대차 - 측면충돌,신호위반,건조,맑음,교차로 - 교차로안,승용,여,47세,상해없음,승용,남,67세,중상
2020112200100184,2020년 11월 22일 13시,일요일,경상남도 통영시 항남동,부상신고사고,0,0,0,1,차대차 - 측면충돌,직진우회전진행방해,건조,맑음,교차로 - 교차로안,승용,남,34세,상해없음,이륜,남,72세,부상신고
2020112200100185,2020년 11월 22일 13시,일요일,경상남도 밀양시 초동면,경상사고,0,0,1,0,차대차 - 측면충돌,안전운전불이행,건조,맑음,단일로 - 기타,화물,여,51세,상해없음,승용,남,75세,경상
2020112200100208,2020년 11월 22일 14시,일요일,경상남도 창원시 성산구 대방동,경상사고,0,0,1,0,차대차 - 측면충돌,안전운전불이행,건조,맑음,단일로 - 기타,승용,남,57세,상해없음,승용,남,60세,경상
2020112200100237,2020년 11월 22일 15시,일요일,경상남도 창원시 마산회원구 내서읍,중상사고,0,2,2,1,차대차 - 측면충돌,안전운전불이행,건조,흐림,단일로 - 기타,승용,여,51세,상해없음,승용,남,28세,경상
2020112200100238,2020년 11월 22일 15시,일요일,경상남도 김해시 신문동,부상신고사고,0,0,0,1,차대차 - 추돌,안전운전불이행,건조,흐림,교차로 - 교차로부근,이륜,남,29세,부상신고,승용,여,50세,상해없음
2020112200100259,2020년 11월 22일 16시,일요일,경상남도 창원시 진해구 자은동,경상사고,0,0,1,0,차대사람 - 횡단중,안전운전불이행,건조,맑음,교차로 - 교차로부근,승용,여,56세,상해없음,보행자,여,73세,경상
2020112200100321,2020년 11월 22일 18시,일요일,경상남도 진주시 가좌동,경상사고,0,0,1,0,차대사람 - 기타,안전운전불이행,건조,맑음,기타 - 기타,승용,여,25세,상해없음,보행자,여,43세,경상
2020112200100322,2020년 11월 22일 18시,일요일,경상남도 밀양시 내이동,경상사고,0,0,1,0,차대사람 - 기타,안전운전불이행,건조,맑음,단일로 - 기타,화물,남,43세,상해없음,보행자,여,34세,경상
2020112200100350,2020년 11월 22일 19시,일요일,경상남도 창원시 진해구 안골동,중상사고,0,1,0,0,차대차 - 측면충돌,안전운전불이행,건조,맑음,교차로 - 교차로안,승용,남,67세,상해없음,이륜,남,30세,중상
2020112200100351,2020년 11월 22일 19시,일요일,경상남도 통영시 북신동,경상사고,0,0,1,0,차대차 - 기타,안전운전불이행,건조,맑음,교차로 - 교차로안,승용,남,46세,상해없음,승용,남,38세,경상
2020112200100374,2020년 11월 22일 20시,일요일,경상남도 김해시 진영읍,경상사고,0,0,1,0,차대차 - 측면충돌,안전운전불이행,건조,맑음,교차로 - 교차로부근,승용,여,38세,상해없음,이륜,남,17세,경상
2020112200100395,2020년 11월 22일 21시,일요일,경상남도 밀양시 상남면,경상사고,0,0,3,0,차대차 - 측면충돌,안전운전불이행,건조,흐림,단일로 - 기타,승용,남,24세,상해없음,특수,남,28세,경상
2020112200100422,2020년 11월 22일 23시,일요일,경상남도 진주시 상평동,경상사고,0,0,1,0,차대사람 - 길가장자리구역통행중,안전운전불이행,건조,맑음,단일로 - 기타,승용,여,39세,상해없음,보행자,남,24세,경상
2020112200100423,2020년 11월 22일 23시,일요일,경상남도 김해시 외동,중상사고,0,1,0,0,차대차 - 기타,안전운전불이행,건조,맑음,단일로 - 기타,화물,남,26세,상해없음,원동기,남,28세,중상
2020112200100424,2020년 11월 22일 23시,일요일,경상남도 창원시 성산구 대방동,사망사고,1,0,0,0,차량단독 - 전도전복 - 전도,안전운전불이행,건조,맑음,단일로 - 기타,이륜,남,30세,사망,,,,
2020112200100425,2020년 11월 22일 23시,일요일,경상남도 김해시 신문동,경상사고,0,0,1,0,차량단독 - 도로외이탈 - 기타,안전운전불이행,건조,맑음,단일로 - 기타,이륜,남,31세,경상,,,,
2020112300100010,2020년 11월 23일 00시,월요일,경상남도 창원시 마산합포구 산호동,경상사고,0,0,1,0,차대사람 - 길가장자리구역통행중,안전운전불이행,건조,맑음,단일로 - 기타,이륜,남,45세,상해없음,보행자,남,30세,경상
2020112300100021,2020년 11월 23일 02시,월요일,경상남도 양산시 상북면,경상사고,0,0,1,0,차대차 - 추돌,안전운전불이행,건조,맑음,단일로 - 기타,화물,남,34세,상해없음,승용,남,24세,경상
2020112300100031,2020년 11월 23일 05시,월요일,경상남도 밀양시 용평동,경상사고,0,0,1,0,차대차 - 측면충돌,신호위반,건조,맑음,단일로 - 기타,특수,남,60세,상해없음,승용,남,29세,경상
2020112300100034,2020년 11월 23일 05시,월요일,경상남도 진주시 이현동,중상사고,0,1,0,0,차량단독 - 전도전복 - 전도,안전운전불이행,건조,맑음,단일로 - 기타,이륜,남,46세,중상,,,,
2020112300100071,2020년 11월 23일 07시,월요일,경상남도 사천시 이홀동,중상사고,0,1,2,0,차대차 - 추돌,안전운전불이행,건조,맑음,교차로 - 교차로부근,승용,남,47세,중상,승용,여,33세,경상
2020112300100072,2020년 11월 23일 07시,월요일,경상남도 김해시 흥동,경상사고,0,0,1,0,차대차 - 측면충돌,신호위반,건조,맑음,교차로 - 교차로안,승용,남,24세,상해없음,승용,여,63세,경상
2020112300100111,2020년 11월 23일 08시,월요일,경상남도 통영시 미수동,경상사고,0,0,1,0,차대차 - 측면충돌,안전운전불이행,건조,맑음,교차로 - 교차로안,승합,남,37세,상해없음,승용,여,47세,경상
2020112300100112,2020년 11월 23일 08시,월요일,경상남도 밀양시 내이동,경상사고,0,0,2,0,차대차 - 측면충돌,안전운전불이행,건조,맑음,단일로 - 기타,화물,남,50세,상해없음,승용,여,58세,경상
2020112300100113,2020년 11월 23일 08시,월요일,경상남도 창원시 의창구 봉곡동,중상사고,0,1,0,0,차대사람 - 횡단중,안전운전불이행,건조,맑음,교차로 - 교차로안,승용,여,53세,상해없음,보행자,남,86세,중상
2020112300100114,2020년 11월 23일 08시,월요일,경상남도 김해시 진례면,중상사고,0,1,2,0,차대차 - 측면충돌,안전운전불이행,건조,맑음,교차로 - 교차로안,승용,여,56세,중상,승용,남,37세,경상
2020112300100160,2020년 11월 23일 09시,월요일,경상남도 창원시 의창구 동읍,중상사고,0,1,0,0,차대차 - 기타,안전운전불이행,건조,맑음,기타 - 기타,승용,여,55세,상해없음,자전거,남,54세,중상
2020112300100212,2020년 11월 23일 11시,월요일,경상남도 김해시 지내동,경상사고,0,0,2,0,차대차 - 추돌,안전운전불이행,건조,맑음,단일로 - 기타,화물,남,51세,상해없음,승용,남,76세,경상
2020112300100257,2020년 11월 23일 12시,월요일,경상남도 통영시 무전동,경상사고,0,0,2,0,차대차 - 기타,직진우회전진행방해,건조,맑음,교차로 - 교차로안,승용,남,40세,상해없음,승용,여,41세,경상
2020112300100258,2020년 11월 23일 12시,월요일,경상남도 거창군 거창읍,경상사고,0,0,1,0,차대차 - 기타,기타,건조,맑음,교차로 - 교차로안,이륜,남,18세,경상,화물,남,68세,상해없음
2020112300100336,2020년 11월 23일 14시,월요일,경상남도 양산시 소주동,중상사고,0,1,0,0,차대사람 - 기타,기타,건조,맑음,단일로 - 기타,승합,남,39세,상해없음,보행자,여,77세,중상
2020112300100337,2020년 11월 23일 14시,월요일,경상남도 양산시 물금읍,부상신고사고,0,0,0,1,차대차 - 측면충돌,안전운전불이행,건조,맑음,교차로 - 교차로안,이륜,남,26세,부상신고,승용,남,53세,상해없음
2020112300100364,2020년 11월 23일 15시,월요일,경상남도 창원시 진해구 경화동,경상사고,0,0,1,0,차대사람 - 차도통행중,안전운전불이행,건조,맑음,단일로 - 기타,승용,여,45세,상해없음,보행자,남,69세,경상
2020112300100365,2020년 11월 23일 15시,월요일,경상남도 김해시 외동,경상사고,0,0,1,0,차대차 - 측면충돌,안전운전불이행,건조,맑음,교차로 - 교차로횡단보도내,승용,여,63세,상해없음,자전거,여,53세,경상
2020112300100366,2020년 11월 23일 15시,월요일,경상남도 창녕군 성산면,경상사고,0,0,1,0,차대차 - 정면충돌,중앙선침범,건조,맑음,단일로 - 기타,승용,남,55세,상해없음,화물,남,75세,상해없음
2020112300100400,2020년 11월 23일 16시,월요일,경상남도 창원시 마산합포구 구산면,중상사고,0,1,0,0,차량단독 - 기타,안전운전불이행,건조,맑음,교차로 - 교차로부근,승합,남,51세,상해없음,,,,
2020112300100401,2020년 11월 23일 16시,월요일,경상남도 진주시 내동면,경상사고,0,0,1,0,차대차 - 기타,안전운전불이행,건조,맑음,교차로 - 교차로부근,이륜,남,64세,상해없음,승용,여,60세,경상
2020112300100402,2020년 11월 23일 16시,월요일,경상남도 거창군 남상면,중상사고,0,1,0,0,차대사람 - 길가장자리구역통행중,안전운전불이행,건조,맑음,단일로 - 기타,승용,남,67세,상해없음,보행자,남,69세,중상
2020112300100448,2020년 11월 23일 17시,월요일,경상남도 함양군 함양읍,부상신고사고,0,0,0,1,차대사람 - 차도통행중,안전운전불이행,건조,맑음,기타 - 기타,승용,남,36세,상해없음,보행자,남,13세,부상신고
2020112300100508,2020년 11월 23일 18시,월요일,경상남도 통영시 명정동,중상사고,0,1,0,0,차대차 - 측면충돌,직진우회전진행방해,건조,맑음,교차로 - 교차로안,승용,남,59세,상해없음,이륜,남,36세,중상
2020112300100509,2020년 11월 23일 18시,월요일,경상남도 거제시 고현동,경상사고,0,0,1,0,차대차 - 기타,신호위반,건조,맑음,교차로 - 교차로안,승용,남,48세,상해없음,이륜,남,27세,경상
2020112300100510,2020년 11월 23일 18시,월요일,경상남도 창원시 마산회원구 회원동,경상사고,0,0,1,0,차대차 - 후진중충돌,안전운전불이행,건조,맑음,교차로 - 교차로안,승용,여,53세,상해없음,승용,남,37세,경상
2020112300100542,2020년 11월 23일 19시,월요일,경상남도 거제시 고현동,경상사고,0,0,2,0,차대차 - 기타,안전운전불이행,건조,맑음,단일로 - 기타,승용,남,28세,상해없음,승용,남,34세,경상
2020112300100584,2020년 11월 23일 21시,월요일,경상남도 진주시 하대동,경상사고,0,0,1,0,차대사람 - 횡단중,신호위반,건조,맑음,교차로 - 교차로횡단보도내,이륜,남,51세,상해없음,보행자,여,55세,경상
2020112300100608,2020년 11월 23일 22시,월요일,경상남도 창원시 의창구 북면,경상사고,0,0,1,0,차대차 - 기타,교차로운행방법위반,건조,기타,교차로 - 교차로부근,화물,남,52세,상해없음,승용,여,53세,경상
2020112300100623,2020년 11월 23일 23시,월요일,경상남도 김해시 대성동,경상사고,0,0,1,0,차대차 - 추돌,안전운전불이행,건조,맑음,단일로 - 기타,승용,여,48세,상해없음,이륜,남,49세,경상
2020112400100020,2020년 11월 24일 01시,화요일,경상남도 양산시 물금읍,중상사고,0,1,0,0,차량단독 - 기타,안전운전불이행,건조,맑음,단일로 - 기타,이륜,남,37세,중상,,,,
2020112400100032,2020년 11월 24일 03시,화요일,경상남도 양산시 물금읍,중상사고,0,1,0,0,차대사람 - 횡단중,안전운전불이행,건조,맑음,단일로 - 기타,승용,여,61세,상해없음,보행자,남,65세,중상
2020112400100089,2020년 11월 24일 08시,화요일,경상남도 양산시 물금읍,중상사고,0,1,0,0,차대차 - 측면충돌,안전거리미확보,건조,맑음,단일로 - 기타,건설기계,남,61세,상해없음,승용,남,68세,중상
2020112400100102,2020년 11월 24일 08시,화요일,경상남도 김해시 지내동,경상사고,0,0,1,0,차대차 - 정면충돌,안전거리미확보,건조,맑음,단일로 - 기타,승용,남,59세,상해없음,승용,남,24세,경상
2020112400100103,2020년 11월 24일 08시,화요일,경상남도 창녕군 창녕읍,경상사고,0,0,1,0,차대사람 - 횡단중,보행자보호의무위반,건조,맑음,교차로 - 교차로횡단보도내,화물,남,60세,상해없음,보행자,여,9세,경상
2020112400100104,2020년 11월 24일 08시,화요일,경상남도 하동군 금남면,경상사고,0,0,2,0,차대차 - 기타,기타,건조,맑음,단일로 - 기타,특수,남,41세,상해없음,화물,남,52세,경상
2020112400100131,2020년 11월 24일 09시,화요일,경상남도 양산시 물금읍,부상신고사고,0,0,0,1,차대차 - 추돌,안전운전불이행,건조,맑음,단일로 - 기타,승용,남,46세,상해없음,승용,남,44세,부상신고
2020112400100156,2020년 11월 24일 10시,화요일,경상남도 진주시 내동면,중상사고,0,1,0,0,차대차 - 측면충돌,안전운전불이행,건조,맑음,교차로 - 교차로안,승용,남,70세,상해없음,화물,남,64세,중상
2020112400100158,2020년 11월 24일 10시,화요일,경상남도 창원시 마산회원구 합성동,경상사고,0,0,1,0,차대차 - 기타,안전운전불이행,건조,맑음,단일로 - 기타,승용,남,52세,상해없음,화물,남,37세,경상
2020112400100159,2020년 11월 24일 10시,화요일,경상남도 창원시 의창구 팔용동,경상사고,0,0,1,0,차대사람 - 기타,안전운전불이행,건조,맑음,교차로 - 교차로안,승용,남,56세,상해없음,보행자,남,51세,경상
2020112400100190,2020년 11월 24일 11시,화요일,경상남도 밀양시 삼문동,경상사고,0,0,1,0,차량단독 - 공작물충돌,안전운전불이행,건조,맑음,단일로 - 기타,승용,남,41세,경상,,,,
2020112400100191,2020년 11월 24일 11시,화요일,경상남도 김해시 관동동,중상사고,0,1,0,0,차대차 - 추돌,안전운전불이행,건조,맑음,단일로 - 기타,이륜,남,17세,중상,승용,여,43세,상해없음
2020112400100252,2020년 11월 24일 13시,화요일,경상남도 창원시 마산합포구 월남동3가,경상사고,0,0,1,0,차대차 - 측면충돌,안전운전불이행,건조,맑음,교차로 - 교차로안,승용,여,69세,상해없음,승합,남,34세,경상
2020112400100287,2020년 11월 24일 14시,화요일,경상남도 창원시 진해구 용원동,중상사고,0,2,0,0,차대차 - 측면충돌,교차로운행방법위반,건조,맑음,교차로 - 교차로안,승용,여,55세,중상,승용,여,45세,중상
2020112400100288,2020년 11월 24일 14시,화요일,경상남도 김해시 삼정동,경상사고,0,0,1,0,차대차 - 정면충돌,안전운전불이행,건조,맑음,교차로 - 교차로안,화물,여,52세,상해없음,자전거,여,21세,경상
2020112400100289,2020년 11월 24일 14시,화요일,경상남도 양산시 북정동,중상사고,0,1,0,0,차대차 - 측면충돌,안전운전불이행,건조,맑음,주차장 - 주차장,승용,남,69세,중상,승용,남,76세,기타불명
2020112400100290,2020년 11월 24일 14시,화요일,경상남도 함안군 칠원읍,경상사고,0,0,1,0,차대차 - 추돌,안전운전불이행,건조,맑음,단일로 - 기타,화물,남,58세,경상,승용,남,42세,기타불명
2020112400100333,2020년 11월 24일 15시,화요일,경상남도 창원시 진해구 경화동,중상사고,0,1,0,0,차대차 - 기타,안전운전불이행,건조,맑음,단일로 - 기타,자전거,남,85세,중상,승용,남,35세,상해없음
2020112400100334,2020년 11월 24일 15시,화요일,경상남도 양산시 중부동,중상사고,0,1,0,0,차대차 - 추돌,교차로운행방법위반,건조,맑음,교차로 - 교차로부근,승용,여,59세,상해없음,이륜,남,34세,중상
2020112400100377,2020년 11월 24일 16시,화요일,경상남도 김해시 부원동,경상사고,0,0,1,0,차대차 - 정면충돌,신호위반,건조,맑음,교차로 - 교차로안,이륜,남,71세,경상,승용,여,52세,상해없음
2020112400100378,2020년 11월 24일 16시,화요일,경상남도 창녕군 부곡면,경상사고,0,0,2,0,차대차 - 기타,중앙선침범,건조,맑음,교차로 - 교차로부근,승용,남,19세,경상,승용,남,59세,경상
2020112400100427,2020년 11월 24일 17시,화요일,경상남도 통영시 당동,경상사고,0,0,1,0,차대차 - 추돌,안전운전불이행,건조,맑음,단일로 - 교량,이륜,남,73세,상해없음,승용,남,35세,경상
2020112400100428,2020년 11월 24일 17시,화요일,경상남도 창원시 성산구 대방동,경상사고,0,0,1,0,차대차 - 측면충돌,안전운전불이행,건조,맑음,교차로 - 교차로안,승용,여,59세,상해없음,승용,남,55세,경상
2020112400100483,2020년 11월 24일 18시,화요일,경상남도 거제시 남부면,중상사고,0,1,0,0,차대차 - 정면충돌,중앙선침범,건조,맑음,단일로 - 기타,승용,남,69세,상해없음,승용,여,32세,중상
2020112400100484,2020년 11월 24일 18시,화요일,경상남도 남해군 남해읍,사망사고,1,0,0,0,차대사람 - 횡단중,과속,건조,맑음,교차로 - 교차로안,승용,남,44세,상해없음,보행자,남,73세,사망
2020112400100485,2020년 11월 24일 18시,화요일,경상남도 산청군 신안면,중상사고,0,1,1,0,차대차 - 측면충돌,안전운전불이행,건조,맑음,교차로 - 교차로안,승용,남,22세,기타불명,화물,남,32세,경상
2020112400100535,2020년 11월 24일 19시,화요일,경상남도 창원시 진해구 용원동,중상사고,0,1,0,0,차대차 - 추돌,안전운전불이행,건조,맑음,교차로 - 교차로부근,승합,남,52세,상해없음,이륜,남,41세,중상
2020112400100536,2020년 11월 24일 19시,화요일,경상남도 통영시 도남동,경상사고,0,0,1,0,차대차 - 추돌,안전운전불이행,건조,맑음,교차로 - 교차로안,승용,여,31세,상해없음,화물,남,48세,경상
2020112400100537,2020년 11월 24일 19시,화요일,경상남도 통영시 봉평동,사망사고,1,0,0,0,차대사람 - 횡단중,안전운전불이행,건조,맑음,기타 - 기타,화물,남,54세,상해없음,보행자,여,85세,사망