사고번호,사고일시,요일,시군구,사고내용,사망자수,중상자수,경상자수,부상신고자수,사고유형,법규위반,노면상태,기상상태,도로형태,가해운전자 차종,가해운전자 성별,가해운전자 연령,가해운전자 상해정도,피해운전자 차종,피해운전자 성별,피해운전자 연령,피해운전자 상해정도
2020112400100538,2020년 11월 24일 19시,화요일,경상남도 김해시 동상동,경상사고,0,0,1,0,차대사람 - 기타,안전운전불이행,건조,맑음,단일로 - 기타,승용,남,34세,상해없음,보행자,남,27세,경상
2020112400100539,2020년 11월 24일 19시,화요일,경상남도 양산시 중부동,경상사고,0,0,1,0,차대차 - 측면충돌,안전운전불이행,건조,맑음,단일로 - 기타,승용,여,50세,상해없음,이륜,남,52세,경상
2020112400100540,2020년 11월 24일 19시,화요일,경상남도 김해시 부곡동,중상사고,0,1,0,0,차대차 - 측면충돌,중앙선침범,건조,맑음,단일로 - 기타,승용,남,23세,상해없음,이륜,남,53세,중상
2020112400100593,2020년 11월 24일 21시,화요일,경상남도 김해시 외동,경상사고,0,0,1,0,차대차 - 추돌,안전운전불이행,건조,맑음,교차로 - 교차로부근,승용,여,52세,상해없음,승용,남,46세,경상
2020112400100594,2020년 11월 24일 21시,화요일,경상남도 함양군 지곡면,중상사고,0,1,0,0,차대차 - 측면충돌,중앙선침범,건조,맑음,단일로 - 기타,승용,여,62세,상해없음,승용,남,49세,중상
2020112400100612,2020년 11월 24일 22시,화요일,경상남도 거제시 고현동,경상사고,0,0,1,0,차대차 - 측면충돌,중앙선침범,건조,맑음,단일로 - 기타,승용,여,53세,상해없음,이륜,남,21세,경상
2020112400100613,2020년 11월 24일 22시,화요일,경상남도 함안군 군북면,경상사고,0,0,1,0,차대사람 - 횡단중,안전운전불이행,건조,기타,교차로 - 교차로안,승용,남,76세,상해없음,보행자,남,40세,경상
2020112500100040,2020년 11월 25일 06시,수요일,경상남도 거제시 고현동,중상사고,0,1,0,0,차대차 - 기타,안전운전불이행,건조,맑음,교차로 - 교차로부근,승용,여,45세,상해없음,이륜,남,51세,중상
2020112500100046,2020년 11월 25일 07시,수요일,경상남도 양산시 상북면,경상사고,0,0,2,0,차대차 - 측면충돌,안전거리미확보,건조,맑음,단일로 - 기타,특수,남,70세,상해없음,승용,남,61세,상해없음
2020112500100047,2020년 11월 25일 07시,수요일,경상남도 양산시 상북면,경상사고,0,0,1,0,차대차 - 측면충돌,안전거리미확보,건조,맑음,단일로 - 기타,화물,남,57세,상해없음,승용,남,39세,경상
2020112500100096,2020년 11월 25일 08시,수요일,경상남도 김해시 상동면,중상사고,0,1,0,0,차대차 - 정면충돌,안전운전불이행,건조,맑음,교차로 - 교차로안,승용,남,47세,상해없음,승용,여,56세,중상
2020112500100097,2020년 11월 25일 08시,수요일,경상남도 김해시 한림면,경상사고,0,0,1,0,차대차 - 측면충돌,안전운전불이행,건조,맑음,교차로 - 교차로부근,화물,남,24세,경상,건설기계,남,29세,상해없음
2020112500100161,2020년 11월 25일 10시,수요일,경상남도 통영시 광도면,경상사고,0,0,1,0,차대차 - 추돌,안전거리미확보,건조,맑음,단일로 - 기타,승용,여,50세,상해없음,승용,남,64세,상해없음
2020112500100162,2020년 11월 25일 10시,수요일,경상남도 합천군 합천읍,경상사고,0,0,1,0,차대사람 - 길가장자리구역통행중,안전운전불이행,건조,맑음,단일로 - 기타,승용,남,54세,상해없음,보행자,여,88세,경상
2020112500100163,2020년 11월 25일 10시,수요일,경상남도 거제시 하청면,중상사고,0,1,0,0,차대사람 - 차도통행중,중앙선침범,건조,맑음,기타 - 기타,승용,여,59세,상해없음,보행자,여,40세,중상
2020112500100164,2020년 11월 25일 10시,수요일,경상남도 남해군 남면,부상신고사고,0,0,0,1,차대차 - 측면충돌,안전운전불이행,건조,맑음,단일로 - 기타,승용,남,78세,부상신고,승합,남,61세,상해없음
2020112500100165,2020년 11월 25일 10시,수요일,경상남도 창원시 성산구 상복동,경상사고,0,0,1,0,차대차 - 측면충돌,안전운전불이행,건조,맑음,교차로 - 교차로안,승용,남,48세,상해없음,화물,남,39세,경상
2020112500100166,2020년 11월 25일 10시,수요일,경상남도 창원시 의창구 봉곡동,경상사고,0,0,1,0,차대차 - 기타,안전운전불이행,건조,맑음,단일로 - 기타,승용,여,23세,상해없음,승용,여,46세,경상
2020112500100167,2020년 11월 25일 10시,수요일,경상남도 창원시 의창구 동읍,경상사고,0,0,2,0,차대차 - 기타,차로위반,건조,맑음,단일로 - 기타,화물,남,50세,상해없음,승용,남,54세,경상
2020112500100202,2020년 11월 25일 11시,수요일,경상남도 고성군 고성읍,경상사고,0,0,1,0,차대차 - 측면충돌,안전운전불이행,건조,맑음,단일로 - 기타,승합,남,53세,상해없음,이륜,남,72세,경상
2020112500100203,2020년 11월 25일 11시,수요일,경상남도 거제시 사등면,경상사고,0,0,1,0,차대차 - 추돌,과속,건조,맑음,단일로 - 기타,승용,남,60세,상해없음,화물,남,41세,경상
2020112500100204,2020년 11월 25일 11시,수요일,경상남도 창원시 마산회원구 양덕동,경상사고,0,0,1,0,차대사람 - 기타,안전운전불이행,건조,맑음,단일로 - 기타,승합,남,38세,상해없음,보행자,여,69세,경상
2020112500100236,2020년 11월 25일 12시,수요일,경상남도 남해군 삼동면,중상사고,0,1,0,0,차대차 - 정면충돌,중앙선침범,건조,맑음,단일로 - 기타,승용,여,24세,상해없음,승용,여,60세,중상
2020112500100270,2020년 11월 25일 13시,수요일,경상남도 거제시 고현동,중상사고,0,1,0,0,차대차 - 기타,직진우회전진행방해,건조,맑음,교차로 - 교차로안,승용,여,49세,상해없음,이륜,남,53세,중상
2020112500100298,2020년 11월 25일 14시,수요일,경상남도 합천군 가회면,중상사고,0,1,0,0,차량단독 - 전도전복 - 전도,안전운전불이행,건조,맑음,단일로 - 기타,원동기,남,70세,중상,,,,
2020112500100299,2020년 11월 25일 14시,수요일,경상남도 거제시 아주동,경상사고,0,0,2,0,차대차 - 측면충돌,안전운전불이행,건조,맑음,교차로 - 교차로안,승용,여,73세,경상,승합,남,60세,경상
2020112500100339,2020년 11월 25일 15시,수요일,경상남도 합천군 대병면,중상사고,0,1,0,0,차대차 - 정면충돌,안전운전불이행,건조,맑음,단일로 - 기타,승용,여,41세,상해없음,승용,여,63세,중상
2020112500100340,2020년 11월 25일 15시,수요일,경상남도 거제시 거제면,경상사고,0,0,1,0,차대차 - 기타,안전운전불이행,건조,맑음,기타 - 기타,화물,남,72세,상해없음,승용,남,33세,경상
2020112500100381,2020년 11월 25일 16시,수요일,경상남도 창원시 의창구 서상동,중상사고,0,1,0,0,차대사람 - 횡단중,보행자보호의무위반,건조,맑음,교차로 - 교차로부근,승용,남,40세,상해없음,보행자,남,81세,중상
2020112500100382,2020년 11월 25일 16시,수요일,경상남도 김해시 한림면,부상신고사고,0,0,0,1,차대차 - 측면충돌,교차로운행방법위반,건조,맑음,교차로 - 교차로안,원동기,여,33세,부상신고,승용,남,41세,상해없음
2020112500100383,2020년 11월 25일 16시,수요일,경상남도 하동군 진교면,경상사고,0,0,2,0,차대차 - 추돌,안전거리미확보,건조,맑음,단일로 - 기타,승용,여,38세,상해없음,승용,남,72세,경상
2020112500100430,2020년 11월 25일 17시,수요일,경상남도 창원시 진해구 석동,경상사고,0,0,1,0,차대차 - 측면충돌,신호위반,건조,맑음,교차로 - 교차로안,승용,여,52세,상해없음,승용,여,29세,경상
2020112500100431,2020년 11월 25일 17시,수요일,경상남도 밀양시 삼문동,경상사고,0,0,4,0,차대차 - 측면충돌,교차로운행방법위반,건조,흐림,교차로 - 교차로안,승용,남,62세,상해없음,승용,여,68세,경상
2020112500100432,2020년 11월 25일 17시,수요일,경상남도 하동군 북천면,중상사고,0,1,1,0,차량단독 - 기타,안전운전불이행,건조,맑음,단일로 - 기타,화물,남,70세,경상,,,,
2020112500100433,2020년 11월 25일 17시,수요일,경상남도 창원시 의창구 명서동,경상사고,0,0,1,0,차대사람 - 길가장자리구역통행중,안전운전불이행,건조,맑음,단일로 - 기타,승용,남,67세,상해없음,보행자,남,63세,경상
2020112500100487,2020년 11월 25일 18시,수요일,경상남도 사천시 서포면,중상사고,0,1,0,0,차대사람 - 차도통행중,안전운전불이행,건조,맑음,단일로 - 기타,승용,남,45세,상해없음,보행자,여,69세,중상
2020112500100488,2020년 11월 25일 18시,수요일,경상남도 함안군 칠서면,경상사고,0,0,1,0,차대차 - 기타,안전운전불이행,건조,맑음,교차로 - 교차로안,화물,남,52세,상해없음,승용,여,61세,경상
2020112500100489,2020년 11월 25일 18시,수요일,경상남도 창원시 의창구 사림동,경상사고,0,0,1,0,차대차 - 측면충돌,안전운전불이행,건조,맑음,교차로 - 교차로안,승용,남,48세,상해없음,승용,여,58세,경상
2020112500100490,2020년 11월 25일 18시,수요일,경상남도 김해시 주촌면,중상사고,0,1,0,0,차대차 - 후진중충돌,안전운전불이행,건조,맑음,교차로 - 교차로안,승용,남,52세,상해없음,승용,남,61세,중상
2020112500100535,2020년 11월 25일 19시,수요일,경상남도 창원시 마산회원구 석전동,경상사고,0,0,1,0,차대차 - 추돌,안전운전불이행,건조,맑음,교차로 - 교차로안,승용,남,60세,상해없음,승용,여,39세,경상
2020112500100560,2020년 11월 25일 20시,수요일,경상남도 김해시 외동,중상사고,0,1,1,0,차대차 - 측면충돌,안전운전불이행,건조,맑음,교차로 - 교차로안,승용,여,53세,경상,승합,남,35세,중상
2020112500100561,2020년 11월 25일 20시,수요일,경상남도 양산시 동면,중상사고,0,1,0,0,차대차 - 기타,안전운전불이행,건조,맑음,교차로 - 교차로부근,승용,남,60세,기타불명,이륜,남,34세,중상
2020112500100582,2020년 11월 25일 21시,수요일,경상남도 창원시 진해구 자은동,경상사고,0,0,1,0,차대차 - 측면충돌,안전운전불이행,건조,맑음,단일로 - 기타,화물,남,37세,상해없음,원동기,남,38세,경상
2020112500100583,2020년 11월 25일 21시,수요일,경상남도 창원시 성산구 내동,중상사고,0,1,0,0,차대차 - 측면충돌,신호위반,건조,맑음,교차로 - 교차로안,이륜,남,35세,상해없음,자전거,남,48세,중상
2020112500100584,2020년 11월 25일 21시,수요일,경상남도 창원시 마산회원구 내서읍,경상사고,0,0,1,0,차대차 - 후진중충돌,안전운전불이행,건조,기타,교차로 - 교차로부근,화물,남,49세,상해없음,승용,남,61세,경상
2020112600100062,2020년 11월 26일 06시,목요일,경상남도 창녕군 길곡면,중상사고,0,1,0,0,차대차 - 추돌,안전운전불이행,건조,맑음,단일로 - 교량,승용,남,45세,중상,승용,남,42세,상해없음
2020112600100063,2020년 11월 26일 06시,목요일,경상남도 양산시 덕계동,중상사고,0,1,0,0,차대사람 - 횡단중,안전운전불이행,건조,맑음,교차로 - 교차로횡단보도내,승용,남,43세,상해없음,보행자,남,68세,중상
2020112600100064,2020년 11월 26일 06시,목요일,경상남도 양산시 상북면,중상사고,0,2,1,0,차대차 - 기타,교차로운행방법위반,건조,맑음,교차로 - 교차로부근,승용,여,55세,경상,승용,여,44세,중상
2020112600100065,2020년 11월 26일 06시,목요일,경상남도 거제시 상동동,경상사고,0,0,1,0,차대차 - 측면충돌,안전운전불이행,건조,맑음,교차로 - 교차로안,이륜,남,33세,상해없음,승용,남,46세,경상
2020112600100066,2020년 11월 26일 06시,목요일,경상남도 창원시 의창구 팔용동,중상사고,0,1,0,0,차대차 - 정면충돌,신호위반,건조,맑음,교차로 - 교차로안,승용,남,59세,상해없음,승용,남,48세,중상
2020112600100086,2020년 11월 26일 07시,목요일,경상남도 사천시 사남면,경상사고,0,0,1,0,차대차 - 측면충돌,안전운전불이행,건조,맑음,교차로 - 교차로안,승용,여,47세,상해없음,승용,남,55세,경상
2020112600100087,2020년 11월 26일 07시,목요일,경상남도 거제시 사등면,경상사고,0,0,3,0,차대차 - 추돌,안전거리미확보,건조,맑음,단일로 - 기타,화물,남,59세,경상,승용,남,52세,경상
2020112600100088,2020년 11월 26일 07시,목요일,경상남도 김해시 진례면,경상사고,0,0,2,0,차대차 - 측면충돌,교차로운행방법위반,건조,맑음,교차로 - 교차로안,승용,남,46세,상해없음,승용,남,49세,경상
2020112600100108,2020년 11월 26일 08시,목요일,경상남도 진주시 가좌동,중상사고,0,1,0,0,차대차 - 측면충돌,안전거리미확보,건조,맑음,단일로 - 기타,화물,남,52세,기타불명,승용,여,50세,중상
2020112600100109,2020년 11월 26일 08시,목요일,경상남도 진주시 가좌동,경상사고,0,0,1,0,차대차 - 추돌,안전거리미확보,건조,맑음,교차로 - 교차로부근,승용,여,50세,상해없음,승용,여,53세,경상
2020112600100110,2020년 11월 26일 08시,목요일,경상남도 김해시 구산동,경상사고,0,0,1,0,차대차 - 추돌,직진우회전진행방해,건조,맑음,교차로 - 교차로안,승용,남,29세,상해없음,이륜,남,66세,경상
2020112600100141,2020년 11월 26일 09시,목요일,경상남도 거창군 거창읍,경상사고,0,0,1,0,차대차 - 기타,신호위반,건조,맑음,교차로 - 교차로안,화물,남,51세,상해없음,승합,남,44세,상해없음
2020112600100142,2020년 11월 26일 09시,목요일,경상남도 창원시 의창구 북면,중상사고,0,1,0,0,차대차 - 측면충돌,안전운전불이행,건조,맑음,단일로 - 기타,승용,여,58세,상해없음,승용,여,37세,중상
2020112600100169,2020년 11월 26일 10시,목요일,경상남도 김해시 대동면,중상사고,0,2,0,0,차대차 - 추돌,직진우회전진행방해,건조,맑음,교차로 - 교차로안,승합,여,65세,중상,승용,남,43세,중상
2020112600100170,2020년 11월 26일 10시,목요일,경상남도 김해시 진례면,중상사고,0,1,0,0,차대차 - 측면충돌,안전운전불이행,건조,맑음,교차로 - 교차로안,농기계,남,87세,중상,화물,남,34세,상해없음
2020112600100256,2020년 11월 26일 13시,목요일,경상남도 양산시 물금읍,중상사고,0,1,0,0,차대차 - 추돌,안전운전불이행,건조,맑음,단일로 - 기타,원동기,기타불명,미분류,기타불명,자전거,여,68세,중상
2020112600100257,2020년 11월 26일 13시,목요일,경상남도 거제시 고현동,중상사고,0,1,1,0,차대사람 - 기타,안전운전불이행,건조,맑음,단일로 - 기타,이륜,남,65세,경상,보행자,여,26세,중상
2020112600100258,2020년 11월 26일 13시,목요일,경상남도 김해시 무계동,중상사고,0,1,1,0,차대차 - 측면충돌,안전운전불이행,건조,맑음,교차로 - 교차로부근,자전거,남,63세,중상,승용,남,61세,상해없음
2020112600100288,2020년 11월 26일 14시,목요일,경상남도 창원시 진해구 용원동,경상사고,0,0,4,0,차대차 - 추돌,기타,건조,맑음,교차로 - 교차로부근,특수,남,38세,경상,특수,남,62세,경상
2020112600100289,2020년 11월 26일 14시,목요일,경상남도 김해시 구산동,중상사고,0,1,0,0,차대차 - 추돌,직진우회전진행방해,건조,맑음,교차로 - 교차로안,승용,여,41세,상해없음,이륜,남,35세,중상
2020112600100323,2020년 11월 26일 15시,목요일,경상남도 김해시 신문동,중상사고,0,1,0,0,차대차 - 측면충돌,안전운전불이행,건조,맑음,단일로 - 기타,화물,남,63세,상해없음,승용,여,46세,중상
2020112600100361,2020년 11월 26일 16시,목요일,경상남도 김해시 동상동,경상사고,0,0,1,0,차대차 - 추돌,안전운전불이행,건조,맑음,단일로 - 기타,이륜,남,20세,상해없음,승용,남,67세,경상
2020112600100399,2020년 11월 26일 17시,목요일,경상남도 진주시 옥봉동,경상사고,0,0,1,0,차대차 - 측면충돌,안전운전불이행,건조,맑음,교차로 - 교차로안,승용,여,37세,상해없음,승용,남,30세,경상
2020112600100400,2020년 11월 26일 17시,목요일,경상남도 창원시 진해구 풍호동,중상사고,0,1,0,0,차대차 - 측면충돌,직진우회전진행방해,건조,맑음,교차로 - 교차로안,화물,남,44세,상해없음,이륜,남,67세,중상
2020112600100429,2020년 11월 26일 18시,목요일,경상남도 양산시 북정동,경상사고,0,0,1,0,차대차 - 추돌,안전거리미확보,건조,맑음,단일로 - 기타,승용,남,59세,상해없음,승용,남,28세,경상
2020112600100469,2020년 11월 26일 18시,목요일,경상남도 진주시 상평동,중상사고,0,1,0,0,차대차 - 기타,안전운전불이행,건조,맑음,단일로 - 기타,승용,남,53세,상해없음,승용,남,29세,중상
2020112600100470,2020년 11월 26일 18시,목요일,경상남도 창원시 진해구 수송동,경상사고,0,0,2,0,차대차 - 기타,안전운전불이행,건조,맑음,교차로 - 교차로안,승용,남,26세,경상,승용,여,29세,경상
2020112600100471,2020년 11월 26일 18시,목요일,경상남도 양산시 북부동,경상사고,0,0,1,0,차대차 - 측면충돌,안전운전불이행,건조,맑음,교차로 - 교차로안,승합,남,62세,상해없음,승용,여,38세,경상
2020112600100516,2020년 11월 26일 19시,목요일,경상남도 통영시 동호동,중상사고,0,1,0,0,차대사람 - 횡단중,안전운전불이행,건조,맑음,교차로 - 교차로부근,승용,여,51세,상해없음,보행자,남,36세,중상
2020112600100579,2020년 11월 26일 21시,목요일,경상남도 양산시 삼호동,경상사고,0,0,4,0,차대차 - 추돌,안전거리미확보,건조,맑음,교차로 - 교차로안,원동기,남,38세,경상,승용,남,62세,경상
2020112600100580,2020년 11월 26일 21시,목요일,경상남도 고성군 마암면,경상사고,0,0,1,0,차대차 - 기타,안전운전불이행,건조,맑음,단일로 - 기타,승용,남,36세,상해없음,승용,남,37세,경상
2020112700100015,2020년 11월 27일 01시,금요일,경상남도 창원시 마산합포구 산호동,경상사고,0,0,2,0,차대차 - 측면충돌,안전운전불이행,건조,맑음,교차로 - 교차로안,승용,남,60세,상해없음,승용,남,52세,경상
2020112700100024,2020년 11월 27일 04시,금요일,경상남도 양산시 북부동,중상사고,0,1,0,0,차대사람 - 횡단중,안전운전불이행,건조,맑음,교차로 - 교차로안,승용,남,59세,상해없음,보행자,여,76세,중상
2020112700100034,2020년 11월 27일 05시,금요일,경상남도 창원시 마산합포구 남성동,중상사고,0,1,0,0,차대차 - 측면충돌,안전운전불이행,건조,맑음,단일로 - 기타,화물,여,47세,상해없음,이륜,남,63세,중상
2020112700100051,2020년 11월 27일 06시,금요일,경상남도 사천시 사천읍,중상사고,0,1,0,0,차대차 - 기타,안전운전불이행,건조,맑음,교차로 - 교차로부근,승용,남,63세,상해없음,자전거,남,51세,중상
2020112700100052,2020년 11월 27일 06시,금요일,경상남도 김해시 삼계동,중상사고,0,1,0,0,차대차 - 측면충돌,안전거리미확보,건조,맑음,단일로 - 기타,이륜,여,49세,중상,승용,여,47세,상해없음
2020112700100091,2020년 11월 27일 08시,금요일,경상남도 거제시 고현동,중상사고,0,2,0,0,차대차 - 측면충돌,신호위반,건조,맑음,교차로 - 교차로안,승용,여,52세,상해없음,승용,여,70세,중상
2020112700100107,2020년 11월 27일 09시,금요일,경상남도 창원시 마산합포구 오동동,중상사고,0,1,0,0,차대사람 - 기타,안전운전불이행,건조,맑음,단일로 - 기타,화물,남,45세,상해없음,보행자,여,98세 이상,중상
2020112700100163,2020년 11월 27일 11시,금요일,경상남도 창원시 진해구 자은동,경상사고,0,0,1,1,차대차 - 측면충돌,신호위반,건조,맑음,교차로 - 교차로안,이륜,남,35세,부상신고,승용,여,58세,경상
2020112700100189,2020년 11월 27일 12시,금요일,경상남도 통영시 산양읍,경상사고,0,0,2,0,차대차 - 측면충돌,안전운전불이행,건조,맑음,단일로 - 기타,승용,남,35세,기타불명,승용,여,34세,경상
2020112700100190,2020년 11월 27일 12시,금요일,경상남도 창원시 의창구 대원동,중상사고,0,1,0,0,차대차 - 측면충돌,신호위반,건조,맑음,교차로 - 교차로안,승용,여,37세,기타불명,원동기,남,34세,중상
2020112700100191,2020년 11월 27일 12시,금요일,경상남도 창원시 의창구 팔용동,중상사고,0,1,0,0,차대차 - 기타,교차로운행방법위반,건조,맑음,교차로 - 교차로안,승용,남,63세,상해없음,원동기,남,37세,중상
2020112700100217,2020년 11월 27일 13시,금요일,경상남도 김해시 불암동,중상사고,0,3,0,1,차대차 - 기타,안전운전불이행,건조,맑음,단일로 - 기타,승용,여,60세,중상,승용,남,45세,중상
2020112700100218,2020년 11월 27일 13시,금요일,경상남도 창녕군 이방면,사망사고,1,0,0,0,차량단독 - 기타,안전운전불이행,건조,맑음,단일로 - 기타,승용,남,81세,사망,,,,
2020112700100260,2020년 11월 27일 14시,금요일,경상남도 사천시 용현면,경상사고,0,0,1,0,차대차 - 측면충돌,기타,건조,맑음,교차로 - 교차로안,이륜,남,82세,경상,화물,남,47세,상해없음
2020112700100261,2020년 11월 27일 14시,금요일,경상남도 창녕군 남지읍,부상신고사고,0,0,0,1,차량단독 - 전도전복 - 전도,안전운전불이행,건조,맑음,단일로 - 기타,이륜,남,79세,부상신고,,,,
2020112700100262,2020년 11월 27일 14시,금요일,경상남도 고성군 영오면,중상사고,0,1,0,0,차대차 - 기타,중앙선침범,건조,맑음,단일로 - 기타,화물,남,57세,상해없음,이륜,남,25세,중상
2020112700100297,2020년 11월 27일 15시,금요일,경상남도 창원시 진해구 여좌동,경상사고,0,0,1,0,차대차 - 측면충돌,직진우회전진행방해,건조,맑음,교차로 - 교차로안,승합,여,47세,상해없음,이륜,남,46세,경상
2020112700100298,2020년 11월 27일 15시,금요일,경상남도 창녕군 고암면,중상사고,0,1,0,1,차대차 - 측면충돌,신호위반,건조,맑음,교차로 - 교차로안,승용,여,52세,부상신고,승용,남,63세,중상
2020112700100299,2020년 11월 27일 15시,금요일,경상남도 창원시 성산구 중앙동,경상사고,0,0,1,0,차대차 - 측면충돌,안전운전불이행,건조,맑음,교차로 - 교차로안,화물,여,39세,상해없음,화물,남,44세,경상
2020112700100348,2020년 11월 27일 16시,금요일,경상남도 사천시 향촌동,중상사고,0,1,0,0,차대차 - 정면충돌,직진우회전진행방해,건조,맑음,교차로 - 교차로안,승합,남,59세,상해없음,승용,남,39세,중상
2020112700100349,2020년 11월 27일 16시,금요일,경상남도 김해시 삼정동,경상사고,0,0,1,0,차대차 - 측면충돌,안전운전불이행,건조,맑음,단일로 - 기타,승용,남,51세,상해없음,자전거,남,8세,경상
2020112700100350,2020년 11월 27일 16시,금요일,경상남도 김해시 전하동,중상사고,0,1,0,0,차대차 - 기타,중앙선침범,건조,맑음,교차로 - 교차로부근,자전거,남,51세,상해없음,이륜,남,30세,중상
2020112700100402,2020년 11월 27일 17시,금요일,경상남도 창원시 진해구 남문동,경상사고,0,0,1,0,차대차 - 기타,안전거리미확보,건조,맑음,단일로 - 기타,승용,여,65세,상해없음,승용,남,34세,경상
2020112700100403,2020년 11월 27일 17시,금요일,경상남도 창원시 의창구 서상동,경상사고,0,0,3,0,차대차 - 추돌,안전운전불이행,건조,맑음,단일로 - 기타,승용,남,60세,상해없음,승용,남,59세,경상
2020112700100472,2020년 11월 27일 18시,금요일,경상남도 사천시 사천읍,중상사고,0,1,1,0,차대사람 - 횡단중,안전운전불이행,건조,맑음,단일로 - 기타,이륜,남,31세,경상,보행자,남,42세,중상
2020112700100473,2020년 11월 27일 18시,금요일,경상남도 김해시 삼계동,중상사고,0,1,0,0,차대차 - 기타,중앙선침범,건조,맑음,단일로 - 기타,승용,여,49세,상해없음,이륜,남,50세,중상
2020112700100474,2020년 11월 27일 18시,금요일,경상남도 산청군 시천면,사망사고,1,0,0,0,차대사람 - 횡단중,안전운전불이행,건조,맑음,단일로 - 기타,화물,남,48세,상해없음,보행자,여,83세,사망
2020112700100539,2020년 11월 27일 19시,금요일,경상남도 창원시 진해구 용원동,경상사고,0,0,1,0,차대차 - 추돌,안전운전불이행,건조,맑음,단일로 - 기타,승용,남,31세,상해없음,승용,남,42세,경상
2020112700100540,2020년 11월 27일 19시,금요일,경상남도 창원시 진해구 경화동,경상사고,0,0,1,0,차대사람 - 기타,안전운전불이행,건조,맑음,단일로 - 기타,화물,여,64세,상해없음,보행자,남,68세,경상
2020112700100541,2020년 11월 27일 19시,금요일,경상남도 밀양시 부북면,경상사고,0,0,1,0,차대차 - 추돌,안전운전불이행,건조,맑음,단일로 - 기타,화물,남,43세,상해없음,화물,남,61세,경상
2020112700100615,2020년 11월 27일 21시,금요일,경상남도 창원시 마산회원구 양덕동,중상사고,0,1,1,0,차대차 - 정면충돌,신호위반,건조,맑음,교차로 - 교차로안,원동기,남,41세,중상,원동기,남,19세,경상
2020112700100670,2020년 11월 27일 23시,금요일,경상남도 김해시 구산동,중상사고,0,1,0,0,차대차 - 기타,신호위반,건조,맑음,교차로 - 교차로안,원동기,남,18세,중상,승용,남,57세,상해없음
2020112800100009,2020년 11월 28일 00시,토요일,경상남도 김해시 진영읍,중상사고,0,1,0,0,차량단독 - 공작물충돌,안전운전불이행,건조,맑음,단일로 - 기타,이륜,남,17세,중상,,,,
2020112800100020,2020년 11월 28일 01시,토요일,경상남도 양산시 중부동,경상사고,0,0,2,0,차대사람 - 차도통행중,안전운전불이행,건조,맑음,단일로 - 기타,승용,여,46세,상해없음,보행자,남,26세,경상
2020112800100026,2020년 11월 28일 02시,토요일,경상남도 밀양시 내이동,중상사고,0,1,1,0,차대차 - 측면충돌,안전운전불이행,건조,맑음,교차로 - 교차로안,승용,남,22세,상해없음,승용,남,64세,중상
2020112800100090,2020년 11월 28일 09시,토요일,경상남도 창원시 의창구 대산면,경상사고,0,0,2,0,차대차 - 측면충돌,안전운전불이행,건조,맑음,단일로 - 기타,특수,남,70세,상해없음,승용,남,64세,경상
2020112800100120,2020년 11월 28일 10시,토요일,경상남도 진주시 장대동,경상사고,0,0,1,0,차대사람 - 횡단중,보행자보호의무위반,건조,맑음,기타 - 기타,승용,남,53세,상해없음,보행자,남,89세,경상
2020112800100157,2020년 11월 28일 11시,토요일,경상남도 사천시 이홀동,경상사고,0,0,1,0,차량단독 - 공작물충돌,안전운전불이행,건조,맑음,교차로 - 교차로부근,승용,남,75세,경상,,,,
2020112800100158,2020년 11월 28일 11시,토요일,경상남도 양산시 명동,중상사고,0,1,0,0,차대차 - 측면충돌,안전운전불이행,건조,맑음,교차로 - 교차로안,승용,여,45세,상해없음,이륜,남,33세,중상
2020112800100159,2020년 11월 28일 11시,토요일,경상남도 창원시 의창구 팔용동,중상사고,0,1,0,0,차대사람 - 기타,안전운전불이행,건조,맑음,교차로 - 교차로안,승용,남,55세,상해없음,보행자,남,59세,중상
2020112800100246,2020년 11월 28일 13시,토요일,경상남도 밀양시 삼랑진읍,중상사고,0,1,0,0,차대차 - 기타,중앙선침범,건조,맑음,단일로 - 기타,승용,남,67세,상해없음,자전거,남,49세,중상
2020112800100291,2020년 11월 28일 14시,토요일,경상남도 사천시 사천읍,경상사고,0,0,1,0,차대차 - 추돌,안전운전불이행,건조,맑음,교차로 - 교차로부근,승용,남,70세,상해없음,이륜,남,46세,경상
2020112800100292,2020년 11월 28일 14시,토요일,경상남도 양산시 평산동,경상사고,0,0,1,0,차대차 - 측면충돌,안전운전불이행,건조,맑음,기타 - 기타,승용,남,65세,상해없음,승합,남,46세,경상
2020112800100293,2020년 11월 28일 14시,토요일,경상남도 양산시 덕계동,경상사고,0,0,2,0,차대차 - 측면충돌,안전운전불이행,건조,맑음,교차로 - 교차로안,승용,남,80세,상해없음,화물,남,62세,경상
2020112800100294,2020년 11월 28일 14시,토요일,경상남도 김해시 관동동,경상사고,0,0,1,0,차대차 - 기타,안전운전불이행,건조,맑음,단일로 - 기타,화물,남,60세,상해없음,이륜,남,20세,경상