사고번호,사고일시,요일,시군구,사고내용,사망자수,중상자수,경상자수,부상신고자수,사고유형,법규위반,노면상태,기상상태,도로형태,가해운전자 차종,가해운전자 성별,가해운전자 연령,가해운전자 상해정도,피해운전자 차종,피해운전자 성별,피해운전자 연령,피해운전자 상해정도
2020120500100558,2020년 12월 5일 23시,토요일,경상남도 김해시 외동,경상사고,0,0,3,0,차대차 - 추돌,기타,건조,맑음,교차로 - 교차로부근,승용,남,28세,상해없음,승용,남,64세,경상
2020120600100010,2020년 12월 6일 00시,일요일,경상남도 창원시 진해구 용원동,경상사고,0,0,1,0,차대차 - 측면충돌,신호위반,건조,맑음,교차로 - 교차로안,이륜,남,18세,경상,승용,남,32세,상해없음
2020120600100021,2020년 12월 6일 01시,일요일,경상남도 거제시 고현동,중상사고,0,1,0,0,차대사람 - 기타,교차로운행방법위반,건조,맑음,교차로 - 교차로부근,승용,남,59세,상해없음,보행자,남,51세,중상
2020120600100022,2020년 12월 6일 01시,일요일,경상남도 산청군 산청읍,중상사고,0,1,0,0,차량단독 - 공작물충돌,안전운전불이행,건조,맑음,단일로 - 기타,승용,남,47세,중상,,,,
2020120600100050,2020년 12월 6일 06시,일요일,경상남도 밀양시 가곡동,중상사고,0,2,0,0,차대차 - 추돌,안전운전불이행,건조,맑음,단일로 - 기타,승용,남,23세,상해없음,화물,남,56세,중상
2020120600100055,2020년 12월 6일 06시,일요일,경상남도 고성군 마암면,중상사고,0,1,2,0,차대차 - 기타,신호위반,건조,맑음,교차로 - 교차로안,승용,남,54세,상해없음,화물,남,37세,중상
2020120600100064,2020년 12월 6일 07시,일요일,경상남도 창원시 마산회원구 회원동,중상사고,0,1,0,0,차대차 - 추돌,안전운전불이행,건조,맑음,교차로 - 교차로부근,화물,남,57세,상해없음,화물,남,56세,중상
2020120600100123,2020년 12월 6일 11시,일요일,경상남도 창녕군 남지읍,중상사고,0,1,0,0,차대차 - 기타,안전운전불이행,건조,맑음,단일로 - 기타,화물,남,63세,상해없음,자전거,남,61세,중상
2020120600100138,2020년 12월 6일 12시,일요일,경상남도 통영시 광도면,경상사고,0,0,1,3,차대차 - 측면충돌,안전운전불이행,건조,맑음,교차로 - 교차로안,승용,여,72세,부상신고,승용,여,34세,부상신고
2020120600100139,2020년 12월 6일 12시,일요일,경상남도 김해시 구산동,중상사고,0,1,0,0,차대차 - 추돌,안전운전불이행,건조,맑음,교차로 - 교차로부근,승용,남,64세,상해없음,이륜,남,70세,중상
2020120600100167,2020년 12월 6일 13시,일요일,경상남도 양산시 남부동,경상사고,0,0,1,0,차대차 - 측면충돌,과속,건조,맑음,단일로 - 기타,승용,남,63세,상해없음,자전거,남,10세,경상
2020120600100194,2020년 12월 6일 14시,일요일,경상남도 김해시 대동면,경상사고,0,0,3,0,차대차 - 측면충돌,안전운전불이행,건조,맑음,단일로 - 기타,승용,여,27세,상해없음,승용,여,47세,경상
2020120600100235,2020년 12월 6일 15시,일요일,경상남도 창원시 진해구 풍호동,중상사고,0,1,0,0,차대차 - 측면충돌,신호위반,건조,맑음,교차로 - 교차로안,승용,여,45세,상해없음,승용,남,28세,중상
2020120600100236,2020년 12월 6일 15시,일요일,경상남도 밀양시 용평동,중상사고,0,1,0,0,차대차 - 측면충돌,안전운전불이행,건조,맑음,단일로 - 기타,승용,남,62세,상해없음,자전거,남,40세,중상
2020120600100237,2020년 12월 6일 15시,일요일,경상남도 산청군 신등면,경상사고,0,0,3,0,차대차 - 측면충돌,기타,건조,맑음,교차로 - 교차로안,화물,남,71세,상해없음,승용,여,34세,경상
2020120600100238,2020년 12월 6일 15시,일요일,경상남도 창원시 의창구 북면,경상사고,0,0,1,0,차대차 - 정면충돌,중앙선침범,건조,맑음,교차로 - 교차로부근,승용,남,62세,상해없음,승용,여,56세,경상
2020120600100315,2020년 12월 6일 18시,일요일,경상남도 사천시 실안동,경상사고,0,0,2,0,차대차 - 추돌,안전운전불이행,건조,맑음,교차로 - 교차로부근,화물,남,60세,상해없음,승용,남,66세,경상
2020120600100316,2020년 12월 6일 18시,일요일,경상남도 김해시 삼방동,중상사고,0,1,0,0,차대사람 - 횡단중,안전운전불이행,건조,맑음,단일로 - 기타,이륜,남,21세,상해없음,보행자,남,66세,중상
2020120600100317,2020년 12월 6일 18시,일요일,경상남도 양산시 명동,경상사고,0,0,1,0,차대차 - 기타,교차로운행방법위반,건조,맑음,교차로 - 교차로안,승용,남,21세,상해없음,원동기,남,36세,경상
2020120600100347,2020년 12월 6일 19시,일요일,경상남도 창원시 마산합포구 월남동2가,중상사고,0,1,0,0,차대차 - 측면충돌,안전운전불이행,건조,맑음,교차로 - 교차로안,이륜,남,55세,상해없음,승용,남,36세,중상
2020120700100013,2020년 12월 7일 02시,월요일,경상남도 양산시 물금읍,경상사고,0,0,1,0,차대차 - 추돌,안전운전불이행,건조,맑음,단일로 - 기타,승용,남,29세,상해없음,승용,남,31세,경상
2020120700100018,2020년 12월 7일 04시,월요일,경상남도 통영시 서호동,중상사고,0,1,0,0,차대사람 - 횡단중,안전운전불이행,건조,맑음,교차로 - 교차로안,이륜,남,72세,상해없음,보행자,여,72세,중상
2020120700100093,2020년 12월 7일 08시,월요일,경상남도 사천시 노룡동,중상사고,0,1,1,0,차대차 - 추돌,안전운전불이행,건조,맑음,단일로 - 기타,승용,남,43세,상해없음,승용,남,37세,중상
2020120700100118,2020년 12월 7일 09시,월요일,경상남도 창원시 진해구 송학동,경상사고,0,0,1,0,차대차 - 기타,안전운전불이행,건조,맑음,단일로 - 기타,승용,여,53세,상해없음,승용,남,61세,경상
2020120700100119,2020년 12월 7일 09시,월요일,경상남도 밀양시 내이동,경상사고,0,0,1,0,차대차 - 추돌,안전운전불이행,건조,맑음,단일로 - 기타,승용,여,38세,상해없음,승용,남,63세,경상
2020120700100202,2020년 12월 7일 12시,월요일,경상남도 창원시 마산합포구 남성동,중상사고,0,1,0,0,차대차 - 기타,안전운전불이행,건조,맑음,교차로 - 교차로안,승용,남,63세,상해없음,자전거,남,58세,중상
2020120700100225,2020년 12월 7일 13시,월요일,경상남도 창원시 진해구 이동,중상사고,0,1,0,0,차대차 - 기타,안전운전불이행,건조,맑음,교차로 - 교차로부근,승용,남,31세,상해없음,자전거,여,69세,중상
2020120700100226,2020년 12월 7일 13시,월요일,경상남도 통영시 북신동,중상사고,0,1,0,0,차대차 - 측면충돌,기타,건조,맑음,교차로 - 교차로안,이륜,남,20세,상해없음,승용,여,43세,상해없음
2020120700100249,2020년 12월 7일 14시,월요일,경상남도 김해시 진영읍,중상사고,0,1,0,1,차대차 - 측면충돌,교차로운행방법위반,건조,맑음,교차로 - 교차로안,건설기계,남,58세,부상신고,승용,남,35세,중상
2020120700100281,2020년 12월 7일 15시,월요일,경상남도 산청군 시천면,부상신고사고,0,0,0,1,차대차 - 측면충돌,교차로운행방법위반,건조,맑음,교차로 - 교차로안,이륜,남,34세,부상신고,승용,남,66세,상해없음
2020120700100324,2020년 12월 7일 16시,월요일,경상남도 김해시 신문동,경상사고,0,0,2,0,차대차 - 측면충돌,차로위반,건조,맑음,교차로 - 교차로안,승용,남,29세,상해없음,승용,남,36세,경상
2020120700100362,2020년 12월 7일 17시,월요일,경상남도 고성군 고성읍,경상사고,0,0,2,0,차대차 - 측면충돌,안전운전불이행,건조,맑음,교차로 - 교차로안,승용,남,74세,상해없음,승용,남,46세,상해없음
2020120700100363,2020년 12월 7일 17시,월요일,경상남도 창원시 의창구 북면,중상사고,0,1,7,0,차대차 - 정면충돌,중앙선침범,건조,맑음,교차로 - 교차로부근,승용,남,47세,상해없음,승용,남,39세,경상
2020120700100406,2020년 12월 7일 18시,월요일,경상남도 양산시 산막동,경상사고,0,0,2,0,차대차 - 기타,안전운전불이행,젖음/습기,맑음,단일로 - 기타,기타불명,기타불명,미분류,기타불명,화물,남,58세,상해없음
2020120700100446,2020년 12월 7일 19시,월요일,경상남도 김해시 부원동,중상사고,0,1,0,0,차대사람 - 차도통행중,안전운전불이행,건조,맑음,교차로 - 교차로부근,승용,남,61세,상해없음,보행자,남,68세,중상
2020120700100447,2020년 12월 7일 19시,월요일,경상남도 하동군 금남면,중상사고,0,1,0,0,차대차 - 정면충돌,교차로운행방법위반,건조,맑음,교차로 - 교차로안,승용,남,68세,상해없음,화물,남,46세,중상
2020120700100508,2020년 12월 7일 21시,월요일,경상남도 창원시 의창구 봉곡동,경상사고,0,0,1,0,차대차 - 측면충돌,신호위반,건조,맑음,교차로 - 교차로안,승용,남,74세,상해없음,승용,남,34세,경상
2020120700100520,2020년 12월 7일 22시,월요일,경상남도 사천시 정동면,경상사고,0,0,1,0,차대차 - 측면충돌,교차로운행방법위반,건조,맑음,교차로 - 교차로안,이륜,남,38세,경상,승용,남,23세,상해없음
2020120800100036,2020년 12월 8일 06시,화요일,경상남도 김해시 삼계동,중상사고,0,1,0,0,차대사람 - 횡단중,신호위반,건조,맑음,교차로 - 교차로횡단보도내,승합,남,54세,기타불명,보행자,여,62세,중상
2020120800100056,2020년 12월 8일 07시,화요일,경상남도 창녕군 창녕읍,중상사고,0,2,0,0,차대차 - 정면충돌,안전운전불이행,건조,맑음,단일로 - 기타,화물,남,60세,중상,승합,남,61세,중상
2020120800100057,2020년 12월 8일 07시,화요일,경상남도 거제시 장평동,경상사고,0,0,1,0,차대차 - 측면충돌,중앙선침범,건조,맑음,교차로 - 교차로안,이륜,남,40세,경상,승용,여,47세,상해없음
2020120800100091,2020년 12월 8일 08시,화요일,경상남도 밀양시 가곡동,중상사고,0,1,0,0,차대차 - 정면충돌,교차로운행방법위반,건조,맑음,교차로 - 교차로부근,승용,남,44세,상해없음,이륜,남,65세,중상
2020120800100093,2020년 12월 8일 08시,화요일,경상남도 창녕군 영산면,경상사고,0,0,1,0,차대차 - 측면충돌,신호위반,건조,맑음,교차로 - 교차로안,승용,남,54세,상해없음,승용,여,47세,경상
2020120800100094,2020년 12월 8일 08시,화요일,경상남도 양산시 물금읍,경상사고,0,0,1,0,차량단독 - 기타,안전운전불이행,건조,맑음,단일로 - 기타,이륜,남,43세,경상,,,,
2020120800100162,2020년 12월 8일 10시,화요일,경상남도 진주시 옥봉동,중상사고,0,1,0,0,차대사람 - 횡단중,보행자보호의무위반,건조,맑음,교차로 - 교차로횡단보도내,화물,남,59세,상해없음,보행자,여,74세,중상
2020120800100187,2020년 12월 8일 11시,화요일,경상남도 합천군 합천읍,경상사고,0,0,1,0,차대사람 - 기타,기타,건조,맑음,단일로 - 기타,승용,남,72세,상해없음,보행자,여,78세,경상
2020120800100188,2020년 12월 8일 11시,화요일,경상남도 거제시 고현동,경상사고,0,0,2,0,차대차 - 기타,교차로운행방법위반,건조,맑음,교차로 - 교차로안,승용,여,59세,상해없음,승용,남,40세,경상
2020120800100220,2020년 12월 8일 12시,화요일,경상남도 양산시 물금읍,경상사고,0,0,2,0,차대차 - 추돌,안전운전불이행,건조,맑음,교차로 - 교차로안,승용,여,49세,상해없음,승용,여,32세,경상
2020120800100254,2020년 12월 8일 13시,화요일,경상남도 창원시 진해구 풍호동,경상사고,0,0,1,0,차대사람 - 기타,안전운전불이행,건조,맑음,교차로 - 교차로부근,승용,여,59세,상해없음,보행자,여,60세,경상
2020120800100255,2020년 12월 8일 13시,화요일,경상남도 통영시 욕지면,경상사고,0,0,1,1,차량단독 - 도로외이탈 - 추락,안전운전불이행,건조,맑음,단일로 - 기타,승용,여,44세,상해없음,,,,
2020120800100256,2020년 12월 8일 13시,화요일,경상남도 사천시 용강동,경상사고,0,0,2,0,차대차 - 측면충돌,신호위반,건조,맑음,교차로 - 교차로안,화물,여,62세,상해없음,승용,남,28세,경상
2020120800100257,2020년 12월 8일 13시,화요일,경상남도 창녕군 대지면,경상사고,0,0,1,0,차대차 - 추돌,안전거리미확보,건조,맑음,단일로 - 기타,화물,남,49세,상해없음,승용,여,59세,경상
2020120800100305,2020년 12월 8일 14시,화요일,경상남도 창원시 진해구 석동,경상사고,0,0,1,0,차대차 - 기타,안전운전불이행,건조,맑음,교차로 - 교차로부근,자전거,여,14세,경상,승합,여,46세,상해없음
2020120800100306,2020년 12월 8일 14시,화요일,경상남도 합천군 삼가면,경상사고,0,0,1,0,차대차 - 추돌,안전운전불이행,건조,맑음,단일로 - 기타,화물,남,61세,상해없음,승용,남,67세,경상
2020120800100307,2020년 12월 8일 14시,화요일,경상남도 양산시 동면,경상사고,0,0,1,0,차대차 - 후진중충돌,안전운전불이행,건조,맑음,단일로 - 기타,건설기계,남,45세,상해없음,건설기계,남,45세,경상
2020120800100378,2020년 12월 8일 16시,화요일,경상남도 거창군 거창읍,경상사고,0,0,2,0,차대차 - 추돌,안전운전불이행,건조,맑음,단일로 - 기타,승용,여,64세,상해없음,승용,남,33세,경상
2020120800100428,2020년 12월 8일 17시,화요일,경상남도 김해시 내덕동,경상사고,0,0,1,0,차대차 - 측면충돌,안전운전불이행,건조,맑음,단일로 - 기타,승용,여,50세,상해없음,승용,여,49세,경상
2020120800100492,2020년 12월 8일 18시,화요일,경상남도 창원시 마산합포구 추산동,중상사고,0,1,0,0,차대차 - 기타,안전운전불이행,건조,맑음,단일로 - 기타,이륜,남,42세,상해없음,이륜,남,18세,중상
2020120800100493,2020년 12월 8일 18시,화요일,경상남도 통영시 중앙동,부상신고사고,0,0,0,2,차대차 - 측면충돌,신호위반,건조,맑음,교차로 - 교차로안,이륜,남,60세,부상신고,승용,여,57세,부상신고
2020120800100494,2020년 12월 8일 18시,화요일,경상남도 거제시 아주동,경상사고,0,0,3,0,차대차 - 추돌,안전운전불이행,건조,맑음,단일로 - 터널,승용,남,40세,경상,승용,남,42세,경상
2020120800100563,2020년 12월 8일 20시,화요일,경상남도 진주시 인사동,중상사고,0,1,0,0,차대차 - 측면충돌,안전운전불이행,건조,맑음,교차로 - 교차로부근,승용,남,59세,상해없음,이륜,남,52세,중상
2020120800100564,2020년 12월 8일 20시,화요일,경상남도 김해시 구산동,중상사고,0,1,0,0,차대차 - 측면충돌,안전거리미확보,건조,맑음,교차로 - 교차로부근,이륜,남,30세,중상,화물,남,37세,상해없음
2020120800100565,2020년 12월 8일 20시,화요일,경상남도 양산시 중부동,경상사고,0,0,1,0,차대차 - 측면충돌,안전운전불이행,건조,맑음,교차로 - 교차로안,승용,남,19세,상해없음,승용,남,28세,경상
2020120800100566,2020년 12월 8일 20시,화요일,경상남도 거제시 옥포동,중상사고,0,1,0,0,차대사람 - 차도통행중,안전운전불이행,건조,맑음,단일로 - 기타,승용,남,30세,상해없음,보행자,남,30세,중상
2020120800100588,2020년 12월 8일 21시,화요일,경상남도 진주시 평거동,경상사고,0,0,1,0,차대사람 - 기타,기타,건조,맑음,기타 - 기타,승용,여,61세,상해없음,보행자,여,19세,경상
2020120800100589,2020년 12월 8일 21시,화요일,경상남도 창녕군 남지읍,중상사고,0,1,0,0,차대사람 - 기타,안전운전불이행,건조,맑음,단일로 - 기타,승용,여,34세,상해없음,보행자,남,39세,중상
2020120800100590,2020년 12월 8일 21시,화요일,경상남도 고성군 마암면,중상사고,0,1,1,0,차대차 - 측면충돌,신호위반,건조,맑음,교차로 - 교차로안,특수,남,41세,상해없음,승용,남,38세,중상
2020120900100037,2020년 12월 9일 06시,수요일,경상남도 김해시 삼정동,중상사고,0,2,0,0,차대차 - 측면충돌,신호위반,건조,맑음,교차로 - 교차로안,승용,남,59세,상해없음,승용,여,54세,중상
2020120900100058,2020년 12월 9일 07시,수요일,경상남도 창녕군 계성면,중상사고,0,2,1,0,차대차 - 기타,중앙선침범,건조,맑음,단일로 - 기타,승용,여,28세,중상,승합,남,51세,중상
2020120900100059,2020년 12월 9일 07시,수요일,경상남도 양산시 남부동,중상사고,0,1,0,0,차대차 - 측면충돌,안전운전불이행,건조,맑음,단일로 - 기타,화물,남,48세,상해없음,자전거,여,50세,중상
2020120900100096,2020년 12월 9일 08시,수요일,경상남도 합천군 합천읍,중상사고,0,1,0,0,차대차 - 측면충돌,신호위반,건조,맑음,교차로 - 교차로안,승용,남,33세,상해없음,승용,남,30세,중상
2020120900100139,2020년 12월 9일 09시,수요일,경상남도 창원시 의창구 팔용동,경상사고,0,0,1,0,차대차 - 추돌,안전거리미확보,건조,맑음,단일로 - 기타,승용,남,44세,상해없음,승용,남,50세,경상
2020120900100140,2020년 12월 9일 09시,수요일,경상남도 김해시 진영읍,경상사고,0,0,1,0,차대사람 - 길가장자리구역통행중,안전운전불이행,건조,맑음,단일로 - 기타,화물,남,63세,상해없음,보행자,남,57세,경상
2020120900100170,2020년 12월 9일 10시,수요일,경상남도 창원시 마산합포구 동성동,중상사고,0,1,0,0,차대차 - 측면충돌,교차로운행방법위반,건조,맑음,교차로 - 교차로안,이륜,남,66세,중상,승용,남,60세,상해없음
2020120900100171,2020년 12월 9일 10시,수요일,경상남도 합천군 합천읍,중상사고,0,1,0,0,차대차 - 측면충돌,교차로운행방법위반,건조,맑음,교차로 - 교차로안,승용,여,63세,상해없음,승용,여,63세,중상
2020120900100195,2020년 12월 9일 11시,수요일,경상남도 의령군 의령읍,중상사고,0,1,0,0,차대차 - 측면충돌,교차로운행방법위반,건조,맑음,교차로 - 교차로부근,승용,남,52세,상해없음,이륜,여,70세,중상
2020120900100224,2020년 12월 9일 12시,수요일,경상남도 창원시 마산합포구 월영동,경상사고,0,0,1,0,차량단독 - 기타,안전운전불이행,건조,맑음,기타 - 기타,승합,남,39세,상해없음,,,,
2020120900100225,2020년 12월 9일 12시,수요일,경상남도 통영시 항남동,경상사고,0,0,1,0,차대차 - 측면충돌,불법유턴,건조,맑음,교차로 - 교차로안,승합,남,41세,상해없음,이륜,남,51세,경상
2020120900100226,2020년 12월 9일 12시,수요일,경상남도 창녕군 계성면,중상사고,0,1,0,0,차대차 - 측면충돌,중앙선침범,건조,맑음,단일로 - 기타,승용,여,63세,상해없음,승용,남,58세,중상
2020120900100255,2020년 12월 9일 13시,수요일,경상남도 김해시 구산동,경상사고,0,0,2,0,차대차 - 측면충돌,안전운전불이행,건조,맑음,교차로 - 교차로안,화물,남,67세,상해없음,이륜,남,75세,경상
2020120900100277,2020년 12월 9일 14시,수요일,경상남도 거제시 옥포동,경상사고,0,0,1,0,차대사람 - 차도통행중,안전운전불이행,건조,맑음,단일로 - 기타,승용,남,50세,상해없음,보행자,여,54세,경상
2020120900100305,2020년 12월 9일 15시,수요일,경상남도 진주시 상대동,경상사고,0,0,2,0,차대차 - 측면충돌,안전운전불이행,건조,맑음,단일로 - 기타,승용,여,64세,경상,화물,남,43세,경상
2020120900100306,2020년 12월 9일 15시,수요일,경상남도 창원시 진해구 경화동,경상사고,0,0,2,0,차대차 - 추돌,안전거리미확보,건조,맑음,단일로 - 기타,승용,남,48세,경상,승용,여,48세,경상
2020120900100307,2020년 12월 9일 15시,수요일,경상남도 사천시 사남면,사망사고,1,0,4,0,차대차 - 기타,중앙선침범,건조,맑음,기타 - 기타,승용,남,47세,사망,승용,여,34세,경상
2020120900100308,2020년 12월 9일 15시,수요일,경상남도 김해시 삼정동,경상사고,0,0,1,0,차대사람 - 기타,안전운전불이행,건조,맑음,교차로 - 교차로안,승용,남,50세,상해없음,보행자,여,59세,경상
2020120900100309,2020년 12월 9일 15시,수요일,경상남도 합천군 합천읍,사망사고,1,2,1,0,차대차 - 정면충돌,중앙선침범,건조,맑음,단일로 - 기타,승용,남,76세,중상,승용,남,31세,경상
2020120900100310,2020년 12월 9일 15시,수요일,경상남도 창원시 의창구 사림동,경상사고,0,0,1,0,차대차 - 추돌,안전운전불이행,건조,맑음,교차로 - 교차로안,승용,여,54세,상해없음,승용,여,51세,경상
2020120900100343,2020년 12월 9일 16시,수요일,경상남도 진주시 봉곡동,중상사고,0,1,0,0,차대사람 - 횡단중,보행자보호의무위반,건조,맑음,기타 - 기타,승용,남,73세,상해없음,보행자,여,13세,중상
2020120900100376,2020년 12월 9일 17시,수요일,경상남도 김해시 어방동,경상사고,0,0,1,0,차대차 - 측면충돌,직진우회전진행방해,건조,맑음,교차로 - 교차로안,화물,남,72세,상해없음,원동기,남,17세,경상
2020120900100402,2020년 12월 9일 18시,수요일,경상남도 양산시 물금읍,중상사고,0,1,0,0,차대차 - 기타,안전운전불이행,건조,맑음,단일로 - 교량,승용,남,31세,상해없음,승용,남,52세,중상
2020120900100434,2020년 12월 9일 18시,수요일,경상남도 창원시 진해구 두동,경상사고,0,0,3,0,차대차 - 추돌,안전거리미확보,건조,맑음,단일로 - 기타,승용,여,48세,경상,승용,남,45세,경상
2020120900100435,2020년 12월 9일 18시,수요일,경상남도 김해시 삼정동,경상사고,0,0,1,0,차대차 - 기타,신호위반,건조,맑음,교차로 - 교차로안,원동기,남,36세,경상,승용,남,76세,상해없음
2020120900100436,2020년 12월 9일 18시,수요일,경상남도 김해시 삼계동,중상사고,0,1,0,0,차대사람 - 횡단중,보행자보호의무위반,건조,맑음,교차로 - 교차로횡단보도내,승합,여,47세,상해없음,보행자,여,56세,중상
2020120900100437,2020년 12월 9일 18시,수요일,경상남도 김해시 봉황동,경상사고,0,0,1,0,차대차 - 추돌,안전운전불이행,건조,맑음,단일로 - 기타,승용,남,60세,상해없음,승용,남,58세,상해없음
2020120900100498,2020년 12월 9일 19시,수요일,경상남도 창원시 마산합포구 교원동,중상사고,0,1,0,0,차대차 - 측면충돌,교차로운행방법위반,건조,맑음,교차로 - 교차로안,승용,남,38세,상해없음,이륜,남,73세,중상
2020120900100499,2020년 12월 9일 19시,수요일,경상남도 창원시 진해구 경화동,경상사고,0,0,1,0,차대차 - 추돌,안전운전불이행,건조,맑음,교차로 - 교차로안,승용,남,52세,상해없음,승용,여,39세,경상
2020120900100500,2020년 12월 9일 19시,수요일,경상남도 통영시 정량동,중상사고,0,1,0,0,차대사람 - 횡단중,안전운전불이행,건조,맑음,교차로 - 교차로안,승용,여,59세,상해없음,보행자,남,33세,중상
2020120900100501,2020년 12월 9일 19시,수요일,경상남도 양산시 명동,경상사고,0,0,2,0,차대차 - 측면충돌,신호위반,건조,맑음,교차로 - 교차로안,승용,남,19세,경상,이륜,남,45세,경상
2020120900100529,2020년 12월 9일 20시,수요일,경상남도 창원시 마산회원구 합성동,경상사고,0,0,2,0,차대차 - 후진중충돌,안전운전불이행,건조,맑음,단일로 - 기타,승용,남,47세,상해없음,승용,남,64세,경상
2020121000100005,2020년 12월 10일 00시,목요일,경상남도 사천시 사천읍,경상사고,0,0,1,0,차대사람 - 기타,안전운전불이행,건조,맑음,단일로 - 기타,승용,남,59세,상해없음,보행자,남,57세,경상
2020121000100025,2020년 12월 10일 06시,목요일,경상남도 김해시 진례면,경상사고,0,0,1,0,차대차 - 기타,안전운전불이행,건조,맑음,교차로 - 교차로부근,화물,남,62세,상해없음,승용,남,44세,경상
2020121000100077,2020년 12월 10일 08시,목요일,경상남도 거제시 고현동,경상사고,0,0,1,0,차대차 - 기타,안전운전불이행,건조,맑음,단일로 - 기타,이륜,여,53세,경상,화물,남,71세,상해없음
2020121000100102,2020년 12월 10일 09시,목요일,경상남도 통영시 용남면,경상사고,0,0,2,0,차대차 - 측면충돌,교차로운행방법위반,건조,맑음,교차로 - 교차로안,승용,여,46세,경상,승합,남,58세,상해없음
2020121000100103,2020년 12월 10일 09시,목요일,경상남도 김해시 관동동,중상사고,0,1,0,1,차대차 - 측면충돌,신호위반,건조,맑음,교차로 - 교차로안,승용,여,40세,부상신고,승용,여,48세,중상
2020121000100119,2020년 12월 10일 10시,목요일,경상남도 양산시 북정동,중상사고,0,1,0,0,차대차 - 기타,교차로운행방법위반,건조,맑음,교차로 - 교차로안,승용,남,68세,상해없음,원동기,남,56세,중상
2020121000100147,2020년 12월 10일 11시,목요일,경상남도 창원시 성산구 신촌동,경상사고,0,0,1,0,차대차 - 측면충돌,안전운전불이행,건조,맑음,교차로 - 교차로안,승용,남,73세,상해없음,승용,남,51세,경상
2020121000100206,2020년 12월 10일 13시,목요일,경상남도 양산시 중부동,중상사고,0,2,0,0,차대차 - 기타,신호위반,건조,맑음,교차로 - 교차로안,승용,여,28세,기타불명,화물,남,39세,중상
2020121000100207,2020년 12월 10일 13시,목요일,경상남도 거제시 옥포동,경상사고,0,0,1,0,차대사람 - 기타,보행자보호의무위반,건조,맑음,교차로 - 교차로횡단보도내,승용,남,77세,상해없음,보행자,남,30세,경상
2020121000100231,2020년 12월 10일 14시,목요일,경상남도 거창군 남하면,중상사고,0,1,1,0,차대차 - 측면충돌,신호위반,건조,맑음,교차로 - 교차로안,승용,남,44세,상해없음,건설기계,남,51세,경상
2020121000100232,2020년 12월 10일 14시,목요일,경상남도 고성군 고성읍,중상사고,0,1,0,0,차대차 - 측면충돌,교차로운행방법위반,건조,맑음,교차로 - 교차로안,승용,남,68세,상해없음,승용,여,55세,중상
2020121000100252,2020년 12월 10일 15시,목요일,경상남도 창녕군 대합면,중상사고,0,1,0,0,차대차 - 기타,안전운전불이행,건조,맑음,교차로 - 교차로부근,건설기계,남,45세,상해없음,화물,남,61세,중상
2020121000100253,2020년 12월 10일 15시,목요일,경상남도 의령군 가례면,경상사고,0,0,1,0,차대차 - 측면충돌,신호위반,건조,맑음,교차로 - 교차로안,승용,남,54세,기타불명,승용,남,61세,경상
2020121000100277,2020년 12월 10일 16시,목요일,경상남도 창원시 마산합포구 자산동,경상사고,0,0,1,0,차대차 - 측면충돌,안전운전불이행,건조,맑음,단일로 - 기타,이륜,남,80세,경상,승용,남,57세,상해없음
2020121000100278,2020년 12월 10일 16시,목요일,경상남도 거제시 고현동,경상사고,0,0,1,0,차대차 - 기타,안전운전불이행,건조,맑음,교차로 - 교차로안,승용,여,45세,상해없음,자전거,남,57세,경상
2020121000100300,2020년 12월 10일 17시,목요일,경상남도 김해시 내덕동,중상사고,0,1,1,0,차대차 - 추돌,안전거리미확보,건조,맑음,단일로 - 기타,승용,남,26세,중상,승용,남,71세,경상
2020121000100330,2020년 12월 10일 17시,목요일,경상남도 창원시 마산합포구 진북면,경상사고,0,0,1,0,차대차 - 기타,안전운전불이행,건조,맑음,단일로 - 기타,승용,남,53세,상해없음,화물,기타불명,미분류,기타불명
2020121000100331,2020년 12월 10일 17시,목요일,경상남도 김해시 외동,경상사고,0,0,1,0,차대차 - 기타,안전운전불이행,건조,맑음,교차로 - 교차로안,승용,여,45세,상해없음,자전거,남,13세,경상
2020121000100381,2020년 12월 10일 18시,목요일,경상남도 거제시 고현동,경상사고,0,0,1,0,차대차 - 추돌,안전운전불이행,건조,맑음,단일로 - 기타,승용,남,56세,상해없음,승용,여,30세,경상
2020121000100382,2020년 12월 10일 18시,목요일,경상남도 창원시 성산구 중앙동,경상사고,0,0,1,0,차대차 - 측면충돌,안전운전불이행,건조,맑음,교차로 - 교차로부근,승용,남,25세,상해없음,승용,남,42세,상해없음
2020121000100383,2020년 12월 10일 18시,목요일,경상남도 창원시 의창구 신월동,경상사고,0,0,1,0,차대차 - 기타,안전운전불이행,건조,맑음,교차로 - 교차로안,승용,남,49세,상해없음,이륜,남,37세,경상
2020121000100408,2020년 12월 10일 19시,목요일,경상남도 김해시 대동면,경상사고,0,0,1,0,차대차 - 측면충돌,안전거리미확보,건조,맑음,단일로 - 기타,승용,남,48세,상해없음,승용,남,44세,경상
2020121000100428,2020년 12월 10일 19시,목요일,경상남도 진주시 상봉동,경상사고,0,0,1,0,차대사람 - 횡단중,보행자보호의무위반,건조,맑음,단일로 - 기타,승용,남,31세,상해없음,보행자,남,53세,경상