사고번호,사고일시,요일,시군구,사고내용,사망자수,중상자수,경상자수,부상신고자수,사고유형,법규위반,노면상태,기상상태,도로형태,가해운전자 차종,가해운전자 성별,가해운전자 연령,가해운전자 상해정도,피해운전자 차종,피해운전자 성별,피해운전자 연령,피해운전자 상해정도
2020121500100213,2020년 12월 15일 13시,화요일,경상남도 통영시 도산면,부상신고사고,0,0,0,1,차량단독 - 기타,안전운전불이행,서리/결빙,맑음,단일로 - 기타,이륜,남,55세,부상신고,,,,
2020121500100214,2020년 12월 15일 13시,화요일,경상남도 밀양시 상남면,중상사고,0,1,0,0,차대차 - 측면충돌,교차로운행방법위반,건조,맑음,교차로 - 교차로안,화물,남,68세,상해없음,승용,여,54세,중상
2020121500100215,2020년 12월 15일 13시,화요일,경상남도 양산시 물금읍,경상사고,0,0,1,0,차대차 - 측면충돌,교차로운행방법위반,건조,맑음,교차로 - 교차로안,화물,남,56세,상해없음,승용,남,52세,경상
2020121500100252,2020년 12월 15일 14시,화요일,경상남도 김해시 삼정동,경상사고,0,0,1,0,차대차 - 기타,안전운전불이행,건조,맑음,단일로 - 기타,화물,남,42세,상해없음,이륜,남,20세,경상
2020121500100253,2020년 12월 15일 14시,화요일,경상남도 김해시 어방동,중상사고,0,1,0,0,차대차 - 측면충돌,신호위반,건조,맑음,교차로 - 교차로안,승용,여,53세,상해없음,이륜,남,47세,중상
2020121500100254,2020년 12월 15일 14시,화요일,경상남도 김해시 무계동,중상사고,0,2,0,0,차대차 - 추돌,안전운전불이행,건조,맑음,단일로 - 기타,승용,남,52세,상해없음,승용,남,65세,중상
2020121500100291,2020년 12월 15일 15시,화요일,경상남도 거제시 상동동,경상사고,0,0,1,0,차대차 - 기타,안전운전불이행,건조,맑음,교차로 - 교차로부근,이륜,남,55세,경상,승용,여,36세,상해없음
2020121500100292,2020년 12월 15일 15시,화요일,경상남도 산청군 산청읍,중상사고,0,1,0,0,차대사람 - 횡단중,안전운전불이행,건조,맑음,교차로 - 교차로안,승용,남,34세,상해없음,보행자,여,59세,중상
2020121500100361,2020년 12월 15일 17시,화요일,경상남도 진주시 명석면,중상사고,0,2,0,0,차대차 - 측면충돌,안전운전불이행,건조,맑음,단일로 - 기타,승용,여,58세,상해없음,승용,여,49세,중상
2020121500100362,2020년 12월 15일 17시,화요일,경상남도 밀양시 내이동,경상사고,0,0,1,0,차대차 - 측면충돌,안전운전불이행,건조,맑음,단일로 - 기타,승용,여,52세,상해없음,승용,남,43세,경상
2020121500100363,2020년 12월 15일 17시,화요일,경상남도 거제시 장평동,중상사고,0,1,0,0,차대차 - 측면충돌,기타,건조,맑음,교차로 - 교차로안,이륜,남,58세,중상,승용,여,39세,상해없음
2020121500100417,2020년 12월 15일 18시,화요일,경상남도 창원시 진해구 청안동,경상사고,0,0,1,0,차대차 - 측면충돌,직진우회전진행방해,건조,맑음,교차로 - 교차로안,승용,남,67세,상해없음,원동기,남,17세,경상
2020121500100418,2020년 12월 15일 18시,화요일,경상남도 창원시 진해구 여좌동,경상사고,0,0,1,0,차대차 - 정면충돌,안전운전불이행,건조,맑음,교차로 - 교차로안,승용,남,22세,상해없음,승용,여,45세,경상
2020121500100419,2020년 12월 15일 18시,화요일,경상남도 거제시 옥포동,중상사고,0,1,0,0,차대사람 - 기타,안전운전불이행,건조,맑음,단일로 - 기타,승합,남,46세,상해없음,보행자,남,45세,중상
2020121500100420,2020년 12월 15일 18시,화요일,경상남도 함안군 가야읍,경상사고,0,0,1,0,차대사람 - 차도통행중,안전운전불이행,건조,맑음,교차로 - 교차로안,승용,여,57세,상해없음,보행자,남,60세,경상
2020121500100492,2020년 12월 15일 20시,화요일,경상남도 창원시 마산합포구 해운동,부상신고사고,0,0,0,2,차대차 - 추돌,중앙선침범,건조,맑음,단일로 - 기타,승용,여,53세,상해없음,승용,남,26세,부상신고
2020121500100493,2020년 12월 15일 20시,화요일,경상남도 창원시 진해구 이동,중상사고,0,1,0,0,차대사람 - 횡단중,보행자보호의무위반,건조,맑음,교차로 - 교차로횡단보도내,원동기,남,22세,상해없음,보행자,남,53세,중상
2020121500100494,2020년 12월 15일 20시,화요일,경상남도 통영시 도천동,경상사고,0,0,1,0,차대차 - 기타,안전거리미확보,건조,맑음,단일로 - 기타,승용,남,48세,상해없음,이륜,남,24세,경상
2020121500100495,2020년 12월 15일 20시,화요일,경상남도 창원시 마산회원구 양덕동,경상사고,0,0,2,0,차대차 - 측면충돌,안전운전불이행,건조,맑음,단일로 - 기타,승용,여,27세,상해없음,승용,여,46세,경상
2020121500100496,2020년 12월 15일 20시,화요일,경상남도 창원시 마산회원구 석전동,경상사고,0,0,1,0,차대차 - 측면충돌,안전운전불이행,건조,맑음,교차로 - 교차로부근,승용,남,39세,상해없음,승합,남,47세,경상
2020121500100538,2020년 12월 15일 21시,화요일,경상남도 양산시 명동,중상사고,0,1,0,0,차대차 - 기타,신호위반,건조,맑음,교차로 - 교차로안,승용,여,50세,상해없음,승용,남,23세,중상
2020121500100549,2020년 12월 15일 22시,화요일,경상남도 양산시 물금읍,경상사고,0,0,1,0,차대차 - 추돌,안전운전불이행,건조,맑음,단일로 - 기타,승용,남,33세,상해없음,승용,남,55세,경상
2020121500100559,2020년 12월 15일 22시,화요일,경상남도 사천시 곤명면,경상사고,0,0,1,0,차량단독 - 전도전복 - 전복,안전운전불이행,건조,맑음,단일로 - 기타,승용,여,39세,경상,,,,
2020121500100569,2020년 12월 15일 23시,화요일,경상남도 창원시 진해구 자은동,경상사고,0,0,1,0,차대사람 - 기타,안전운전불이행,건조,맑음,주차장 - 주차장,승용,여,42세,상해없음,보행자,남,52세,경상
2020121600100050,2020년 12월 16일 07시,수요일,경상남도 거제시 고현동,경상사고,0,0,1,0,차대차 - 기타,신호위반,건조,맑음,교차로 - 교차로안,승용,여,53세,상해없음,승용,여,42세,경상
2020121600100051,2020년 12월 16일 07시,수요일,경상남도 함안군 칠원읍,경상사고,0,0,2,0,차대차 - 기타,중앙선침범,건조,맑음,단일로 - 교량,승용,여,40세,경상,승용,남,73세,경상
2020121600100052,2020년 12월 16일 07시,수요일,경상남도 의령군 의령읍,부상신고사고,0,0,0,1,차대차 - 측면충돌,직진우회전진행방해,건조,맑음,교차로 - 교차로안,승용,남,44세,부상신고,승용,남,47세,상해없음
2020121600100084,2020년 12월 16일 08시,수요일,경상남도 창원시 진해구 충무동,경상사고,0,0,1,0,차대차 - 측면충돌,안전거리미확보,건조,맑음,교차로 - 교차로안,승용,여,31세,상해없음,승용,여,54세,경상
2020121600100085,2020년 12월 16일 08시,수요일,경상남도 창녕군 창녕읍,중상사고,0,1,0,0,차량단독 - 기타,안전운전불이행,건조,맑음,단일로 - 기타,이륜,남,31세,중상,,,,
2020121600100086,2020년 12월 16일 08시,수요일,경상남도 김해시 신문동,경상사고,0,0,2,0,차대차 - 기타,안전운전불이행,건조,맑음,교차로 - 교차로부근,승용,남,51세,상해없음,승합,남,30세,상해없음
2020121600100135,2020년 12월 16일 10시,수요일,경상남도 통영시 도천동,경상사고,0,0,1,0,차대차 - 추돌,안전운전불이행,건조,맑음,단일로 - 기타,승용,남,75세,상해없음,승용,남,51세,경상
2020121600100160,2020년 12월 16일 11시,수요일,경상남도 김해시 어방동,경상사고,0,0,1,0,차대차 - 추돌,중앙선침범,건조,맑음,단일로 - 기타,화물,남,47세,상해없음,이륜,남,22세,경상
2020121600100161,2020년 12월 16일 11시,수요일,경상남도 창녕군 길곡면,중상사고,0,1,0,0,차량단독 - 공작물충돌,안전운전불이행,건조,맑음,단일로 - 기타,승용,여,60세,중상,,,,
2020121600100186,2020년 12월 16일 12시,수요일,경상남도 창원시 마산합포구 오동동,경상사고,0,0,1,0,차대차 - 측면충돌,안전운전불이행,건조,맑음,교차로 - 교차로부근,승용,남,34세,상해없음,이륜,여,58세,경상
2020121600100218,2020년 12월 16일 13시,수요일,경상남도 창원시 마산합포구 신포동2가,경상사고,0,0,1,0,차대사람 - 횡단중,보행자보호의무위반,건조,맑음,단일로 - 기타,승용,여,77세,상해없음,보행자,남,78세,경상
2020121600100219,2020년 12월 16일 13시,수요일,경상남도 창원시 의창구 팔용동,경상사고,0,0,1,0,차대차 - 측면충돌,안전운전불이행,건조,맑음,교차로 - 교차로안,승용,남,67세,상해없음,원동기,남,40세,경상
2020121600100220,2020년 12월 16일 13시,수요일,경상남도 김해시 진례면,중상사고,0,1,0,0,차대차 - 추돌,안전운전불이행,건조,맑음,교차로 - 교차로부근,화물,남,59세,상해없음,승용,남,66세,중상
2020121600100289,2020년 12월 16일 15시,수요일,경상남도 창원시 의창구 명서동,중상사고,0,1,0,0,차량단독 - 기타,안전거리미확보,건조,맑음,단일로 - 기타,승합,남,30세,상해없음,,,,
2020121600100311,2020년 12월 16일 16시,수요일,경상남도 통영시 북신동,중상사고,0,1,0,0,차대차 - 추돌,안전운전불이행,건조,맑음,단일로 - 기타,승용,여,25세,상해없음,자전거,남,79세,중상
2020121600100312,2020년 12월 16일 16시,수요일,경상남도 창원시 마산회원구 석전동,중상사고,0,1,2,0,차대차 - 후진중충돌,안전운전불이행,건조,맑음,교차로 - 교차로부근,승용,남,87세,상해없음,승용,남,39세,경상
2020121600100350,2020년 12월 16일 17시,수요일,경상남도 양산시 남부동,부상신고사고,0,0,0,1,차량단독 - 공작물충돌,안전운전불이행,건조,맑음,교차로 - 교차로안,화물,남,67세,부상신고,,,,
2020121600100351,2020년 12월 16일 17시,수요일,경상남도 김해시 진영읍,경상사고,0,0,1,0,차대차 - 측면충돌,안전거리미확보,건조,맑음,교차로 - 교차로부근,승용,남,48세,상해없음,승용,여,53세,경상
2020121600100409,2020년 12월 16일 18시,수요일,경상남도 사천시 사천읍,중상사고,0,1,0,0,차대차 - 측면충돌,신호위반,건조,맑음,교차로 - 교차로안,승용,여,29세,상해없음,원동기,남,37세,중상
2020121600100410,2020년 12월 16일 18시,수요일,경상남도 김해시 내동,중상사고,0,1,0,0,차대차 - 추돌,안전운전불이행,건조,맑음,단일로 - 기타,이륜,남,18세,상해없음,기타불명,남,76세,중상
2020121600100411,2020년 12월 16일 18시,수요일,경상남도 양산시 평산동,경상사고,0,0,1,0,차대차 - 기타,중앙선침범,건조,맑음,기타 - 기타,화물,여,45세,상해없음,원동기,남,60세,경상
2020121600100412,2020년 12월 16일 18시,수요일,경상남도 거제시 능포동,중상사고,0,1,0,0,차대사람 - 기타,안전운전불이행,건조,맑음,기타 - 기타,승용,남,58세,상해없음,보행자,여,69세,중상
2020121600100459,2020년 12월 16일 19시,수요일,경상남도 창원시 마산합포구 중앙동1가,부상신고사고,0,0,0,1,차대차 - 추돌,안전운전불이행,건조,맑음,단일로 - 기타,이륜,남,32세,부상신고,승합,남,50세,상해없음
2020121600100460,2020년 12월 16일 19시,수요일,경상남도 거제시 장승포동,경상사고,0,0,1,0,차대차 - 기타,중앙선침범,건조,맑음,단일로 - 기타,승용,남,33세,상해없음,승용,남,39세,경상
2020121600100493,2020년 12월 16일 20시,수요일,경상남도 창원시 성산구 웅남동,경상사고,0,0,1,0,차대차 - 측면충돌,안전운전불이행,건조,맑음,교차로 - 교차로안,승용,남,63세,기타불명,승용,여,55세,경상
2020121600100563,2020년 12월 16일 23시,수요일,경상남도 김해시 내동,중상사고,0,1,0,0,차대사람 - 차도통행중,안전운전불이행,건조,맑음,교차로 - 교차로부근,승용,남,54세,상해없음,보행자,여,43세,중상
2020121700100008,2020년 12월 17일 00시,목요일,경상남도 거제시 고현동,경상사고,0,0,2,0,차대차 - 측면충돌,안전운전불이행,건조,맑음,교차로 - 교차로부근,승용,남,62세,상해없음,승용,남,23세,경상
2020121700100063,2020년 12월 17일 07시,목요일,경상남도 진주시 금산면,경상사고,0,0,2,0,차대차 - 추돌,안전거리미확보,건조,맑음,교차로 - 교차로부근,승용,남,60세,상해없음,승용,남,35세,경상
2020121700100064,2020년 12월 17일 07시,목요일,경상남도 양산시 중부동,경상사고,0,0,2,0,차대차 - 기타,직진우회전진행방해,건조,맑음,교차로 - 교차로안,승용,남,34세,상해없음,승용,남,63세,경상
2020121700100095,2020년 12월 17일 08시,목요일,경상남도 하동군 진교면,중상사고,0,1,0,0,차대사람 - 횡단중,안전운전불이행,건조,맑음,단일로 - 기타,화물,남,56세,상해없음,보행자,남,60세,중상
2020121700100096,2020년 12월 17일 08시,목요일,경상남도 의령군 의령읍,경상사고,0,0,1,0,차대차 - 측면충돌,교차로운행방법위반,건조,맑음,교차로 - 교차로부근,승용,남,66세,상해없음,승용,여,33세,경상
2020121700100097,2020년 12월 17일 08시,목요일,경상남도 김해시 삼문동,중상사고,0,2,0,0,차대차 - 측면충돌,안전운전불이행,건조,맑음,단일로 - 기타,승용,여,45세,상해없음,승용,여,43세,중상
2020121700100170,2020년 12월 17일 10시,목요일,경상남도 사천시 서포면,중상사고,0,2,1,0,차대차 - 측면충돌,기타,건조,맑음,단일로 - 기타,승용,남,23세,경상,화물,남,60세,중상
2020121700100171,2020년 12월 17일 10시,목요일,경상남도 밀양시 내일동,중상사고,0,1,0,0,차대사람 - 보도통행중,안전운전불이행,건조,맑음,단일로 - 교량,승용,남,57세,상해없음,보행자,여,75세,중상
2020121700100191,2020년 12월 17일 11시,목요일,경상남도 밀양시 상동면,중상사고,0,2,2,0,차대차 - 추돌,기타,건조,맑음,단일로 - 터널,승용,남,45세,상해없음,승용,여,31세,상해없음
2020121700100201,2020년 12월 17일 11시,목요일,경상남도 진주시 일반성면,중상사고,0,1,0,0,차대차 - 기타,안전운전불이행,건조,맑음,단일로 - 기타,승용,여,61세,상해없음,화물,남,43세,기타불명
2020121700100202,2020년 12월 17일 11시,목요일,경상남도 거제시 사등면,경상사고,0,0,1,0,차대차 - 기타,교차로운행방법위반,건조,맑음,교차로 - 교차로안,승용,여,41세,상해없음,화물,남,52세,경상
2020121700100273,2020년 12월 17일 13시,목요일,경상남도 함안군 대산면,경상사고,0,0,1,0,차대사람 - 차도통행중,안전운전불이행,건조,맑음,단일로 - 기타,승용,여,74세,상해없음,보행자,여,55세,경상
2020121700100300,2020년 12월 17일 14시,목요일,경상남도 진주시 신안동,중상사고,0,1,0,0,차대사람 - 기타,안전운전불이행,건조,맑음,교차로 - 교차로부근,승용,여,55세,상해없음,보행자,여,79세,중상
2020121700100301,2020년 12월 17일 14시,목요일,경상남도 창원시 의창구 팔용동,중상사고,0,1,0,0,차대사람 - 기타,안전운전불이행,건조,맑음,기타 - 기타,승용,여,42세,상해없음,보행자,여,83세,중상
2020121700100368,2020년 12월 17일 16시,목요일,경상남도 양산시 물금읍,부상신고사고,0,0,0,1,차대차 - 기타,안전운전불이행,건조,맑음,교차로 - 교차로부근,이륜,남,30세,부상신고,승용,남,63세,상해없음
2020121700100369,2020년 12월 17일 16시,목요일,경상남도 창원시 의창구 동읍,경상사고,0,0,1,0,차대차 - 정면충돌,안전운전불이행,건조,맑음,교차로 - 교차로안,화물,남,65세,상해없음,승용,남,66세,경상
2020121700100398,2020년 12월 17일 17시,목요일,경상남도 진주시 호탄동,중상사고,0,1,0,0,차대차 - 기타,중앙선침범,건조,맑음,단일로 - 기타,승용,여,24세,상해없음,이륜,남,29세,중상
2020121700100399,2020년 12월 17일 17시,목요일,경상남도 양산시 물금읍,중상사고,0,1,0,0,차대사람 - 횡단중,안전운전불이행,건조,맑음,단일로 - 기타,이륜,남,31세,상해없음,보행자,여,67세,중상
2020121700100447,2020년 12월 17일 18시,목요일,경상남도 진주시 하대동,중상사고,0,1,0,0,차대차 - 추돌,안전운전불이행,건조,맑음,단일로 - 기타,이륜,남,24세,중상,승용,여,51세,상해없음
2020121700100448,2020년 12월 17일 18시,목요일,경상남도 창녕군 대지면,경상사고,0,0,2,1,차대차 - 정면충돌,신호위반,건조,맑음,교차로 - 교차로안,승용,여,52세,부상신고,승용,여,56세,경상
2020121700100449,2020년 12월 17일 18시,목요일,경상남도 거제시 능포동,경상사고,0,0,1,0,차량단독 - 기타,안전운전불이행,건조,맑음,단일로 - 기타,승합,남,57세,상해없음,,,,
2020121700100450,2020년 12월 17일 18시,목요일,경상남도 남해군 남해읍,부상신고사고,0,0,0,4,차대차 - 측면충돌,교차로운행방법위반,건조,맑음,교차로 - 교차로부근,승용,남,50세,부상신고,승용,남,22세,부상신고
2020121700100488,2020년 12월 17일 19시,목요일,경상남도 사천시 서포면,경상사고,0,0,1,0,차대차 - 측면충돌,안전운전불이행,건조,맑음,단일로 - 기타,승용,남,54세,상해없음,승용,남,49세,경상
2020121700100489,2020년 12월 17일 19시,목요일,경상남도 창원시 의창구 소답동,경상사고,0,0,1,0,차대차 - 측면충돌,직진우회전진행방해,건조,기타,교차로 - 교차로안,승용,남,70세,상해없음,승용,여,63세,경상
2020121700100490,2020년 12월 17일 19시,목요일,경상남도 김해시 삼문동,중상사고,0,1,0,0,차대차 - 측면충돌,신호위반,건조,맑음,교차로 - 교차로안,승용,남,46세,상해없음,원동기,남,42세,중상
2020121700100521,2020년 12월 17일 20시,목요일,경상남도 창원시 진해구 여좌동,경상사고,0,0,2,0,차대차 - 측면충돌,차로위반,건조,맑음,단일로 - 기타,승용,남,80세,경상,승용,여,39세,경상
2020121700100522,2020년 12월 17일 20시,목요일,경상남도 창녕군 남지읍,경상사고,0,0,2,0,차대차 - 추돌,안전운전불이행,건조,맑음,교차로 - 교차로부근,승용,남,26세,상해없음,승용,남,39세,경상
2020121700100523,2020년 12월 17일 20시,목요일,경상남도 창원시 마산회원구 석전동,중상사고,0,1,0,0,차대차 - 측면충돌,신호위반,건조,맑음,교차로 - 교차로안,승용,남,33세,기타불명,승용,여,35세,중상
2020121700100558,2020년 12월 17일 21시,목요일,경상남도 김해시 내동,중상사고,0,1,0,0,차대사람 - 차도통행중,안전운전불이행,건조,맑음,단일로 - 기타,승용,여,64세,상해없음,보행자,남,59세,중상
2020121700100577,2020년 12월 17일 22시,목요일,경상남도 창원시 진해구 석동,경상사고,0,0,1,0,차대차 - 추돌,안전운전불이행,건조,맑음,교차로 - 교차로부근,승용,남,49세,상해없음,승용,남,24세,경상
2020121700100578,2020년 12월 17일 22시,목요일,경상남도 김해시 외동,경상사고,0,0,1,0,차대차 - 기타,안전운전불이행,건조,맑음,단일로 - 기타,승용,여,55세,상해없음,승용,남,52세,경상
2020121700100579,2020년 12월 17일 22시,목요일,경상남도 거제시 연초면,중상사고,0,1,0,0,차대차 - 측면충돌,신호위반,건조,맑음,교차로 - 교차로부근,승용,남,64세,상해없음,이륜,남,38세,중상
2020121700100593,2020년 12월 17일 23시,목요일,경상남도 사천시 동림동,경상사고,0,0,1,1,차량단독 - 공작물충돌,안전운전불이행,건조,맑음,단일로 - 기타,승용,남,25세,경상,,,,
2020121800100018,2020년 12월 18일 04시,금요일,경상남도 양산시 동면,사망사고,1,0,0,0,차량단독 - 기타,안전운전불이행,건조,맑음,단일로 - 터널,이륜,남,25세,사망,,,,
2020121800100023,2020년 12월 18일 05시,금요일,경상남도 김해시 강동,중상사고,0,1,0,1,차대차 - 측면충돌,안전운전불이행,건조,맑음,단일로 - 기타,승용,남,55세,부상신고,원동기,남,56세,중상
2020121800100045,2020년 12월 18일 07시,금요일,경상남도 양산시 하북면,경상사고,0,0,2,0,차대차 - 추돌,안전운전불이행,건조,맑음,단일로 - 기타,화물,남,61세,상해없음,승용,여,27세,경상
2020121800100066,2020년 12월 18일 07시,금요일,경상남도 사천시 서포면,중상사고,0,1,0,0,차량단독 - 공작물충돌,안전운전불이행,건조,맑음,단일로 - 기타,승용,남,76세,중상,,,,
2020121800100179,2020년 12월 18일 11시,금요일,경상남도 진주시 본성동,경상사고,0,0,1,0,차대사람 - 횡단중,신호위반,건조,맑음,교차로 - 교차로횡단보도내,이륜,남,35세,상해없음,보행자,여,22세,경상
2020121800100180,2020년 12월 18일 11시,금요일,경상남도 양산시 평산동,중상사고,0,1,0,0,차대차 - 정면충돌,중앙선침범,건조,맑음,교차로 - 교차로안,승용,여,65세,상해없음,승용,여,40세,중상
2020121800100181,2020년 12월 18일 11시,금요일,경상남도 양산시 물금읍,경상사고,0,0,1,0,차대차 - 측면충돌,안전운전불이행,건조,맑음,교차로 - 교차로안,자전거,여,54세,경상,승용,여,50세,상해없음
2020121800100232,2020년 12월 18일 13시,금요일,경상남도 통영시 용남면,중상사고,0,1,0,0,차대차 - 기타,안전운전불이행,건조,맑음,기타 - 기타,승용,여,35세,상해없음,화물,남,39세,기타불명
2020121800100269,2020년 12월 18일 14시,금요일,경상남도 창원시 진해구 용원동,경상사고,0,0,2,0,차대차 - 측면충돌,직진우회전진행방해,건조,맑음,교차로 - 교차로안,승용,남,56세,경상,화물,남,38세,경상
2020121800100415,2020년 12월 18일 17시,금요일,경상남도 양산시 동면,경상사고,0,0,2,0,차대차 - 측면충돌,기타,건조,맑음,단일로 - 기타,승용,남,57세,기타불명,승용,남,27세,경상
2020121800100489,2020년 12월 18일 18시,금요일,경상남도 거제시 사등면,경상사고,0,0,1,0,차대차 - 측면충돌,안전운전불이행,건조,맑음,단일로 - 기타,화물,남,45세,상해없음,승용,남,49세,경상
2020121800100490,2020년 12월 18일 18시,금요일,경상남도 창원시 성산구 사파동,중상사고,0,1,0,0,차대사람 - 차도통행중,안전운전불이행,건조,맑음,교차로 - 교차로안,승용,여,45세,상해없음,보행자,여,75세,중상
2020121800100539,2020년 12월 18일 19시,금요일,경상남도 진주시 하대동,경상사고,0,0,1,0,차대차 - 측면충돌,안전운전불이행,건조,맑음,교차로 - 교차로안,승용,여,60세,상해없음,승용,남,28세,경상
2020121800100540,2020년 12월 18일 19시,금요일,경상남도 양산시 동면,경상사고,0,0,2,0,차대차 - 기타,안전거리미확보,건조,맑음,단일로 - 기타,승합,남,62세,상해없음,승용,남,61세,경상
2020121800100541,2020년 12월 18일 19시,금요일,경상남도 양산시 신기동,부상신고사고,0,0,0,1,차대사람 - 기타,보행자보호의무위반,건조,맑음,교차로 - 교차로횡단보도내,승용,남,33세,상해없음,보행자,여,13세,부상신고
2020121800100542,2020년 12월 18일 19시,금요일,경상남도 산청군 단성면,경상사고,0,0,3,0,차대차 - 추돌,안전거리미확보,건조,맑음,단일로 - 기타,승용,남,44세,경상,화물,남,56세,경상
2020121800100589,2020년 12월 18일 20시,금요일,경상남도 창원시 마산합포구 대성동1가,부상신고사고,0,0,0,1,차대차 - 기타,안전운전불이행,건조,맑음,교차로 - 교차로안,이륜,남,48세,부상신고,승용,남,70세,상해없음
2020121800100590,2020년 12월 18일 20시,금요일,경상남도 사천시 향촌동,중상사고,0,1,0,0,차량단독 - 공작물충돌,안전운전불이행,건조,맑음,교차로 - 교차로부근,승용,남,44세,중상,,,,
2020121800100591,2020년 12월 18일 20시,금요일,경상남도 창원시 마산회원구 석전동,경상사고,0,0,1,0,차대차 - 추돌,안전운전불이행,건조,맑음,교차로 - 교차로부근,승용,남,41세,상해없음,승용,여,25세,경상
2020121800100641,2020년 12월 18일 21시,금요일,경상남도 창원시 마산회원구 석전동,중상사고,0,1,0,0,차대차 - 측면충돌,신호위반,건조,맑음,교차로 - 교차로안,승용,여,52세,상해없음,이륜,여,70세,중상
2020121800100678,2020년 12월 18일 22시,금요일,경상남도 거제시 고현동,경상사고,0,0,1,0,차량단독 - 기타,안전운전불이행,건조,맑음,단일로 - 기타,이륜,남,41세,경상,,,,
2020121900100027,2020년 12월 19일 04시,토요일,경상남도 통영시 서호동,경상사고,0,0,1,0,차대차 - 측면충돌,불법유턴,건조,맑음,교차로 - 교차로안,승용,남,68세,상해없음,승용,남,59세,경상
2020121900100109,2020년 12월 19일 10시,토요일,경상남도 함안군 대산면,경상사고,0,0,1,0,차량단독 - 도로외이탈 - 추락,안전운전불이행,기타,맑음,단일로 - 기타,개인형이동수단(PM),남,78세,경상,,,,
2020121900100138,2020년 12월 19일 11시,토요일,경상남도 창원시 진해구 경화동,중상사고,0,2,0,0,차대차 - 측면충돌,직진우회전진행방해,건조,맑음,교차로 - 교차로안,화물,남,71세,상해없음,승용,여,62세,중상
2020121900100139,2020년 12월 19일 11시,토요일,경상남도 통영시 광도면,경상사고,0,0,1,0,차대차 - 기타,안전운전불이행,건조,맑음,단일로 - 기타,승용,남,54세,상해없음,승용,남,42세,경상
2020121900100169,2020년 12월 19일 12시,토요일,경상남도 밀양시 무안면,경상사고,0,0,1,0,차대차 - 측면충돌,중앙선침범,건조,맑음,단일로 - 기타,화물,여,65세,상해없음,화물,남,59세,경상
2020121900100170,2020년 12월 19일 12시,토요일,경상남도 남해군 창선면,중상사고,0,2,5,0,차대차 - 측면충돌,안전운전불이행,건조,맑음,교차로 - 교차로안,승용,여,39세,경상,승용,여,34세,중상
2020121900100171,2020년 12월 19일 12시,토요일,경상남도 김해시 진영읍,중상사고,0,1,0,0,차대사람 - 횡단중,보행자보호의무위반,건조,맑음,교차로 - 교차로횡단보도내,화물,남,58세,상해없음,보행자,여,70세,중상
2020121900100172,2020년 12월 19일 12시,토요일,경상남도 김해시 무계동,경상사고,0,0,1,0,차대차 - 추돌,안전거리미확보,건조,맑음,단일로 - 기타,건설기계,남,40세,상해없음,승용,여,47세,경상
2020121900100206,2020년 12월 19일 13시,토요일,경상남도 창원시 마산합포구 자산동,경상사고,0,0,1,0,차대차 - 추돌,안전거리미확보,건조,맑음,교차로 - 교차로안,승용,여,58세,상해없음,승용,남,63세,경상
2020121900100207,2020년 12월 19일 13시,토요일,경상남도 양산시 물금읍,중상사고,0,1,0,0,차대차 - 측면충돌,안전운전불이행,건조,맑음,기타 - 기타,승용,남,35세,상해없음,이륜,남,32세,중상
2020121900100208,2020년 12월 19일 13시,토요일,경상남도 창원시 마산회원구 내서읍,경상사고,0,0,1,0,차대차 - 측면충돌,신호위반,건조,맑음,교차로 - 교차로안,건설기계,남,71세,상해없음,승용,여,46세,경상
2020121900100273,2020년 12월 19일 15시,토요일,경상남도 창원시 마산합포구 완월동,중상사고,0,1,0,0,차대사람 - 기타,안전운전불이행,건조,맑음,교차로 - 교차로부근,승용,여,47세,상해없음,보행자,남,83세,중상
2020121900100274,2020년 12월 19일 15시,토요일,경상남도 창원시 마산합포구 남성동,부상신고사고,0,0,0,1,차대차 - 기타,안전운전불이행,건조,맑음,교차로 - 교차로안,승용,여,55세,상해없음,이륜,남,57세,부상신고
2020121900100309,2020년 12월 19일 16시,토요일,경상남도 김해시 내동,경상사고,0,0,1,0,차대차 - 기타,안전운전불이행,건조,맑음,단일로 - 기타,승용,여,54세,상해없음,이륜,남,34세,경상
2020121900100350,2020년 12월 19일 17시,토요일,경상남도 창원시 진해구 경화동,중상사고,0,1,1,0,차대차 - 측면충돌,안전운전불이행,건조,맑음,교차로 - 교차로안,승용,남,24세,경상,승용,남,59세,중상
2020121900100351,2020년 12월 19일 17시,토요일,경상남도 밀양시 교동,경상사고,0,0,2,0,차대차 - 측면충돌,신호위반,건조,맑음,교차로 - 교차로안,화물,남,50세,상해없음,승용,남,40세,경상
2020121900100352,2020년 12월 19일 17시,토요일,경상남도 고성군 고성읍,경상사고,0,0,2,0,차대차 - 측면충돌,안전운전불이행,건조,맑음,단일로 - 기타,승용,남,74세,상해없음,승용,남,47세,경상
2020121900100402,2020년 12월 19일 18시,토요일,경상남도 사천시 향촌동,중상사고,0,1,0,0,차대차 - 기타,중앙선침범,건조,맑음,단일로 - 기타,승용,남,37세,상해없음,이륜,남,40세,중상