사고번호,사고일시,요일,시군구,사고내용,사망자수,중상자수,경상자수,부상신고자수,사고유형,법규위반,노면상태,기상상태,도로형태,가해운전자 차종,가해운전자 성별,가해운전자 연령,가해운전자 상해정도,피해운전자 차종,피해운전자 성별,피해운전자 연령,피해운전자 상해정도
2020121900100403,2020년 12월 19일 18시,토요일,경상남도 거창군 위천면,사망사고,1,0,0,0,차대사람 - 차도통행중,안전운전불이행,건조,맑음,단일로 - 기타,화물,남,59세,상해없음,보행자,남,70세,사망
2020121900100404,2020년 12월 19일 18시,토요일,경상남도 거제시 연초면,중상사고,0,1,0,0,차대차 - 측면충돌,신호위반,건조,맑음,교차로 - 교차로안,승용,여,39세,상해없음,승용,남,50세,중상
2020121900100458,2020년 12월 19일 19시,토요일,경상남도 하동군 진교면,사망사고,1,0,0,0,차대사람 - 차도통행중,안전운전불이행,건조,맑음,교차로 - 교차로안,화물,남,56세,상해없음,보행자,남,72세,사망
2020121900100459,2020년 12월 19일 19시,토요일,경상남도 창원시 마산회원구 양덕동,경상사고,0,0,1,0,차대차 - 측면충돌,안전운전불이행,건조,맑음,단일로 - 기타,화물,남,51세,상해없음,승용,여,40세,경상
2020121900100496,2020년 12월 19일 20시,토요일,경상남도 진주시 상대동,중상사고,0,1,0,0,차대차 - 측면충돌,안전운전불이행,건조,맑음,교차로 - 교차로안,화물,남,55세,상해없음,이륜,남,22세,중상
2020121900100497,2020년 12월 19일 20시,토요일,경상남도 창원시 마산회원구 내서읍,경상사고,0,0,2,0,차대차 - 정면충돌,안전운전불이행,건조,기타,단일로 - 기타,승용,남,50세,상해없음,승용,남,49세,경상
2020121900100533,2020년 12월 19일 21시,토요일,경상남도 창원시 진해구 자은동,중상사고,0,1,0,0,차대사람 - 횡단중,안전운전불이행,건조,맑음,교차로 - 교차로안,승용,여,46세,상해없음,보행자,남,65세,중상
2020121900100534,2020년 12월 19일 21시,토요일,경상남도 사천시 사남면,경상사고,0,0,2,0,차대차 - 기타,중앙선침범,건조,맑음,단일로 - 기타,승용,남,26세,상해없음,승용,남,32세,경상
2020121900100535,2020년 12월 19일 21시,토요일,경상남도 밀양시 삼문동,경상사고,0,0,1,1,차대차 - 측면충돌,안전운전불이행,건조,맑음,단일로 - 기타,승용,여,53세,상해없음,승용,여,22세,상해없음
2020121900100564,2020년 12월 19일 22시,토요일,경상남도 김해시 내동,경상사고,0,0,1,0,차대차 - 측면충돌,안전거리미확보,건조,맑음,단일로 - 기타,승용,남,63세,상해없음,이륜,남,34세,경상
2020122000100045,2020년 12월 20일 09시,일요일,경상남도 창원시 마산회원구 석전동,경상사고,0,0,1,0,차대차 - 측면충돌,안전운전불이행,건조,맑음,교차로 - 교차로안,화물,남,54세,상해없음,자전거,남,58세,경상
2020122000100092,2020년 12월 20일 12시,일요일,경상남도 통영시 무전동,경상사고,0,0,1,0,차대사람 - 횡단중,보행자보호의무위반,건조,맑음,교차로 - 교차로부근,화물,남,67세,상해없음,보행자,남,20세,경상
2020122000100093,2020년 12월 20일 12시,일요일,경상남도 사천시 선구동,경상사고,0,0,2,0,차대차 - 추돌,안전운전불이행,건조,맑음,교차로 - 교차로안,승용,남,52세,상해없음,이륜,남,59세,경상
2020122000100123,2020년 12월 20일 13시,일요일,경상남도 남해군 남해읍,경상사고,0,0,1,0,차대차 - 정면충돌,직진우회전진행방해,건조,맑음,교차로 - 교차로안,승용,남,50세,상해없음,이륜,여,48세,경상
2020122000100151,2020년 12월 20일 14시,일요일,경상남도 밀양시 삼랑진읍,경상사고,0,0,1,0,차대차 - 측면충돌,안전운전불이행,건조,맑음,단일로 - 기타,승용,남,39세,상해없음,자전거,남,52세,경상
2020122000100152,2020년 12월 20일 14시,일요일,경상남도 함안군 칠원읍,경상사고,0,0,1,0,차대차 - 추돌,신호위반,건조,맑음,단일로 - 기타,승용,남,54세,상해없음,화물,남,70세,경상
2020122000100245,2020년 12월 20일 18시,일요일,경상남도 통영시 북신동,중상사고,0,1,0,0,차대차 - 측면충돌,직진우회전진행방해,건조,맑음,교차로 - 교차로안,승용,남,71세,상해없음,이륜,남,47세,중상
2020122000100246,2020년 12월 20일 18시,일요일,경상남도 밀양시 삼문동,중상사고,0,1,0,0,차대차 - 측면충돌,신호위반,건조,맑음,교차로 - 교차로안,승용,남,33세,상해없음,승용,남,22세,중상
2020122000100278,2020년 12월 20일 19시,일요일,경상남도 통영시 광도면,경상사고,0,0,2,0,차대차 - 측면충돌,중앙선침범,건조,맑음,단일로 - 기타,승용,남,44세,상해없음,승용,남,60세,경상
2020122000100279,2020년 12월 20일 19시,일요일,경상남도 양산시 용당동,중상사고,0,1,0,0,차대차 - 기타,기타,건조,맑음,단일로 - 기타,승용,남,28세,상해없음,원동기,남,29세,중상
2020122000100280,2020년 12월 20일 19시,일요일,경상남도 거제시 옥포동,경상사고,0,0,1,0,차대차 - 측면충돌,교차로운행방법위반,건조,맑음,교차로 - 교차로안,승용,남,45세,상해없음,이륜,남,38세,경상
2020122000100281,2020년 12월 20일 19시,일요일,경상남도 김해시 율하동,중상사고,0,2,0,0,차대차 - 측면충돌,신호위반,건조,맑음,교차로 - 교차로안,승용,남,35세,중상,화물,남,47세,중상
2020122000100300,2020년 12월 20일 20시,일요일,경상남도 창원시 마산합포구 진북면,중상사고,0,1,0,0,차대차 - 추돌,안전운전불이행,건조,맑음,단일로 - 기타,승용,남,41세,상해없음,승용,남,62세,중상
2020122000100328,2020년 12월 20일 21시,일요일,경상남도 김해시 삼방동,경상사고,0,0,1,0,차대사람 - 보도통행중,안전운전불이행,건조,맑음,단일로 - 기타,화물,남,57세,상해없음,보행자,여,37세,경상
2020122100100012,2020년 12월 21일 01시,월요일,경상남도 진주시 하대동,경상사고,0,0,1,0,차대차 - 측면충돌,안전운전불이행,건조,맑음,단일로 - 기타,승용,남,19세,상해없음,이륜,남,48세,경상
2020122100100013,2020년 12월 21일 01시,월요일,경상남도 창원시 의창구 팔용동,경상사고,0,0,2,0,차대차 - 측면충돌,신호위반,건조,맑음,교차로 - 교차로안,승용,여,25세,경상,승용,남,26세,경상
2020122100100027,2020년 12월 21일 05시,월요일,경상남도 창원시 성산구 가음정동,경상사고,0,0,1,0,차대차 - 측면충돌,안전운전불이행,건조,맑음,교차로 - 교차로안,승용,남,53세,상해없음,자전거,여,54세,경상
2020122100100028,2020년 12월 21일 05시,월요일,경상남도 김해시 삼문동,중상사고,0,1,1,0,차대차 - 측면충돌,신호위반,건조,맑음,교차로 - 교차로안,화물,남,52세,경상,승용,남,62세,중상
2020122100100066,2020년 12월 21일 07시,월요일,경상남도 김해시 외동,경상사고,0,0,1,1,차대차 - 측면충돌,안전운전불이행,건조,맑음,교차로 - 교차로안,승용,여,59세,부상신고,승용,남,27세,경상
2020122100100067,2020년 12월 21일 07시,월요일,경상남도 창원시 의창구 명서동,중상사고,0,1,0,0,차대사람 - 기타,신호위반,건조,맑음,단일로 - 기타,승용,여,46세,상해없음,보행자,남,54세,중상
2020122100100087,2020년 12월 21일 08시,월요일,경상남도 양산시 산막동,경상사고,0,0,1,0,차대차 - 측면충돌,안전거리미확보,건조,맑음,단일로 - 기타,화물,남,57세,상해없음,승용,남,33세,경상
2020122100100107,2020년 12월 21일 08시,월요일,경상남도 창녕군 영산면,중상사고,0,4,1,1,차대차 - 측면충돌,신호위반,건조,맑음,교차로 - 교차로안,승용,여,25세,부상신고,승용,남,58세,중상
2020122100100134,2020년 12월 21일 09시,월요일,경상남도 김해시 진례면,중상사고,0,1,0,0,차대차 - 측면충돌,안전운전불이행,건조,맑음,단일로 - 기타,건설기계,남,58세,상해없음,승용,여,43세,중상
2020122100100166,2020년 12월 21일 10시,월요일,경상남도 김해시 서상동,중상사고,0,1,0,0,차대사람 - 횡단중,안전운전불이행,건조,맑음,교차로 - 교차로부근,승용,남,72세,상해없음,보행자,여,49세,중상
2020122100100167,2020년 12월 21일 10시,월요일,경상남도 양산시 동면,경상사고,0,0,1,0,차대차 - 측면충돌,중앙선침범,건조,맑음,단일로 - 기타,승용,남,34세,상해없음,승용,남,47세,경상
2020122100100168,2020년 12월 21일 10시,월요일,경상남도 거제시 상동동,경상사고,0,0,1,0,차대사람 - 기타,안전운전불이행,건조,맑음,단일로 - 기타,승용,남,68세,상해없음,보행자,남,55세,경상
2020122100100210,2020년 12월 21일 11시,월요일,경상남도 양산시 물금읍,경상사고,0,0,1,0,차대차 - 측면충돌,안전운전불이행,건조,맑음,단일로 - 기타,승용,여,45세,상해없음,승용,여,44세,경상
2020122100100211,2020년 12월 21일 11시,월요일,경상남도 창원시 의창구 북면,중상사고,0,2,0,0,차대차 - 추돌,안전거리미확보,건조,맑음,단일로 - 기타,화물,남,46세,상해없음,화물,남,35세,중상
2020122100100273,2020년 12월 21일 13시,월요일,경상남도 밀양시 초동면,중상사고,0,1,0,0,차대사람 - 횡단중,안전운전불이행,건조,맑음,교차로 - 교차로부근,승용,여,71세,상해없음,보행자,여,65세,중상
2020122100100274,2020년 12월 21일 13시,월요일,경상남도 밀양시 가곡동,중상사고,0,1,0,0,차대차 - 측면충돌,안전운전불이행,건조,맑음,교차로 - 교차로안,승용,여,51세,상해없음,승용,남,68세,상해없음
2020122100100275,2020년 12월 21일 13시,월요일,경상남도 김해시 대청동,중상사고,0,1,0,0,차대차 - 측면충돌,안전운전불이행,건조,맑음,교차로 - 교차로안,승용,남,69세,기타불명,이륜,남,25세,중상
2020122100100304,2020년 12월 21일 14시,월요일,경상남도 밀양시 내이동,경상사고,0,0,1,0,차대차 - 측면충돌,교차로운행방법위반,건조,맑음,교차로 - 교차로안,승용,남,41세,상해없음,승용,남,30세,경상
2020122100100341,2020년 12월 21일 15시,월요일,경상남도 밀양시 내이동,경상사고,0,0,2,0,차대차 - 측면충돌,안전운전불이행,건조,맑음,교차로 - 교차로부근,승용,남,58세,상해없음,승용,남,67세,경상
2020122100100342,2020년 12월 21일 15시,월요일,경상남도 창원시 의창구 팔용동,경상사고,0,0,1,0,차대사람 - 기타,안전운전불이행,건조,맑음,기타 - 기타,승용,여,66세,상해없음,보행자,여,48세,경상
2020122100100343,2020년 12월 21일 15시,월요일,경상남도 창원시 의창구 봉곡동,중상사고,0,1,0,0,차대사람 - 기타,안전운전불이행,건조,맑음,단일로 - 기타,승용,남,62세,상해없음,보행자,여,53세,중상
2020122100100378,2020년 12월 21일 16시,월요일,경상남도 김해시 구산동,중상사고,0,1,0,0,차대차 - 측면충돌,안전운전불이행,건조,맑음,단일로 - 기타,건설기계,남,59세,상해없음,승용,여,51세,중상
2020122100100422,2020년 12월 21일 17시,월요일,경상남도 진주시 평거동,경상사고,0,0,1,0,차대사람 - 횡단중,안전운전불이행,건조,맑음,단일로 - 기타,화물,여,76세,상해없음,보행자,여,4세,경상
2020122100100423,2020년 12월 21일 17시,월요일,경상남도 진주시 신안동,경상사고,0,0,4,0,차대차 - 측면충돌,안전운전불이행,건조,맑음,단일로 - 기타,승용,여,60세,상해없음,승용,남,39세,경상
2020122100100424,2020년 12월 21일 17시,월요일,경상남도 김해시 진영읍,경상사고,0,0,2,0,차대차 - 정면충돌,중앙선침범,건조,맑음,단일로 - 기타,화물,남,61세,상해없음,승용,남,47세,경상
2020122100100483,2020년 12월 21일 18시,월요일,경상남도 창원시 의창구 대원동,경상사고,0,0,1,0,차량단독 - 기타,안전운전불이행,건조,맑음,단일로 - 기타,승합,남,41세,상해없음,,,,
2020122100100484,2020년 12월 21일 18시,월요일,경상남도 김해시 진영읍,중상사고,0,1,0,0,차대사람 - 횡단중,안전운전불이행,건조,맑음,교차로 - 교차로안,승용,여,22세,상해없음,보행자,여,63세,중상
2020122100100533,2020년 12월 21일 19시,월요일,경상남도 양산시 평산동,경상사고,0,0,1,0,차대차 - 측면충돌,신호위반,건조,맑음,교차로 - 교차로안,이륜,남,29세,경상,승용,남,58세,상해없음
2020122100100534,2020년 12월 21일 19시,월요일,경상남도 양산시 산막동,경상사고,0,0,1,0,차대차 - 측면충돌,신호위반,건조,맑음,교차로 - 교차로안,승합,남,54세,상해없음,승용,남,30세,경상
2020122100100535,2020년 12월 21일 19시,월요일,경상남도 창원시 마산회원구 회성동,중상사고,0,1,0,0,차대사람 - 횡단중,안전운전불이행,건조,맑음,교차로 - 교차로부근,승용,남,23세,상해없음,보행자,여,76세,중상
2020122100100536,2020년 12월 21일 19시,월요일,경상남도 김해시 진영읍,경상사고,0,0,2,0,차대차 - 기타,신호위반,건조,맑음,교차로 - 교차로안,승용,남,31세,상해없음,승용,남,49세,경상
2020122100100579,2020년 12월 21일 20시,월요일,경상남도 양산시 물금읍,경상사고,0,0,1,0,차대차 - 측면충돌,중앙선침범,건조,맑음,교차로 - 교차로안,이륜,남,27세,상해없음,승용,남,31세,경상
2020122100100580,2020년 12월 21일 20시,월요일,경상남도 거제시 양정동,경상사고,0,0,1,0,차대차 - 기타,안전운전불이행,건조,맑음,교차로 - 교차로부근,승용,여,35세,상해없음,승용,여,48세,경상
2020122100100603,2020년 12월 21일 21시,월요일,경상남도 거제시 문동동,중상사고,0,1,2,0,차대차 - 측면충돌,신호위반,건조,맑음,교차로 - 교차로안,화물,남,72세,경상,승용,남,48세,경상
2020122100100604,2020년 12월 21일 21시,월요일,경상남도 김해시 풍유동,경상사고,0,0,2,0,차대차 - 추돌,안전운전불이행,건조,맑음,단일로 - 기타,화물,남,68세,경상,승용,남,23세,경상
2020122100100640,2020년 12월 21일 23시,월요일,경상남도 창원시 의창구 중동,경상사고,0,0,1,0,차대차 - 추돌,안전운전불이행,건조,맑음,교차로 - 교차로안,승용,남,41세,상해없음,승용,남,49세,경상
2020122200100026,2020년 12월 22일 05시,화요일,경상남도 김해시 대성동,중상사고,0,1,0,0,차대차 - 기타,안전운전불이행,건조,맑음,교차로 - 교차로안,승용,여,38세,상해없음,이륜,여,65세,중상
2020122200100035,2020년 12월 22일 06시,화요일,경상남도 김해시 진례면,경상사고,0,0,1,0,차대차 - 기타,신호위반,건조,맑음,단일로 - 터널,화물,남,49세,상해없음,승용,남,31세,경상
2020122200100065,2020년 12월 22일 07시,화요일,경상남도 양산시 북정동,중상사고,0,1,0,0,차대사람 - 차도통행중,안전운전불이행,건조,맑음,단일로 - 기타,승용,남,32세,상해없음,보행자,여,52세,중상
2020122200100094,2020년 12월 22일 08시,화요일,경상남도 양산시 중부동,경상사고,0,0,2,0,차대차 - 추돌,안전거리미확보,건조,맑음,단일로 - 기타,승용,여,32세,경상,승용,남,38세,상해없음
2020122200100095,2020년 12월 22일 08시,화요일,경상남도 창원시 성산구 상남동,경상사고,0,0,1,0,차대차 - 후진중충돌,안전운전불이행,건조,맑음,단일로 - 기타,승용,여,52세,상해없음,승용,남,60세,경상
2020122200100146,2020년 12월 22일 10시,화요일,경상남도 창원시 진해구 풍호동,중상사고,0,1,0,0,차대차 - 정면충돌,중앙선침범,건조,맑음,교차로 - 교차로부근,승용,남,52세,상해없음,승용,여,71세,중상
2020122200100178,2020년 12월 22일 11시,화요일,경상남도 거제시 옥포동,중상사고,0,1,0,0,차대차 - 측면충돌,안전운전불이행,건조,맑음,단일로 - 기타,승용,여,25세,상해없음,이륜,남,37세,중상
2020122200100179,2020년 12월 22일 11시,화요일,경상남도 남해군 남해읍,경상사고,0,0,1,0,차대차 - 측면충돌,교차로운행방법위반,건조,맑음,교차로 - 교차로안,화물,남,52세,상해없음,승용,여,64세,경상
2020122200100240,2020년 12월 22일 13시,화요일,경상남도 밀양시 내이동,중상사고,0,1,1,0,차대차 - 측면충돌,신호위반,건조,맑음,교차로 - 교차로안,승용,여,43세,경상,이륜,남,41세,중상
2020122200100260,2020년 12월 22일 14시,화요일,경상남도 창원시 진해구 이동,경상사고,0,0,2,0,차대차 - 측면충돌,교차로운행방법위반,건조,맑음,교차로 - 교차로안,승용,남,67세,경상,승용,남,22세,상해없음
2020122200100261,2020년 12월 22일 14시,화요일,경상남도 창녕군 도천면,중상사고,0,1,0,0,차대차 - 기타,안전운전불이행,건조,맑음,교차로 - 교차로안,승용,여,62세,상해없음,이륜,남,60세,중상
2020122200100262,2020년 12월 22일 14시,화요일,경상남도 김해시 화목동,중상사고,0,1,0,0,차대차 - 추돌,안전운전불이행,건조,맑음,교차로 - 교차로부근,승용,여,45세,상해없음,승용,여,49세,중상
2020122200100302,2020년 12월 22일 15시,화요일,경상남도 통영시 북신동,경상사고,0,0,1,0,차대사람 - 기타,안전운전불이행,건조,맑음,교차로 - 교차로부근,승용,남,74세,상해없음,보행자,남,34세,경상
2020122200100303,2020년 12월 22일 15시,화요일,경상남도 김해시 삼계동,경상사고,0,0,2,2,차대차 - 기타,안전운전불이행,건조,맑음,단일로 - 기타,승용,여,34세,경상,승용,남,81세,부상신고
2020122200100337,2020년 12월 22일 16시,화요일,경상남도 함양군 함양읍,경상사고,0,0,1,0,차대사람 - 차도통행중,안전운전불이행,건조,맑음,기타 - 기타,화물,남,57세,상해없음,보행자,여,19세,경상
2020122200100372,2020년 12월 22일 17시,화요일,경상남도 진주시 신안동,중상사고,0,1,0,0,차대차 - 기타,안전운전불이행,건조,맑음,단일로 - 기타,승용,남,26세,상해없음,이륜,남,75세,중상
2020122200100373,2020년 12월 22일 17시,화요일,경상남도 함양군 함양읍,중상사고,0,1,0,0,차대차 - 측면충돌,교차로운행방법위반,건조,맑음,교차로 - 교차로안,승용,남,49세,상해없음,자전거,남,17세,중상
2020122200100374,2020년 12월 22일 17시,화요일,경상남도 양산시 명동,경상사고,0,0,1,0,차대차 - 기타,교차로운행방법위반,건조,맑음,교차로 - 교차로부근,승용,여,54세,상해없음,승용,남,28세,경상
2020122200100375,2020년 12월 22일 17시,화요일,경상남도 창원시 성산구 외동,경상사고,0,0,1,0,차대차 - 후진중충돌,안전운전불이행,건조,맑음,단일로 - 기타,승용,남,46세,상해없음,승용,남,30세,경상
2020122200100413,2020년 12월 22일 18시,화요일,경상남도 밀양시 부북면,중상사고,0,1,0,0,차대차 - 추돌,안전운전불이행,건조,맑음,단일로 - 기타,화물,남,68세,중상,화물,남,66세,상해없음
2020122200100414,2020년 12월 22일 18시,화요일,경상남도 양산시 상북면,중상사고,0,1,0,0,차대사람 - 횡단중,안전운전불이행,건조,맑음,단일로 - 기타,승용,여,55세,상해없음,보행자,여,61세,중상
2020122200100479,2020년 12월 22일 19시,화요일,경상남도 진주시 평거동,경상사고,0,0,2,0,차대차 - 기타,안전운전불이행,건조,맑음,교차로 - 교차로부근,승용,여,22세,상해없음,승용,여,45세,경상
2020122200100480,2020년 12월 22일 19시,화요일,경상남도 거제시 옥포동,부상신고사고,0,0,0,1,차대사람 - 횡단중,보행자보호의무위반,건조,맑음,교차로 - 교차로횡단보도내,승용,남,56세,상해없음,보행자,여,30세,부상신고
2020122200100481,2020년 12월 22일 19시,화요일,경상남도 창원시 성산구 상남동,경상사고,0,0,1,0,차대차 - 측면충돌,안전운전불이행,건조,맑음,교차로 - 교차로안,승용,여,51세,상해없음,화물,남,18세,경상
2020122200100519,2020년 12월 22일 20시,화요일,경상남도 김해시 삼방동,사망사고,1,0,0,0,차대사람 - 횡단중,안전운전불이행,건조,맑음,단일로 - 기타,이륜,남,23세,상해없음,보행자,여,60세,사망
2020122200100520,2020년 12월 22일 20시,화요일,경상남도 김해시 진영읍,경상사고,0,0,1,0,차대차 - 측면충돌,신호위반,건조,맑음,교차로 - 교차로안,승용,남,42세,상해없음,이륜,남,24세,경상
2020122200100521,2020년 12월 22일 20시,화요일,경상남도 김해시 진례면,중상사고,0,1,0,0,차대사람 - 기타,안전운전불이행,건조,맑음,단일로 - 기타,승용,남,43세,상해없음,보행자,남,55세,중상
2020122200100553,2020년 12월 22일 21시,화요일,경상남도 김해시 대청동,중상사고,0,1,0,0,차대사람 - 횡단중,안전운전불이행,건조,맑음,단일로 - 기타,승용,남,62세,상해없음,보행자,여,46세,중상
2020122300100046,2020년 12월 23일 06시,수요일,경상남도 통영시 당동,경상사고,0,0,1,0,차대차 - 기타,교차로운행방법위반,건조,맑음,교차로 - 교차로안,승합,남,36세,상해없음,화물,남,36세,경상
2020122300100047,2020년 12월 23일 06시,수요일,경상남도 통영시 용남면,경상사고,0,0,1,0,차대차 - 추돌,안전운전불이행,젖음/습기,흐림,단일로 - 교량,승용,남,41세,상해없음,화물,남,47세,경상
2020122300100048,2020년 12월 23일 06시,수요일,경상남도 김해시 주촌면,중상사고,0,2,0,0,차대차 - 추돌,과속,건조,맑음,단일로 - 터널,승용,남,26세,중상,건설기계,남,40세,중상
2020122300100075,2020년 12월 23일 07시,수요일,경상남도 진주시 상대동,중상사고,0,1,0,0,차대차 - 기타,안전운전불이행,건조,맑음,단일로 - 기타,승용,여,22세,상해없음,기타불명,여,79세,중상
2020122300100076,2020년 12월 23일 07시,수요일,경상남도 사천시 용현면,중상사고,0,1,0,0,차대차 - 측면충돌,중앙선침범,서리/결빙,맑음,단일로 - 교량,승용,남,43세,상해없음,승용,남,52세,중상
2020122300100077,2020년 12월 23일 07시,수요일,경상남도 함안군 칠원읍,경상사고,0,0,1,0,차대차 - 측면충돌,교차로운행방법위반,건조,맑음,교차로 - 교차로안,승용,남,49세,상해없음,승용,여,66세,경상
2020122300100146,2020년 12월 23일 09시,수요일,경상남도 김해시 한림면,중상사고,0,1,0,0,차대차 - 정면충돌,신호위반,건조,맑음,교차로 - 교차로부근,승용,여,48세,중상,승용,남,53세,상해없음
2020122300100167,2020년 12월 23일 10시,수요일,경상남도 창원시 마산합포구 대내동,경상사고,0,0,2,0,차대차 - 기타,교차로운행방법위반,건조,맑음,교차로 - 교차로안,승용,남,70세,상해없음,승용,남,66세,경상
2020122300100168,2020년 12월 23일 10시,수요일,경상남도 창녕군 대합면,중상사고,0,1,0,0,차대차 - 측면충돌,안전운전불이행,건조,맑음,단일로 - 기타,승용,남,77세,상해없음,원동기,남,69세,중상
2020122300100169,2020년 12월 23일 10시,수요일,경상남도 고성군 고성읍,경상사고,0,0,2,0,차대차 - 측면충돌,안전운전불이행,건조,맑음,교차로 - 교차로안,승용,남,62세,경상,승용,여,51세,경상
2020122300100184,2020년 12월 23일 11시,수요일,경상남도 창원시 마산합포구 창동,중상사고,0,1,0,0,차대차 - 기타,안전운전불이행,건조,맑음,단일로 - 기타,승합,남,70세,상해없음,이륜,남,63세,중상
2020122300100185,2020년 12월 23일 11시,수요일,경상남도 진주시 대안동,중상사고,0,1,0,0,차대사람 - 횡단중,보행자보호의무위반,건조,맑음,교차로 - 교차로횡단보도내,승용,여,32세,상해없음,보행자,여,83세,중상
2020122300100186,2020년 12월 23일 11시,수요일,경상남도 사천시 용현면,경상사고,0,0,1,0,차대차 - 측면충돌,신호위반,건조,맑음,교차로 - 교차로안,승용,여,30세,상해없음,승용,여,53세,경상
2020122300100215,2020년 12월 23일 12시,수요일,경상남도 김해시 봉황동,중상사고,0,1,0,0,차대차 - 측면충돌,안전운전불이행,건조,맑음,교차로 - 교차로안,이륜,남,40세,중상,승용,여,64세,상해없음
2020122300100216,2020년 12월 23일 12시,수요일,경상남도 양산시 북부동,중상사고,0,1,0,0,차대차 - 측면충돌,안전운전불이행,건조,맑음,교차로 - 교차로안,승용,여,53세,상해없음,승용,남,37세,중상
2020122300100217,2020년 12월 23일 12시,수요일,경상남도 함안군 가야읍,경상사고,0,0,1,0,차대차 - 측면충돌,기타,건조,맑음,교차로 - 교차로안,승용,여,76세,경상,승용,남,63세,상해없음
2020122300100248,2020년 12월 23일 13시,수요일,경상남도 창원시 마산합포구 두월동1가,중상사고,0,1,0,0,차대차 - 기타,직진우회전진행방해,건조,맑음,교차로 - 교차로안,이륜,남,28세,중상,승용,남,42세,상해없음
2020122300100249,2020년 12월 23일 13시,수요일,경상남도 창원시 의창구 봉곡동,경상사고,0,0,2,0,차대차 - 기타,중앙선침범,건조,맑음,교차로 - 교차로부근,승용,여,62세,상해없음,화물,남,62세,경상
2020122300100250,2020년 12월 23일 13시,수요일,경상남도 진주시 정촌면,경상사고,0,0,1,0,차대차 - 측면충돌,안전거리미확보,건조,맑음,단일로 - 기타,승용,여,33세,상해없음,화물,남,57세,경상
2020122300100271,2020년 12월 23일 14시,수요일,경상남도 거제시 옥포동,경상사고,0,0,1,1,차대차 - 측면충돌,안전운전불이행,건조,맑음,단일로 - 기타,승용,남,49세,부상신고,승용,여,54세,경상
2020122300100302,2020년 12월 23일 15시,수요일,경상남도 김해시 대성동,중상사고,0,1,0,0,차대사람 - 횡단중,안전운전불이행,건조,맑음,단일로 - 기타,화물,남,72세,상해없음,보행자,남,9세,중상
2020122300100379,2020년 12월 23일 17시,수요일,경상남도 진주시 신안동,경상사고,0,0,1,0,차대사람 - 횡단중,안전운전불이행,건조,맑음,교차로 - 교차로횡단보도내,승용,여,19세,상해없음,보행자,여,60세,경상
2020122300100380,2020년 12월 23일 17시,수요일,경상남도 창원시 진해구 마천동,중상사고,0,1,1,0,차대차 - 측면충돌,교차로운행방법위반,건조,맑음,교차로 - 교차로안,승용,남,47세,경상,승용,여,44세,중상
2020122300100381,2020년 12월 23일 17시,수요일,경상남도 김해시 삼방동,경상사고,0,0,1,0,차대차 - 측면충돌,교차로운행방법위반,건조,맑음,교차로 - 교차로안,승용,남,47세,상해없음,승용,남,43세,경상
2020122300100382,2020년 12월 23일 17시,수요일,경상남도 산청군 금서면,경상사고,0,0,2,0,차대차 - 정면충돌,중앙선침범,건조,맑음,단일로 - 기타,화물,남,66세,상해없음,화물,남,28세,경상
2020122300100383,2020년 12월 23일 17시,수요일,경상남도 김해시 진영읍,경상사고,0,0,2,0,차대사람 - 횡단중,보행자보호의무위반,건조,맑음,단일로 - 기타,승용,남,50세,상해없음,보행자,남,73세,경상
2020122300100457,2020년 12월 23일 18시,수요일,경상남도 통영시 당동,경상사고,0,0,1,0,차대차 - 측면충돌,안전거리미확보,건조,맑음,단일로 - 기타,승용,남,51세,상해없음,이륜,남,34세,경상
2020122300100458,2020년 12월 23일 18시,수요일,경상남도 고성군 마암면,경상사고,0,0,1,0,차량단독 - 공작물충돌,안전운전불이행,건조,맑음,단일로 - 기타,승용,여,46세,경상,,,,
2020122300100459,2020년 12월 23일 18시,수요일,경상남도 창원시 성산구 가음동,중상사고,0,1,0,0,차대사람 - 횡단중,보행자보호의무위반,건조,맑음,교차로 - 교차로부근,승용,남,65세,상해없음,보행자,남,64세,중상
2020122300100510,2020년 12월 23일 19시,수요일,경상남도 창원시 마산합포구 월영동,경상사고,0,0,1,0,차대차 - 추돌,안전운전불이행,건조,맑음,단일로 - 기타,승용,남,56세,상해없음,승용,남,54세,경상
2020122300100511,2020년 12월 23일 19시,수요일,경상남도 통영시 광도면,경상사고,0,0,2,0,차대차 - 측면충돌,신호위반,건조,맑음,교차로 - 교차로안,승용,남,55세,상해없음,승용,여,28세,경상
2020122300100551,2020년 12월 23일 20시,수요일,경상남도 창원시 의창구 팔용동,중상사고,0,2,0,0,차대차 - 추돌,안전운전불이행,건조,기타,기타 - 기타,승용,여,48세,상해없음,승용,남,52세,중상
2020122300100587,2020년 12월 23일 21시,수요일,경상남도 진주시 상평동,경상사고,0,0,2,0,차대차 - 추돌,안전운전불이행,건조,맑음,교차로 - 교차로부근,승용,남,52세,상해없음,승용,여,51세,경상
2020122300100588,2020년 12월 23일 21시,수요일,경상남도 거창군 거창읍,경상사고,0,0,1,0,차대차 - 측면충돌,안전운전불이행,건조,맑음,단일로 - 기타,승용,남,65세,상해없음,승용,남,20세,상해없음