사고번호,사고일시,요일,시군구,사고내용,사망자수,중상자수,경상자수,부상신고자수,사고유형,법규위반,노면상태,기상상태,도로형태,가해운전자 차종,가해운전자 성별,가해운전자 연령,가해운전자 상해정도,피해운전자 차종,피해운전자 성별,피해운전자 연령,피해운전자 상해정도
2020122800100290,2020년 12월 28일 14시,월요일,경상남도 합천군 합천읍,경상사고,0,0,1,0,차대차 - 측면충돌,신호위반,건조,맑음,교차로 - 교차로안,승용,남,80세,상해없음,승용,남,53세,경상
2020122800100291,2020년 12월 28일 14시,월요일,경상남도 양산시 명동,중상사고,0,1,0,0,차대차 - 추돌,안전운전불이행,건조,맑음,교차로 - 교차로부근,화물,남,53세,상해없음,승용,여,59세,중상
2020122800100335,2020년 12월 28일 15시,월요일,경상남도 창원시 진해구 남문동,경상사고,0,0,2,0,차대차 - 측면충돌,교차로운행방법위반,건조,맑음,교차로 - 교차로안,승용,여,48세,경상,승용,남,35세,경상
2020122800100336,2020년 12월 28일 15시,월요일,경상남도 사천시 선구동,경상사고,0,0,1,0,차량단독 - 기타,안전운전불이행,건조,맑음,단일로 - 기타,이륜,남,66세,경상,,,,
2020122800100337,2020년 12월 28일 15시,월요일,경상남도 산청군 신안면,경상사고,0,0,1,0,차대차 - 측면충돌,안전운전불이행,건조,맑음,단일로 - 기타,승용,남,80세,경상,승용,남,55세,상해없음
2020122800100369,2020년 12월 28일 16시,월요일,경상남도 밀양시 내일동,중상사고,0,1,0,0,차대차 - 측면충돌,안전운전불이행,건조,맑음,교차로 - 교차로안,승용,남,64세,상해없음,이륜,남,62세,중상
2020122800100411,2020년 12월 28일 17시,월요일,경상남도 김해시 진영읍,사망사고,1,1,1,0,차대차 - 추돌,안전운전불이행,건조,맑음,단일로 - 기타,화물,남,68세,사망,화물,남,66세,기타불명
2020122800100465,2020년 12월 28일 18시,월요일,경상남도 사천시 사천읍,경상사고,0,0,1,0,차대차 - 기타,안전운전불이행,건조,맑음,교차로 - 교차로부근,승용,여,31세,상해없음,승용,여,39세,경상
2020122800100466,2020년 12월 28일 18시,월요일,경상남도 양산시 중부동,중상사고,0,1,0,0,차대사람 - 횡단중,안전운전불이행,건조,맑음,교차로 - 교차로안,승용,남,64세,상해없음,보행자,여,65세,중상
2020122800100521,2020년 12월 28일 20시,월요일,경상남도 통영시 항남동,경상사고,0,0,1,0,차대차 - 추돌,안전운전불이행,건조,맑음,교차로 - 교차로부근,승용,남,51세,상해없음,승용,남,72세,경상
2020122800100522,2020년 12월 28일 20시,월요일,경상남도 창원시 마산회원구 회성동,경상사고,0,0,2,0,차대차 - 추돌,안전운전불이행,건조,기타,교차로 - 교차로부근,승용,여,35세,상해없음,승용,여,26세,경상
2020122800100536,2020년 12월 28일 21시,월요일,경상남도 사천시 사천읍,경상사고,0,0,1,0,차대사람 - 기타,안전운전불이행,건조,맑음,교차로 - 교차로부근,승용,남,43세,상해없음,보행자,여,41세,경상
2020122900100049,2020년 12월 29일 07시,화요일,경상남도 김해시 부곡동,경상사고,0,0,1,0,차대차 - 추돌,안전거리미확보,건조,흐림,교차로 - 교차로부근,승용,남,63세,상해없음,승용,남,35세,경상
2020122900100064,2020년 12월 29일 08시,화요일,경상남도 김해시 풍유동,중상사고,0,1,0,0,차대차 - 측면충돌,안전운전불이행,건조,맑음,교차로 - 교차로부근,화물,남,56세,상해없음,승용,남,33세,중상
2020122900100117,2020년 12월 29일 11시,화요일,경상남도 창원시 의창구 팔용동,경상사고,0,0,1,0,차대차 - 기타,안전운전불이행,건조,맑음,교차로 - 교차로안,승용,남,38세,상해없음,승용,여,26세,경상
2020122900100131,2020년 12월 29일 12시,화요일,경상남도 양산시 물금읍,중상사고,0,3,0,0,차대차 - 정면충돌,신호위반,건조,맑음,기타 - 기타,승용,여,66세,상해없음,승용,남,27세,중상
2020122900100132,2020년 12월 29일 12시,화요일,경상남도 거제시 덕포동,중상사고,0,1,0,0,차대차 - 기타,차로위반,건조,맑음,단일로 - 기타,승용,여,54세,상해없음,승용,남,43세,중상
2020122900100180,2020년 12월 29일 14시,화요일,경상남도 김해시 삼방동,경상사고,0,0,2,0,차대차 - 측면충돌,안전운전불이행,건조,맑음,교차로 - 교차로안,승용,남,28세,경상,승용,여,49세,경상
2020122900100210,2020년 12월 29일 15시,화요일,경상남도 거창군 거창읍,경상사고,0,0,1,0,차대사람 - 차도통행중,기타,건조,맑음,단일로 - 기타,승용,여,60세,상해없음,보행자,남,18세,경상
2020122900100211,2020년 12월 29일 15시,화요일,경상남도 양산시 물금읍,경상사고,0,0,2,0,차대차 - 기타,안전운전불이행,건조,맑음,교차로 - 교차로안,승합,남,61세,상해없음,승용,여,37세,경상
2020122900100212,2020년 12월 29일 15시,화요일,경상남도 의령군 칠곡면,중상사고,0,1,0,0,차대차 - 측면충돌,신호위반,건조,맑음,교차로 - 교차로안,이륜,남,52세,중상,승용,남,61세,상해없음
2020122900100238,2020년 12월 29일 16시,화요일,경상남도 창원시 마산회원구 합성동,중상사고,0,1,0,0,차량단독 - 기타,안전운전불이행,건조,맑음,단일로 - 기타,승합,남,54세,상해없음,,,,
2020122900100239,2020년 12월 29일 16시,화요일,경상남도 김해시 대청동,중상사고,0,2,1,0,차대차 - 측면충돌,안전운전불이행,건조,맑음,교차로 - 교차로부근,승용,여,39세,중상,승용,남,35세,중상
2020122900100282,2020년 12월 29일 17시,화요일,경상남도 밀양시 용평동,중상사고,0,1,0,0,차대사람 - 횡단중,안전운전불이행,젖음/습기,비,교차로 - 교차로부근,승용,남,58세,상해없음,보행자,여,63세,중상
2020122900100283,2020년 12월 29일 17시,화요일,경상남도 거제시 아양동,중상사고,0,4,0,0,차량단독 - 공작물충돌,기타,젖음/습기,비,단일로 - 기타,화물,남,47세,중상,,,,
2020122900100284,2020년 12월 29일 17시,화요일,경상남도 창원시 의창구 팔용동,경상사고,0,0,1,0,차대차 - 측면충돌,교차로운행방법위반,건조,기타,교차로 - 교차로부근,승용,여,31세,상해없음,승용,여,49세,경상
2020122900100328,2020년 12월 29일 18시,화요일,경상남도 창원시 진해구 경화동,경상사고,0,0,2,0,차대차 - 추돌,안전거리미확보,젖음/습기,비,단일로 - 기타,승용,남,34세,상해없음,승용,여,41세,경상
2020122900100329,2020년 12월 29일 18시,화요일,경상남도 창원시 진해구 이동,경상사고,0,0,3,0,차대차 - 정면충돌,신호위반,젖음/습기,비,교차로 - 교차로안,원동기,남,16세,경상,승용,남,52세,경상
2020122900100330,2020년 12월 29일 18시,화요일,경상남도 밀양시 하남읍,사망사고,1,0,0,0,차대사람 - 길가장자리구역통행중,안전운전불이행,젖음/습기,비,단일로 - 기타,화물,남,26세,상해없음,보행자,남,88세,사망
2020122900100331,2020년 12월 29일 18시,화요일,경상남도 김해시 진영읍,경상사고,0,0,1,0,차대차 - 측면충돌,안전운전불이행,건조,맑음,교차로 - 교차로안,승용,여,48세,상해없음,승용,남,28세,경상
2020122900100377,2020년 12월 29일 19시,화요일,경상남도 진주시 충무공동,중상사고,0,1,1,0,차대사람 - 보도통행중,보행자보호의무위반,젖음/습기,비,교차로 - 교차로안,승용,여,49세,상해없음,보행자,남,41세,경상
2020122900100378,2020년 12월 29일 19시,화요일,경상남도 진주시 평거동,중상사고,0,1,0,0,차대차 - 측면충돌,안전운전불이행,젖음/습기,비,단일로 - 기타,승용,여,47세,상해없음,이륜,남,17세,중상
2020122900100379,2020년 12월 29일 19시,화요일,경상남도 사천시 사남면,중상사고,0,1,3,0,차대차 - 기타,직진우회전진행방해,젖음/습기,비,교차로 - 교차로안,승용,여,36세,경상,승용,남,49세,중상
2020122900100381,2020년 12월 29일 19시,화요일,경상남도 김해시 이동,경상사고,0,0,1,0,차대차 - 측면충돌,신호위반,젖음/습기,비,교차로 - 교차로안,승용,여,52세,상해없음,화물,남,81세,경상
2020122900100407,2020년 12월 29일 20시,화요일,경상남도 창원시 진해구 풍호동,경상사고,0,0,1,0,차대차 - 측면충돌,안전운전불이행,건조,맑음,단일로 - 기타,승용,남,31세,상해없음,승합,남,36세,경상
2020122900100408,2020년 12월 29일 20시,화요일,경상남도 거제시 아주동,부상신고사고,0,0,0,1,차대사람 - 길가장자리구역통행중,안전운전불이행,젖음/습기,흐림,단일로 - 기타,승용,남,60세,상해없음,보행자,남,22세,부상신고
2020122900100409,2020년 12월 29일 20시,화요일,경상남도 창원시 의창구 동읍,경상사고,0,0,1,0,차대차 - 추돌,안전운전불이행,젖음/습기,비,단일로 - 기타,승용,여,52세,상해없음,화물,남,42세,경상
2020122900100444,2020년 12월 29일 21시,화요일,경상남도 창원시 마산합포구 중앙동3가,경상사고,0,0,1,0,차대차 - 추돌,안전운전불이행,젖음/습기,비,교차로 - 교차로부근,승용,남,59세,상해없음,승용,남,37세,경상
2020122900100445,2020년 12월 29일 21시,화요일,경상남도 김해시 삼계동,부상신고사고,0,0,0,1,차대차 - 추돌,안전운전불이행,건조,맑음,단일로 - 기타,승용,남,48세,상해없음,승용,남,26세,부상신고
2020122900100446,2020년 12월 29일 21시,화요일,경상남도 양산시 중부동,중상사고,0,1,0,0,차대차 - 기타,안전운전불이행,젖음/습기,비,기타 - 기타,승용,남,45세,상해없음,이륜,남,28세,중상
2020122900100447,2020년 12월 29일 21시,화요일,경상남도 함안군 법수면,경상사고,0,0,1,0,차량단독 - 도로외이탈 - 추락,안전운전불이행,젖음/습기,비,단일로 - 기타,화물,남,65세,경상,,,,
2020122900100471,2020년 12월 29일 22시,화요일,경상남도 창원시 마산합포구 월영동,경상사고,0,0,2,0,차대차 - 측면충돌,안전운전불이행,젖음/습기,비,교차로 - 교차로부근,승용,여,69세,상해없음,승용,여,34세,경상
2020122900100486,2020년 12월 29일 23시,화요일,경상남도 김해시 어방동,경상사고,0,0,1,0,차대사람 - 횡단중,안전운전불이행,건조,맑음,교차로 - 교차로안,화물,남,36세,상해없음,보행자,남,42세,경상
2020122900100487,2020년 12월 29일 23시,화요일,경상남도 창원시 성산구 성주동,경상사고,0,0,1,0,차대차 - 측면충돌,안전운전불이행,젖음/습기,기타,단일로 - 기타,승용,남,39세,상해없음,승용,남,33세,경상
2020123000100024,2020년 12월 30일 05시,수요일,경상남도 함안군 칠서면,중상사고,0,1,0,0,차대차 - 기타,중앙선침범,건조,맑음,단일로 - 기타,화물,남,37세,상해없음,이륜,남,84세,중상
2020123000100035,2020년 12월 30일 06시,수요일,경상남도 양산시 명동,중상사고,0,1,0,0,차대사람 - 기타,안전운전불이행,건조,맑음,교차로 - 교차로안,승용,남,40세,상해없음,보행자,여,74세,중상
2020123000100036,2020년 12월 30일 06시,수요일,경상남도 거제시 수월동,중상사고,0,1,0,0,차대차 - 측면충돌,안전운전불이행,서리/결빙,흐림,교차로 - 교차로안,승용,여,56세,상해없음,이륜,남,45세,중상
2020123000100051,2020년 12월 30일 07시,수요일,경상남도 통영시 광도면,경상사고,0,0,1,0,차량단독 - 공작물충돌,안전운전불이행,서리/결빙,맑음,단일로 - 기타,승용,남,61세,경상,,,,
2020123000100052,2020년 12월 30일 07시,수요일,경상남도 김해시 어방동,경상사고,0,0,1,0,차대차 - 측면충돌,신호위반,건조,맑음,교차로 - 교차로안,승합,남,43세,상해없음,승용,남,48세,경상
2020123000100080,2020년 12월 30일 08시,수요일,경상남도 창원시 마산합포구 동성동,중상사고,0,1,0,0,차대차 - 기타,안전운전불이행,건조,맑음,단일로 - 기타,승용,남,35세,상해없음,승합,남,52세,상해없음
2020123000100081,2020년 12월 30일 08시,수요일,경상남도 김해시 부곡동,경상사고,0,0,2,0,차대차 - 정면충돌,차로위반,건조,맑음,단일로 - 기타,승용,여,42세,경상,승용,여,29세,경상
2020123000100103,2020년 12월 30일 09시,수요일,경상남도 창원시 진해구 용원동,경상사고,0,0,2,0,차대차 - 측면충돌,교차로운행방법위반,건조,맑음,교차로 - 교차로안,특수,남,74세,상해없음,화물,남,55세,경상
2020123000100153,2020년 12월 30일 11시,수요일,경상남도 김해시 동상동,경상사고,0,0,1,0,차대차 - 측면충돌,안전운전불이행,건조,맑음,교차로 - 교차로안,승용,여,57세,상해없음,이륜,남,58세,경상
2020123000100154,2020년 12월 30일 11시,수요일,경상남도 양산시 북부동,경상사고,0,0,1,0,차대사람 - 횡단중,안전운전불이행,건조,맑음,교차로 - 교차로안,승용,남,64세,상해없음,보행자,여,66세,경상
2020123000100219,2020년 12월 30일 13시,수요일,경상남도 진주시 상대동,중상사고,0,1,0,0,차대차 - 측면충돌,신호위반,건조,맑음,교차로 - 교차로안,승용,남,26세,상해없음,원동기,남,40세,중상
2020123000100246,2020년 12월 30일 14시,수요일,경상남도 김해시 구산동,중상사고,0,1,0,0,차대차 - 측면충돌,안전운전불이행,건조,맑음,교차로 - 교차로안,승용,남,63세,상해없음,이륜,남,31세,중상
2020123000100273,2020년 12월 30일 15시,수요일,경상남도 김해시 삼방동,경상사고,0,0,1,0,차량단독 - 공작물충돌,안전운전불이행,건조,맑음,단일로 - 기타,화물,남,72세,경상,,,,
2020123000100274,2020년 12월 30일 15시,수요일,경상남도 양산시 명동,경상사고,0,0,2,0,차대차 - 기타,안전운전불이행,건조,맑음,기타 - 기타,승용,남,38세,기타불명,승합,남,31세,경상
2020123000100275,2020년 12월 30일 15시,수요일,경상남도 거제시 장평동,경상사고,0,0,1,0,차대사람 - 기타,안전운전불이행,건조,맑음,단일로 - 기타,화물,남,43세,상해없음,보행자,남,40세,경상
2020123000100345,2020년 12월 30일 17시,수요일,경상남도 김해시 율하동,경상사고,0,0,1,0,차대차 - 측면충돌,차로위반,건조,맑음,단일로 - 기타,화물,남,72세,상해없음,이륜,남,43세,경상
2020123000100407,2020년 12월 30일 18시,수요일,경상남도 창원시 마산합포구 해운동,경상사고,0,0,1,0,차대차 - 추돌,안전운전불이행,건조,맑음,교차로 - 교차로부근,승용,여,42세,상해없음,승용,남,41세,경상
2020123000100408,2020년 12월 30일 18시,수요일,경상남도 진주시 집현면,경상사고,0,0,1,0,차대차 - 추돌,안전운전불이행,건조,맑음,단일로 - 기타,승용,남,54세,상해없음,화물,남,54세,경상
2020123000100409,2020년 12월 30일 18시,수요일,경상남도 김해시 어방동,경상사고,0,0,1,0,차대차 - 추돌,신호위반,건조,맑음,단일로 - 기타,이륜,남,32세,상해없음,승용,남,32세,경상
2020123000100410,2020년 12월 30일 18시,수요일,경상남도 함안군 산인면,중상사고,0,1,0,0,차대차 - 추돌,안전운전불이행,건조,맑음,단일로 - 기타,승용,남,39세,상해없음,승용,남,48세,중상
2020123000100411,2020년 12월 30일 18시,수요일,경상남도 김해시 신문동,경상사고,0,0,3,0,차대차 - 측면충돌,안전운전불이행,건조,맑음,교차로 - 교차로안,승용,남,65세,상해없음,승용,남,50세,경상
2020123000100446,2020년 12월 30일 19시,수요일,경상남도 거제시 장목면,중상사고,0,1,0,0,차량단독 - 기타,안전운전불이행,건조,맑음,단일로 - 기타,승용,남,44세,중상,,,,
2020123000100447,2020년 12월 30일 19시,수요일,경상남도 함안군 가야읍,경상사고,0,0,2,0,차대차 - 기타,안전운전불이행,건조,맑음,교차로 - 교차로안,이륜,남,57세,경상,승용,여,58세,경상
2020123000100467,2020년 12월 30일 20시,수요일,경상남도 진주시 동성동,경상사고,0,0,1,0,차대사람 - 횡단중,안전거리미확보,건조,맑음,단일로 - 기타,승용,여,62세,상해없음,보행자,여,65세,경상
2020123000100468,2020년 12월 30일 20시,수요일,경상남도 김해시 진영읍,경상사고,0,0,1,0,차대차 - 기타,신호위반,건조,맑음,교차로 - 교차로안,이륜,남,21세,경상,이륜,남,25세,상해없음
2020123000100511,2020년 12월 30일 21시,수요일,경상남도 창원시 진해구 석동,경상사고,0,0,1,0,차대차 - 기타,안전운전불이행,건조,맑음,교차로 - 교차로부근,원동기,남,28세,경상,승용,남,33세,상해없음
2020123000100550,2020년 12월 30일 23시,수요일,경상남도 김해시 주촌면,중상사고,0,1,0,0,차량단독 - 공작물충돌,안전운전불이행,건조,맑음,단일로 - 기타,승용,여,55세,중상,,,,
2020123100100005,2020년 12월 31일 01시,목요일,경상남도 창원시 의창구 대산면,중상사고,0,1,1,0,차대차 - 측면충돌,신호위반,건조,맑음,교차로 - 교차로안,승용,남,52세,경상,승용,남,57세,중상
2020123100100027,2020년 12월 31일 06시,목요일,경상남도 창원시 의창구 팔용동,경상사고,0,0,1,0,차대차 - 기타,안전운전불이행,건조,맑음,교차로 - 교차로안,승용,남,62세,상해없음,원동기,여,46세,경상
2020123100100040,2020년 12월 31일 07시,목요일,경상남도 창원시 성산구 성산동,경상사고,0,0,2,0,차대사람 - 횡단중,보행자보호의무위반,건조,맑음,교차로 - 교차로횡단보도내,승용,남,47세,상해없음,보행자,여,55세,경상
2020123100100097,2020년 12월 31일 10시,목요일,경상남도 사천시 정동면,경상사고,0,0,2,0,차대차 - 후진중충돌,안전운전불이행,건조,맑음,주차장 - 주차장,화물,남,61세,상해없음,이륜,남,83세,경상
2020123100100098,2020년 12월 31일 10시,목요일,경상남도 거창군 남상면,경상사고,0,0,1,0,차대차 - 측면충돌,안전운전불이행,건조,맑음,단일로 - 기타,이륜,남,82세,경상,화물,남,63세,상해없음
2020123100100099,2020년 12월 31일 10시,목요일,경상남도 거창군 거창읍,경상사고,0,0,1,0,차대차 - 측면충돌,안전운전불이행,건조,맑음,교차로 - 교차로안,승용,여,60세,상해없음,승용,남,28세,경상
2020123100100100,2020년 12월 31일 10시,목요일,경상남도 창녕군 남지읍,중상사고,0,1,0,0,차대사람 - 기타,안전운전불이행,건조,맑음,단일로 - 교량,화물,남,40세,상해없음,보행자,여,81세,중상
2020123100100132,2020년 12월 31일 11시,목요일,경상남도 창원시 의창구 동읍,중상사고,0,1,0,0,차대차 - 추돌,안전거리미확보,건조,맑음,단일로 - 기타,승용,남,43세,상해없음,승용,남,61세,중상
2020123100100170,2020년 12월 31일 12시,목요일,경상남도 통영시 정량동,경상사고,0,0,1,0,차대차 - 측면충돌,직진우회전진행방해,건조,맑음,교차로 - 교차로안,이륜,남,54세,경상,화물,남,59세,상해없음
2020123100100171,2020년 12월 31일 12시,목요일,경상남도 김해시 삼계동,중상사고,0,1,0,0,차대차 - 측면충돌,직진우회전진행방해,건조,맑음,교차로 - 교차로안,승용,여,42세,상해없음,원동기,남,40세,중상
2020123100100200,2020년 12월 31일 13시,목요일,경상남도 창녕군 대합면,경상사고,0,0,1,0,차대차 - 추돌,안전운전불이행,건조,맑음,단일로 - 기타,이륜,남,82세,경상,화물,남,59세,상해없음
2020123100100201,2020년 12월 31일 13시,목요일,경상남도 의령군 부림면,중상사고,0,1,0,0,차대차 - 측면충돌,안전운전불이행,건조,맑음,교차로 - 교차로안,승용,여,66세,중상,화물,남,32세,상해없음
2020123100100202,2020년 12월 31일 13시,목요일,경상남도 김해시 관동동,중상사고,0,1,1,0,차대차 - 추돌,신호위반,건조,맑음,교차로 - 교차로안,원동기,남,15세,중상,승용,남,65세,경상
2020123100100203,2020년 12월 31일 13시,목요일,경상남도 함안군 칠원읍,경상사고,0,0,1,0,차대차 - 기타,안전운전불이행,건조,맑음,단일로 - 기타,승용,남,58세,상해없음,특수,남,34세,경상
2020123100100233,2020년 12월 31일 14시,목요일,경상남도 창녕군 남지읍,경상사고,0,0,2,0,차대차 - 후진중충돌,안전운전불이행,건조,맑음,단일로 - 기타,승용,여,54세,상해없음,승용,여,45세,경상
2020123100100262,2020년 12월 31일 15시,목요일,경상남도 통영시 북신동,경상사고,0,0,1,0,차대사람 - 횡단중,안전운전불이행,건조,맑음,단일로 - 기타,승용,남,70세,상해없음,보행자,여,78세,경상
2020123100100263,2020년 12월 31일 15시,목요일,경상남도 김해시 외동,경상사고,0,0,1,0,차대차 - 정면충돌,안전운전불이행,건조,맑음,교차로 - 교차로안,승용,여,53세,상해없음,원동기,남,32세,경상
2020123100100264,2020년 12월 31일 15시,목요일,경상남도 창녕군 영산면,중상사고,0,3,0,0,차대차 - 측면충돌,불법유턴,건조,맑음,단일로 - 기타,승용,남,74세,중상,승용,남,66세,중상
2020123100100265,2020년 12월 31일 15시,목요일,경상남도 창녕군 영산면,중상사고,0,1,1,0,차대차 - 추돌,안전운전불이행,건조,맑음,단일로 - 기타,승용,여,58세,경상,승용,남,71세,중상
2020123100100266,2020년 12월 31일 15시,목요일,경상남도 양산시 평산동,중상사고,0,1,0,0,차대사람 - 횡단중,보행자보호의무위반,건조,맑음,교차로 - 교차로안,승용,남,43세,상해없음,보행자,여,13세,중상
2020123100100299,2020년 12월 31일 16시,목요일,경상남도 통영시 무전동,부상신고사고,0,0,0,1,차대차 - 추돌,안전거리미확보,건조,맑음,단일로 - 기타,화물,남,56세,상해없음,승합,남,67세,상해없음
2020123100100300,2020년 12월 31일 16시,목요일,경상남도 김해시 내동,중상사고,0,1,0,0,차대차 - 측면충돌,안전운전불이행,건조,맑음,교차로 - 교차로안,승용,여,47세,상해없음,자전거,남,77세,중상
2020123100100301,2020년 12월 31일 16시,목요일,경상남도 하동군 고전면,중상사고,0,1,0,0,차대차 - 추돌,안전거리미확보,건조,맑음,단일로 - 터널,승용,남,36세,상해없음,이륜,남,60세,중상
2020123100100302,2020년 12월 31일 16시,목요일,경상남도 창원시 성산구 내동,경상사고,0,0,1,0,차대차 - 측면충돌,신호위반,건조,맑음,교차로 - 교차로안,화물,남,71세,상해없음,승용,남,27세,경상
2020123100100350,2020년 12월 31일 17시,목요일,경상남도 창원시 진해구 태백동,경상사고,0,0,1,0,차대차 - 기타,교차로운행방법위반,건조,맑음,교차로 - 교차로안,승용,여,67세,상해없음,자전거,남,48세,경상
2020123100100351,2020년 12월 31일 17시,목요일,경상남도 사천시 동금동,부상신고사고,0,0,0,1,차대사람 - 기타,안전운전불이행,건조,맑음,기타 - 기타,승용,남,46세,상해없음,보행자,여,66세,부상신고
2020123100100352,2020년 12월 31일 17시,목요일,경상남도 창녕군 도천면,경상사고,0,0,1,0,차량단독 - 공작물충돌,안전운전불이행,건조,맑음,단일로 - 기타,승용,남,66세,경상,,,,
2020123100100353,2020년 12월 31일 17시,목요일,경상남도 양산시 물금읍,경상사고,0,0,1,0,차대차 - 측면충돌,안전운전불이행,건조,맑음,단일로 - 기타,승용,여,33세,상해없음,원동기,남,38세,경상
2020123100100354,2020년 12월 31일 17시,목요일,경상남도 창원시 의창구 용호동,경상사고,0,0,1,0,차대사람 - 횡단중,보행자보호의무위반,건조,맑음,교차로 - 교차로부근,승용,여,46세,상해없음,보행자,여,60세,경상
2020123100100355,2020년 12월 31일 17시,목요일,경상남도 김해시 무계동,중상사고,0,1,1,0,차대사람 - 횡단중,신호위반,건조,맑음,교차로 - 교차로안,이륜,남,42세,중상,보행자,여,67세,경상
2020123100100356,2020년 12월 31일 17시,목요일,경상남도 김해시 진영읍,경상사고,0,0,1,0,차대차 - 측면충돌,안전운전불이행,건조,맑음,교차로 - 교차로안,화물,남,49세,상해없음,승용,여,52세,경상
2020123100100416,2020년 12월 31일 18시,목요일,경상남도 창원시 진해구 충무동,경상사고,0,0,1,0,차대사람 - 차도통행중,안전운전불이행,건조,맑음,단일로 - 기타,승용,여,56세,상해없음,보행자,남,54세,경상
2020123100100417,2020년 12월 31일 18시,목요일,경상남도 창원시 진해구 남문동,경상사고,0,0,1,0,차대차 - 기타,기타,건조,맑음,단일로 - 기타,승용,남,59세,상해없음,승용,남,54세,경상
2020123100100418,2020년 12월 31일 18시,목요일,경상남도 사천시 용현면,중상사고,0,1,0,0,차대차 - 측면충돌,신호위반,건조,맑음,교차로 - 교차로안,승용,남,51세,상해없음,승용,여,56세,중상
2020123100100419,2020년 12월 31일 18시,목요일,경상남도 김해시 내동,경상사고,0,0,3,0,차대차 - 기타,안전운전불이행,건조,맑음,단일로 - 기타,승용,남,40세,상해없음,승용,남,42세,경상
2020123100100420,2020년 12월 31일 18시,목요일,경상남도 김해시 삼방동,경상사고,0,0,1,0,차대차 - 기타,직진우회전진행방해,건조,맑음,교차로 - 교차로안,승용,여,49세,상해없음,이륜,남,26세,경상
2020123100100421,2020년 12월 31일 18시,목요일,경상남도 김해시 봉황동,중상사고,0,1,0,0,차대차 - 기타,직진우회전진행방해,건조,맑음,교차로 - 교차로안,승용,남,36세,상해없음,이륜,남,43세,중상
2020123100100422,2020년 12월 31일 18시,목요일,경상남도 양산시 동면,경상사고,0,0,4,0,차대차 - 기타,안전거리미확보,건조,맑음,단일로 - 기타,승용,남,32세,상해없음,화물,남,59세,경상
2020123100100423,2020년 12월 31일 18시,목요일,경상남도 하동군 적량면,경상사고,0,0,1,0,차대사람 - 길가장자리구역통행중,안전운전불이행,건조,맑음,단일로 - 기타,승용,남,45세,상해없음,보행자,여,19세,경상
2020123100100424,2020년 12월 31일 18시,목요일,경상남도 거제시 장평동,경상사고,0,0,1,0,차대차 - 추돌,안전운전불이행,건조,맑음,단일로 - 기타,이륜,남,36세,상해없음,자전거,남,44세,경상
2020123100100425,2020년 12월 31일 18시,목요일,경상남도 김해시 진영읍,경상사고,0,0,1,0,차대차 - 추돌,안전운전불이행,건조,맑음,단일로 - 기타,화물,남,76세,상해없음,승용,남,40세,경상
2020123100100478,2020년 12월 31일 19시,목요일,경상남도 창원시 마산합포구 신포동1가,경상사고,0,0,1,0,차대차 - 측면충돌,신호위반,건조,맑음,교차로 - 교차로안,승용,남,83세,상해없음,승용,남,64세,경상
2020123100100479,2020년 12월 31일 19시,목요일,경상남도 창원시 성산구 삼정자동,경상사고,0,0,1,0,차대차 - 기타,안전운전불이행,건조,맑음,교차로 - 교차로안,원동기,남,27세,경상,승용,남,57세,상해없음
2020123100100480,2020년 12월 31일 19시,목요일,경상남도 창원시 마산회원구 내서읍,중상사고,0,1,0,0,차대사람 - 횡단중,안전운전불이행,건조,맑음,교차로 - 교차로부근,승용,남,45세,상해없음,보행자,남,49세,중상
2020123100100481,2020년 12월 31일 19시,목요일,경상남도 창원시 의창구 북면,중상사고,0,1,0,0,차대차 - 측면충돌,안전운전불이행,건조,맑음,교차로 - 교차로안,승용,남,47세,상해없음,이륜,남,39세,중상
2020123100100482,2020년 12월 31일 19시,목요일,경상남도 창원시 의창구 동읍,사망사고,1,0,1,0,차대차 - 기타,과속,건조,맑음,교차로 - 교차로안,특수,남,34세,사망,승용,남,60세,경상
2020123100100520,2020년 12월 31일 20시,목요일,경상남도 김해시 삼계동,경상사고,0,0,2,0,차대차 - 기타,안전운전불이행,건조,맑음,교차로 - 교차로안,이륜,여,17세,상해없음,승용,남,60세,경상
2020123100100521,2020년 12월 31일 20시,목요일,경상남도 양산시 덕계동,경상사고,0,0,1,0,차량단독 - 기타,안전운전불이행,건조,맑음,단일로 - 기타,이륜,남,19세,경상,,,,
2020123100100558,2020년 12월 31일 21시,목요일,경상남도 창녕군 남지읍,경상사고,0,0,1,0,차대차 - 추돌,안전운전불이행,건조,맑음,단일로 - 기타,승합,남,61세,상해없음,승용,여,47세,경상
2020123100100603,2020년 12월 31일 23시,목요일,경상남도 김해시 삼방동,경상사고,0,0,1,0,차대차 - 추돌,신호위반,건조,맑음,교차로 - 교차로안,이륜,남,18세,상해없음,이륜,남,34세,경상
2020123100100604,2020년 12월 31일 23시,목요일,경상남도 김해시 삼방동,경상사고,0,0,2,0,차대차 - 기타,안전거리미확보,건조,맑음,단일로 - 기타,승용,남,24세,상해없음,승용,남,23세,경상